{"type":"FeatureCollection","features":[{"type":"Feature","properties":{"GEOID":"09110504200","STATEFP":"09","COUNTYFP":"110","TRACTCE":"504200","NAMELSAD":"Census Tract 5042","NAMELSADCO":"Capitol Planning Region","STATE_NAME":"Connecticut"},"geometry":{"type":"Polygon","coordinates":[[[-72.711698,41.773279],[-72.710335,41.776314],[-72.705199,41.774891],[-72.703244,41.773132],[-72.704647,41.771254],[-72.703429,41.76926],[-72.705228,41.769056],[-72.703306,41.767227],[-72.70038,41.767678],[-72.699879,41.767725],[-72.700561,41.763517],[-72.700777,41.762391],[-72.699961,41.761945],[-72.700405,41.76178],[-72.701051,41.761514],[-72.701969,41.761137],[-72.706552,41.760751],[-72.70763,41.760633],[-72.709451,41.760399],[-72.709663,41.761426],[-72.709967,41.762917],[-72.711028,41.766226],[-72.711901,41.769887],[-72.711698,41.773279]]]}},{"type":"Feature","properties":{"GEOID":"09110524700","STATEFP":"09","COUNTYFP":"110","TRACTCE":"524700","NAMELSAD":"Census Tract 5247","NAMELSADCO":"Capitol Planning Region","STATE_NAME":"Connecticut"},"geometry":{"type":"Polygon","coordinates":[[[-72.715134,41.742211],[-72.709828,41.742905],[-72.704737,41.743503],[-72.702919,41.735754],[-72.706446,41.735124],[-72.706028,41.733208],[-72.705377,41.733303],[-72.705041,41.727319],[-72.703847,41.725619],[-72.704838,41.7245],[-72.705938,41.7243],[-72.710233,41.724185],[-72.714138,41.72381],[-72.714561,41.72363],[-72.714891,41.728963],[-72.715,41.731363],[-72.715134,41.742211]]]}},{"type":"Feature","properties":{"GEOID":"09110420700","STATEFP":"09","COUNTYFP":"110","TRACTCE":"420700","NAMELSAD":"Census Tract 4207","NAMELSADCO":"Capitol Planning Region","STATE_NAME":"Connecticut"},"geometry":{"type":"Polygon","coordinates":[[[-72.865401,41.655083],[-72.862438,41.657166],[-72.858417,41.65674],[-72.854404,41.658625],[-72.853307,41.663092],[-72.852788,41.664783],[-72.853588,41.668153],[-72.85208,41.670423],[-72.846675,41.668707],[-72.844639,41.668698],[-72.843937,41.671068],[-72.84429,41.671875],[-72.846381,41.674482],[-72.845021,41.677581],[-72.846439,41.677719],[-72.846905,41.67916],[-72.846194,41.686476],[-72.840868,41.68635],[-72.836246,41.688125],[-72.835817,41.690879],[-72.815442,41.68782],[-72.819779,41.683104],[-72.821559,41.677691],[-72.823411,41.672568],[-72.825418,41.668938],[-72.825624,41.66849],[-72.824289,41.661853],[-72.822573,41.65571],[-72.846766,41.653409],[-72.855054,41.652457],[-72.866206,41.651094],[-72.865401,41.655083]]]}},{"type":"Feature","properties":{"GEOID":"09110496500","STATEFP":"09","COUNTYFP":"110","TRACTCE":"496500","NAMELSAD":"Census Tract 4965","NAMELSADCO":"Capitol Planning Region","STATE_NAME":"Connecticut"},"geometry":{"type":"Polygon","coordinates":[[[-72.761975,41.755968],[-72.753555,41.758507],[-72.751073,41.759246],[-72.749264,41.759791],[-72.741814,41.762004],[-72.742267,41.759437],[-72.743779,41.756244],[-72.744092,41.755409],[-72.743569,41.753071],[-72.746768,41.752477],[-72.751752,41.751392],[-72.75273,41.751231],[-72.754836,41.750907],[-72.760194,41.746695],[-72.761519,41.751916],[-72.76154,41.75483],[-72.761975,41.755968]]]}},{"type":"Feature","properties":{"GEOID":"09110415500","STATEFP":"09","COUNTYFP":"110","TRACTCE":"415500","NAMELSAD":"Census Tract 4155","NAMELSADCO":"Capitol Planning Region","STATE_NAME":"Connecticut"},"geometry":{"type":"Polygon","coordinates":[[[-72.779662,41.661196],[-72.776803,41.661352],[-72.769274,41.662367],[-72.768902,41.661963],[-72.76501,41.662347],[-72.764368,41.658696],[-72.763983,41.656843],[-72.763235,41.653138],[-72.76981,41.652455],[-72.773874,41.65186],[-72.775732,41.65417],[-72.777138,41.657285],[-72.778241,41.659342],[-72.779662,41.661196]]]}},{"type":"Feature","properties":{"GEOID":"09110494300","STATEFP":"09","COUNTYFP":"110","TRACTCE":"494300","NAMELSAD":"Census Tract 4943","NAMELSADCO":"Capitol Planning Region","STATE_NAME":"Connecticut"},"geometry":{"type":"Polygon","coordinates":[[[-72.758241,41.693436],[-72.757104,41.693759],[-72.749031,41.694714],[-72.746097,41.695111],[-72.745171,41.695292],[-72.742912,41.695724],[-72.73356,41.696717],[-72.732314,41.69287],[-72.730754,41.683787],[-72.729864,41.679479],[-72.729148,41.675423],[-72.732455,41.674694],[-72.747589,41.673126],[-72.749171,41.672982],[-72.751677,41.672555],[-72.754427,41.672096],[-72.755153,41.676055],[-72.755217,41.677048],[-72.757552,41.688743],[-72.7576,41.689289],[-72.758241,41.693436]]]}},{"type":"Feature","properties":{"GEOID":"09140406002","STATEFP":"09","COUNTYFP":"140","TRACTCE":"406002","NAMELSAD":"Census Tract 4060.02","NAMELSADCO":"Naugatuck Valley Planning Region","STATE_NAME":"Connecticut"},"geometry":{"type":"Polygon","coordinates":[[[-72.914476,41.721513],[-72.905025,41.722177],[-72.89827,41.723177],[-72.897031,41.717272],[-72.895641,41.712404],[-72.894992,41.708452],[-72.893714,41.699581],[-72.89375,41.699575],[-72.902649,41.697833],[-72.908369,41.695815],[-72.909658,41.697608],[-72.910638,41.701237],[-72.911866,41.707321],[-72.912567,41.710497],[-72.913609,41.712306],[-72.915141,41.719962],[-72.914476,41.721513]]]}},{"type":"Feature","properties":{"GEOID":"09110510300","STATEFP":"09","COUNTYFP":"110","TRACTCE":"510300","NAMELSAD":"Census Tract 5103","NAMELSADCO":"Capitol Planning Region","STATE_NAME":"Connecticut"},"geometry":{"type":"Polygon","coordinates":[[[-72.63669,41.779154],[-72.634006,41.783466],[-72.632096,41.78751],[-72.630807,41.788948],[-72.62146,41.795959],[-72.618856,41.799009],[-72.616796,41.799129],[-72.618236,41.796429],[-72.618905,41.794972],[-72.616812,41.789925],[-72.6152,41.788217],[-72.612896,41.783594],[-72.61258,41.782931],[-72.634815,41.776705],[-72.635378,41.776603],[-72.638998,41.7761],[-72.63669,41.779154]]]}},{"type":"Feature","properties":{"GEOID":"09110480900","STATEFP":"09","COUNTYFP":"110","TRACTCE":"480900","NAMELSAD":"Census Tract 4809","NAMELSADCO":"Capitol Planning Region","STATE_NAME":"Connecticut"},"geometry":{"type":"Polygon","coordinates":[[[-72.5247,42.013769],[-72.51366,42.014608],[-72.505935,42.016478],[-72.50539,42.013567],[-72.503903,42.006475],[-72.499722,41.984223],[-72.499406,41.98159],[-72.500744,41.980485],[-72.499709,41.980088],[-72.501146,41.978358],[-72.50368,41.978068],[-72.503962,41.979729],[-72.506032,41.981912],[-72.506475,41.983433],[-72.509707,41.982423],[-72.510479,41.980662],[-72.515151,41.980692],[-72.515372,41.982453],[-72.517627,41.98308],[-72.52128,41.998529],[-72.522469,42.003871],[-72.5247,42.013769]]]}},{"type":"Feature","properties":{"GEOID":"09110500200","STATEFP":"09","COUNTYFP":"110","TRACTCE":"500200","NAMELSAD":"Census Tract 5002","NAMELSADCO":"Capitol Planning Region","STATE_NAME":"Connecticut"},"geometry":{"type":"Polygon","coordinates":[[[-72.683328,41.747706],[-72.683104,41.751191],[-72.680226,41.752379],[-72.674403,41.752948],[-72.674076,41.751886],[-72.673718,41.749463],[-72.673647,41.74888],[-72.677236,41.748289],[-72.67706,41.747179],[-72.680849,41.7467],[-72.683314,41.747349],[-72.683328,41.747706]]]}},{"type":"Feature","properties":{"GEOID":"09110501800","STATEFP":"09","COUNTYFP":"110","TRACTCE":"501800","NAMELSAD":"Census Tract 5018","NAMELSADCO":"Capitol Planning Region","STATE_NAME":"Connecticut"},"geometry":{"type":"Polygon","coordinates":[[[-72.68565,41.78052],[-72.685553,41.781937],[-72.684984,41.783357],[-72.683861,41.782971],[-72.679198,41.781997],[-72.676135,41.781436],[-72.67642,41.778412],[-72.676789,41.775412],[-72.680286,41.775945],[-72.680594,41.776235],[-72.68108,41.776454],[-72.685597,41.777885],[-72.686659,41.778229],[-72.68565,41.78052]]]}},{"type":"Feature","properties":{"GEOID":"09110492200","STATEFP":"09","COUNTYFP":"110","TRACTCE":"492200","NAMELSAD":"Census Tract 4922","NAMELSADCO":"Capitol Planning Region","STATE_NAME":"Connecticut"},"geometry":{"type":"Polygon","coordinates":[[[-72.67912,41.714128],[-72.671033,41.71569],[-72.663573,41.717133],[-72.661644,41.712876],[-72.659962,41.708814],[-72.659975,41.705915],[-72.659612,41.703489],[-72.656608,41.69871],[-72.65832,41.698074],[-72.65901,41.697756],[-72.659282,41.695931],[-72.664822,41.694875],[-72.667435,41.694387],[-72.670668,41.693723],[-72.671324,41.695564],[-72.669842,41.695853],[-72.671095,41.699527],[-72.672524,41.699262],[-72.672746,41.703535],[-72.675106,41.710473],[-72.675589,41.711154],[-72.67912,41.714128]]]}},{"type":"Feature","properties":{"GEOID":"09110476200","STATEFP":"09","COUNTYFP":"110","TRACTCE":"476200","NAMELSAD":"Census Tract 4762","NAMELSADCO":"Capitol Planning Region","STATE_NAME":"Connecticut"},"geometry":{"type":"Polygon","coordinates":[[[-72.670902,41.939841],[-72.651937,41.938192],[-72.639486,41.937375],[-72.632665,41.936768],[-72.633061,41.929717],[-72.633241,41.925918],[-72.647736,41.926322],[-72.655374,41.926537],[-72.660873,41.926598],[-72.662165,41.926876],[-72.670365,41.929802],[-72.670519,41.932603],[-72.670902,41.939841]]]}},{"type":"Feature","properties":{"GEOID":"09130610400","STATEFP":"09","COUNTYFP":"130","TRACTCE":"610400","NAMELSAD":"Census Tract 6104","NAMELSADCO":"Lower Connecticut River Valley Planning Region","STATE_NAME":"Connecticut"},"geometry":{"type":"Polygon","coordinates":[[[-72.585657,41.309852],[-72.583587,41.310892],[-72.574417,41.314672],[-72.573581,41.314829],[-72.558821,41.322306],[-72.549548,41.327391],[-72.548612,41.325014],[-72.544979,41.322366],[-72.543842,41.319807],[-72.540246,41.315109],[-72.538811,41.309503],[-72.538508,41.309108],[-72.535277,41.305795],[-72.534109,41.304562],[-72.532725,41.297705],[-72.528771,41.288168],[-72.537286,41.287429],[-72.548334,41.287924],[-72.557785,41.288303],[-72.564556,41.28986],[-72.565628,41.292393],[-72.567559,41.294174],[-72.570146,41.294419],[-72.570808,41.295776],[-72.569977,41.296646],[-72.571739,41.297565],[-72.570702,41.298004],[-72.573448,41.299175],[-72.575953,41.300921],[-72.57634,41.302425],[-72.579875,41.304002],[-72.581822,41.303902],[-72.581123,41.304932],[-72.582502,41.306386],[-72.585599,41.307348],[-72.586157,41.309151],[-72.585657,41.309852]]]}},{"type":"Feature","properties":{"GEOID":"09130542000","STATEFP":"09","COUNTYFP":"130","TRACTCE":"542000","NAMELSAD":"Census Tract 5420","NAMELSADCO":"Lower Connecticut River Valley Planning Region","STATE_NAME":"Connecticut"},"geometry":{"type":"Polygon","coordinates":[[[-72.659594,41.531591],[-72.657501,41.532832],[-72.654958,41.536828],[-72.653276,41.539964],[-72.652851,41.541118],[-72.650361,41.54902],[-72.650235,41.54947],[-72.64637,41.549847],[-72.639669,41.548575],[-72.63907,41.548303],[-72.633752,41.546761],[-72.630621,41.547205],[-72.627154,41.542904],[-72.623713,41.539133],[-72.618852,41.535199],[-72.618412,41.534488],[-72.621523,41.53392],[-72.631993,41.53355],[-72.63376,41.533497],[-72.635222,41.53342],[-72.637631,41.533093],[-72.641899,41.53263],[-72.641979,41.532626],[-72.643776,41.532496],[-72.647392,41.533025],[-72.648547,41.532889],[-72.649016,41.532716],[-72.65066,41.53194],[-72.657805,41.531377],[-72.659594,41.531591]]]}},{"type":"Feature","properties":{"GEOID":"09170150300","STATEFP":"09","COUNTYFP":"170","TRACTCE":"150300","NAMELSAD":"Census Tract 1503","NAMELSADCO":"South Central Connecticut Planning Region","STATE_NAME":"Connecticut"},"geometry":{"type":"Polygon","coordinates":[[[-73.104164,41.206162],[-73.100936,41.206942],[-73.094351,41.207912],[-73.090376,41.21035],[-73.085289,41.211651],[-73.082733,41.212354],[-73.076548,41.215214],[-73.077813,41.213042],[-73.076091,41.213869],[-73.073312,41.209391],[-73.071772,41.209939],[-73.070326,41.207876],[-73.074533,41.20496],[-73.072282,41.204562],[-73.070053,41.20182],[-73.070383,41.200485],[-73.074958,41.199322],[-73.076244,41.198423],[-73.079396,41.200957],[-73.078664,41.201329],[-73.079673,41.203523],[-73.083626,41.201966],[-73.084936,41.204018],[-73.086547,41.201723],[-73.085971,41.200153],[-73.090884,41.196282],[-73.096096,41.196079],[-73.098152,41.197127],[-73.102109,41.202186],[-73.104164,41.206162]]]}},{"type":"Feature","properties":{"GEOID":"09140347200","STATEFP":"09","COUNTYFP":"140","TRACTCE":"347200","NAMELSAD":"Census Tract 3472","NAMELSADCO":"Naugatuck Valley Planning Region","STATE_NAME":"Connecticut"},"geometry":{"type":"Polygon","coordinates":[[[-73.01817,41.519834],[-73.01131,41.522156],[-73.005085,41.523693],[-73.00215,41.524754],[-72.999551,41.525927],[-72.996282,41.524755],[-72.991898,41.52016],[-72.984688,41.513369],[-72.981042,41.507575],[-72.979066,41.50382],[-72.979063,41.502661],[-72.979036,41.500853],[-72.976653,41.497528],[-72.974692,41.491514],[-72.971301,41.483589],[-72.966192,41.46625],[-72.985445,41.469043],[-72.989758,41.468871],[-73.0013,41.471062],[-73.002278,41.474684],[-73.002681,41.474606],[-73.006043,41.483235],[-73.010974,41.497483],[-73.013632,41.50521],[-73.018054,41.518068],[-73.018659,41.519612],[-73.01817,41.519834]]]}},{"type":"Feature","properties":{"GEOID":"09170175200","STATEFP":"09","COUNTYFP":"170","TRACTCE":"175200","NAMELSAD":"Census Tract 1752","NAMELSADCO":"South Central Connecticut Planning Region","STATE_NAME":"Connecticut"},"geometry":{"type":"Polygon","coordinates":[[[-72.827008,41.458247],[-72.824014,41.45688],[-72.821222,41.455466],[-72.818485,41.454495],[-72.815371,41.453081],[-72.81865,41.448622],[-72.820044,41.446727],[-72.823218,41.448014],[-72.826413,41.44891],[-72.828103,41.449665],[-72.826593,41.452355],[-72.830198,41.453634],[-72.827008,41.458247]]]}},{"type":"Feature","properties":{"GEOID":"09140351800","STATEFP":"09","COUNTYFP":"140","TRACTCE":"351800","NAMELSAD":"Census Tract 3518","NAMELSADCO":"Naugatuck Valley Planning Region","STATE_NAME":"Connecticut"},"geometry":{"type":"Polygon","coordinates":[[[-73.091269,41.555744],[-73.088496,41.555623],[-73.086686,41.55452],[-73.083286,41.553734],[-73.081602,41.553712],[-73.075629,41.552716],[-73.069666,41.552107],[-73.069513,41.553511],[-73.07076,41.555332],[-73.071114,41.5572],[-73.071053,41.558384],[-73.067813,41.560981],[-73.062009,41.560747],[-73.060884,41.557976],[-73.05687,41.559357],[-73.055963,41.558757],[-73.053679,41.553747],[-73.051222,41.551594],[-73.053194,41.551506],[-73.058313,41.55034],[-73.06323,41.548565],[-73.067555,41.547982],[-73.06988,41.546895],[-73.077195,41.541666],[-73.082188,41.539783],[-73.084428,41.538355],[-73.086324,41.536177],[-73.087561,41.539116],[-73.088159,41.541199],[-73.08829,41.542862],[-73.090377,41.551475],[-73.091269,41.555744]]]}},{"type":"Feature","properties":{"GEOID":"09170157300","STATEFP":"09","COUNTYFP":"170","TRACTCE":"157300","NAMELSAD":"Census Tract 1573","NAMELSADCO":"South Central Connecticut Planning Region","STATE_NAME":"Connecticut"},"geometry":{"type":"Polygon","coordinates":[[[-73.083752,41.281496],[-73.08153,41.282856],[-73.078852,41.284496],[-73.075451,41.285749],[-73.071251,41.287296],[-73.068751,41.289196],[-73.065251,41.294896],[-73.065051,41.297596],[-73.067851,41.300996],[-73.066414,41.302949],[-73.065454,41.304835],[-73.065027,41.306127],[-73.061746,41.310079],[-73.056149,41.311974],[-73.054627,41.311568],[-73.053196,41.311143],[-73.04911,41.3113],[-73.040707,41.313891],[-73.033576,41.313129],[-73.028064,41.311879],[-73.031738,41.309665],[-73.033769,41.30615],[-73.035489,41.298384],[-73.036725,41.294421],[-73.038761,41.290808],[-73.04116,41.287889],[-73.04338,41.285382],[-73.051115,41.276685],[-73.059033,41.268336],[-73.062054,41.264595],[-73.072277,41.269716],[-73.078994,41.273319],[-73.086852,41.276596],[-73.083752,41.281496]]]}},{"type":"Feature","properties":{"GEOID":"09170180200","STATEFP":"09","COUNTYFP":"170","TRACTCE":"180200","NAMELSAD":"Census Tract 1802","NAMELSADCO":"South Central Connecticut Planning Region","STATE_NAME":"Connecticut"},"geometry":{"type":"Polygon","coordinates":[[[-72.887706,41.285709],[-72.88643,41.288105],[-72.872631,41.28419],[-72.870324,41.283293],[-72.87108,41.282102],[-72.871979,41.278015],[-72.87816,41.269859],[-72.876114,41.269489],[-72.872072,41.269081],[-72.872542,41.266509],[-72.87293,41.26423],[-72.87374,41.264236],[-72.878959,41.259546],[-72.887106,41.255152],[-72.887294,41.274286],[-72.88737,41.276062],[-72.887386,41.276449],[-72.887649,41.278854],[-72.887432,41.282315],[-72.887558,41.284722],[-72.887706,41.285709]]]}},{"type":"Feature","properties":{"GEOID":"09170170300","STATEFP":"09","COUNTYFP":"170","TRACTCE":"170300","NAMELSAD":"Census Tract 1703","NAMELSADCO":"South Central Connecticut Planning Region","STATE_NAME":"Connecticut"},"geometry":{"type":"Polygon","coordinates":[[[-72.816087,41.541783],[-72.815748,41.543448],[-72.815765,41.544016],[-72.815824,41.546052],[-72.81426,41.549885],[-72.809788,41.549234],[-72.805155,41.547251],[-72.807329,41.54245],[-72.80586,41.541911],[-72.806374,41.540834],[-72.807931,41.538357],[-72.810251,41.53898],[-72.81377,41.5397],[-72.814974,41.539619],[-72.817201,41.539843],[-72.816087,41.541783]]]}},{"type":"Feature","properties":{"GEOID":"09170171000","STATEFP":"09","COUNTYFP":"170","TRACTCE":"171000","NAMELSAD":"Census Tract 1710","NAMELSADCO":"South Central Connecticut Planning Region","STATE_NAME":"Connecticut"},"geometry":{"type":"Polygon","coordinates":[[[-72.804101,41.534822],[-72.802423,41.537542],[-72.802076,41.53796],[-72.800805,41.537488],[-72.798136,41.536588],[-72.793712,41.533898],[-72.792004,41.533781],[-72.790131,41.533211],[-72.790045,41.533175],[-72.792004,41.529071],[-72.79528,41.529606],[-72.794678,41.531055],[-72.798124,41.531808],[-72.803737,41.533656],[-72.804824,41.533203],[-72.804101,41.534822]]]}},{"type":"Feature","properties":{"GEOID":"09170154900","STATEFP":"09","COUNTYFP":"170","TRACTCE":"154900","NAMELSAD":"Census Tract 1549","NAMELSADCO":"South Central Connecticut Planning Region","STATE_NAME":"Connecticut"},"geometry":{"type":"Polygon","coordinates":[[[-72.963772,41.260859],[-72.961885,41.268014],[-72.961173,41.268933],[-72.959768,41.269565],[-72.957877,41.270052],[-72.956887,41.269935],[-72.951621,41.271582],[-72.949782,41.272354],[-72.948571,41.268593],[-72.946634,41.262689],[-72.950732,41.262214],[-72.950879,41.258963],[-72.954575,41.256496],[-72.956761,41.25502],[-72.959922,41.253412],[-72.961545,41.252546],[-72.96213,41.253038],[-72.961373,41.256849],[-72.963976,41.259982],[-72.963772,41.260859]]]}},{"type":"Feature","properties":{"GEOID":"09150820000","STATEFP":"09","COUNTYFP":"150","TRACTCE":"820000","NAMELSAD":"Census Tract 8200","NAMELSADCO":"Northeastern Connecticut Planning Region","STATE_NAME":"Connecticut"},"geometry":{"type":"Polygon","coordinates":[[[-72.099728,41.757105],[-72.096642,41.768086],[-72.092446,41.83167],[-72.049528,41.831487],[-72.044738,41.831548],[-72.031799,41.831717],[-72.021401,41.828199],[-72.016318,41.812662],[-72.014491,41.804989],[-72.018006,41.782635],[-72.022071,41.763682],[-72.022903,41.759625],[-72.045833,41.730473],[-72.052565,41.731423],[-72.080985,41.735132],[-72.102628,41.744435],[-72.099728,41.757105]]]}},{"type":"Feature","properties":{"GEOID":"09160296100","STATEFP":"09","COUNTYFP":"160","TRACTCE":"296100","NAMELSAD":"Census Tract 2961","NAMELSADCO":"Northwest Hills Planning Region","STATE_NAME":"Connecticut"},"geometry":{"type":"Polygon","coordinates":[[[-73.300258,41.781922],[-73.29493,41.801324],[-73.28303,41.844607],[-73.268206,41.898133],[-73.267117,41.901343],[-73.263041,41.916185],[-73.255534,41.915799],[-73.254485,41.915885],[-73.166343,41.913351],[-73.165005,41.913246],[-73.170664,41.894275],[-73.190064,41.829463],[-73.191576,41.823773],[-73.192566,41.820979],[-73.201836,41.790014],[-73.210526,41.789294],[-73.224604,41.788142],[-73.231335,41.787171],[-73.242988,41.785952],[-73.249547,41.785317],[-73.26947,41.782692],[-73.298564,41.779028],[-73.301367,41.779004],[-73.300258,41.781922]]]}},{"type":"Feature","properties":{"GEOID":"09160310300","STATEFP":"09","COUNTYFP":"160","TRACTCE":"310300","NAMELSAD":"Census Tract 3103","NAMELSADCO":"Northwest Hills Planning Region","STATE_NAME":"Connecticut"},"geometry":{"type":"Polygon","coordinates":[[[-73.12691,41.794613],[-73.121608,41.799982],[-73.121242,41.800683],[-73.12133,41.801147],[-73.12124,41.806014],[-73.120222,41.80624],[-73.11727,41.806451],[-73.114206,41.806484],[-73.114098,41.805564],[-73.113176,41.806133],[-73.11274,41.803264],[-73.112864,41.801645],[-73.112879,41.798858],[-73.111341,41.796175],[-73.114832,41.795637],[-73.12063,41.79564],[-73.124368,41.79498],[-73.12691,41.794613]]]}},{"type":"Feature","properties":{"GEOID":"09180690300","STATEFP":"09","COUNTYFP":"180","TRACTCE":"690300","NAMELSAD":"Census Tract 6903","NAMELSADCO":"Southeastern Connecticut Planning Region","STATE_NAME":"Connecticut"},"geometry":{"type":"Polygon","coordinates":[[[-72.12832,41.365306],[-72.123925,41.369603],[-72.122306,41.370636],[-72.118798,41.369681],[-72.115803,41.368645],[-72.10889,41.366275],[-72.102753,41.364347],[-72.103083,41.363707],[-72.10295,41.361254],[-72.104204,41.358483],[-72.10856,41.360471],[-72.108808,41.358017],[-72.110819,41.357953],[-72.112491,41.357562],[-72.113148,41.357167],[-72.112464,41.356571],[-72.110036,41.353305],[-72.10761,41.34984],[-72.106506,41.349013],[-72.107491,41.348509],[-72.108904,41.347573],[-72.110314,41.34662],[-72.113453,41.343604],[-72.114554,41.344452],[-72.12853,41.357634],[-72.12832,41.365306]]]}},{"type":"Feature","properties":{"GEOID":"09180705102","STATEFP":"09","COUNTYFP":"180","TRACTCE":"705102","NAMELSAD":"Census Tract 7051.02","NAMELSADCO":"Southeastern Connecticut Planning Region","STATE_NAME":"Connecticut"},"geometry":{"type":"Polygon","coordinates":[[[-71.87558,41.386609],[-71.871673,41.389803],[-71.871367,41.390867],[-71.873265,41.391656],[-71.868105,41.395703],[-71.864719,41.399159],[-71.855511,41.411556],[-71.844776,41.408839],[-71.8428165698118,41.4087322073789],[-71.843472,41.40583],[-71.843256,41.404461],[-71.841726,41.403241],[-71.84115,41.39923],[-71.842244,41.396879],[-71.842131,41.395359],[-71.8410615505958,41.3940727447712],[-71.8386323044412,41.3911510258414],[-71.83817,41.390595],[-71.835204,41.389558],[-71.832655,41.387156],[-71.8330005628195,41.3852672388358],[-71.833531,41.382368],[-71.8316433377617,41.3800224459541],[-71.830637,41.378772],[-71.8313139597931,41.3777248226273],[-71.837979,41.376034],[-71.840502,41.376279],[-71.842112,41.376489],[-71.84228,41.376351],[-71.845747,41.375156],[-71.854739,41.372169],[-71.858491,41.370517],[-71.865028,41.366276],[-71.865886,41.365795],[-71.869618,41.363877],[-71.873269,41.362561],[-71.87089,41.367326],[-71.869634,41.371053],[-71.872807,41.377265],[-71.872341,41.379796],[-71.872603,41.379791],[-71.874802,41.382278],[-71.87558,41.386609]]]}},{"type":"Feature","properties":{"GEOID":"09190021100","STATEFP":"09","COUNTYFP":"190","TRACTCE":"021100","NAMELSAD":"Census Tract 211","NAMELSADCO":"Western Connecticut Planning Region","STATE_NAME":"Connecticut"},"geometry":{"type":"Polygon","coordinates":[[[-73.53433,41.072482],[-73.533547,41.074975],[-73.533816,41.077044],[-73.533882,41.078416],[-73.528903,41.078542],[-73.526965,41.079226],[-73.522531,41.077618],[-73.522069,41.078218],[-73.521593,41.080069],[-73.5203,41.077207],[-73.518758,41.076924],[-73.516733,41.074687],[-73.515585,41.075377],[-73.51463,41.074774],[-73.513992,41.073247],[-73.511344,41.07268],[-73.510936,41.07217],[-73.51065,41.071025],[-73.510005,41.070409],[-73.513805,41.070179],[-73.516117,41.0693],[-73.518678,41.067682],[-73.520462,41.065024],[-73.521467,41.067081],[-73.520566,41.068732],[-73.521881,41.068753],[-73.526334,41.069695],[-73.526705,41.069408],[-73.526743,41.068441],[-73.528855,41.067911],[-73.533118,41.065518],[-73.533915,41.068806],[-73.534255,41.070077],[-73.534266,41.070145],[-73.534535,41.071544],[-73.53433,41.072482]]]}},{"type":"Feature","properties":{"GEOID":"09140110100","STATEFP":"09","COUNTYFP":"140","TRACTCE":"110100","NAMELSAD":"Census Tract 1101","NAMELSADCO":"Naugatuck Valley Planning Region","STATE_NAME":"Connecticut"},"geometry":{"type":"Polygon","coordinates":[[[-73.099355,41.32075],[-73.097953,41.322136],[-73.096853,41.322596],[-73.09324,41.321007],[-73.090938,41.319256],[-73.089179,41.317452],[-73.086523,41.314455],[-73.0888,41.31247],[-73.087165,41.310777],[-73.088359,41.310385],[-73.089714,41.309062],[-73.093122,41.312519],[-73.09369,41.31089],[-73.095736,41.310784],[-73.095527,41.314806],[-73.096102,41.31416],[-73.098801,41.316206],[-73.097977,41.31801],[-73.099202,41.319093],[-73.098394,41.31927],[-73.099355,41.32075]]]}},{"type":"Feature","properties":{"GEOID":"09120060600","STATEFP":"09","COUNTYFP":"120","TRACTCE":"060600","NAMELSAD":"Census Tract 606","NAMELSADCO":"Greater Bridgeport Planning Region","STATE_NAME":"Connecticut"},"geometry":{"type":"Polygon","coordinates":[[[-73.297251,41.12604],[-73.296534,41.129695],[-73.297182,41.132141],[-73.296127,41.133675],[-73.297193,41.135967],[-73.296786,41.136355],[-73.297866,41.138293],[-73.294846,41.138311],[-73.294821,41.139621],[-73.288653,41.142923],[-73.287087,41.144107],[-73.280677,41.146884],[-73.275598,41.149672],[-73.273851,41.149563],[-73.27267,41.150525],[-73.273113,41.149046],[-73.27271,41.147959],[-73.271953,41.147626],[-73.271707,41.146555],[-73.272012,41.1461],[-73.272448,41.145864],[-73.272696,41.145007],[-73.273655,41.143756],[-73.274591,41.142401],[-73.274646,41.142317],[-73.275276,41.14096],[-73.274293,41.139816],[-73.274083,41.138888],[-73.274767,41.137548],[-73.277693,41.134405],[-73.282825,41.131853],[-73.2862599578681,41.1277565773387],[-73.286759,41.127896],[-73.2987463453292,41.1247855952212],[-73.297251,41.12604]]]}},{"type":"Feature","properties":{"GEOID":"09190010900","STATEFP":"09","COUNTYFP":"190","TRACTCE":"010900","NAMELSAD":"Census Tract 109","NAMELSADCO":"Western Connecticut Planning Region","STATE_NAME":"Connecticut"},"geometry":{"type":"Polygon","coordinates":[[[-73.588257,41.04594],[-73.585553,41.04893],[-73.585527,41.05339],[-73.582215,41.05761],[-73.581707,41.057587],[-73.577707,41.057939],[-73.574132,41.057695],[-73.572978,41.057777],[-73.568336,41.059467],[-73.567949,41.059012],[-73.567466,41.05488],[-73.567196,41.054489],[-73.566444,41.052731],[-73.565331,41.048547],[-73.566374,41.048321],[-73.568057,41.047634],[-73.570651,41.04611],[-73.574811,41.042908],[-73.576638,41.041904],[-73.583144,41.041027],[-73.585127,41.04074],[-73.589298,41.042206],[-73.588257,41.04594]]]}},{"type":"Feature","properties":{"GEOID":"09190042500","STATEFP":"09","COUNTYFP":"190","TRACTCE":"042500","NAMELSAD":"Census Tract 425","NAMELSADCO":"Western Connecticut Planning Region","STATE_NAME":"Connecticut"},"geometry":{"type":"Polygon","coordinates":[[[-73.42025,41.158296],[-73.418978,41.160802],[-73.415402,41.162886],[-73.413677,41.16359],[-73.394836,41.171768],[-73.387073,41.170495],[-73.386769,41.169805],[-73.386813,41.166403],[-73.387588,41.162426],[-73.388448,41.157997],[-73.388086,41.156484],[-73.393829,41.147808],[-73.395489,41.142314],[-73.396953,41.140315],[-73.398434,41.138689],[-73.399814,41.135771],[-73.401012,41.134347],[-73.401209,41.135763],[-73.405142,41.138455],[-73.40691,41.138896],[-73.410144,41.14509],[-73.411302,41.149021],[-73.412434,41.151306],[-73.413221,41.155477],[-73.41527,41.155984],[-73.419916,41.156205],[-73.42025,41.158296]]]}},{"type":"Feature","properties":{"GEOID":"09120070900","STATEFP":"09","COUNTYFP":"120","TRACTCE":"070900","NAMELSAD":"Census Tract 709","NAMELSADCO":"Greater Bridgeport Planning Region","STATE_NAME":"Connecticut"},"geometry":{"type":"Polygon","coordinates":[[[-73.208834,41.170524],[-73.205319,41.17163],[-73.201202,41.172941],[-73.197901,41.173937],[-73.194393,41.169394],[-73.197002,41.169183],[-73.201067,41.168843],[-73.208451,41.168192],[-73.208834,41.170524]]]}},{"type":"Feature","properties":{"GEOID":"09120072200","STATEFP":"09","COUNTYFP":"120","TRACTCE":"072200","NAMELSAD":"Census Tract 722","NAMELSADCO":"Greater Bridgeport Planning Region","STATE_NAME":"Connecticut"},"geometry":{"type":"Polygon","coordinates":[[[-73.223129,41.202441],[-73.218902,41.204062],[-73.217274,41.203161],[-73.213966,41.20132],[-73.210443,41.198696],[-73.207786,41.197291],[-73.207487,41.196604],[-73.206809,41.195272],[-73.206366,41.194692],[-73.210397,41.192717],[-73.213519,41.191171],[-73.214032,41.191709],[-73.215055,41.192963],[-73.217934,41.196248],[-73.219139,41.197759],[-73.219366,41.198181],[-73.222927,41.202088],[-73.223129,41.202441]]]}},{"type":"Feature","properties":{"GEOID":"09120073500","STATEFP":"09","COUNTYFP":"120","TRACTCE":"073500","NAMELSAD":"Census Tract 735","NAMELSADCO":"Greater Bridgeport Planning Region","STATE_NAME":"Connecticut"},"geometry":{"type":"Polygon","coordinates":[[[-73.189312,41.191988],[-73.186932,41.194297],[-73.186076,41.196092],[-73.186504,41.198117],[-73.1837,41.19825],[-73.184031,41.2007],[-73.181349,41.198644],[-73.180267,41.197952],[-73.180392,41.194516],[-73.180528,41.191561],[-73.184026,41.191747],[-73.187752,41.191995],[-73.188119,41.189655],[-73.189453,41.189712],[-73.189312,41.191988]]]}},{"type":"Feature","properties":{"GEOID":"09120073600","STATEFP":"09","COUNTYFP":"120","TRACTCE":"073600","NAMELSAD":"Census Tract 736","NAMELSADCO":"Greater Bridgeport Planning Region","STATE_NAME":"Connecticut"},"geometry":{"type":"Polygon","coordinates":[[[-73.180392,41.194516],[-73.180267,41.197952],[-73.178072,41.196496],[-73.173959,41.194099],[-73.174348,41.191283],[-73.177226,41.191406],[-73.178326,41.191453],[-73.180528,41.191561],[-73.180392,41.194516]]]}},{"type":"Feature","properties":{"GEOID":"09190050200","STATEFP":"09","COUNTYFP":"190","TRACTCE":"050200","NAMELSAD":"Census Tract 502","NAMELSADCO":"Western Connecticut Planning Region","STATE_NAME":"Connecticut"},"geometry":{"type":"Polygon","coordinates":[[[-73.366404,41.159941],[-73.367137,41.1635],[-73.366307,41.165289],[-73.367243,41.16899],[-73.364152,41.171586],[-73.363273,41.172283],[-73.363947,41.173559],[-73.361918,41.17553],[-73.360714,41.172249],[-73.361745,41.169276],[-73.356529,41.161955],[-73.353884,41.158262],[-73.353066,41.1588],[-73.349607,41.159124],[-73.342127,41.148884],[-73.342148,41.148045],[-73.338199,41.142211],[-73.341614,41.137624],[-73.348422,41.139875],[-73.353099,41.140463],[-73.353377,41.140519],[-73.358095,41.141466],[-73.363232,41.140931],[-73.364679,41.144251],[-73.364263,41.146505],[-73.364862,41.147114],[-73.366349,41.148861],[-73.36536,41.150495],[-73.367437,41.153576],[-73.366404,41.159941]]]}},{"type":"Feature","properties":{"GEOID":"09110530200","STATEFP":"09","COUNTYFP":"110","TRACTCE":"530200","NAMELSAD":"Census Tract 5302","NAMELSADCO":"Capitol Planning Region","STATE_NAME":"Connecticut"},"geometry":{"type":"Polygon","coordinates":[[[-72.467289,41.859082],[-72.466303,41.861147],[-72.466145,41.861882],[-72.466087,41.862656],[-72.464749,41.866376],[-72.464733,41.868495],[-72.464365,41.870117],[-72.450816,41.871699],[-72.44972,41.870026],[-72.44437,41.8692],[-72.442088,41.867355],[-72.442071,41.86594],[-72.441313,41.864944],[-72.439334,41.863582],[-72.441583,41.861851],[-72.443172,41.861759],[-72.443353,41.861694],[-72.442577,41.857042],[-72.445147,41.856691],[-72.445836,41.856562],[-72.448357,41.855886],[-72.449572,41.855251],[-72.4537,41.855772],[-72.46113,41.85584],[-72.466264,41.854095],[-72.46642,41.855245],[-72.466781,41.856289],[-72.467289,41.859082]]]}},{"type":"Feature","properties":{"GEOID":"09110471500","STATEFP":"09","COUNTYFP":"110","TRACTCE":"471500","NAMELSAD":"Census Tract 4715","NAMELSADCO":"Capitol Planning Region","STATE_NAME":"Connecticut"},"geometry":{"type":"Polygon","coordinates":[[[-72.740924,41.846502],[-72.739749,41.853109],[-72.739991,41.874428],[-72.740008,41.875047],[-72.740607,41.876812],[-72.727972,41.874323],[-72.724042,41.873227],[-72.699645,41.868021],[-72.697683,41.867506],[-72.689691,41.866244],[-72.689518,41.860146],[-72.689024,41.853197],[-72.688073,41.837071],[-72.693921,41.835187],[-72.69868,41.835266],[-72.704009,41.830655],[-72.707376,41.830607],[-72.709437,41.833329],[-72.711436,41.834138],[-72.720258,41.836134],[-72.72635,41.837627],[-72.733459,41.837602],[-72.733469,41.838292],[-72.738196,41.839529],[-72.740657,41.84426],[-72.740924,41.846502]]]}},{"type":"Feature","properties":{"GEOID":"09180690700","STATEFP":"09","COUNTYFP":"180","TRACTCE":"690700","NAMELSAD":"Census Tract 6907","NAMELSADCO":"Southeastern Connecticut Planning Region","STATE_NAME":"Connecticut"},"geometry":{"type":"Polygon","coordinates":[[[-72.105054,41.349343],[-72.098355,41.350921],[-72.09756,41.351283],[-72.096905,41.350099],[-72.09634,41.350766],[-72.096286,41.350759],[-72.08592,41.349498],[-72.08672,41.348098],[-72.08562,41.340598],[-72.099932,41.336611],[-72.102361,41.335641],[-72.101467,41.336911],[-72.099853,41.340637],[-72.102786,41.34161],[-72.105348,41.341937],[-72.104966,41.345576],[-72.105829,41.349171],[-72.105054,41.349343]]]}},{"type":"Feature","properties":{"GEOID":"09170361402","STATEFP":"09","COUNTYFP":"170","TRACTCE":"361402","NAMELSAD":"Census Tract 3614.02","NAMELSADCO":"South Central Connecticut Planning Region","STATE_NAME":"Connecticut"},"geometry":{"type":"Polygon","coordinates":[[[-72.932447,41.313825],[-72.929988,41.315047],[-72.928878,41.31522],[-72.92898,41.315636],[-72.926753,41.315237],[-72.925707,41.316238],[-72.925892,41.321348],[-72.923324,41.32099],[-72.923295,41.320252],[-72.918906,41.319638],[-72.919753,41.31781],[-72.921618,41.313886],[-72.922204,41.313212],[-72.923777,41.310958],[-72.922616,41.310476],[-72.92251,41.31042],[-72.924142,41.308201],[-72.929998,41.310664],[-72.931401,41.31205],[-72.932127,41.312825],[-72.932172,41.312906],[-72.932447,41.313825]]]}},{"type":"Feature","properties":{"GEOID":"09130630101","STATEFP":"09","COUNTYFP":"130","TRACTCE":"630101","NAMELSAD":"Census Tract 6301.01","NAMELSADCO":"Lower Connecticut River Valley Planning Region","STATE_NAME":"Connecticut"},"geometry":{"type":"Polygon","coordinates":[[[-72.472724,41.334209],[-72.468943,41.345381],[-72.446057,41.356177],[-72.42713,41.363717],[-72.414545,41.356602],[-72.409436,41.354732],[-72.408286,41.354353],[-72.40454,41.352608],[-72.402822,41.350741],[-72.39456,41.336335],[-72.390619,41.332233],[-72.402729,41.331598],[-72.404889,41.330874],[-72.40863,41.329651],[-72.420729,41.325397],[-72.425525,41.324221],[-72.428366,41.32461],[-72.428879,41.325713],[-72.432029,41.326548],[-72.435785,41.330963],[-72.452961,41.332474],[-72.464791,41.33339],[-72.471927,41.333998],[-72.472724,41.334209]]]}},{"type":"Feature","properties":{"GEOID":"09110430603","STATEFP":"09","COUNTYFP":"110","TRACTCE":"430603","NAMELSAD":"Census Tract 4306.03","NAMELSADCO":"Capitol Planning Region","STATE_NAME":"Connecticut"},"geometry":{"type":"Polygon","coordinates":[[[-72.893457,41.618555],[-72.884356,41.623992],[-72.873624,41.631806],[-72.873578,41.627412],[-72.8731,41.622939],[-72.873219,41.621764],[-72.873855,41.617485],[-72.869378,41.616676],[-72.864393,41.618329],[-72.863301,41.618622],[-72.860347,41.618808],[-72.860313,41.6183],[-72.858342,41.612953],[-72.858041,41.608818],[-72.867971,41.607859],[-72.871167,41.607815],[-72.874286,41.606283],[-72.878107,41.606085],[-72.878138,41.604635],[-72.880521,41.604415],[-72.878669,41.609983],[-72.878004,41.61272],[-72.877756,41.613276],[-72.879283,41.614448],[-72.880235,41.616668],[-72.886493,41.617309],[-72.89045,41.617262],[-72.892967,41.618246],[-72.893457,41.618555]]]}},{"type":"Feature","properties":{"GEOID":"09170142605","STATEFP":"09","COUNTYFP":"170","TRACTCE":"142605","NAMELSAD":"Census Tract 1426.05","NAMELSADCO":"South Central Connecticut Planning Region","STATE_NAME":"Connecticut"},"geometry":{"type":"Polygon","coordinates":[[[-72.884836,41.30941],[-72.87994,41.312573],[-72.878669,41.313867],[-72.874003,41.320885],[-72.871724,41.320232],[-72.870135,41.3201],[-72.867571,41.320433],[-72.86773,41.319753],[-72.869696,41.315312],[-72.870739,41.312862],[-72.872431,41.308794],[-72.87364,41.306847],[-72.873979,41.308589],[-72.878491,41.309403],[-72.881944,41.308034],[-72.884836,41.30941]]]}},{"type":"Feature","properties":{"GEOID":"09170167301","STATEFP":"09","COUNTYFP":"170","TRACTCE":"167301","NAMELSAD":"Census Tract 1673.01","NAMELSADCO":"South Central Connecticut Planning Region","STATE_NAME":"Connecticut"},"geometry":{"type":"Polygon","coordinates":[[[-72.876169,41.334007],[-72.869627,41.342567],[-72.867466,41.348936],[-72.867308,41.350731],[-72.86796,41.35458],[-72.865344,41.357865],[-72.862578,41.359789],[-72.859293,41.361004],[-72.858158,41.361853],[-72.846905,41.375327],[-72.838384,41.385316],[-72.833142,41.392172],[-72.831386,41.394824],[-72.827414,41.402702],[-72.827608,41.396641],[-72.817722,41.399449],[-72.817453,41.377526],[-72.817003,41.363877],[-72.822536,41.364196],[-72.822826,41.361793],[-72.827133,41.36149],[-72.827146,41.358118],[-72.827961,41.351188],[-72.827988,41.342358],[-72.846223,41.339082],[-72.860309,41.336639],[-72.866205,41.33601],[-72.869937,41.334775],[-72.876169,41.334007]]]}},{"type":"Feature","properties":{"GEOID":"09190021401","STATEFP":"09","COUNTYFP":"190","TRACTCE":"021401","NAMELSAD":"Census Tract 214.01","NAMELSADCO":"Western Connecticut Planning Region","STATE_NAME":"Connecticut"},"geometry":{"type":"Polygon","coordinates":[[[-73.557896,41.048385],[-73.557313,41.053832],[-73.557706,41.05424],[-73.557741,41.056444],[-73.555045,41.05592],[-73.549943,41.055922],[-73.55048,41.053937],[-73.55039,41.051833],[-73.551327,41.051941],[-73.553928,41.052439],[-73.554338,41.048116],[-73.554227,41.048099],[-73.554609,41.044671],[-73.553633,41.044262],[-73.555228,41.044165],[-73.558415,41.044436],[-73.557896,41.048385]]]}},{"type":"Feature","properties":{"GEOID":"09150890203","STATEFP":"09","COUNTYFP":"150","TRACTCE":"890203","NAMELSAD":"Census Tract 8902.03","NAMELSADCO":"Northeastern Connecticut Planning Region","STATE_NAME":"Connecticut"},"geometry":{"type":"Polygon","coordinates":[[[-72.223283,41.981666],[-72.21642,41.996418],[-72.214894,42.000095],[-72.2050807834552,42.0310868498098],[-72.1988321207782,42.0310110442372],[-72.1500880173965,42.0304197057611],[-72.1432302502593,42.0303365108455],[-72.135715,42.0302453396816],[-72.135687,42.030245],[-72.1021687771907,42.028899460948],[-72.10188,42.016804],[-72.099525,41.966038],[-72.099229,41.958948],[-72.123632,41.95898],[-72.151654,41.959302],[-72.190661,41.959144],[-72.19528,41.959322],[-72.21698,41.958161],[-72.234898,41.957583],[-72.223283,41.981666]]]}},{"type":"Feature","properties":{"GEOID":"09110430501","STATEFP":"09","COUNTYFP":"110","TRACTCE":"430501","NAMELSAD":"Census Tract 4305.01","NAMELSADCO":"Capitol Planning Region","STATE_NAME":"Connecticut"},"geometry":{"type":"Polygon","coordinates":[[[-72.902946,41.597336],[-72.901535,41.597515],[-72.898286,41.598626],[-72.898221,41.598359],[-72.883549,41.599911],[-72.888738,41.592444],[-72.89232,41.587668],[-72.897594,41.588176],[-72.899348,41.587032],[-72.902613,41.591842],[-72.903168,41.593493],[-72.902946,41.597336]]]}},{"type":"Feature","properties":{"GEOID":"09170150800","STATEFP":"09","COUNTYFP":"170","TRACTCE":"150800","NAMELSAD":"Census Tract 1508","NAMELSADCO":"South Central Connecticut Planning Region","STATE_NAME":"Connecticut"},"geometry":{"type":"Polygon","coordinates":[[[-73.049923,41.23846],[-73.0481,41.240571],[-73.045415,41.246433],[-73.044048,41.251636],[-73.044144,41.256815],[-73.035161,41.254378],[-73.034073,41.253855],[-73.030307,41.252779],[-73.02698,41.252309],[-73.021226,41.25081],[-73.012715,41.249511],[-73.006448,41.248121],[-73.018934,41.240112],[-73.022531,41.238311],[-73.03237,41.233549],[-73.03583,41.232931],[-73.041926,41.23417],[-73.04609,41.231133],[-73.047464,41.232054],[-73.052271,41.232764],[-73.049923,41.23846]]]}},{"type":"Feature","properties":{"GEOID":"09170151200","STATEFP":"09","COUNTYFP":"170","TRACTCE":"151200","NAMELSAD":"Census Tract 1512","NAMELSADCO":"South Central Connecticut Planning Region","STATE_NAME":"Connecticut"},"geometry":{"type":"Polygon","coordinates":[[[-73.022531,41.238311],[-73.018934,41.240112],[-73.006448,41.248121],[-73.000239,41.246618],[-72.998729,41.246362],[-72.995014,41.245711],[-72.992051,41.244909],[-72.993134,41.244748],[-72.994634,41.241692],[-72.992127,41.239001],[-72.993232,41.237386],[-72.992699,41.234519],[-72.99028,41.234737],[-72.986904,41.235535],[-72.992173,41.22986],[-72.995386,41.228907],[-72.997361,41.228481],[-72.999465,41.228373],[-73.003892,41.22877],[-73.003897,41.231363],[-73.008837,41.232444],[-73.010199,41.233575],[-73.011034,41.234951],[-73.01164,41.235122],[-73.012425,41.235591],[-73.013326,41.235948],[-73.012955,41.236638],[-73.020357,41.23679],[-73.022531,41.238311]]]}},{"type":"Feature","properties":{"GEOID":"09170140700","STATEFP":"09","COUNTYFP":"170","TRACTCE":"140700","NAMELSAD":"Census Tract 1407","NAMELSADCO":"South Central Connecticut Planning Region","STATE_NAME":"Connecticut"},"geometry":{"type":"Polygon","coordinates":[[[-72.943838,41.313264],[-72.943436,41.314248],[-72.942412,41.316657],[-72.93922,41.315525],[-72.935793,41.314329],[-72.9328,41.312863],[-72.934468,41.310621],[-72.935553,41.30929],[-72.937233,41.306951],[-72.937595,41.306074],[-72.939227,41.306146],[-72.938977,41.30685],[-72.938043,41.308237],[-72.939017,41.308608],[-72.939791,41.308714],[-72.939242,41.310139],[-72.941409,41.310648],[-72.944601,41.311291],[-72.943838,41.313264]]]}},{"type":"Feature","properties":{"GEOID":"09170176000","STATEFP":"09","COUNTYFP":"170","TRACTCE":"176000","NAMELSAD":"Census Tract 1760","NAMELSADCO":"South Central Connecticut Planning Region","STATE_NAME":"Connecticut"},"geometry":{"type":"Polygon","coordinates":[[[-72.827414,41.402702],[-72.826959,41.419487],[-72.823688,41.423038],[-72.821216,41.42499],[-72.81424,41.428159],[-72.806931,41.431235],[-72.802673,41.433899],[-72.797252,41.437641],[-72.790659,41.444297],[-72.78041,41.454821],[-72.778423,41.457863],[-72.768059,41.484058],[-72.76743,41.486596],[-72.767324,41.492002],[-72.768038,41.497015],[-72.74478,41.498183],[-72.74333,41.483114],[-72.733886,41.485368],[-72.735399,41.473564],[-72.735437,41.473273],[-72.73912,41.438294],[-72.740241,41.436497],[-72.746141,41.423297],[-72.77372,41.414284],[-72.776493,41.413367],[-72.779389,41.412193],[-72.782417,41.410905],[-72.79253,41.407478],[-72.798628,41.405129],[-72.802753,41.403921],[-72.817722,41.399449],[-72.827608,41.396641],[-72.827414,41.402702]]]}},{"type":"Feature","properties":{"GEOID":"09140350900","STATEFP":"09","COUNTYFP":"140","TRACTCE":"350900","NAMELSAD":"Census Tract 3509","NAMELSADCO":"Naugatuck Valley Planning Region","STATE_NAME":"Connecticut"},"geometry":{"type":"Polygon","coordinates":[[[-73.051797,41.570421],[-73.048602,41.577249],[-73.048627,41.578829],[-73.046857,41.578965],[-73.046114,41.582026],[-73.045774,41.581691],[-73.041718,41.581569],[-73.040906,41.578135],[-73.041316,41.577206],[-73.041832,41.576037],[-73.041607,41.573383],[-73.041954,41.572154],[-73.042566,41.572181],[-73.045378,41.570951],[-73.047908,41.569838],[-73.048595,41.569599],[-73.050301,41.570003],[-73.051797,41.570421]]]}},{"type":"Feature","properties":{"GEOID":"09140352702","STATEFP":"09","COUNTYFP":"140","TRACTCE":"352702","NAMELSAD":"Census Tract 3527.02","NAMELSADCO":"Naugatuck Valley Planning Region","STATE_NAME":"Connecticut"},"geometry":{"type":"Polygon","coordinates":[[[-73.009928,41.544082],[-73.008597,41.548262],[-73.008862,41.549929],[-73.00743,41.551964],[-73.006614,41.55224],[-73.000034,41.552644],[-72.997972,41.553234],[-72.996971,41.553792],[-72.993842,41.55554],[-72.991282,41.554561],[-72.989263,41.553266],[-72.986769,41.552083],[-72.983889,41.552284],[-72.975285,41.553609],[-72.972812,41.553807],[-72.969369,41.553803],[-72.969471,41.552666],[-72.972108,41.548854],[-72.979561,41.545595],[-72.982632,41.54619],[-72.987013,41.545415],[-72.987996,41.544888],[-72.993423,41.542367],[-72.995986,41.541802],[-73.000173,41.541917],[-73.002482,41.543534],[-73.004041,41.543981],[-73.002738,41.548057],[-73.005773,41.549272],[-73.006012,41.545434],[-73.009031,41.543665],[-73.009928,41.544082]]]}},{"type":"Feature","properties":{"GEOID":"09170141800","STATEFP":"09","COUNTYFP":"170","TRACTCE":"141800","NAMELSAD":"Census Tract 1418","NAMELSADCO":"South Central Connecticut Planning Region","STATE_NAME":"Connecticut"},"geometry":{"type":"Polygon","coordinates":[[[-72.927377,41.326507],[-72.926544,41.328791],[-72.925098,41.33263],[-72.924896,41.334493],[-72.919963,41.334149],[-72.913234,41.333592],[-72.912529,41.333192],[-72.915789,41.326158],[-72.918478,41.320482],[-72.918906,41.319638],[-72.923295,41.320252],[-72.923324,41.32099],[-72.925892,41.321348],[-72.928984,41.321521],[-72.927377,41.326507]]]}},{"type":"Feature","properties":{"GEOID":"09170142300","STATEFP":"09","COUNTYFP":"170","TRACTCE":"142300","NAMELSAD":"Census Tract 1423","NAMELSADCO":"South Central Connecticut Planning Region","STATE_NAME":"Connecticut"},"geometry":{"type":"Polygon","coordinates":[[[-72.907749,41.308787],[-72.90457,41.308362],[-72.900978,41.308594],[-72.899321,41.308714],[-72.895476,41.308985],[-72.890607,41.309414],[-72.888792,41.309343],[-72.888493,41.309228],[-72.887869,41.308973],[-72.891735,41.302482],[-72.892921,41.30208],[-72.903148,41.299223],[-72.904523,41.299185],[-72.905656,41.303555],[-72.908134,41.306046],[-72.907749,41.308787]]]}},{"type":"Feature","properties":{"GEOID":"09170142800","STATEFP":"09","COUNTYFP":"170","TRACTCE":"142800","NAMELSAD":"Census Tract 1428","NAMELSADCO":"South Central Connecticut Planning Region","STATE_NAME":"Connecticut"},"geometry":{"type":"Polygon","coordinates":[[[-72.903832,41.282001],[-72.900522,41.282501],[-72.900677,41.284102],[-72.897366,41.284402],[-72.899522,41.280202],[-72.895042,41.280487],[-72.890025,41.279859],[-72.890167,41.282372],[-72.887432,41.282315],[-72.887649,41.278854],[-72.887386,41.276449],[-72.88737,41.276062],[-72.887294,41.274286],[-72.887106,41.255152],[-72.886871,41.254283],[-72.88948,41.251003],[-72.891051,41.251186],[-72.896918,41.248485],[-72.899202,41.248697],[-72.9003323174285,41.2467554504053],[-72.903429,41.248175],[-72.904116,41.249554],[-72.903754,41.251401],[-72.902727,41.252916],[-72.898705,41.255196],[-72.8975717676279,41.2555674780046],[-72.894666,41.25652],[-72.893845,41.259897],[-72.8961891872368,41.2636588715478],[-72.8963698914716,41.2639488595268],[-72.897496,41.265756],[-72.905359,41.270627],[-72.9050191978859,41.2716433992438],[-72.9035475671646,41.2760452681271],[-72.903099,41.277387],[-72.9059454168644,41.2827000049195],[-72.903832,41.282001]]]}},{"type":"Feature","properties":{"GEOID":"09140343300","STATEFP":"09","COUNTYFP":"140","TRACTCE":"343300","NAMELSAD":"Census Tract 3433","NAMELSADCO":"Naugatuck Valley Planning Region","STATE_NAME":"Connecticut"},"geometry":{"type":"Polygon","coordinates":[[[-72.914427,41.491164],[-72.913924,41.492687],[-72.91452,41.498667],[-72.915309,41.504653],[-72.915185,41.505255],[-72.914707,41.50625],[-72.913039,41.507793],[-72.90396,41.504267],[-72.90116,41.500945],[-72.901453,41.498861],[-72.900082,41.498394],[-72.890688,41.500476],[-72.886139,41.501],[-72.880367,41.500358],[-72.878783,41.500914],[-72.877964,41.500865],[-72.868217,41.49964],[-72.8578,41.496868],[-72.853268,41.494564],[-72.852701,41.494347],[-72.857451,41.488037],[-72.864812,41.47816],[-72.871264,41.469466],[-72.87351,41.46603],[-72.87738,41.461182],[-72.876644,41.459675],[-72.878127,41.457515],[-72.879647,41.45627],[-72.886667,41.447957],[-72.887675,41.44826],[-72.900098,41.452988],[-72.902143,41.45398],[-72.908387,41.456253],[-72.906876,41.46699],[-72.906782,41.472414],[-72.905636,41.480452],[-72.905635,41.480616],[-72.905884,41.483619],[-72.905663,41.485045],[-72.911455,41.484919],[-72.918555,41.486093],[-72.914427,41.491164]]]}},{"type":"Feature","properties":{"GEOID":"09170180602","STATEFP":"09","COUNTYFP":"170","TRACTCE":"180602","NAMELSAD":"Census Tract 1806.02","NAMELSADCO":"South Central Connecticut Planning Region","STATE_NAME":"Connecticut"},"geometry":{"type":"Polygon","coordinates":[[[-72.860309,41.336639],[-72.846223,41.339082],[-72.827988,41.342358],[-72.827961,41.351188],[-72.827146,41.358118],[-72.827133,41.36149],[-72.822826,41.361793],[-72.822536,41.364196],[-72.817003,41.363877],[-72.817069,41.359727],[-72.817752,41.339982],[-72.818955,41.335652],[-72.82178,41.325765],[-72.824937,41.324733],[-72.831861,41.324987],[-72.840235,41.324068],[-72.843068,41.323861],[-72.845113,41.323666],[-72.848861,41.322049],[-72.851256,41.321948],[-72.850102,41.324376],[-72.851292,41.327653],[-72.853304,41.327771],[-72.855692,41.329036],[-72.857156,41.330855],[-72.862585,41.331574],[-72.860309,41.336639]]]}},{"type":"Feature","properties":{"GEOID":"09170165400","STATEFP":"09","COUNTYFP":"170","TRACTCE":"165400","NAMELSAD":"Census Tract 1654","NAMELSADCO":"South Central Connecticut Planning Region","STATE_NAME":"Connecticut"},"geometry":{"type":"Polygon","coordinates":[[[-72.928413,41.351149],[-72.927148,41.353149],[-72.926549,41.354273],[-72.925033,41.356459],[-72.923879,41.358259],[-72.921024,41.356313],[-72.915565,41.357246],[-72.911759,41.355984],[-72.912547,41.355319],[-72.9131,41.354363],[-72.913372,41.348637],[-72.912461,41.346027],[-72.912078,41.343611],[-72.912917,41.340163],[-72.911447,41.335529],[-72.912529,41.333192],[-72.913234,41.333592],[-72.919963,41.334149],[-72.924896,41.334493],[-72.924678,41.339363],[-72.926481,41.339783],[-72.92611,41.341247],[-72.925863,41.341717],[-72.926359,41.343662],[-72.927432,41.343545],[-72.932016,41.345216],[-72.928413,41.351149]]]}},{"type":"Feature","properties":{"GEOID":"09170170400","STATEFP":"09","COUNTYFP":"170","TRACTCE":"170400","NAMELSAD":"Census Tract 1704","NAMELSADCO":"South Central Connecticut Planning Region","STATE_NAME":"Connecticut"},"geometry":{"type":"Polygon","coordinates":[[[-72.848541,41.567329],[-72.840244,41.569098],[-72.827644,41.570999],[-72.829644,41.562397],[-72.825743,41.564298],[-72.826141,41.555897],[-72.825142,41.555397],[-72.821243,41.554195],[-72.819145,41.554298],[-72.80996,41.562284],[-72.812859,41.557185],[-72.812777,41.554679],[-72.813028,41.55306],[-72.814117,41.550173],[-72.81426,41.549885],[-72.815824,41.546052],[-72.815765,41.544016],[-72.815748,41.543448],[-72.816087,41.541783],[-72.817201,41.539843],[-72.819274,41.540623],[-72.820488,41.540561],[-72.821325,41.540567],[-72.824291,41.540964],[-72.824855,41.541195],[-72.830231,41.545937],[-72.832687,41.545692],[-72.835454,41.547258],[-72.837942,41.549819],[-72.843349,41.551891],[-72.845731,41.553346],[-72.846005,41.55485],[-72.848541,41.567329]]]}},{"type":"Feature","properties":{"GEOID":"09170171100","STATEFP":"09","COUNTYFP":"170","TRACTCE":"171100","NAMELSAD":"Census Tract 1711","NAMELSADCO":"South Central Connecticut Planning Region","STATE_NAME":"Connecticut"},"geometry":{"type":"Polygon","coordinates":[[[-72.814002,41.513395],[-72.805514,41.51427],[-72.802112,41.520661],[-72.799302,41.526035],[-72.801159,41.525805],[-72.798124,41.531808],[-72.794678,41.531055],[-72.79528,41.529606],[-72.792004,41.529071],[-72.790045,41.533175],[-72.785563,41.531859],[-72.7839,41.531378],[-72.78119,41.530371],[-72.779427,41.529658],[-72.785177,41.519823],[-72.790215,41.514676],[-72.795918,41.504718],[-72.800268,41.505552],[-72.815187,41.508516],[-72.814002,41.513395]]]}},{"type":"Feature","properties":{"GEOID":"09160290100","STATEFP":"09","COUNTYFP":"160","TRACTCE":"290100","NAMELSAD":"Census Tract 2901","NAMELSADCO":"Northwest Hills Planning Region","STATE_NAME":"Connecticut"},"geometry":{"type":"Polygon","coordinates":[[[-73.047883,41.909458],[-73.042656,41.931248],[-73.040436,41.939219],[-73.034024,41.966301],[-73.030618,41.966553],[-73.029537,41.966606],[-73.004875,41.968173],[-73.001401,41.968372],[-72.958743,41.970497],[-72.957767,41.970548],[-72.88706,41.973121],[-72.902244,41.931995],[-72.902968,41.931361],[-72.905945,41.921696],[-72.906645,41.920196],[-72.915346,41.896797],[-72.940647,41.895196],[-72.941414,41.895035],[-72.955717,41.894205],[-72.959721,41.89393],[-72.985282,41.892099],[-72.993008,41.891505],[-73.039939,41.888339],[-73.053534,41.887324],[-73.047883,41.909458]]]}},{"type":"Feature","properties":{"GEOID":"09160293100","STATEFP":"09","COUNTYFP":"160","TRACTCE":"293100","NAMELSAD":"Census Tract 2931","NAMELSADCO":"Northwest Hills Planning Region","STATE_NAME":"Connecticut"},"geometry":{"type":"Polygon","coordinates":[[[-73.143126,41.988624],[-73.129014,42.036255],[-73.1272774996918,42.0419641690369],[-73.0532880861326,42.0398619684613],[-73.053254,42.039861],[-73.0087643066587,42.038860282198],[-73.020539,42.000094],[-73.029537,41.966606],[-73.030618,41.966553],[-73.034024,41.966301],[-73.049251,41.965072],[-73.064238,41.963913],[-73.070631,41.963607],[-73.091836,41.962502],[-73.102604,41.962261],[-73.121814,41.961253],[-73.124737,41.960972],[-73.151494,41.959726],[-73.143126,41.988624]]]}},{"type":"Feature","properties":{"GEOID":"09160310602","STATEFP":"09","COUNTYFP":"160","TRACTCE":"310602","NAMELSAD":"Census Tract 3106.02","NAMELSADCO":"Northwest Hills Planning Region","STATE_NAME":"Connecticut"},"geometry":{"type":"Polygon","coordinates":[[[-73.094827,41.809723],[-73.093181,41.815404],[-73.09308,41.816351],[-73.092958,41.816417],[-73.091943,41.820212],[-73.091502,41.821765],[-73.090439,41.825917],[-73.091711,41.832221],[-73.091057,41.832698],[-73.078287,41.830647],[-73.071111,41.830072],[-73.067671,41.830378],[-73.070201,41.821157],[-73.074264,41.805797],[-73.07619,41.799177],[-73.076683,41.798451],[-73.082508,41.798389],[-73.082923,41.798373],[-73.085409,41.799519],[-73.086602,41.799797],[-73.089515,41.800479],[-73.093715,41.804911],[-73.096109,41.806174],[-73.094827,41.809723]]]}},{"type":"Feature","properties":{"GEOID":"09140349200","STATEFP":"09","COUNTYFP":"140","TRACTCE":"349200","NAMELSAD":"Census Tract 3492","NAMELSADCO":"Naugatuck Valley Planning Region","STATE_NAME":"Connecticut"},"geometry":{"type":"Polygon","coordinates":[[[-73.086845,41.698091],[-73.083702,41.699271],[-73.076701,41.703024],[-73.068402,41.707093],[-73.062917,41.707578],[-73.055262,41.70816],[-73.055724,41.702891],[-73.058967,41.682696],[-73.060787,41.674301],[-73.060312,41.673244],[-73.061174,41.665196],[-73.062056,41.659735],[-73.064653,41.659181],[-73.071317,41.659862],[-73.074782,41.658883],[-73.076742,41.657448],[-73.079148,41.657263],[-73.079919,41.657232],[-73.080304,41.659683],[-73.08032,41.660397],[-73.079501,41.663891],[-73.079933,41.66588],[-73.078467,41.668383],[-73.081316,41.670536],[-73.079488,41.671218],[-73.076881,41.671671],[-73.076556,41.674391],[-73.077841,41.680794],[-73.078158,41.682481],[-73.079711,41.685501],[-73.081703,41.687816],[-73.085308,41.695547],[-73.086845,41.698091]]]}},{"type":"Feature","properties":{"GEOID":"09180702100","STATEFP":"09","COUNTYFP":"180","TRACTCE":"702100","NAMELSAD":"Census Tract 7021","NAMELSADCO":"Southeastern Connecticut Planning Region","STATE_NAME":"Connecticut"},"geometry":{"type":"Polygon","coordinates":[[[-72.045389,41.378668],[-72.042688,41.380109],[-72.041478,41.384374],[-72.042592,41.386595],[-72.042103,41.389068],[-72.039719,41.391056],[-72.038234,41.391301],[-72.03641,41.394741],[-72.034759,41.395151],[-72.036985,41.399442],[-72.011217,41.399018],[-71.961295,41.397899],[-71.95882,41.397518],[-71.960843,41.394704],[-71.960287,41.389438],[-71.958632,41.388115],[-71.961218,41.38678],[-71.964219,41.382593],[-71.963529,41.379112],[-71.964528,41.375065],[-71.966027,41.372995],[-71.973154,41.370987],[-71.976191,41.370883],[-71.981687,41.371443],[-71.9871,41.372],[-71.994213,41.371926],[-71.996743,41.371211],[-72.007094,41.366724],[-72.016294,41.362872],[-72.020075,41.362211],[-72.04081,41.359823],[-72.043068,41.363483],[-72.042021,41.366485],[-72.038254,41.368988],[-72.038139,41.37086],[-72.042385,41.37336],[-72.043572,41.375142],[-72.043176,41.375908],[-72.043455,41.376214],[-72.045156,41.377046],[-72.045443,41.37832],[-72.045389,41.378668]]]}},{"type":"Feature","properties":{"GEOID":"09180870502","STATEFP":"09","COUNTYFP":"180","TRACTCE":"870502","NAMELSAD":"Census Tract 8705.02","NAMELSADCO":"Southeastern Connecticut Planning Region","STATE_NAME":"Connecticut"},"geometry":{"type":"Polygon","coordinates":[[[-72.123003,41.428979],[-72.121723,41.430902],[-72.120487,41.433641],[-72.118485,41.437873],[-72.117546,41.439993],[-72.11728,41.44143],[-72.117281,41.442428],[-72.117522,41.444839],[-72.117631,41.448245],[-72.115022,41.460752],[-72.111061,41.4596],[-72.105993,41.454899],[-72.104812,41.460102],[-72.101333,41.459439],[-72.100503,41.459949],[-72.089912,41.460197],[-72.08664,41.459106],[-72.080949,41.45786],[-72.075452,41.459289],[-72.071744,41.458736],[-72.073621,41.456298],[-72.076421,41.453898],[-72.082821,41.448898],[-72.085521,41.445098],[-72.087921,41.439398],[-72.090994,41.437442],[-72.092421,41.436698],[-72.094721,41.432898],[-72.096521,41.430198],[-72.095621,41.425298],[-72.101668,41.426455],[-72.104434,41.427451],[-72.106374,41.427186],[-72.110223,41.426651],[-72.121122,41.425186],[-72.12786,41.424283],[-72.123003,41.428979]]]}},{"type":"Feature","properties":{"GEOID":"09180690800","STATEFP":"09","COUNTYFP":"180","TRACTCE":"690800","NAMELSAD":"Census Tract 6908","NAMELSADCO":"Southeastern Connecticut Planning Region","STATE_NAME":"Connecticut"},"geometry":{"type":"Polygon","coordinates":[[[-72.113453,41.343604],[-72.110314,41.34662],[-72.108904,41.347573],[-72.107491,41.348509],[-72.106506,41.349013],[-72.105829,41.349171],[-72.104966,41.345576],[-72.105348,41.341937],[-72.102786,41.34161],[-72.099853,41.340637],[-72.101467,41.336911],[-72.102361,41.335641],[-72.100401,41.333423],[-72.104102,41.332366],[-72.104141,41.332517],[-72.105606,41.332234],[-72.109017,41.332091],[-72.109793,41.334037],[-72.112397,41.341393],[-72.113453,41.343604]]]}},{"type":"Feature","properties":{"GEOID":"09150708100","STATEFP":"09","COUNTYFP":"150","TRACTCE":"708100","NAMELSAD":"Census Tract 7081","NAMELSADCO":"Northeastern Connecticut Planning Region","STATE_NAME":"Connecticut"},"geometry":{"type":"Polygon","coordinates":[[[-71.884279,41.641219],[-71.874516,41.642129],[-71.857917,41.644227],[-71.846992,41.643757],[-71.820089,41.641844],[-71.817437,41.641866],[-71.796401,41.640476],[-71.7876366458895,41.6399171462982],[-71.787855198595,41.6344503677445],[-71.789356,41.59691],[-71.7893586727423,41.5968521603427],[-71.79050845462,41.5719702287765],[-71.7917036308261,41.5461059382128],[-71.7925957022037,41.5268010079481],[-71.7935683158896,41.5057530964788],[-71.823172,41.509564],[-71.831579,41.510763],[-71.841191,41.511856],[-71.847305,41.512934],[-71.863408,41.514926],[-71.871821,41.559919],[-71.874268,41.572758],[-71.87529,41.57913],[-71.875459,41.57945],[-71.883219,41.625098],[-71.88387,41.630022],[-71.884422,41.641204],[-71.884279,41.641219]]]}},{"type":"Feature","properties":{"GEOID":"09150907200","STATEFP":"09","COUNTYFP":"150","TRACTCE":"907200","NAMELSAD":"Census Tract 9072","NAMELSADCO":"Northeastern Connecticut Planning Region","STATE_NAME":"Connecticut"},"geometry":{"type":"Polygon","coordinates":[[[-71.907086,41.688113],[-71.898205,41.708362],[-71.896175,41.712773],[-71.894844,41.717245],[-71.894757,41.717814],[-71.894065,41.72011],[-71.893516,41.721382],[-71.889613,41.728502],[-71.88737,41.731312],[-71.882658,41.735652],[-71.880877,41.737821],[-71.879774,41.740397],[-71.879349,41.748635],[-71.878532,41.752313],[-71.877144,41.755074],[-71.87233,41.762678],[-71.8717,41.764848],[-71.838705,41.768833],[-71.844211,41.732301],[-71.846497,41.71672],[-71.850814,41.688759],[-71.856097,41.687461],[-71.857586,41.686388],[-71.858619,41.684733],[-71.861667,41.681972],[-71.866005,41.681682],[-71.873549,41.680167],[-71.880623,41.677904],[-71.886308,41.678861],[-71.889076,41.680407],[-71.899553,41.681875],[-71.907864,41.684507],[-71.907086,41.688113]]]}},{"type":"Feature","properties":{"GEOID":"09180800700","STATEFP":"09","COUNTYFP":"180","TRACTCE":"800700","NAMELSAD":"Census Tract 8007","NAMELSADCO":"Southeastern Connecticut Planning Region","STATE_NAME":"Connecticut"},"geometry":{"type":"Polygon","coordinates":[[[-72.216443,41.728035],[-72.209542,41.728036],[-72.198126,41.728176],[-72.199894,41.72582],[-72.197694,41.723275],[-72.197037,41.721084],[-72.19934,41.71898],[-72.201775,41.720172],[-72.202967,41.721267],[-72.203284,41.719031],[-72.204338,41.71706],[-72.205649,41.714748],[-72.216305,41.716479],[-72.215785,41.718191],[-72.21569,41.718855],[-72.216443,41.728035]]]}},{"type":"Feature","properties":{"GEOID":"09110503700","STATEFP":"09","COUNTYFP":"110","TRACTCE":"503700","NAMELSAD":"Census Tract 5037","NAMELSADCO":"Capitol Planning Region","STATE_NAME":"Connecticut"},"geometry":{"type":"Polygon","coordinates":[[[-72.7041,41.784521],[-72.703067,41.784318],[-72.701836,41.787321],[-72.698452,41.787415],[-72.697165,41.787069],[-72.69585,41.786846],[-72.696154,41.784538],[-72.695164,41.784517],[-72.696173,41.782172],[-72.692608,41.78083],[-72.696047,41.777946],[-72.697769,41.77869],[-72.698032,41.778118],[-72.701669,41.780071],[-72.703409,41.781917],[-72.7041,41.784521]]]}},{"type":"Feature","properties":{"GEOID":"09110430100","STATEFP":"09","COUNTYFP":"110","TRACTCE":"430100","NAMELSAD":"Census Tract 4301","NAMELSADCO":"Capitol Planning Region","STATE_NAME":"Connecticut"},"geometry":{"type":"Polygon","coordinates":[[[-72.89232,41.587668],[-72.888738,41.592444],[-72.883549,41.599911],[-72.880521,41.604415],[-72.878138,41.604635],[-72.878107,41.606085],[-72.874286,41.606283],[-72.871167,41.607815],[-72.867971,41.607859],[-72.867742,41.606722],[-72.864602,41.604424],[-72.8668,41.602875],[-72.867593,41.602601],[-72.871126,41.602015],[-72.873034,41.599418],[-72.870292,41.597612],[-72.869732,41.596287],[-72.869411,41.595831],[-72.865,41.596257],[-72.864893,41.591208],[-72.866349,41.588007],[-72.865449,41.581732],[-72.869222,41.581635],[-72.869311,41.582418],[-72.869389,41.584985],[-72.87228,41.587601],[-72.879744,41.586801],[-72.881578,41.587374],[-72.886013,41.589056],[-72.890143,41.587341],[-72.89232,41.587668]]]}},{"type":"Feature","properties":{"GEOID":"09110496600","STATEFP":"09","COUNTYFP":"110","TRACTCE":"496600","NAMELSAD":"Census Tract 4966","NAMELSADCO":"Capitol Planning Region","STATE_NAME":"Connecticut"},"geometry":{"type":"Polygon","coordinates":[[[-72.781228,41.746086],[-72.769655,41.753694],[-72.76889,41.753909],[-72.764069,41.755337],[-72.761975,41.755968],[-72.76154,41.75483],[-72.761519,41.751916],[-72.760194,41.746695],[-72.759009,41.742469],[-72.758181,41.735854],[-72.758226,41.728797],[-72.757701,41.727526],[-72.759609,41.726935],[-72.762346,41.726854],[-72.762738,41.734069],[-72.762471,41.737702],[-72.768774,41.737571],[-72.768932,41.739576],[-72.769206,41.739347],[-72.772828,41.736847],[-72.777638,41.731089],[-72.779064,41.730222],[-72.781228,41.746086]]]}},{"type":"Feature","properties":{"GEOID":"09110415300","STATEFP":"09","COUNTYFP":"110","TRACTCE":"415300","NAMELSAD":"Census Tract 4153","NAMELSADCO":"Capitol Planning Region","STATE_NAME":"Connecticut"},"geometry":{"type":"Polygon","coordinates":[[[-72.771881,41.6713],[-72.763484,41.672028],[-72.764055,41.671171],[-72.765407,41.668891],[-72.765461,41.667019],[-72.765493,41.666583],[-72.765168,41.663665],[-72.76501,41.662347],[-72.768902,41.661963],[-72.769274,41.662367],[-72.769769,41.662875],[-72.771415,41.666504],[-72.772249,41.668312],[-72.771881,41.6713]]]}},{"type":"Feature","properties":{"GEOID":"09110416100","STATEFP":"09","COUNTYFP":"110","TRACTCE":"416100","NAMELSAD":"Census Tract 4161","NAMELSADCO":"Capitol Planning Region","STATE_NAME":"Connecticut"},"geometry":{"type":"Polygon","coordinates":[[[-72.787922,41.681784],[-72.78278,41.68197],[-72.776213,41.68266],[-72.775782,41.679914],[-72.775112,41.674033],[-72.777021,41.673818],[-72.776773,41.672],[-72.779399,41.671882],[-72.779584,41.672985],[-72.781163,41.672624],[-72.783055,41.673425],[-72.784559,41.673437],[-72.785734,41.678307],[-72.786999,41.679524],[-72.787546,41.680208],[-72.787922,41.681784]]]}},{"type":"Feature","properties":{"GEOID":"09110417400","STATEFP":"09","COUNTYFP":"110","TRACTCE":"417400","NAMELSAD":"Census Tract 4174","NAMELSADCO":"Capitol Planning Region","STATE_NAME":"Connecticut"},"geometry":{"type":"Polygon","coordinates":[[[-72.778195,41.713622],[-72.763389,41.715615],[-72.761969,41.715795],[-72.759063,41.698758],[-72.761264,41.697821],[-72.76221,41.695659],[-72.766721,41.694926],[-72.769527,41.692638],[-72.771354,41.692349],[-72.772274,41.695594],[-72.773893,41.696661],[-72.774713,41.70071],[-72.775978,41.705029],[-72.775634,41.706729],[-72.776812,41.712481],[-72.778195,41.713622]]]}},{"type":"Feature","properties":{"GEOID":"09110494400","STATEFP":"09","COUNTYFP":"110","TRACTCE":"494400","NAMELSAD":"Census Tract 4944","NAMELSADCO":"Capitol Planning Region","STATE_NAME":"Connecticut"},"geometry":{"type":"Polygon","coordinates":[[[-72.735071,41.703752],[-72.725315,41.704717],[-72.725592,41.706761],[-72.722387,41.707419],[-72.720025,41.70683],[-72.720563,41.705641],[-72.714487,41.706086],[-72.71466,41.70035],[-72.71446,41.69974],[-72.709409,41.697796],[-72.705349,41.698054],[-72.705237,41.695298],[-72.703243,41.688915],[-72.70658,41.688866],[-72.710571,41.687792],[-72.718659,41.686946],[-72.719825,41.686715],[-72.721523,41.68633],[-72.723835,41.685319],[-72.730754,41.683787],[-72.732314,41.69287],[-72.73356,41.696717],[-72.735071,41.703752]]]}},{"type":"Feature","properties":{"GEOID":"09110400300","STATEFP":"09","COUNTYFP":"110","TRACTCE":"400300","NAMELSAD":"Census Tract 4003","NAMELSADCO":"Capitol Planning Region","STATE_NAME":"Connecticut"},"geometry":{"type":"Polygon","coordinates":[[[-72.825243,41.629847],[-72.823331,41.633607],[-72.814188,41.645706],[-72.796388,41.647201],[-72.794642,41.647213],[-72.79116,41.647484],[-72.78852,41.647625],[-72.778572,41.648244],[-72.77131,41.648393],[-72.768792,41.635849],[-72.768775,41.635491],[-72.768386,41.632578],[-72.768567,41.631832],[-72.770207,41.629019],[-72.77059,41.62792],[-72.770265,41.622019],[-72.768846,41.613769],[-72.777529,41.612968],[-72.779492,41.612406],[-72.784678,41.612312],[-72.793812,41.611261],[-72.793321,41.612812],[-72.793331,41.61434],[-72.795223,41.613603],[-72.79747,41.613893],[-72.804364,41.613234],[-72.806693,41.613951],[-72.812331,41.614176],[-72.81671,41.611795],[-72.818929,41.611976],[-72.819365,41.615599],[-72.822808,41.617619],[-72.820559,41.619298],[-72.820233,41.621148],[-72.822255,41.621589],[-72.817989,41.627589],[-72.825251,41.627669],[-72.825243,41.629847]]]}},{"type":"Feature","properties":{"GEOID":"09140405600","STATEFP":"09","COUNTYFP":"140","TRACTCE":"405600","NAMELSAD":"Census Tract 4056","NAMELSADCO":"Naugatuck Valley Planning Region","STATE_NAME":"Connecticut"},"geometry":{"type":"Polygon","coordinates":[[[-72.989473,41.66958],[-72.985883,41.670382],[-72.982518,41.670022],[-72.978741,41.671188],[-72.972527,41.670518],[-72.968832,41.670585],[-72.966105,41.671376],[-72.961326,41.672236],[-72.956796,41.672515],[-72.950185,41.671675],[-72.949435,41.671787],[-72.948466,41.66945],[-72.948307,41.668239],[-72.947915,41.667404],[-72.94535,41.667822],[-72.945261,41.666315],[-72.945862,41.665592],[-72.948605,41.662623],[-72.953508,41.661825],[-72.961459,41.65982],[-72.962803,41.657682],[-72.964947,41.656394],[-72.96579,41.654653],[-72.965378,41.651362],[-72.963793,41.648084],[-72.963931,41.641318],[-72.983084,41.639516],[-72.985842,41.652076],[-72.987636,41.660433],[-72.989283,41.66873],[-72.989473,41.66958]]]}},{"type":"Feature","properties":{"GEOID":"09110510200","STATEFP":"09","COUNTYFP":"110","TRACTCE":"510200","NAMELSAD":"Census Tract 5102","NAMELSADCO":"Capitol Planning Region","STATE_NAME":"Connecticut"},"geometry":{"type":"Polygon","coordinates":[[[-72.664908,41.769528],[-72.66416,41.77219],[-72.657936,41.776899],[-72.655576,41.775339],[-72.653946,41.774826],[-72.653245,41.77471],[-72.646164,41.775336],[-72.638998,41.7761],[-72.640662,41.774039],[-72.640953,41.773657],[-72.642007,41.772157],[-72.643732,41.769359],[-72.645323,41.766764],[-72.646463,41.763804],[-72.645297,41.761409],[-72.647697,41.761394],[-72.649559,41.757408],[-72.65403,41.754459],[-72.655936,41.7543],[-72.661336,41.758699],[-72.665114,41.765762],[-72.664908,41.769528]]]}},{"type":"Feature","properties":{"GEOID":"09110510700","STATEFP":"09","COUNTYFP":"110","TRACTCE":"510700","NAMELSAD":"Census Tract 5107","NAMELSADCO":"Capitol Planning Region","STATE_NAME":"Connecticut"},"geometry":{"type":"Polygon","coordinates":[[[-72.63407,41.742713],[-72.632848,41.742902],[-72.612747,41.74571],[-72.611383,41.745868],[-72.605177,41.746755],[-72.605075,41.745951],[-72.60513,41.741897],[-72.60512,41.740004],[-72.605078,41.735428],[-72.604697,41.733331],[-72.603951,41.729453],[-72.613608,41.728157],[-72.613848,41.728123],[-72.622565,41.732645],[-72.6264,41.735466],[-72.627941,41.736871],[-72.630568,41.740045],[-72.634029,41.741607],[-72.63407,41.742713]]]}},{"type":"Feature","properties":{"GEOID":"09110511400","STATEFP":"09","COUNTYFP":"110","TRACTCE":"511400","NAMELSAD":"Census Tract 5114","NAMELSADCO":"Capitol Planning Region","STATE_NAME":"Connecticut"},"geometry":{"type":"Polygon","coordinates":[[[-72.618236,41.796429],[-72.616796,41.799129],[-72.583489,41.800644],[-72.581515,41.789777],[-72.594933,41.786913],[-72.60846,41.784009],[-72.61258,41.782931],[-72.612896,41.783594],[-72.6152,41.788217],[-72.616812,41.789925],[-72.618905,41.794972],[-72.618236,41.796429]]]}},{"type":"Feature","properties":{"GEOID":"09110480400","STATEFP":"09","COUNTYFP":"110","TRACTCE":"480400","NAMELSAD":"Census Tract 4804","NAMELSADCO":"Capitol Planning Region","STATE_NAME":"Connecticut"},"geometry":{"type":"Polygon","coordinates":[[[-72.586616,42.014021],[-72.579452,42.014383],[-72.57435,42.015651],[-72.571831,42.016729],[-72.56416,42.021363],[-72.561928,42.022381],[-72.559901,42.023345],[-72.560645,42.01929],[-72.559367,42.016672],[-72.559335,42.009398],[-72.558998,42.004452],[-72.565875,42.001168],[-72.573209,41.999301],[-72.574588,41.998678],[-72.575637,41.998411],[-72.585894,41.99778],[-72.585095,42.00252],[-72.585577,42.006857],[-72.586616,42.014021]]]}},{"type":"Feature","properties":{"GEOID":"09110460301","STATEFP":"09","COUNTYFP":"110","TRACTCE":"460301","NAMELSAD":"Census Tract 4603.01","NAMELSADCO":"Capitol Planning Region","STATE_NAME":"Connecticut"},"geometry":{"type":"Polygon","coordinates":[[[-72.891176,41.741852],[-72.888153,41.74539],[-72.887085,41.747113],[-72.88597,41.750473],[-72.886765,41.753204],[-72.886834,41.756005],[-72.883188,41.755652],[-72.878973,41.760872],[-72.878249,41.761419],[-72.875123,41.762696],[-72.873218,41.764013],[-72.867027,41.763724],[-72.857897,41.762508],[-72.853144,41.762099],[-72.85697,41.75534],[-72.859357,41.743281],[-72.859904,41.740295],[-72.86194,41.727945],[-72.863085,41.728519],[-72.877461,41.735521],[-72.880804,41.736839],[-72.883924,41.737643],[-72.88473,41.737788],[-72.890936,41.736531],[-72.891314,41.741526],[-72.891176,41.741852]]]}},{"type":"Feature","properties":{"GEOID":"09110501300","STATEFP":"09","COUNTYFP":"110","TRACTCE":"501300","NAMELSAD":"Census Tract 5013","NAMELSADCO":"Capitol Planning Region","STATE_NAME":"Connecticut"},"geometry":{"type":"Polygon","coordinates":[[[-72.678799,41.787965],[-72.678485,41.78903],[-72.678052,41.790517],[-72.673963,41.789551],[-72.67191,41.789059],[-72.673324,41.787588],[-72.673733,41.786885],[-72.673861,41.786591],[-72.675034,41.784274],[-72.677993,41.784951],[-72.679555,41.785305],[-72.678799,41.787965]]]}},{"type":"Feature","properties":{"GEOID":"09110497200","STATEFP":"09","COUNTYFP":"110","TRACTCE":"497200","NAMELSAD":"Census Tract 4972","NAMELSADCO":"Capitol Planning Region","STATE_NAME":"Connecticut"},"geometry":{"type":"Polygon","coordinates":[[[-72.740946,41.786534],[-72.735355,41.786465],[-72.728489,41.78615],[-72.724154,41.785939],[-72.716788,41.787182],[-72.715205,41.787157],[-72.713971,41.777155],[-72.72458,41.778567],[-72.726193,41.778611],[-72.731132,41.778783],[-72.737107,41.778963],[-72.737929,41.782226],[-72.740997,41.78614],[-72.740946,41.786534]]]}},{"type":"Feature","properties":{"GEOID":"09110497700","STATEFP":"09","COUNTYFP":"110","TRACTCE":"497700","NAMELSAD":"Census Tract 4977","NAMELSADCO":"Capitol Planning Region","STATE_NAME":"Connecticut"},"geometry":{"type":"Polygon","coordinates":[[[-72.798942,41.791926],[-72.797943,41.796674],[-72.797241,41.804699],[-72.770547,41.805302],[-72.767392,41.805285],[-72.767456,41.79982],[-72.766652,41.792745],[-72.766246,41.787367],[-72.765253,41.774148],[-72.764813,41.772311],[-72.765171,41.769425],[-72.764721,41.765868],[-72.764572,41.765738],[-72.765486,41.762942],[-72.763547,41.758452],[-72.764069,41.755337],[-72.76889,41.753909],[-72.769655,41.753694],[-72.781228,41.746086],[-72.782199,41.748224],[-72.794973,41.747468],[-72.796742,41.758799],[-72.800042,41.791827],[-72.798942,41.791926]]]}},{"type":"Feature","properties":{"GEOID":"09110473602","STATEFP":"09","COUNTYFP":"110","TRACTCE":"473602","NAMELSAD":"Census Tract 4736.02","NAMELSADCO":"Capitol Planning Region","STATE_NAME":"Connecticut"},"geometry":{"type":"Polygon","coordinates":[[[-72.66304,41.860299],[-72.662433,41.865102],[-72.663123,41.871782],[-72.662971,41.874011],[-72.662014,41.879169],[-72.659634,41.882564],[-72.658974,41.882103],[-72.657074,41.878101],[-72.656967,41.87495],[-72.65366,41.873485],[-72.651627,41.873489],[-72.648125,41.874153],[-72.647469,41.873619],[-72.647673,41.869972],[-72.650232,41.867148],[-72.64989,41.865181],[-72.648769,41.863914],[-72.646071,41.861486],[-72.643341,41.859911],[-72.642311,41.858197],[-72.641362,41.8579],[-72.648328,41.858353],[-72.650751,41.857864],[-72.649582,41.856028],[-72.652602,41.854148],[-72.652882,41.852188],[-72.658418,41.851718],[-72.664495,41.852417],[-72.66304,41.860299]]]}},{"type":"Feature","properties":{"GEOID":"09130541402","STATEFP":"09","COUNTYFP":"130","TRACTCE":"541402","NAMELSAD":"Census Tract 5414.02","NAMELSADCO":"Lower Connecticut River Valley Planning Region","STATE_NAME":"Connecticut"},"geometry":{"type":"Polygon","coordinates":[[[-72.701457,41.563431],[-72.702263,41.567097],[-72.702486,41.569588],[-72.701807,41.574593],[-72.702037,41.580783],[-72.702335,41.581189],[-72.700051,41.587711],[-72.69865,41.591711],[-72.697555,41.59388],[-72.693493,41.591292],[-72.691622,41.591296],[-72.691424,41.591259],[-72.692337,41.586515],[-72.692706,41.581925],[-72.691242,41.575187],[-72.691424,41.57377],[-72.691515,41.57096],[-72.690311,41.564236],[-72.69003,41.563798],[-72.687805,41.563635],[-72.685211,41.563186],[-72.681595,41.563805],[-72.673376,41.56404],[-72.672621,41.56417],[-72.669913,41.564991],[-72.667698,41.561976],[-72.665621,41.56099],[-72.663458,41.560595],[-72.662028,41.560051],[-72.661176,41.55895],[-72.663872,41.558281],[-72.664785,41.557921],[-72.666281,41.553452],[-72.667047,41.552165],[-72.668269,41.550865],[-72.671915,41.550091],[-72.671822,41.549637],[-72.677916,41.546561],[-72.682395,41.545123],[-72.687282,41.542875],[-72.690218,41.542023],[-72.691323,41.543959],[-72.694345,41.549201],[-72.700903,41.549028],[-72.701273,41.552669],[-72.702702,41.554742],[-72.701457,41.563431]]]}},{"type":"Feature","properties":{"GEOID":"09190230200","STATEFP":"09","COUNTYFP":"190","TRACTCE":"230200","NAMELSAD":"Census Tract 2302","NAMELSADCO":"Western Connecticut Planning Region","STATE_NAME":"Connecticut"},"geometry":{"type":"Polygon","coordinates":[[[-73.331143,41.418397],[-73.330251,41.420124],[-73.324471,41.418883],[-73.320132,41.421159],[-73.315899,41.421869],[-73.314606,41.420483],[-73.308062,41.423468],[-73.308109,41.423958],[-73.300272,41.418881],[-73.296197,41.417046],[-73.293112,41.415383],[-73.291516,41.413276],[-73.291014,41.41089],[-73.291404,41.409136],[-73.292155,41.408993],[-73.294355,41.406548],[-73.299112,41.403809],[-73.301829,41.403024],[-73.302964,41.40454],[-73.303413,41.4008],[-73.307564,41.40296],[-73.312279,41.402423],[-73.314114,41.400991],[-73.317434,41.400687],[-73.32154,41.401546],[-73.322061,41.401232],[-73.325873,41.406116],[-73.327961,41.407555],[-73.327194,41.408561],[-73.329593,41.410262],[-73.330287,41.412191],[-73.333308,41.412951],[-73.331143,41.418397]]]}},{"type":"Feature","properties":{"GEOID":"09190042900","STATEFP":"09","COUNTYFP":"190","TRACTCE":"042900","NAMELSAD":"Census Tract 429","NAMELSADCO":"Western Connecticut Planning Region","STATE_NAME":"Connecticut"},"geometry":{"type":"Polygon","coordinates":[[[-73.462948,41.129826],[-73.459505,41.134217],[-73.458823,41.134903],[-73.450615,41.148707],[-73.449498,41.1501],[-73.448898,41.153544],[-73.448906,41.153754],[-73.447995,41.153796],[-73.43746,41.156165],[-73.431873,41.157641],[-73.423305,41.15976],[-73.422233,41.160029],[-73.424266,41.156736],[-73.424774,41.155398],[-73.426786,41.155502],[-73.431184,41.148978],[-73.431673,41.14755],[-73.431702,41.14474],[-73.430882,41.141529],[-73.440881,41.138652],[-73.454466,41.13478],[-73.456522,41.133763],[-73.458202,41.132752],[-73.46227,41.130195],[-73.462948,41.129826]]]}},{"type":"Feature","properties":{"GEOID":"09120071300","STATEFP":"09","COUNTYFP":"120","TRACTCE":"071300","NAMELSAD":"Census Tract 713","NAMELSADCO":"Greater Bridgeport Planning Region","STATE_NAME":"Connecticut"},"geometry":{"type":"Polygon","coordinates":[[[-73.206186,41.182609],[-73.201093,41.181736],[-73.198518,41.18107],[-73.194994,41.18029],[-73.195816,41.178836],[-73.19898,41.175413],[-73.199359,41.175926],[-73.201245,41.177708],[-73.201772,41.178267],[-73.204688,41.181045],[-73.206186,41.182609]]]}},{"type":"Feature","properties":{"GEOID":"09120071600","STATEFP":"09","COUNTYFP":"120","TRACTCE":"071600","NAMELSAD":"Census Tract 716","NAMELSADCO":"Greater Bridgeport Planning Region","STATE_NAME":"Connecticut"},"geometry":{"type":"Polygon","coordinates":[[[-73.197524,41.183459],[-73.19724,41.184147],[-73.19634,41.186257],[-73.193387,41.185971],[-73.193572,41.185245],[-73.194252,41.183105],[-73.194994,41.18029],[-73.198518,41.18107],[-73.197524,41.183459]]]}},{"type":"Feature","properties":{"GEOID":"09120072000","STATEFP":"09","COUNTYFP":"120","TRACTCE":"072000","NAMELSAD":"Census Tract 720","NAMELSADCO":"Greater Bridgeport Planning Region","STATE_NAME":"Connecticut"},"geometry":{"type":"Polygon","coordinates":[[[-73.213519,41.191171],[-73.210397,41.192717],[-73.206366,41.194692],[-73.205886,41.194105],[-73.20548,41.193582],[-73.204034,41.191699],[-73.20279,41.190334],[-73.199964,41.189116],[-73.201748,41.187746],[-73.20398,41.185651],[-73.206688,41.183099],[-73.211038,41.188272],[-73.213025,41.190564],[-73.213519,41.191171]]]}},{"type":"Feature","properties":{"GEOID":"09120072400","STATEFP":"09","COUNTYFP":"120","TRACTCE":"072400","NAMELSAD":"Census Tract 724","NAMELSADCO":"Greater Bridgeport Planning Region","STATE_NAME":"Connecticut"},"geometry":{"type":"Polygon","coordinates":[[[-73.211176,41.213143],[-73.208821,41.212125],[-73.204702,41.212707],[-73.203869,41.212851],[-73.200975,41.213733],[-73.19986,41.212572],[-73.199037,41.210876],[-73.198832,41.210608],[-73.196654,41.208758],[-73.196204,41.207773],[-73.199749,41.206413],[-73.202201,41.20548],[-73.205142,41.20437],[-73.205711,41.205399],[-73.207689,41.208355],[-73.209835,41.211339],[-73.211176,41.213143]]]}},{"type":"Feature","properties":{"GEOID":"09190045300","STATEFP":"09","COUNTYFP":"190","TRACTCE":"045300","NAMELSAD":"Census Tract 453","NAMELSADCO":"Western Connecticut Planning Region","STATE_NAME":"Connecticut"},"geometry":{"type":"Polygon","coordinates":[[[-73.465428,41.170234],[-73.46174,41.16917],[-73.458825,41.171646],[-73.455925,41.172799],[-73.452376,41.173455],[-73.451709,41.170498],[-73.449761,41.168528],[-73.44797,41.168363],[-73.447327,41.169172],[-73.446732,41.172661],[-73.444806,41.174167],[-73.43956,41.175404],[-73.430669,41.178267],[-73.426603,41.180225],[-73.425974,41.180454],[-73.424535,41.181221],[-73.423773,41.181762],[-73.422479,41.182379],[-73.421738,41.18142],[-73.420235,41.176319],[-73.420234,41.163856],[-73.422233,41.160029],[-73.423305,41.15976],[-73.431873,41.157641],[-73.43746,41.156165],[-73.447995,41.153796],[-73.448906,41.153754],[-73.450402,41.157997],[-73.452874,41.159748],[-73.454888,41.159163],[-73.457043,41.160114],[-73.462619,41.161054],[-73.464294,41.161515],[-73.464073,41.162789],[-73.466834,41.165502],[-73.465428,41.170234]]]}},{"type":"Feature","properties":{"GEOID":"09140110201","STATEFP":"09","COUNTYFP":"140","TRACTCE":"110201","NAMELSAD":"Census Tract 1102.01","NAMELSADCO":"Naugatuck Valley Planning Region","STATE_NAME":"Connecticut"},"geometry":{"type":"Polygon","coordinates":[[[-73.097514,41.303745],[-73.096207,41.304245],[-73.089714,41.309062],[-73.088359,41.310385],[-73.087165,41.310777],[-73.0888,41.31247],[-73.086523,41.314455],[-73.085259,41.3137],[-73.082052,41.313096],[-73.078952,41.311596],[-73.077652,41.307696],[-73.075352,41.305596],[-73.067851,41.300996],[-73.065051,41.297596],[-73.065251,41.294896],[-73.068751,41.289196],[-73.071251,41.287296],[-73.075451,41.285749],[-73.073362,41.289269],[-73.07578,41.289948],[-73.07438,41.292431],[-73.078047,41.292974],[-73.078366,41.294693],[-73.081191,41.299328],[-73.090357,41.297589],[-73.093477,41.3004],[-73.096453,41.301958],[-73.097514,41.303745]]]}},{"type":"Feature","properties":{"GEOID":"09190043100","STATEFP":"09","COUNTYFP":"190","TRACTCE":"043100","NAMELSAD":"Census Tract 431","NAMELSADCO":"Western Connecticut Planning Region","STATE_NAME":"Connecticut"},"geometry":{"type":"Polygon","coordinates":[[[-73.474565,41.114696],[-73.471082,41.119181],[-73.462948,41.129826],[-73.46227,41.130195],[-73.458202,41.132752],[-73.456182,41.129915],[-73.452471,41.126574],[-73.451825,41.122246],[-73.452835,41.119951],[-73.451971,41.11616],[-73.454663,41.114763],[-73.451047,41.110305],[-73.445407,41.108518],[-73.443179,41.106235],[-73.44202,41.105127],[-73.441393,41.105004],[-73.440084,41.104854],[-73.438699,41.104334],[-73.43591,41.10253],[-73.436121,41.10099],[-73.441607,41.097835],[-73.449439,41.091188],[-73.45358,41.089616],[-73.453624,41.091082],[-73.45398,41.091673],[-73.455521,41.092859],[-73.455805,41.093389],[-73.462138,41.101133],[-73.46752,41.106846],[-73.469086,41.108288],[-73.472947,41.112866],[-73.474565,41.114696]]]}},{"type":"Feature","properties":{"GEOID":"09190044000","STATEFP":"09","COUNTYFP":"190","TRACTCE":"044000","NAMELSAD":"Census Tract 440","NAMELSADCO":"Western Connecticut Planning Region","STATE_NAME":"Connecticut"},"geometry":{"type":"Polygon","coordinates":[[[-73.431761,41.098227],[-73.430416,41.098336],[-73.428617,41.100004],[-73.430085,41.10393],[-73.428353,41.104678],[-73.425649,41.105568],[-73.423796,41.106179],[-73.423056,41.106367],[-73.421274,41.106602],[-73.420042,41.106584],[-73.419449,41.106548],[-73.419922,41.102132],[-73.42208,41.099502],[-73.423647,41.09583],[-73.423469,41.093956],[-73.424485,41.092851],[-73.426864,41.090131],[-73.428406,41.087017],[-73.428709,41.08628],[-73.428854,41.085888],[-73.429623,41.086873],[-73.430095,41.088137],[-73.429827,41.091178],[-73.43127,41.094863],[-73.431374,41.094868],[-73.431761,41.098227]]]}},{"type":"Feature","properties":{"GEOID":"09190020900","STATEFP":"09","COUNTYFP":"190","TRACTCE":"020900","NAMELSAD":"Census Tract 209","NAMELSADCO":"Western Connecticut Planning Region","STATE_NAME":"Connecticut"},"geometry":{"type":"Polygon","coordinates":[[[-73.532289,41.092645],[-73.531807,41.094771],[-73.531661,41.096631],[-73.531294,41.098451],[-73.529226,41.098588],[-73.526228,41.098761],[-73.524051,41.097795],[-73.520215,41.097752],[-73.520169,41.098279],[-73.516709,41.10062],[-73.516356,41.102074],[-73.516255,41.103112],[-73.513239,41.102497],[-73.509769,41.102954],[-73.510486,41.102134],[-73.514432,41.09528],[-73.514963,41.094164],[-73.514591,41.0927],[-73.518417,41.088836],[-73.520497,41.089974],[-73.52268,41.089801],[-73.524681,41.088336],[-73.526628,41.088359],[-73.527383,41.091305],[-73.529454,41.091947],[-73.531523,41.090282],[-73.533806,41.090106],[-73.532289,41.092645]]]}},{"type":"Feature","properties":{"GEOID":"09190021802","STATEFP":"09","COUNTYFP":"190","TRACTCE":"021802","NAMELSAD":"Census Tract 218.02","NAMELSADCO":"Western Connecticut Planning Region","STATE_NAME":"Connecticut"},"geometry":{"type":"Polygon","coordinates":[[[-73.526278,41.054206],[-73.52412,41.055853],[-73.522392,41.058551],[-73.520979,41.063393],[-73.520462,41.065024],[-73.518678,41.067682],[-73.516117,41.0693],[-73.513805,41.070179],[-73.510005,41.070409],[-73.509895,41.068711],[-73.509952,41.066799],[-73.508467,41.062834],[-73.510024,41.061091],[-73.512204,41.058615],[-73.513819,41.057211],[-73.515571,41.05633],[-73.516707,41.05598],[-73.521293,41.055141],[-73.524344,41.054551],[-73.526278,41.054206]]]}},{"type":"Feature","properties":{"GEOID":"09140110301","STATEFP":"09","COUNTYFP":"140","TRACTCE":"110301","NAMELSAD":"Census Tract 1103.01","NAMELSADCO":"Naugatuck Valley Planning Region","STATE_NAME":"Connecticut"},"geometry":{"type":"Polygon","coordinates":[[[-73.14628,41.296574],[-73.145972,41.296827],[-73.145397,41.297281],[-73.145164,41.297405],[-73.144531,41.297699],[-73.14033,41.299078],[-73.137886,41.300808],[-73.132528,41.301835],[-73.130119,41.304503],[-73.126854,41.306843],[-73.124348,41.308568],[-73.120261,41.311063],[-73.119398,41.311767],[-73.114726,41.317005],[-73.113012,41.317802],[-73.109057,41.318926],[-73.103907,41.319361],[-73.099202,41.319093],[-73.097977,41.31801],[-73.098801,41.316206],[-73.096102,41.31416],[-73.095527,41.314806],[-73.095736,41.310784],[-73.09369,41.31089],[-73.093122,41.312519],[-73.089714,41.309062],[-73.096207,41.304245],[-73.097514,41.303745],[-73.098764,41.302646],[-73.100707,41.299952],[-73.10144,41.297473],[-73.100715,41.294241],[-73.10211,41.294066],[-73.105387,41.294417],[-73.107074,41.294388],[-73.108892,41.295515],[-73.11222,41.289824],[-73.116239,41.283692],[-73.119468,41.279545],[-73.120421,41.278413],[-73.123455,41.280212],[-73.125646,41.280509],[-73.127848,41.279274],[-73.130471,41.279068],[-73.134329,41.282655],[-73.137354,41.282696],[-73.136506,41.286335],[-73.139494,41.289209],[-73.14395,41.292936],[-73.144642,41.292798],[-73.146436,41.296157],[-73.14628,41.296574]]]}},{"type":"Feature","properties":{"GEOID":"09190030500","STATEFP":"09","COUNTYFP":"190","TRACTCE":"030500","NAMELSAD":"Census Tract 305","NAMELSADCO":"Western Connecticut Planning Region","STATE_NAME":"Connecticut"},"geometry":{"type":"Polygon","coordinates":[[[-73.516975,41.081168],[-73.514496,41.088284],[-73.515229,41.088965],[-73.514591,41.0927],[-73.514963,41.094164],[-73.514432,41.09528],[-73.508412,41.095078],[-73.506429,41.094313],[-73.501475,41.093732],[-73.50142,41.091191],[-73.501089,41.08882],[-73.500221,41.087417],[-73.497676,41.087816],[-73.496777,41.085679],[-73.498015,41.082153],[-73.49124,41.081733],[-73.488007,41.082277],[-73.48698,41.080067],[-73.486351,41.081226],[-73.485542,41.082162],[-73.483886,41.081225],[-73.481813,41.074358],[-73.488427,41.070043],[-73.491106,41.069036],[-73.493563,41.068671],[-73.499212,41.069173],[-73.510005,41.070409],[-73.51065,41.071025],[-73.510936,41.07217],[-73.511344,41.07268],[-73.513992,41.073247],[-73.51463,41.074774],[-73.515585,41.075377],[-73.518011,41.079977],[-73.516975,41.081168]]]}},{"type":"Feature","properties":{"GEOID":"09120060800","STATEFP":"09","COUNTYFP":"120","TRACTCE":"060800","NAMELSAD":"Census Tract 608","NAMELSADCO":"Greater Bridgeport Planning Region","STATE_NAME":"Connecticut"},"geometry":{"type":"Polygon","coordinates":[[[-73.255092,41.16334],[-73.249432,41.165024],[-73.24639,41.166667],[-73.244347,41.16715],[-73.240193,41.169026],[-73.240022,41.168167],[-73.241794,41.166399],[-73.242888,41.163562],[-73.242693,41.161399],[-73.244599,41.159311],[-73.243925,41.159083],[-73.241777,41.157029],[-73.241151,41.156296],[-73.241014,41.155944],[-73.245928,41.152228],[-73.250208,41.147648],[-73.250865,41.148868],[-73.251629,41.154841],[-73.251708,41.155489],[-73.252055,41.157409],[-73.255092,41.16334]]]}},{"type":"Feature","properties":{"GEOID":"09120061600","STATEFP":"09","COUNTYFP":"120","TRACTCE":"061600","NAMELSAD":"Census Tract 616","NAMELSADCO":"Greater Bridgeport Planning Region","STATE_NAME":"Connecticut"},"geometry":{"type":"Polygon","coordinates":[[[-73.282825,41.131853],[-73.277693,41.134405],[-73.274767,41.137548],[-73.274083,41.138888],[-73.274293,41.139816],[-73.275276,41.14096],[-73.263254,41.141543],[-73.257582,41.142993],[-73.25616,41.141713],[-73.257561,41.141104],[-73.255594,41.138141],[-73.253923,41.135954],[-73.243648,41.129157],[-73.2430017210054,41.1280537392537],[-73.252619,41.124987],[-73.2602680395809,41.1196673587969],[-73.262388,41.118193],[-73.2675748317471,41.1193747891316],[-73.275116,41.121093],[-73.278752,41.125659],[-73.2862599578681,41.1277565773387],[-73.282825,41.131853]]]}},{"type":"Feature","properties":{"GEOID":"09190010700","STATEFP":"09","COUNTYFP":"190","TRACTCE":"010700","NAMELSAD":"Census Tract 107","NAMELSADCO":"Western Connecticut Planning Region","STATE_NAME":"Connecticut"},"geometry":{"type":"Polygon","coordinates":[[[-73.623586,41.021904],[-73.622013,41.029069],[-73.621739,41.030356],[-73.621834,41.03183],[-73.622133,41.032502],[-73.623197,41.034619],[-73.622882,41.03492],[-73.621366,41.035891],[-73.617254,41.036987],[-73.611932,41.036951],[-73.609601,41.036738],[-73.606706,41.036658],[-73.605496,41.032667],[-73.605677,41.027863],[-73.615897,41.023382],[-73.615988,41.023345],[-73.619308,41.022235],[-73.622114,41.02152],[-73.624246,41.021305],[-73.623586,41.021904]]]}},{"type":"Feature","properties":{"GEOID":"09140405402","STATEFP":"09","COUNTYFP":"140","TRACTCE":"405402","NAMELSAD":"Census Tract 4054.02","NAMELSADCO":"Naugatuck Valley Planning Region","STATE_NAME":"Connecticut"},"geometry":{"type":"Polygon","coordinates":[[[-72.92402,41.650585],[-72.923222,41.65178],[-72.921894,41.664718],[-72.921103,41.664938],[-72.922768,41.668076],[-72.922806,41.668662],[-72.922614,41.6692],[-72.921768,41.668915],[-72.919398,41.668587],[-72.91592,41.669092],[-72.90734,41.671935],[-72.904675,41.671867],[-72.90667,41.669265],[-72.90612,41.668279],[-72.897695,41.668868],[-72.896832,41.663737],[-72.901805,41.663272],[-72.901225,41.657646],[-72.901213,41.651707],[-72.906292,41.651046],[-72.903011,41.647495],[-72.91012,41.647115],[-72.923911,41.645492],[-72.923443,41.647345],[-72.92402,41.650585]]]}},{"type":"Feature","properties":{"GEOID":"09110501400","STATEFP":"09","COUNTYFP":"110","TRACTCE":"501400","NAMELSAD":"Census Tract 5014","NAMELSADCO":"Capitol Planning Region","STATE_NAME":"Connecticut"},"geometry":{"type":"Polygon","coordinates":[[[-72.695164,41.784517],[-72.693625,41.784418],[-72.691336,41.784039],[-72.690683,41.783885],[-72.688306,41.783727],[-72.686241,41.783764],[-72.684984,41.783357],[-72.685553,41.781937],[-72.68565,41.78052],[-72.686659,41.778229],[-72.688742,41.779047],[-72.690106,41.779828],[-72.692209,41.780682],[-72.692608,41.78083],[-72.696173,41.782172],[-72.695164,41.784517]]]}},{"type":"Feature","properties":{"GEOID":"09170140200","STATEFP":"09","COUNTYFP":"170","TRACTCE":"140200","NAMELSAD":"Census Tract 1402","NAMELSADCO":"South Central Connecticut Planning Region","STATE_NAME":"Connecticut"},"geometry":{"type":"Polygon","coordinates":[[[-72.93082,41.293497],[-72.928303,41.296288],[-72.929018,41.298694],[-72.929354,41.301145],[-72.928642,41.302102],[-72.92598,41.301006],[-72.924314,41.301006],[-72.922305,41.300988],[-72.921137,41.300883],[-72.920978,41.30097],[-72.920755,41.301284],[-72.918325,41.300836],[-72.916406,41.29963],[-72.914937,41.300822],[-72.911902,41.301939],[-72.909613,41.302041],[-72.907966,41.301665],[-72.904523,41.299185],[-72.904775,41.298828],[-72.905184,41.298252],[-72.9073407391115,41.2952539114803],[-72.907621,41.296201],[-72.913087,41.296737],[-72.921881,41.289326],[-72.923938,41.285518],[-72.9267481202243,41.2832557401065],[-72.928655,41.283023],[-72.930559,41.284737],[-72.929311,41.285461],[-72.931051,41.291556],[-72.93082,41.293497]]]}},{"type":"Feature","properties":{"GEOID":"09130590102","STATEFP":"09","COUNTYFP":"130","TRACTCE":"590102","NAMELSAD":"Census Tract 5901.02","NAMELSADCO":"Lower Connecticut River Valley Planning Region","STATE_NAME":"Connecticut"},"geometry":{"type":"Polygon","coordinates":[[[-72.637039,41.463829],[-72.627903,41.485415],[-72.629496,41.488723],[-72.632951,41.497782],[-72.633701,41.500201],[-72.589334,41.506299],[-72.587721,41.506515],[-72.580166,41.502813],[-72.572018,41.496951],[-72.568853,41.493662],[-72.565729,41.488735],[-72.561777,41.483777],[-72.560012,41.480513],[-72.558639,41.474947],[-72.557451,41.472617],[-72.556258,41.47141],[-72.554679,41.47031],[-72.540395,41.464453],[-72.536739,41.462911],[-72.527805,41.456665],[-72.524473,41.453693],[-72.519505,41.44519],[-72.51551,41.436766],[-72.514454,41.43512],[-72.513211,41.433791],[-72.505251,41.426839],[-72.524159,41.424813],[-72.538782,41.421491],[-72.548917,41.419203],[-72.555342,41.418145],[-72.566289,41.415763],[-72.569999,41.41477],[-72.604916,41.440206],[-72.60896,41.44309],[-72.619174,41.451455],[-72.622647,41.45461],[-72.623455,41.45497],[-72.63136,41.459679],[-72.637039,41.463829]]]}},{"type":"Feature","properties":{"GEOID":"09190021602","STATEFP":"09","COUNTYFP":"190","TRACTCE":"021602","NAMELSAD":"Census Tract 216.02","NAMELSADCO":"Western Connecticut Planning Region","STATE_NAME":"Connecticut"},"geometry":{"type":"Polygon","coordinates":[[[-73.541192,41.064909],[-73.538903,41.065306],[-73.537224,41.06526],[-73.535495,41.065431],[-73.533118,41.065518],[-73.532925,41.062647],[-73.533063,41.061989],[-73.53367,41.060284],[-73.535276,41.059139],[-73.537414,41.059608],[-73.537597,41.061041],[-73.539037,41.062261],[-73.539941,41.062924],[-73.540667,41.063986],[-73.541192,41.064909]]]}},{"type":"Feature","properties":{"GEOID":"09190021502","STATEFP":"09","COUNTYFP":"190","TRACTCE":"021502","NAMELSAD":"Census Tract 215.02","NAMELSADCO":"Western Connecticut Planning Region","STATE_NAME":"Connecticut"},"geometry":{"type":"Polygon","coordinates":[[[-73.554227,41.048099],[-73.553454,41.048056],[-73.551405,41.048725],[-73.546879,41.05058],[-73.545511,41.05072],[-73.545864,41.049764],[-73.545283,41.048141],[-73.545029,41.046638],[-73.551284,41.044698],[-73.553633,41.044262],[-73.554609,41.044671],[-73.554227,41.048099]]]}},{"type":"Feature","properties":{"GEOID":"09190021601","STATEFP":"09","COUNTYFP":"190","TRACTCE":"021601","NAMELSAD":"Census Tract 216.01","NAMELSADCO":"Western Connecticut Planning Region","STATE_NAME":"Connecticut"},"geometry":{"type":"Polygon","coordinates":[[[-73.548667,41.066115],[-73.545777,41.06693],[-73.545103,41.066501],[-73.543081,41.067334],[-73.541192,41.064909],[-73.540667,41.063986],[-73.539941,41.062924],[-73.539037,41.062261],[-73.537597,41.061041],[-73.537414,41.059608],[-73.543522,41.058592],[-73.545174,41.05886],[-73.546457,41.059081],[-73.546646,41.060213],[-73.544177,41.062136],[-73.544066,41.062169],[-73.5443,41.062889],[-73.544615,41.063398],[-73.545346,41.064097],[-73.546824,41.065422],[-73.548667,41.066115]]]}},{"type":"Feature","properties":{"GEOID":"09150903101","STATEFP":"09","COUNTYFP":"150","TRACTCE":"903101","NAMELSAD":"Census Tract 9031.01","NAMELSADCO":"Northeastern Connecticut Planning Region","STATE_NAME":"Connecticut"},"geometry":{"type":"Polygon","coordinates":[[[-71.931792,41.931574],[-71.914088,41.931739],[-71.897257,41.9319],[-71.899469,41.929265],[-71.902559,41.929804],[-71.904689,41.927737],[-71.90456,41.924698],[-71.907343,41.922864],[-71.907903,41.922393],[-71.910207,41.918455],[-71.911979,41.916593],[-71.910852,41.91512],[-71.910382,41.91515],[-71.910922,41.913305],[-71.912732,41.911015],[-71.912988,41.911061],[-71.916761,41.912195],[-71.920367,41.915675],[-71.926133,41.916156],[-71.928085,41.917029],[-71.927355,41.917049],[-71.930681,41.92806],[-71.931792,41.931574]]]}},{"type":"Feature","properties":{"GEOID":"09140350101","STATEFP":"09","COUNTYFP":"140","TRACTCE":"350101","NAMELSAD":"Census Tract 3501.01","NAMELSADCO":"Naugatuck Valley Planning Region","STATE_NAME":"Connecticut"},"geometry":{"type":"Polygon","coordinates":[[[-73.050229,41.558839],[-73.049088,41.560157],[-73.046916,41.559861],[-73.044285,41.561416],[-73.04334,41.561354],[-73.040156,41.561217],[-73.040055,41.562738],[-73.038669,41.562748],[-73.038561,41.560034],[-73.035867,41.560076],[-73.035031,41.559912],[-73.033843,41.559459],[-73.033782,41.558849],[-73.033752,41.557675],[-73.034442,41.554508],[-73.035278,41.552534],[-73.035258,41.551378],[-73.039085,41.551058],[-73.042296,41.551887],[-73.043594,41.551917],[-73.045857,41.551819],[-73.048035,41.556138],[-73.049764,41.558322],[-73.050229,41.558839]]]}},{"type":"Feature","properties":{"GEOID":"09170166003","STATEFP":"09","COUNTYFP":"170","TRACTCE":"166003","NAMELSAD":"Census Tract 1660.03","NAMELSADCO":"South Central Connecticut Planning Region","STATE_NAME":"Connecticut"},"geometry":{"type":"Polygon","coordinates":[[[-72.915291,41.389278],[-72.913041,41.389464],[-72.912275,41.389498],[-72.910774,41.389206],[-72.909201,41.386893],[-72.906882,41.385209],[-72.906037,41.388718],[-72.904895,41.390474],[-72.904456,41.393791],[-72.904424,41.39391],[-72.897344,41.392747],[-72.897843,41.388144],[-72.899073,41.383142],[-72.896496,41.382879],[-72.899609,41.380246],[-72.903786,41.378107],[-72.904545,41.37592],[-72.906296,41.371047],[-72.908666,41.372024],[-72.911343,41.372787],[-72.909584,41.374425],[-72.914373,41.376345],[-72.914602,41.37788],[-72.914817,41.381608],[-72.915291,41.389278]]]}},{"type":"Feature","properties":{"GEOID":"09170171202","STATEFP":"09","COUNTYFP":"170","TRACTCE":"171202","NAMELSAD":"Census Tract 1712.02","NAMELSADCO":"South Central Connecticut Planning Region","STATE_NAME":"Connecticut"},"geometry":{"type":"Polygon","coordinates":[[[-72.771223,41.522187],[-72.770113,41.526577],[-72.768528,41.532242],[-72.767735,41.533458],[-72.77013,41.539007],[-72.769186,41.538658],[-72.765306,41.537667],[-72.759185,41.535969],[-72.756768,41.534798],[-72.748878,41.528706],[-72.7472,41.528072],[-72.747056,41.527289],[-72.74478,41.498183],[-72.768038,41.497015],[-72.769056,41.504818],[-72.769425,41.512062],[-72.771253,41.520796],[-72.771223,41.522187]]]}},{"type":"Feature","properties":{"GEOID":"09180696701","STATEFP":"09","COUNTYFP":"180","TRACTCE":"696701","NAMELSAD":"Census Tract 6967.01","NAMELSADCO":"Southeastern Connecticut Planning Region","STATE_NAME":"Connecticut"},"geometry":{"type":"Polygon","coordinates":[[[-72.104525,41.51461],[-72.099137,41.51676],[-72.097129,41.517683],[-72.089584,41.522644],[-72.090724,41.525322],[-72.092484,41.526823],[-72.091738,41.532015],[-72.089875,41.533319],[-72.090106,41.53397],[-72.086404,41.532298],[-72.085827,41.529384],[-72.085036,41.527379],[-72.080811,41.524314],[-72.079235,41.522878],[-72.078979,41.521288],[-72.079143,41.518438],[-72.078171,41.513933],[-72.082512,41.506487],[-72.083206,41.503048],[-72.082399,41.498527],[-72.080994,41.495778],[-72.08102,41.492099],[-72.08392,41.493839],[-72.093682,41.49721],[-72.097602,41.495499],[-72.097536,41.495164],[-72.097697,41.495109],[-72.097865,41.49492],[-72.098011,41.494581],[-72.098237,41.494434],[-72.098434,41.494403],[-72.098908,41.494473],[-72.099213,41.494584],[-72.09948,41.49485],[-72.099744,41.495098],[-72.099859,41.496486],[-72.102131,41.497974],[-72.102311,41.502974],[-72.10366,41.506],[-72.104529,41.510502],[-72.104525,41.51461]]]}},{"type":"Feature","properties":{"GEOID":"09110420602","STATEFP":"09","COUNTYFP":"110","TRACTCE":"420602","NAMELSAD":"Census Tract 4206.02","NAMELSADCO":"Capitol Planning Region","STATE_NAME":"Connecticut"},"geometry":{"type":"Polygon","coordinates":[[[-72.868609,41.676049],[-72.86735,41.676824],[-72.866814,41.679234],[-72.867088,41.682587],[-72.866264,41.683949],[-72.864227,41.684093],[-72.863098,41.68634],[-72.861557,41.686466],[-72.860252,41.688507],[-72.857263,41.69108],[-72.85321,41.693792],[-72.848861,41.693041],[-72.844685,41.692324],[-72.835817,41.690879],[-72.836246,41.688125],[-72.840868,41.68635],[-72.846194,41.686476],[-72.846905,41.67916],[-72.846439,41.677719],[-72.845021,41.677581],[-72.846381,41.674482],[-72.84429,41.671875],[-72.843937,41.671068],[-72.844639,41.668698],[-72.846675,41.668707],[-72.85208,41.670423],[-72.859228,41.672726],[-72.85898,41.673247],[-72.861762,41.673206],[-72.866568,41.673259],[-72.867189,41.673291],[-72.868372,41.67404],[-72.868609,41.676049]]]}},{"type":"Feature","properties":{"GEOID":"09110502700","STATEFP":"09","COUNTYFP":"110","TRACTCE":"502700","NAMELSAD":"Census Tract 5027","NAMELSADCO":"Capitol Planning Region","STATE_NAME":"Connecticut"},"geometry":{"type":"Polygon","coordinates":[[[-72.6942,41.742766],[-72.694036,41.74654],[-72.694003,41.747275],[-72.693613,41.75213],[-72.693102,41.752138],[-72.689151,41.752257],[-72.689204,41.753316],[-72.687106,41.753397],[-72.682825,41.753537],[-72.683104,41.751191],[-72.683328,41.747706],[-72.683314,41.747349],[-72.682725,41.743179],[-72.683197,41.74221],[-72.687177,41.741922],[-72.68718,41.745148],[-72.692189,41.742361],[-72.693403,41.741689],[-72.694172,41.742628],[-72.6942,41.742766]]]}},{"type":"Feature","properties":{"GEOID":"09190425700","STATEFP":"09","COUNTYFP":"190","TRACTCE":"425700","NAMELSAD":"Census Tract 4257","NAMELSADCO":"Western Connecticut Planning Region","STATE_NAME":"Connecticut"},"geometry":{"type":"Polygon","coordinates":[[[-73.458236,41.602486],[-73.457307,41.604351],[-73.454922,41.607353],[-73.45116,41.608478],[-73.449791,41.610194],[-73.449195,41.609909],[-73.446067,41.609476],[-73.441981,41.610222],[-73.439756,41.612498],[-73.437246,41.612658],[-73.435465,41.611385],[-73.433108,41.61098],[-73.432264,41.608173],[-73.43018,41.608277],[-73.42962,41.605653],[-73.428806,41.604746],[-73.429145,41.603073],[-73.430981,41.599513],[-73.430491,41.596575],[-73.431106,41.595363],[-73.430697,41.592322],[-73.428408,41.589899],[-73.426053,41.589403],[-73.424675,41.586545],[-73.424635,41.584948],[-73.420012,41.583115],[-73.415246,41.580187],[-73.403346,41.582015],[-73.402279,41.582933],[-73.4029,41.576679],[-73.403085,41.576251],[-73.405156,41.574555],[-73.406398,41.573819],[-73.409169,41.576764],[-73.41245,41.576185],[-73.407729,41.568434],[-73.407544,41.565791],[-73.407629,41.5642],[-73.405266,41.562111],[-73.406667,41.557801],[-73.406972,41.553766],[-73.406236,41.54988],[-73.407291,41.547753],[-73.407304,41.544555],[-73.410844,41.541829],[-73.416132,41.540303],[-73.415527,41.538801],[-73.423131,41.535314],[-73.42351,41.534279],[-73.425075,41.533723],[-73.427093,41.534423],[-73.430621,41.534264],[-73.431779,41.533754],[-73.433795,41.534467],[-73.434956,41.534155],[-73.4363,41.536819],[-73.435568,41.538667],[-73.435574,41.540432],[-73.437254,41.544281],[-73.436564,41.546873],[-73.436847,41.550473],[-73.437364,41.550969],[-73.437753,41.554107],[-73.437151,41.556528],[-73.437788,41.560179],[-73.439506,41.563632],[-73.440131,41.56727],[-73.439997,41.567799],[-73.432696,41.57845],[-73.432156,41.579918],[-73.430418,41.581758],[-73.430049,41.583229],[-73.434517,41.583251],[-73.439068,41.583444],[-73.439912,41.583829],[-73.441704,41.586229],[-73.448512,41.591515],[-73.449792,41.593168],[-73.451196,41.594466],[-73.453823,41.595947],[-73.454607,41.597619],[-73.457785,41.600823],[-73.458236,41.602486]]]}},{"type":"Feature","properties":{"GEOID":"09110430502","STATEFP":"09","COUNTYFP":"110","TRACTCE":"430502","NAMELSAD":"Census Tract 4305.02","NAMELSADCO":"Capitol Planning Region","STATE_NAME":"Connecticut"},"geometry":{"type":"Polygon","coordinates":[[[-72.942615,41.571126],[-72.938046,41.590597],[-72.93376,41.607108],[-72.932906,41.606158],[-72.930273,41.605757],[-72.929241,41.607992],[-72.923737,41.607525],[-72.921955,41.610456],[-72.921809,41.61476],[-72.918548,41.613648],[-72.916316,41.611198],[-72.91143,41.609844],[-72.909434,41.607925],[-72.906088,41.605863],[-72.901348,41.606353],[-72.902946,41.597336],[-72.903168,41.593493],[-72.902613,41.591842],[-72.899348,41.587032],[-72.900822,41.586005],[-72.910014,41.582556],[-72.911564,41.581709],[-72.913223,41.58039],[-72.91574,41.576476],[-72.918049,41.57401],[-72.92045,41.573578],[-72.92135,41.573389],[-72.924844,41.57386],[-72.925565,41.572756],[-72.929044,41.571642],[-72.930004,41.569226],[-72.933686,41.566263],[-72.93924,41.569641],[-72.942615,41.571126]]]}},{"type":"Feature","properties":{"GEOID":"09110417300","STATEFP":"09","COUNTYFP":"110","TRACTCE":"417300","NAMELSAD":"Census Tract 4173","NAMELSADCO":"Capitol Planning Region","STATE_NAME":"Connecticut"},"geometry":{"type":"Polygon","coordinates":[[[-72.771354,41.692349],[-72.769527,41.692638],[-72.766721,41.694926],[-72.76221,41.695659],[-72.761264,41.697821],[-72.759063,41.698758],[-72.758241,41.693436],[-72.759822,41.691434],[-72.764081,41.691279],[-72.767217,41.688547],[-72.77038,41.688449],[-72.771354,41.692349]]]}},{"type":"Feature","properties":{"GEOID":"09140405401","STATEFP":"09","COUNTYFP":"140","TRACTCE":"405401","NAMELSAD":"Census Tract 4054.01","NAMELSADCO":"Naugatuck Valley Planning Region","STATE_NAME":"Connecticut"},"geometry":{"type":"Polygon","coordinates":[[[-72.90734,41.671935],[-72.904059,41.672753],[-72.899666,41.673618],[-72.891897,41.674417],[-72.888526,41.67516],[-72.887507,41.669279],[-72.886663,41.666008],[-72.886473,41.663003],[-72.885109,41.657985],[-72.883388,41.649468],[-72.903011,41.647495],[-72.906292,41.651046],[-72.901213,41.651707],[-72.901225,41.657646],[-72.901805,41.663272],[-72.896832,41.663737],[-72.897695,41.668868],[-72.90612,41.668279],[-72.90667,41.669265],[-72.904675,41.671867],[-72.90734,41.671935]]]}},{"type":"Feature","properties":{"GEOID":"09160310601","STATEFP":"09","COUNTYFP":"160","TRACTCE":"310601","NAMELSAD":"Census Tract 3106.01","NAMELSADCO":"Northwest Hills Planning Region","STATE_NAME":"Connecticut"},"geometry":{"type":"Polygon","coordinates":[[[-73.104902,41.830795],[-73.095992,41.842062],[-73.094814,41.845136],[-73.094012,41.847384],[-73.09245,41.850042],[-73.086628,41.855962],[-73.084972,41.858081],[-73.082741,41.865266],[-73.081645,41.866941],[-73.074769,41.872872],[-73.072705,41.875202],[-73.071421,41.878638],[-73.070885,41.884557],[-73.053534,41.887324],[-73.059767,41.863472],[-73.065192,41.840818],[-73.06725,41.833183],[-73.067671,41.830378],[-73.071111,41.830072],[-73.078287,41.830647],[-73.091057,41.832698],[-73.091711,41.832221],[-73.090439,41.825917],[-73.091502,41.821765],[-73.093788,41.821944],[-73.100415,41.823528],[-73.101424,41.82404],[-73.101994,41.824578],[-73.104902,41.830795]]]}},{"type":"Feature","properties":{"GEOID":"09180702600","STATEFP":"09","COUNTYFP":"180","TRACTCE":"702600","NAMELSAD":"Census Tract 7026","NAMELSADCO":"Southeastern Connecticut Planning Region","STATE_NAME":"Connecticut"},"geometry":{"type":"Polygon","coordinates":[[[-72.08532,41.339198],[-72.079793,41.339145],[-72.078388,41.339701],[-72.077403,41.338689],[-72.076263,41.336796],[-72.076441,41.334645],[-72.072751,41.333418],[-72.068887,41.330599],[-72.064712,41.328679],[-72.060416,41.328562],[-72.056797,41.329593],[-72.054686,41.326779],[-72.054719,41.319498],[-72.054531,41.316523],[-72.0547506764111,41.3133260914975],[-72.055068,41.312999],[-72.060535,41.312107],[-72.065048,41.315238],[-72.066956,41.318893],[-72.074104,41.318993],[-72.0820020402424,41.3172242653722],[-72.083631,41.32801],[-72.08532,41.339198]]]}},{"type":"Feature","properties":{"GEOID":"09160310700","STATEFP":"09","COUNTYFP":"160","TRACTCE":"310700","NAMELSAD":"Census Tract 3107","NAMELSADCO":"Northwest Hills Planning Region","STATE_NAME":"Connecticut"},"geometry":{"type":"Polygon","coordinates":[[[-73.190064,41.829463],[-73.170664,41.894275],[-73.162427,41.893106],[-73.158153,41.891959],[-73.153186,41.887361],[-73.153279,41.885691],[-73.151595,41.88556],[-73.151532,41.881716],[-73.152822,41.877108],[-73.153163,41.872629],[-73.143349,41.873975],[-73.137005,41.874831],[-73.127149,41.876088],[-73.120205,41.877156],[-73.103606,41.879519],[-73.075143,41.883837],[-73.070885,41.884557],[-73.071421,41.878638],[-73.072705,41.875202],[-73.074769,41.872872],[-73.081645,41.866941],[-73.082741,41.865266],[-73.084972,41.858081],[-73.086628,41.855962],[-73.09245,41.850042],[-73.094012,41.847384],[-73.094814,41.845136],[-73.095992,41.842062],[-73.104902,41.830795],[-73.10582,41.831776],[-73.10681,41.830593],[-73.109546,41.828533],[-73.119618,41.821587],[-73.122101,41.819375],[-73.121962,41.818868],[-73.121643,41.815539],[-73.121272,41.812147],[-73.121993,41.812287],[-73.12622,41.81198],[-73.128326,41.812427],[-73.132955,41.813394],[-73.13863,41.814916],[-73.143885,41.818166],[-73.145056,41.818303],[-73.149202,41.819209],[-73.151512,41.819056],[-73.155143,41.821129],[-73.160091,41.823693],[-73.164578,41.82312],[-73.170342,41.823995],[-73.177713,41.825849],[-73.181048,41.82754],[-73.190064,41.829463]]]}},{"type":"Feature","properties":{"GEOID":"09180702700","STATEFP":"09","COUNTYFP":"180","TRACTCE":"702700","NAMELSAD":"Census Tract 7027","NAMELSADCO":"Southeastern Connecticut Planning Region","STATE_NAME":"Connecticut"},"geometry":{"type":"Polygon","coordinates":[[[-72.074422,41.364425],[-72.070003,41.364523],[-72.067549,41.364275],[-72.058564,41.361894],[-72.056207,41.360925],[-72.051722,41.359195],[-72.049264,41.35894],[-72.043069,41.359562],[-72.04081,41.359823],[-72.039891,41.357307],[-72.037085,41.356464],[-72.035486,41.351001],[-72.038004,41.348796],[-72.038075,41.346729],[-72.035793,41.341796],[-72.035663,41.341203],[-72.035196,41.338787],[-72.035995,41.33622],[-72.035493,41.334599],[-72.035227,41.329819],[-72.040979,41.32368],[-72.043838,41.321282],[-72.049476,41.320173],[-72.054719,41.319498],[-72.054686,41.326779],[-72.056797,41.329593],[-72.058146,41.330521],[-72.059661,41.335629],[-72.060337,41.339232],[-72.060606,41.339771],[-72.060396,41.341017],[-72.064431,41.343877],[-72.064526,41.353273],[-72.065788,41.355893],[-72.067829,41.358056],[-72.07119,41.360133],[-72.071112,41.361601],[-72.074422,41.364425]]]}},{"type":"Feature","properties":{"GEOID":"09190210300","STATEFP":"09","COUNTYFP":"190","TRACTCE":"210300","NAMELSAD":"Census Tract 2103","NAMELSADCO":"Western Connecticut Planning Region","STATE_NAME":"Connecticut"},"geometry":{"type":"Polygon","coordinates":[[[-73.45069,41.411799],[-73.43738,41.414738],[-73.427122,41.417361],[-73.423933,41.417813],[-73.420854,41.417253],[-73.427512,41.410738],[-73.429296,41.408055],[-73.43023,41.403913],[-73.435644,41.399487],[-73.436805,41.399524],[-73.440426,41.399492],[-73.443292,41.402996],[-73.446743,41.402088],[-73.447447,41.404827],[-73.447955,41.405577],[-73.447553,41.406857],[-73.45069,41.411799]]]}},{"type":"Feature","properties":{"GEOID":"09190022000","STATEFP":"09","COUNTYFP":"190","TRACTCE":"022000","NAMELSAD":"Census Tract 220","NAMELSADCO":"Western Connecticut Planning Region","STATE_NAME":"Connecticut"},"geometry":{"type":"Polygon","coordinates":[[[-73.521293,41.055141],[-73.516707,41.05598],[-73.515571,41.05633],[-73.513819,41.057211],[-73.512204,41.058615],[-73.511585,41.05879],[-73.509608,41.054786],[-73.509046,41.048948],[-73.511681,41.048914],[-73.511723,41.048917],[-73.514883,41.04892],[-73.516617,41.049102],[-73.518111,41.049661],[-73.519178,41.049571],[-73.519441,41.053803],[-73.521417,41.054042],[-73.521293,41.055141]]]}},{"type":"Feature","properties":{"GEOID":"09120060100","STATEFP":"09","COUNTYFP":"120","TRACTCE":"060100","NAMELSAD":"Census Tract 601","NAMELSADCO":"Greater Bridgeport Planning Region","STATE_NAME":"Connecticut"},"geometry":{"type":"Polygon","coordinates":[[[-73.255651,41.22219],[-73.25256,41.226665],[-73.251349,41.230178],[-73.248556,41.231977],[-73.246248,41.229334],[-73.245457,41.228064],[-73.244168,41.226592],[-73.243418,41.225822],[-73.242431,41.224659],[-73.239026,41.220669],[-73.233172,41.213918],[-73.23287,41.21348],[-73.231584,41.212142],[-73.2275,41.207507],[-73.225643,41.205315],[-73.231485,41.201733],[-73.233572,41.19931],[-73.23661,41.197721],[-73.238414,41.200098],[-73.241118,41.202503],[-73.241866,41.203389],[-73.244312,41.206613],[-73.245365,41.210478],[-73.253664,41.220026],[-73.25444,41.220846],[-73.255651,41.22219]]]}},{"type":"Feature","properties":{"GEOID":"09190042800","STATEFP":"09","COUNTYFP":"190","TRACTCE":"042800","NAMELSAD":"Census Tract 428","NAMELSADCO":"Western Connecticut Planning Region","STATE_NAME":"Connecticut"},"geometry":{"type":"Polygon","coordinates":[[[-73.421875,41.131862],[-73.419053,41.134296],[-73.417369,41.134641],[-73.414674,41.135695],[-73.414993,41.136167],[-73.412271,41.137241],[-73.407173,41.136028],[-73.407239,41.137174],[-73.40691,41.138896],[-73.405142,41.138455],[-73.401209,41.135763],[-73.401012,41.134347],[-73.399814,41.135771],[-73.399627,41.135613],[-73.397921,41.132496],[-73.396522,41.1328],[-73.395318,41.129914],[-73.397179,41.128911],[-73.395671,41.124859],[-73.398541,41.124149],[-73.403149,41.122729],[-73.405447,41.121282],[-73.406838,41.121326],[-73.408686,41.121382],[-73.409674,41.123183],[-73.410373,41.125708],[-73.41128,41.12557],[-73.416547,41.128838],[-73.419831,41.130359],[-73.421337,41.130216],[-73.421875,41.131862]]]}},{"type":"Feature","properties":{"GEOID":"09120074000","STATEFP":"09","COUNTYFP":"120","TRACTCE":"074000","NAMELSAD":"Census Tract 740","NAMELSADCO":"Greater Bridgeport Planning Region","STATE_NAME":"Connecticut"},"geometry":{"type":"Polygon","coordinates":[[[-73.186256,41.182896],[-73.185216,41.184144],[-73.18458,41.184746],[-73.182701,41.185419],[-73.180841,41.185732],[-73.178155,41.185945],[-73.175894,41.185952],[-73.171068,41.185695],[-73.175824,41.178038],[-73.176595,41.176733],[-73.180455,41.171296],[-73.184256,41.174396],[-73.186041,41.179401],[-73.186256,41.182896]]]}},{"type":"Feature","properties":{"GEOID":"09110530100","STATEFP":"09","COUNTYFP":"110","TRACTCE":"530100","NAMELSAD":"Census Tract 5301","NAMELSADCO":"Capitol Planning Region","STATE_NAME":"Connecticut"},"geometry":{"type":"Polygon","coordinates":[[[-72.450816,41.871699],[-72.438194,41.873279],[-72.43802,41.873299],[-72.428017,41.874598],[-72.426939,41.8674],[-72.426263,41.862264],[-72.425207,41.855272],[-72.427433,41.85513],[-72.429404,41.854735],[-72.43241,41.859452],[-72.435846,41.85767],[-72.442577,41.857042],[-72.443353,41.861694],[-72.443172,41.861759],[-72.441583,41.861851],[-72.439334,41.863582],[-72.441313,41.864944],[-72.442071,41.86594],[-72.442088,41.867355],[-72.44437,41.8692],[-72.44972,41.870026],[-72.450816,41.871699]]]}},{"type":"Feature","properties":{"GEOID":"09110524502","STATEFP":"09","COUNTYFP":"110","TRACTCE":"524502","NAMELSAD":"Census Tract 5245.02","NAMELSADCO":"Capitol Planning Region","STATE_NAME":"Connecticut"},"geometry":{"type":"Polygon","coordinates":[[[-72.71647,41.770798],[-72.713971,41.777155],[-72.715205,41.787157],[-72.712903,41.786934],[-72.708526,41.784962],[-72.706957,41.784891],[-72.706195,41.784844],[-72.7041,41.784521],[-72.703409,41.781917],[-72.701669,41.780071],[-72.698032,41.778118],[-72.6998,41.774344],[-72.700647,41.772377],[-72.703244,41.773132],[-72.705199,41.774891],[-72.710335,41.776314],[-72.711698,41.773279],[-72.711901,41.769887],[-72.711028,41.766226],[-72.716151,41.765624],[-72.71647,41.770798]]]}},{"type":"Feature","properties":{"GEOID":"09110504900","STATEFP":"09","COUNTYFP":"110","TRACTCE":"504900","NAMELSAD":"Census Tract 5049","NAMELSADCO":"Capitol Planning Region","STATE_NAME":"Connecticut"},"geometry":{"type":"Polygon","coordinates":[[[-72.715138,41.7426],[-72.703066,41.757836],[-72.700552,41.758324],[-72.700584,41.754741],[-72.700975,41.753346],[-72.698738,41.752799],[-72.697531,41.752849],[-72.69343,41.753379],[-72.693613,41.75213],[-72.694003,41.747275],[-72.698255,41.747338],[-72.698381,41.746339],[-72.698314,41.744304],[-72.702105,41.743828],[-72.704737,41.743503],[-72.709828,41.742905],[-72.715134,41.742211],[-72.715138,41.7426]]]}},{"type":"Feature","properties":{"GEOID":"09110514400","STATEFP":"09","COUNTYFP":"110","TRACTCE":"514400","NAMELSAD":"Census Tract 5144","NAMELSADCO":"Capitol Planning Region","STATE_NAME":"Connecticut"},"geometry":{"type":"Polygon","coordinates":[[[-72.536357,41.789114],[-72.52938,41.789862],[-72.529967,41.792276],[-72.526673,41.792754],[-72.524783,41.792943],[-72.524861,41.793965],[-72.521518,41.794343],[-72.521308,41.793138],[-72.52149,41.792],[-72.520581,41.787934],[-72.519664,41.783695],[-72.519061,41.779028],[-72.519214,41.776489],[-72.52094,41.776159],[-72.521508,41.775891],[-72.529008,41.773087],[-72.530408,41.772799],[-72.533188,41.772636],[-72.535013,41.781646],[-72.536357,41.789114]]]}},{"type":"Feature","properties":{"GEOID":"09110415700","STATEFP":"09","COUNTYFP":"110","TRACTCE":"415700","NAMELSAD":"Census Tract 4157","NAMELSADCO":"Capitol Planning Region","STATE_NAME":"Connecticut"},"geometry":{"type":"Polygon","coordinates":[[[-72.800817,41.658833],[-72.797453,41.659245],[-72.789278,41.659722],[-72.789387,41.661458],[-72.784712,41.66214],[-72.783606,41.662177],[-72.782833,41.662181],[-72.783314,41.66004],[-72.783563,41.658348],[-72.784947,41.656567],[-72.78604,41.654641],[-72.785199,41.653327],[-72.785022,41.652025],[-72.78852,41.647625],[-72.79116,41.647484],[-72.797794,41.655636],[-72.798301,41.656321],[-72.800817,41.658833]]]}},{"type":"Feature","properties":{"GEOID":"09110510100","STATEFP":"09","COUNTYFP":"110","TRACTCE":"510100","NAMELSAD":"Census Tract 5101","NAMELSADCO":"Capitol Planning Region","STATE_NAME":"Connecticut"},"geometry":{"type":"Polygon","coordinates":[[[-72.657936,41.776899],[-72.651836,41.778999],[-72.645935,41.785899],[-72.645235,41.791299],[-72.646035,41.797599],[-72.639895,41.798287],[-72.627787,41.798906],[-72.618856,41.799009],[-72.62146,41.795959],[-72.630807,41.788948],[-72.632096,41.78751],[-72.634006,41.783466],[-72.63669,41.779154],[-72.638998,41.7761],[-72.646164,41.775336],[-72.653245,41.77471],[-72.653946,41.774826],[-72.655576,41.775339],[-72.657936,41.776899]]]}},{"type":"Feature","properties":{"GEOID":"09110500500","STATEFP":"09","COUNTYFP":"110","TRACTCE":"500500","NAMELSAD":"Census Tract 5005","NAMELSADCO":"Capitol Planning Region","STATE_NAME":"Connecticut"},"geometry":{"type":"Polygon","coordinates":[[[-72.675187,41.759773],[-72.674586,41.761829],[-72.668029,41.760242],[-72.665789,41.758105],[-72.669509,41.758728],[-72.670071,41.757493],[-72.675134,41.755818],[-72.675443,41.75804],[-72.675187,41.759773]]]}},{"type":"Feature","properties":{"GEOID":"09110497600","STATEFP":"09","COUNTYFP":"110","TRACTCE":"497600","NAMELSAD":"Census Tract 4976","NAMELSADCO":"Capitol Planning Region","STATE_NAME":"Connecticut"},"geometry":{"type":"Polygon","coordinates":[[[-72.764572,41.765738],[-72.763631,41.765422],[-72.758153,41.766648],[-72.749296,41.768109],[-72.74305,41.769225],[-72.742482,41.76569],[-72.742027,41.764229],[-72.741814,41.762004],[-72.749264,41.759791],[-72.751073,41.759246],[-72.753555,41.758507],[-72.761975,41.755968],[-72.764069,41.755337],[-72.763547,41.758452],[-72.765486,41.762942],[-72.764572,41.765738]]]}},{"type":"Feature","properties":{"GEOID":"09130610100","STATEFP":"09","COUNTYFP":"130","TRACTCE":"610100","NAMELSAD":"Census Tract 6101","NAMELSADCO":"Lower Connecticut River Valley Planning Region","STATE_NAME":"Connecticut"},"geometry":{"type":"Polygon","coordinates":[[[-72.564556,41.28986],[-72.557785,41.288303],[-72.548334,41.287924],[-72.537286,41.287429],[-72.528771,41.288168],[-72.52491,41.288486],[-72.526346,41.286244],[-72.52367,41.284833],[-72.522332,41.281925],[-72.524466,41.281363],[-72.524845,41.278451],[-72.524676,41.276881],[-72.526097,41.276058],[-72.523672,41.274475],[-72.523128,41.270817],[-72.522079,41.269794],[-72.5218958750572,41.2655150556895],[-72.529416,41.264421],[-72.533247,41.26269],[-72.536032,41.25753],[-72.5363300022319,41.2548110883025],[-72.545837,41.260304],[-72.547235,41.262499],[-72.547655,41.264323],[-72.54636,41.267398],[-72.547035,41.2716],[-72.544339,41.273697],[-72.546253,41.275977],[-72.548046,41.277415],[-72.545986,41.280335],[-72.548894,41.281855],[-72.551128,41.280583],[-72.555028,41.280608],[-72.557236,41.281992],[-72.557434,41.283695],[-72.559139,41.284731],[-72.561132,41.2875],[-72.563934,41.288698],[-72.564628,41.289519],[-72.564556,41.28986]]]}},{"type":"Feature","properties":{"GEOID":"09170140400","STATEFP":"09","COUNTYFP":"170","TRACTCE":"140400","NAMELSAD":"Census Tract 1404","NAMELSADCO":"South Central Connecticut Planning Region","STATE_NAME":"Connecticut"},"geometry":{"type":"Polygon","coordinates":[[[-72.94021,41.287776],[-72.937926,41.289075],[-72.934182,41.291423],[-72.93082,41.293497],[-72.931051,41.291556],[-72.929311,41.285461],[-72.930559,41.284737],[-72.928655,41.283023],[-72.9267481202243,41.2832557401065],[-72.9288094336587,41.2815962998197],[-72.9295811622231,41.2809750272617],[-72.929652,41.280918],[-72.932533,41.280318],[-72.93291,41.280495],[-72.932695,41.281846],[-72.933136,41.282097],[-72.937592,41.28204],[-72.938108,41.281935],[-72.9385948741925,41.2811287732565],[-72.938934,41.28144],[-72.939904,41.283499],[-72.940745,41.285993],[-72.94021,41.287776]]]}},{"type":"Feature","properties":{"GEOID":"09140350200","STATEFP":"09","COUNTYFP":"140","TRACTCE":"350200","NAMELSAD":"Census Tract 3502","NAMELSADCO":"Naugatuck Valley Planning Region","STATE_NAME":"Connecticut"},"geometry":{"type":"Polygon","coordinates":[[[-73.040498,41.565573],[-73.038568,41.566699],[-73.038175,41.567701],[-73.033523,41.569169],[-73.033703,41.569707],[-73.029469,41.569387],[-73.027382,41.566548],[-73.029386,41.565812],[-73.029914,41.56508],[-73.031118,41.564044],[-73.032238,41.563533],[-73.032948,41.562425],[-73.035031,41.559912],[-73.035867,41.560076],[-73.038561,41.560034],[-73.038669,41.562748],[-73.039867,41.56417],[-73.040498,41.565573]]]}},{"type":"Feature","properties":{"GEOID":"09140343200","STATEFP":"09","COUNTYFP":"140","TRACTCE":"343200","NAMELSAD":"Census Tract 3432","NAMELSADCO":"Naugatuck Valley Planning Region","STATE_NAME":"Connecticut"},"geometry":{"type":"Polygon","coordinates":[[[-72.968648,41.531338],[-72.966027,41.536594],[-72.962252,41.544735],[-72.956788,41.555295],[-72.94635,41.556797],[-72.928538,41.558891],[-72.926399,41.558919],[-72.915648,41.560396],[-72.90347,41.561708],[-72.903069,41.557557],[-72.905016,41.551796],[-72.905061,41.550599],[-72.903609,41.546815],[-72.90291,41.540071],[-72.90258,41.535704],[-72.90878,41.528935],[-72.910199,41.527245],[-72.910653,41.526075],[-72.910549,41.518903],[-72.910502,41.510288],[-72.91097,41.509448],[-72.913039,41.507793],[-72.915569,41.508625],[-72.920509,41.51267],[-72.923548,41.514421],[-72.926094,41.515135],[-72.929215,41.511675],[-72.932855,41.509661],[-72.935057,41.507562],[-72.937606,41.510327],[-72.938613,41.511464],[-72.940649,41.514171],[-72.948362,41.522135],[-72.948962,41.522682],[-72.95322,41.523932],[-72.959271,41.526365],[-72.967249,41.529238],[-72.969365,41.530234],[-72.968648,41.531338]]]}},{"type":"Feature","properties":{"GEOID":"09170171400","STATEFP":"09","COUNTYFP":"170","TRACTCE":"171400","NAMELSAD":"Census Tract 1714","NAMELSADCO":"South Central Connecticut Planning Region","STATE_NAME":"Connecticut"},"geometry":{"type":"Polygon","coordinates":[[[-72.793371,41.534768],[-72.793627,41.54037],[-72.793656,41.543819],[-72.791032,41.543653],[-72.78575,41.542673],[-72.789708,41.536334],[-72.790054,41.535933],[-72.789467,41.536033],[-72.785264,41.537491],[-72.785694,41.534591],[-72.784429,41.534331],[-72.785563,41.531859],[-72.790045,41.533175],[-72.790131,41.533211],[-72.792004,41.533781],[-72.793712,41.533898],[-72.793371,41.534768]]]}},{"type":"Feature","properties":{"GEOID":"09140350400","STATEFP":"09","COUNTYFP":"140","TRACTCE":"350400","NAMELSAD":"Census Tract 3504","NAMELSADCO":"Naugatuck Valley Planning Region","STATE_NAME":"Connecticut"},"geometry":{"type":"Polygon","coordinates":[[[-73.033752,41.557675],[-73.033782,41.558849],[-73.033843,41.559459],[-73.032132,41.561022],[-73.027745,41.559377],[-73.023805,41.558919],[-73.023555,41.558128],[-73.025415,41.558311],[-73.025856,41.556657],[-73.027459,41.556382],[-73.027021,41.555799],[-73.028381,41.553763],[-73.030917,41.554057],[-73.034442,41.554508],[-73.033752,41.557675]]]}},{"type":"Feature","properties":{"GEOID":"09140351601","STATEFP":"09","COUNTYFP":"140","TRACTCE":"351601","NAMELSAD":"Census Tract 3516.01","NAMELSADCO":"Naugatuck Valley Planning Region","STATE_NAME":"Connecticut"},"geometry":{"type":"Polygon","coordinates":[[[-73.058313,41.55034],[-73.053194,41.551506],[-73.051222,41.551594],[-73.049618,41.55083],[-73.050117,41.550224],[-73.054206,41.54918],[-73.050504,41.543238],[-73.048256,41.538822],[-73.046647,41.539811],[-73.046061,41.538447],[-73.044477,41.537445],[-73.04406,41.537041],[-73.043865,41.53439],[-73.044611,41.530513],[-73.046665,41.527929],[-73.050055,41.528656],[-73.049894,41.533729],[-73.050465,41.534398],[-73.051555,41.535443],[-73.052206,41.53701],[-73.053039,41.539002],[-73.054051,41.541271],[-73.054343,41.541974],[-73.057116,41.54832],[-73.057717,41.549511],[-73.058313,41.55034]]]}},{"type":"Feature","properties":{"GEOID":"09140125200","STATEFP":"09","COUNTYFP":"140","TRACTCE":"125200","NAMELSAD":"Census Tract 1252","NAMELSADCO":"Naugatuck Valley Planning Region","STATE_NAME":"Connecticut"},"geometry":{"type":"Polygon","coordinates":[[[-73.081072,41.341341],[-73.080444,41.344419],[-73.081143,41.34553],[-73.078885,41.347271],[-73.077855,41.347557],[-73.076394,41.348073],[-73.076646,41.35205],[-73.072244,41.354584],[-73.070263,41.356623],[-73.06953,41.35678],[-73.067781,41.355931],[-73.066121,41.358941],[-73.064908,41.360295],[-73.049934,41.36021],[-73.047162,41.360531],[-73.046445,41.352086],[-73.046334,41.346078],[-73.043718,41.34232],[-73.042943,41.338823],[-73.041881,41.337578],[-73.046353,41.336574],[-73.050605,41.336131],[-73.052114,41.336715],[-73.05424,41.336485],[-73.055663,41.341385],[-73.055899,41.34413],[-73.05804,41.344552],[-73.059652,41.342866],[-73.064164,41.340091],[-73.065449,41.341982],[-73.065821,41.34205],[-73.070214,41.341153],[-73.070593,41.338866],[-73.071991,41.335884],[-73.072645,41.332753],[-73.070863,41.329028],[-73.072317,41.327344],[-73.076378,41.32895],[-73.077258,41.330334],[-73.079182,41.330837],[-73.077438,41.333576],[-73.081345,41.339825],[-73.081072,41.341341]]]}},{"type":"Feature","properties":{"GEOID":"09160310200","STATEFP":"09","COUNTYFP":"160","TRACTCE":"310200","NAMELSAD":"Census Tract 3102","NAMELSADCO":"Northwest Hills Planning Region","STATE_NAME":"Connecticut"},"geometry":{"type":"Polygon","coordinates":[[[-73.143885,41.818166],[-73.13863,41.814916],[-73.132955,41.813394],[-73.128326,41.812427],[-73.12622,41.81198],[-73.121993,41.812287],[-73.121272,41.812147],[-73.121503,41.810523],[-73.12124,41.806014],[-73.12133,41.801147],[-73.126658,41.802287],[-73.127384,41.803056],[-73.129054,41.803071],[-73.131403,41.804274],[-73.131897,41.804539],[-73.132677,41.806514],[-73.13563,41.809223],[-73.135715,41.809387],[-73.137131,41.812005],[-73.141959,41.814238],[-73.143842,41.815708],[-73.145056,41.818303],[-73.143885,41.818166]]]}},{"type":"Feature","properties":{"GEOID":"09110503500","STATEFP":"09","COUNTYFP":"110","TRACTCE":"503500","NAMELSAD":"Census Tract 5035","NAMELSADCO":"Capitol Planning Region","STATE_NAME":"Connecticut"},"geometry":{"type":"Polygon","coordinates":[[[-72.696047,41.777946],[-72.692608,41.78083],[-72.692209,41.780682],[-72.690106,41.779828],[-72.688742,41.779047],[-72.686659,41.778229],[-72.687668,41.77582],[-72.691585,41.776821],[-72.695658,41.777822],[-72.696047,41.777946]]]}},{"type":"Feature","properties":{"GEOID":"09110504300","STATEFP":"09","COUNTYFP":"110","TRACTCE":"504300","NAMELSAD":"Census Tract 5043","NAMELSADCO":"Capitol Planning Region","STATE_NAME":"Connecticut"},"geometry":{"type":"Polygon","coordinates":[[[-72.715369,41.744354],[-72.715074,41.74608],[-72.715226,41.74775],[-72.715145,41.749745],[-72.715101,41.750064],[-72.714782,41.756428],[-72.713015,41.756186],[-72.710762,41.75646],[-72.709031,41.756729],[-72.703066,41.757836],[-72.715138,41.7426],[-72.715369,41.744354]]]}},{"type":"Feature","properties":{"GEOID":"09110496400","STATEFP":"09","COUNTYFP":"110","TRACTCE":"496400","NAMELSAD":"Census Tract 4964","NAMELSADCO":"Capitol Planning Region","STATE_NAME":"Connecticut"},"geometry":{"type":"Polygon","coordinates":[[[-72.760194,41.746695],[-72.754836,41.750907],[-72.75273,41.751231],[-72.751752,41.751392],[-72.746768,41.752477],[-72.743569,41.753071],[-72.745827,41.749038],[-72.745405,41.746466],[-72.744271,41.739575],[-72.74377,41.738344],[-72.742933,41.73588],[-72.743362,41.73169],[-72.745034,41.731483],[-72.748414,41.730668],[-72.752008,41.729707],[-72.757391,41.72707],[-72.757701,41.727526],[-72.758226,41.728797],[-72.758181,41.735854],[-72.759009,41.742469],[-72.760194,41.746695]]]}},{"type":"Feature","properties":{"GEOID":"09110481300","STATEFP":"09","COUNTYFP":"110","TRACTCE":"481300","NAMELSAD":"Census Tract 4813","NAMELSADCO":"Capitol Planning Region","STATE_NAME":"Connecticut"},"geometry":{"type":"Polygon","coordinates":[[[-72.613964,41.943468],[-72.613101,41.946971],[-72.612233,41.955896],[-72.605965,41.955605],[-72.605641,41.962736],[-72.604254,41.962236],[-72.598729,41.961402],[-72.599978,41.960498],[-72.601054,41.953257],[-72.601431,41.951507],[-72.592455,41.950493],[-72.585572,41.950479],[-72.580241,41.949278],[-72.575615,41.94886],[-72.567795,41.948244],[-72.56413,41.948566],[-72.565851,41.951222],[-72.560215,41.953179],[-72.557478,41.95353],[-72.554445,41.955003],[-72.554379,41.953377],[-72.552617,41.952731],[-72.551909,41.949204],[-72.549363,41.947077],[-72.550412,41.946869],[-72.547984,41.945777],[-72.546732,41.943793],[-72.548002,41.941801],[-72.559891,41.940335],[-72.577367,41.938657],[-72.606932,41.936097],[-72.607763,41.935891],[-72.623434,41.934297],[-72.613964,41.943468]]]}},{"type":"Feature","properties":{"GEOID":"09110501200","STATEFP":"09","COUNTYFP":"110","TRACTCE":"501200","NAMELSAD":"Census Tract 5012","NAMELSADCO":"Capitol Planning Region","STATE_NAME":"Connecticut"},"geometry":{"type":"Polygon","coordinates":[[[-72.682458,41.787096],[-72.681066,41.79123],[-72.6814,41.792301],[-72.681822,41.79315],[-72.681626,41.795295],[-72.68076,41.799314],[-72.675765,41.798497],[-72.676109,41.797235],[-72.678052,41.790517],[-72.678485,41.78903],[-72.678799,41.787965],[-72.679555,41.785305],[-72.677993,41.784951],[-72.675034,41.784274],[-72.675338,41.783642],[-72.675887,41.782468],[-72.676135,41.781436],[-72.679198,41.781997],[-72.683861,41.782971],[-72.682458,41.787096]]]}},{"type":"Feature","properties":{"GEOID":"09190210701","STATEFP":"09","COUNTYFP":"190","TRACTCE":"210701","NAMELSAD":"Census Tract 2107.01","NAMELSADCO":"Western Connecticut Planning Region","STATE_NAME":"Connecticut"},"geometry":{"type":"Polygon","coordinates":[[[-73.477729,41.395488],[-73.474867,41.398495],[-73.47311,41.399578],[-73.468755,41.401089],[-73.467148,41.401461],[-73.46613,41.40172],[-73.464523,41.402389],[-73.462443,41.403084],[-73.461526,41.399283],[-73.457836,41.399463],[-73.457592,41.399242],[-73.458566,41.398464],[-73.460257,41.397388],[-73.457528,41.396007],[-73.454667,41.392429],[-73.459479,41.392181],[-73.461298,41.392715],[-73.463231,41.393086],[-73.464391,41.392535],[-73.464924,41.394627],[-73.466355,41.394446],[-73.469279,41.393152],[-73.470933,41.394349],[-73.476521,41.393807],[-73.478108,41.394263],[-73.477729,41.395488]]]}},{"type":"Feature","properties":{"GEOID":"09190020500","STATEFP":"09","COUNTYFP":"190","TRACTCE":"020500","NAMELSAD":"Census Tract 205","NAMELSADCO":"Western Connecticut Planning Region","STATE_NAME":"Connecticut"},"geometry":{"type":"Polygon","coordinates":[[[-73.588677,41.097098],[-73.588764,41.1006],[-73.582188,41.100543],[-73.569161,41.101565],[-73.566001,41.10305],[-73.565014,41.101441],[-73.564096,41.096627],[-73.559655,41.088798],[-73.559268,41.088237],[-73.556618,41.085519],[-73.555498,41.08342],[-73.556896,41.078488],[-73.556566,41.077278],[-73.555722,41.076195],[-73.55671,41.072684],[-73.557635,41.066111],[-73.55831,41.066115],[-73.55845,41.064427],[-73.558393,41.063598],[-73.559918,41.058892],[-73.561268,41.059158],[-73.568205,41.059479],[-73.568336,41.059467],[-73.572625,41.065158],[-73.577362,41.071474],[-73.592448,41.090614],[-73.588677,41.097098]]]}},{"type":"Feature","properties":{"GEOID":"09190010600","STATEFP":"09","COUNTYFP":"190","TRACTCE":"010600","NAMELSAD":"Census Tract 106","NAMELSADCO":"Western Connecticut Planning Region","STATE_NAME":"Connecticut"},"geometry":{"type":"Polygon","coordinates":[[[-73.632352,41.032568],[-73.629237,41.033287],[-73.626474,41.035538],[-73.624614,41.033128],[-73.623197,41.034619],[-73.622133,41.032502],[-73.621834,41.03183],[-73.621739,41.030356],[-73.622013,41.029069],[-73.623586,41.021904],[-73.624246,41.021305],[-73.627204,41.02118],[-73.627316,41.022074],[-73.630857,41.023634],[-73.628608,41.026527],[-73.629273,41.028232],[-73.629417,41.028095],[-73.631471,41.030889],[-73.632667,41.032053],[-73.632352,41.032568]]]}},{"type":"Feature","properties":{"GEOID":"09120073900","STATEFP":"09","COUNTYFP":"120","TRACTCE":"073900","NAMELSAD":"Census Tract 739","NAMELSADCO":"Greater Bridgeport Planning Region","STATE_NAME":"Connecticut"},"geometry":{"type":"Polygon","coordinates":[[[-73.189453,41.189712],[-73.188119,41.189655],[-73.187752,41.191995],[-73.184026,41.191747],[-73.180528,41.191561],[-73.180639,41.189243],[-73.180841,41.185732],[-73.182701,41.185419],[-73.18458,41.184746],[-73.185216,41.184144],[-73.186256,41.182896],[-73.188878,41.184796],[-73.188378,41.186101],[-73.188825,41.18613],[-73.189453,41.189712]]]}},{"type":"Feature","properties":{"GEOID":"09110460203","STATEFP":"09","COUNTYFP":"110","TRACTCE":"460203","NAMELSAD":"Census Tract 4602.03","NAMELSADCO":"Capitol Planning Region","STATE_NAME":"Connecticut"},"geometry":{"type":"Polygon","coordinates":[[[-72.859904,41.740295],[-72.859357,41.743281],[-72.85697,41.75534],[-72.853144,41.762099],[-72.827742,41.759118],[-72.820461,41.757946],[-72.822437,41.75224],[-72.822233,41.7468],[-72.821931,41.742647],[-72.822268,41.740134],[-72.823751,41.738241],[-72.825374,41.735012],[-72.827583,41.732171],[-72.82841,41.728833],[-72.824983,41.726515],[-72.82666,41.724359],[-72.836235,41.715757],[-72.836836,41.715984],[-72.839897,41.716527],[-72.842289,41.717626],[-72.846431,41.719108],[-72.857372,41.725191],[-72.86194,41.727945],[-72.859904,41.740295]]]}},{"type":"Feature","properties":{"GEOID":"09110503102","STATEFP":"09","COUNTYFP":"110","TRACTCE":"503102","NAMELSAD":"Census Tract 5031.02","NAMELSADCO":"Capitol Planning Region","STATE_NAME":"Connecticut"},"geometry":{"type":"Polygon","coordinates":[[[-72.703429,41.76926],[-72.704647,41.771254],[-72.703244,41.773132],[-72.700647,41.772377],[-72.698816,41.771827],[-72.695255,41.770715],[-72.693701,41.770235],[-72.693829,41.769117],[-72.693773,41.767806],[-72.69724,41.767686],[-72.698549,41.767712],[-72.699879,41.767725],[-72.70038,41.767678],[-72.703306,41.767227],[-72.705228,41.769056],[-72.703429,41.76926]]]}},{"type":"Feature","properties":{"GEOID":"09190021701","STATEFP":"09","COUNTYFP":"190","TRACTCE":"021701","NAMELSAD":"Census Tract 217.01","NAMELSADCO":"Western Connecticut Planning Region","STATE_NAME":"Connecticut"},"geometry":{"type":"Polygon","coordinates":[[[-73.531164,41.057162],[-73.530556,41.057111],[-73.529622,41.059312],[-73.527869,41.058941],[-73.526767,41.058782],[-73.524118,41.057727],[-73.52412,41.055853],[-73.526278,41.054206],[-73.528191,41.053622],[-73.529111,41.05316],[-73.529318,41.053663],[-73.529685,41.055335],[-73.531024,41.055237],[-73.531181,41.056383],[-73.531164,41.057162]]]}},{"type":"Feature","properties":{"GEOID":"09110533103","STATEFP":"09","COUNTYFP":"110","TRACTCE":"533103","NAMELSAD":"Census Tract 5331.03","NAMELSADCO":"Capitol Planning Region","STATE_NAME":"Connecticut"},"geometry":{"type":"Polygon","coordinates":[[[-72.429516,41.915022],[-72.411542,41.917648],[-72.389456,41.91999],[-72.377932,41.921243],[-72.378964,41.916428],[-72.380811,41.913298],[-72.385335,41.908143],[-72.386892,41.902797],[-72.388997,41.899338],[-72.391844,41.898309],[-72.390172,41.894424],[-72.38684,41.890044],[-72.386537,41.88697],[-72.387066,41.884514],[-72.382186,41.881426],[-72.380465,41.877888],[-72.377272,41.876052],[-72.370812,41.875808],[-72.370723,41.875164],[-72.365749,41.87626],[-72.364418,41.875572],[-72.363375,41.873017],[-72.359527,41.872376],[-72.35761,41.870786],[-72.35537,41.870095],[-72.355083,41.867664],[-72.356421,41.866098],[-72.360995,41.864008],[-72.369078,41.860233],[-72.373014,41.857806],[-72.377457,41.85626],[-72.387946,41.853848],[-72.392296,41.854026],[-72.398039,41.855972],[-72.402675,41.855828],[-72.40542,41.854936],[-72.408164,41.854494],[-72.415821,41.854352],[-72.425207,41.855272],[-72.426263,41.862264],[-72.426939,41.8674],[-72.428017,41.874598],[-72.429622,41.891898],[-72.429324,41.893694],[-72.431225,41.91448],[-72.429516,41.915022]]]}},{"type":"Feature","properties":{"GEOID":"09110980003","STATEFP":"09","COUNTYFP":"110","TRACTCE":"980003","NAMELSAD":"Census Tract 9800.03","NAMELSADCO":"Capitol Planning Region","STATE_NAME":"Connecticut"},"geometry":{"type":"Polygon","coordinates":[[[-72.682522,41.949625],[-72.681273,41.950381],[-72.675615,41.950667],[-72.670799,41.954266],[-72.665752,41.956066],[-72.665004,41.955469],[-72.667387,41.951687],[-72.66976,41.949747],[-72.671549,41.947],[-72.682192,41.947767],[-72.682522,41.949625]]]}},{"type":"Feature","properties":{"GEOID":"09170166004","STATEFP":"09","COUNTYFP":"170","TRACTCE":"166004","NAMELSAD":"Census Tract 1660.04","NAMELSADCO":"South Central Connecticut Planning Region","STATE_NAME":"Connecticut"},"geometry":{"type":"Polygon","coordinates":[[[-72.915429,41.393343],[-72.913842,41.400089],[-72.912419,41.403579],[-72.907932,41.408987],[-72.907392,41.408842],[-72.901778,41.408221],[-72.902878,41.402275],[-72.904424,41.39391],[-72.904456,41.393791],[-72.904895,41.390474],[-72.906037,41.388718],[-72.906882,41.385209],[-72.909201,41.386893],[-72.910774,41.389206],[-72.912275,41.389498],[-72.913041,41.389464],[-72.915291,41.389278],[-72.915429,41.393343]]]}},{"type":"Feature","properties":{"GEOID":"09190020102","STATEFP":"09","COUNTYFP":"190","TRACTCE":"020102","NAMELSAD":"Census Tract 201.02","NAMELSADCO":"Western Connecticut Planning Region","STATE_NAME":"Connecticut"},"geometry":{"type":"Polygon","coordinates":[[[-73.545511,41.05072],[-73.545638,41.052221],[-73.545575,41.053697],[-73.543594,41.055589],[-73.543235,41.055604],[-73.543159,41.055605],[-73.538996,41.055275],[-73.537356,41.055193],[-73.53607,41.055218],[-73.535787,41.049889],[-73.538666,41.048665],[-73.539404,41.048404],[-73.542976,41.047217],[-73.545029,41.046638],[-73.545283,41.048141],[-73.545864,41.049764],[-73.545511,41.05072]]]}},{"type":"Feature","properties":{"GEOID":"09110500100","STATEFP":"09","COUNTYFP":"110","TRACTCE":"500100","NAMELSAD":"Census Tract 5001","NAMELSADCO":"Capitol Planning Region","STATE_NAME":"Connecticut"},"geometry":{"type":"Polygon","coordinates":[[[-72.683314,41.747349],[-72.680849,41.7467],[-72.67706,41.747179],[-72.677236,41.748289],[-72.673647,41.74888],[-72.672962,41.744038],[-72.676429,41.743466],[-72.682565,41.742431],[-72.682725,41.743179],[-72.683314,41.747349]]]}},{"type":"Feature","properties":{"GEOID":"09120070300","STATEFP":"09","COUNTYFP":"120","TRACTCE":"070300","NAMELSAD":"Census Tract 703","NAMELSADCO":"Greater Bridgeport Planning Region","STATE_NAME":"Connecticut"},"geometry":{"type":"Polygon","coordinates":[[[-73.217424,41.166649],[-73.216491,41.16749],[-73.208451,41.168192],[-73.201067,41.168843],[-73.197002,41.169183],[-73.19945,41.167127],[-73.206363,41.161838],[-73.207536,41.160756],[-73.211257,41.157796],[-73.214157,41.155996],[-73.216157,41.155196],[-73.216695,41.160606],[-73.217112,41.163569],[-73.218643,41.165514],[-73.217424,41.166649]]]}},{"type":"Feature","properties":{"GEOID":"09140405300","STATEFP":"09","COUNTYFP":"140","TRACTCE":"405300","NAMELSAD":"Census Tract 4053","NAMELSADCO":"Naugatuck Valley Planning Region","STATE_NAME":"Connecticut"},"geometry":{"type":"Polygon","coordinates":[[[-72.91459,41.693461],[-72.908369,41.695815],[-72.902649,41.697833],[-72.89375,41.699575],[-72.892883,41.696693],[-72.891896,41.69254],[-72.89032,41.684057],[-72.889214,41.678075],[-72.890412,41.677885],[-72.895611,41.677781],[-72.902914,41.677042],[-72.903244,41.677571],[-72.903489,41.679614],[-72.905172,41.680141],[-72.911217,41.686466],[-72.911821,41.687996],[-72.912777,41.689847],[-72.914062,41.692885],[-72.914415,41.693296],[-72.91459,41.693461]]]}},{"type":"Feature","properties":{"GEOID":"09110497400","STATEFP":"09","COUNTYFP":"110","TRACTCE":"497400","NAMELSAD":"Census Tract 4974","NAMELSADCO":"Capitol Planning Region","STATE_NAME":"Connecticut"},"geometry":{"type":"Polygon","coordinates":[[[-72.766246,41.787367],[-72.74954,41.785659],[-72.747763,41.785687],[-72.747052,41.785754],[-72.740946,41.786534],[-72.740997,41.78614],[-72.737929,41.782226],[-72.737107,41.778963],[-72.746144,41.779252],[-72.745409,41.776452],[-72.745236,41.77499],[-72.745053,41.773501],[-72.74305,41.769225],[-72.749296,41.768109],[-72.758153,41.766648],[-72.763631,41.765422],[-72.764572,41.765738],[-72.764721,41.765868],[-72.765171,41.769425],[-72.764813,41.772311],[-72.765253,41.774148],[-72.766246,41.787367]]]}},{"type":"Feature","properties":{"GEOID":"09190042600","STATEFP":"09","COUNTYFP":"190","TRACTCE":"042600","NAMELSAD":"Census Tract 426","NAMELSADCO":"Western Connecticut Planning Region","STATE_NAME":"Connecticut"},"geometry":{"type":"Polygon","coordinates":[[[-73.399814,41.135771],[-73.398434,41.138689],[-73.396953,41.140315],[-73.395489,41.142314],[-73.393829,41.147808],[-73.388086,41.156484],[-73.388769,41.148948],[-73.386684,41.146006],[-73.382684,41.141685],[-73.382767,41.139842],[-73.382888,41.139757],[-73.382904,41.139043],[-73.381471,41.131903],[-73.381126,41.128603],[-73.384287,41.127594],[-73.395671,41.124859],[-73.397179,41.128911],[-73.395318,41.129914],[-73.396522,41.1328],[-73.397921,41.132496],[-73.399627,41.135613],[-73.399814,41.135771]]]}},{"type":"Feature","properties":{"GEOID":"09170140600","STATEFP":"09","COUNTYFP":"170","TRACTCE":"140600","NAMELSAD":"Census Tract 1406","NAMELSADCO":"South Central Connecticut Planning Region","STATE_NAME":"Connecticut"},"geometry":{"type":"Polygon","coordinates":[[[-72.947985,41.297579],[-72.943211,41.300515],[-72.944617,41.303035],[-72.946922,41.305889],[-72.942632,41.306028],[-72.939227,41.306146],[-72.937595,41.306074],[-72.937549,41.305619],[-72.936378,41.303212],[-72.935296,41.301352],[-72.934945,41.300319],[-72.934267,41.297813],[-72.935877,41.297754],[-72.940912,41.297641],[-72.948907,41.297472],[-72.947985,41.297579]]]}},{"type":"Feature","properties":{"GEOID":"09140351300","STATEFP":"09","COUNTYFP":"140","TRACTCE":"351300","NAMELSAD":"Census Tract 3513","NAMELSADCO":"Naugatuck Valley Planning Region","STATE_NAME":"Connecticut"},"geometry":{"type":"Polygon","coordinates":[[[-73.026428,41.54629],[-73.022557,41.54599],[-73.017808,41.546857],[-73.020398,41.548456],[-73.019575,41.550774],[-73.01763,41.551847],[-73.016836,41.552656],[-73.013734,41.556445],[-73.01279,41.557727],[-73.011534,41.56096],[-73.009498,41.564036],[-73.008825,41.565004],[-73.005486,41.560826],[-73.0048,41.558945],[-73.004789,41.55519],[-73.00526,41.553987],[-73.00688,41.55245],[-73.00743,41.551964],[-73.008862,41.549929],[-73.008597,41.548262],[-73.009928,41.544082],[-73.009031,41.543665],[-73.008734,41.543555],[-73.008831,41.542855],[-73.008769,41.542327],[-73.008727,41.542188],[-73.008784,41.540659],[-73.010547,41.539067],[-73.017746,41.539958],[-73.019967,41.540622],[-73.022863,41.541984],[-73.025064,41.543354],[-73.026888,41.546077],[-73.026428,41.54629]]]}},{"type":"Feature","properties":{"GEOID":"09170155100","STATEFP":"09","COUNTYFP":"170","TRACTCE":"155100","NAMELSAD":"Census Tract 1551","NAMELSADCO":"South Central Connecticut Planning Region","STATE_NAME":"Connecticut"},"geometry":{"type":"Polygon","coordinates":[[[-72.959922,41.253412],[-72.956761,41.25502],[-72.954575,41.256496],[-72.950879,41.258963],[-72.950732,41.262214],[-72.946634,41.262689],[-72.944131,41.263077],[-72.9422,41.263519],[-72.939406,41.264165],[-72.938596,41.264385],[-72.934383,41.267484],[-72.9310563200892,41.264741004582],[-72.931016,41.262669],[-72.9312674811294,41.2623418134787],[-72.931305,41.262293],[-72.936192,41.259888],[-72.939547,41.258836],[-72.953154,41.255421],[-72.9546242318511,41.2543383385063],[-72.9569457356074,41.2526288103645],[-72.957213,41.252432],[-72.9600273351967,41.2521452848861],[-72.959922,41.253412]]]}},{"type":"Feature","properties":{"GEOID":"09180702400","STATEFP":"09","COUNTYFP":"180","TRACTCE":"702400","NAMELSAD":"Census Tract 7024","NAMELSADCO":"Southeastern Connecticut Planning Region","STATE_NAME":"Connecticut"},"geometry":{"type":"Polygon","coordinates":[[[-72.088055,41.363793],[-72.074972,41.364411],[-72.074422,41.364425],[-72.071112,41.361601],[-72.07119,41.360133],[-72.067829,41.358056],[-72.065788,41.355893],[-72.064526,41.353273],[-72.064431,41.343877],[-72.069275,41.34526],[-72.074039,41.347045],[-72.075912,41.347367],[-72.078255,41.347781],[-72.082862,41.352531],[-72.08612,41.352598],[-72.08682,41.355698],[-72.087838,41.363134],[-72.088055,41.363793]]]}},{"type":"Feature","properties":{"GEOID":"09110420601","STATEFP":"09","COUNTYFP":"110","TRACTCE":"420601","NAMELSAD":"Census Tract 4206.01","NAMELSADCO":"Capitol Planning Region","STATE_NAME":"Connecticut"},"geometry":{"type":"Polygon","coordinates":[[[-72.870588,41.650695],[-72.866098,41.659807],[-72.862989,41.665345],[-72.862505,41.666199],[-72.859228,41.672726],[-72.85208,41.670423],[-72.853588,41.668153],[-72.852788,41.664783],[-72.853307,41.663092],[-72.854404,41.658625],[-72.858417,41.65674],[-72.862438,41.657166],[-72.865401,41.655083],[-72.866206,41.651094],[-72.870588,41.650695]]]}},{"type":"Feature","properties":{"GEOID":"09110430604","STATEFP":"09","COUNTYFP":"110","TRACTCE":"430604","NAMELSAD":"Census Tract 4306.04","NAMELSADCO":"Capitol Planning Region","STATE_NAME":"Connecticut"},"geometry":{"type":"Polygon","coordinates":[[[-72.938501,41.644311],[-72.928604,41.645454],[-72.927779,41.640725],[-72.921954,41.64114],[-72.923911,41.645492],[-72.91012,41.647115],[-72.903011,41.647495],[-72.883388,41.649468],[-72.872924,41.650486],[-72.870588,41.650695],[-72.871881,41.648111],[-72.874029,41.644246],[-72.873624,41.631806],[-72.884356,41.623992],[-72.893457,41.618555],[-72.894589,41.617501],[-72.89897,41.611941],[-72.900519,41.609579],[-72.901348,41.606353],[-72.906088,41.605863],[-72.909434,41.607925],[-72.91143,41.609844],[-72.916316,41.611198],[-72.918548,41.613648],[-72.921809,41.61476],[-72.921955,41.610456],[-72.923737,41.607525],[-72.929241,41.607992],[-72.930273,41.605757],[-72.932906,41.606158],[-72.93376,41.607108],[-72.933644,41.607794],[-72.935207,41.619419],[-72.938147,41.640297],[-72.938501,41.644311]]]}},{"type":"Feature","properties":{"GEOID":"09180696401","STATEFP":"09","COUNTYFP":"180","TRACTCE":"696401","NAMELSAD":"Census Tract 6964.01","NAMELSADCO":"Southeastern Connecticut Planning Region","STATE_NAME":"Connecticut"},"geometry":{"type":"Polygon","coordinates":[[[-72.072348,41.536079],[-72.070938,41.537634],[-72.070932,41.539658],[-72.071131,41.542139],[-72.069978,41.544379],[-72.069646,41.547227],[-72.067229,41.549196],[-72.065515,41.552518],[-72.065421,41.555054],[-72.06641,41.558866],[-72.067422,41.560246],[-72.062922,41.561024],[-72.059048,41.560199],[-72.05685,41.560509],[-72.052325,41.557436],[-72.050615,41.555571],[-72.048148,41.557783],[-72.045045,41.558075],[-72.04612,41.555998],[-72.04582,41.549298],[-72.04672,41.548098],[-72.04892,41.546298],[-72.050264,41.541802],[-72.052212,41.534857],[-72.053829,41.531292],[-72.058773,41.528049],[-72.061638,41.526114],[-72.062763,41.52814],[-72.065929,41.52693],[-72.069526,41.531085],[-72.069843,41.53153],[-72.071978,41.532082],[-72.072308,41.533904],[-72.072348,41.536079]]]}},{"type":"Feature","properties":{"GEOID":"09170140102","STATEFP":"09","COUNTYFP":"170","TRACTCE":"140102","NAMELSAD":"Census Tract 1401.02","NAMELSADCO":"South Central Connecticut Planning Region","STATE_NAME":"Connecticut"},"geometry":{"type":"Polygon","coordinates":[[[-72.928462,41.302329],[-72.928124,41.302786],[-72.925758,41.306044],[-72.924142,41.308201],[-72.92251,41.31042],[-72.92099,41.309767],[-72.919507,41.309155],[-72.918745,41.308892],[-72.919205,41.307368],[-72.920269,41.30391],[-72.920755,41.301284],[-72.920978,41.30097],[-72.921137,41.300883],[-72.922305,41.300988],[-72.924314,41.301006],[-72.92598,41.301006],[-72.928642,41.302102],[-72.928462,41.302329]]]}},{"type":"Feature","properties":{"GEOID":"09140425400","STATEFP":"09","COUNTYFP":"140","TRACTCE":"425400","NAMELSAD":"Census Tract 4254","NAMELSADCO":"Naugatuck Valley Planning Region","STATE_NAME":"Connecticut"},"geometry":{"type":"Polygon","coordinates":[[[-73.064092,41.644872],[-73.062056,41.659735],[-73.061174,41.665196],[-73.060312,41.673244],[-73.057783,41.671867],[-73.053065,41.671941],[-73.04878,41.671515],[-73.043561,41.673917],[-73.035716,41.675177],[-73.032566,41.676991],[-73.029104,41.677499],[-73.025013,41.678654],[-73.024965,41.678658],[-73.02324,41.678836],[-73.019664,41.679805],[-73.017191,41.680349],[-73.011158,41.678431],[-73.01163,41.676939],[-73.009386,41.675532],[-73.009889,41.671701],[-73.008295,41.667623],[-73.00712,41.663898],[-73.002661,41.662202],[-73.002364,41.661603],[-72.995577,41.660634],[-72.990512,41.661848],[-72.987636,41.660433],[-72.985842,41.652076],[-72.983084,41.639516],[-73.003146,41.629083],[-73.021471,41.627104],[-73.01865,41.614097],[-73.034777,41.615134],[-73.036156,41.615197],[-73.050362,41.609748],[-73.063987,41.639571],[-73.064819,41.641039],[-73.064092,41.644872]]]}},{"type":"Feature","properties":{"GEOID":"09140130101","STATEFP":"09","COUNTYFP":"140","TRACTCE":"130101","NAMELSAD":"Census Tract 1301.01","NAMELSADCO":"Naugatuck Valley Planning Region","STATE_NAME":"Connecticut"},"geometry":{"type":"Polygon","coordinates":[[[-73.076253,41.396016],[-73.07205,41.397234],[-73.070908,41.398117],[-73.068542,41.402935],[-73.068825,41.404259],[-73.071869,41.406429],[-73.073695,41.410553],[-73.068473,41.410737],[-73.070256,41.41136],[-73.069582,41.413773],[-73.067881,41.416663],[-73.065268,41.41877],[-73.063108,41.423598],[-73.049803,41.421972],[-73.041651,41.420896],[-73.046409,41.401691],[-73.047543,41.395834],[-73.047608,41.395611],[-73.048203,41.391499],[-73.04907,41.381053],[-73.052537,41.379267],[-73.054835,41.377326],[-73.056875,41.377384],[-73.058777,41.378516],[-73.057076,41.380844],[-73.05572,41.383633],[-73.056434,41.38558],[-73.058362,41.38645],[-73.060176,41.386083],[-73.060819,41.386929],[-73.064266,41.388911],[-73.065632,41.387445],[-73.06654,41.388252],[-73.067187,41.388563],[-73.067287,41.388672],[-73.067321,41.388961],[-73.067619,41.389393],[-73.068427,41.38913],[-73.070026,41.388641],[-73.071072,41.3886],[-73.073082,41.391544],[-73.073174,41.392283],[-73.074805,41.392256],[-73.076155,41.393182],[-73.076253,41.396016]]]}},{"type":"Feature","properties":{"GEOID":"09170141500","STATEFP":"09","COUNTYFP":"170","TRACTCE":"141500","NAMELSAD":"Census Tract 1415","NAMELSADCO":"South Central Connecticut Planning Region","STATE_NAME":"Connecticut"},"geometry":{"type":"Polygon","coordinates":[[[-72.942364,41.32899],[-72.941013,41.329859],[-72.939702,41.332035],[-72.939233,41.33529],[-72.940553,41.335846],[-72.937914,41.335665],[-72.935193,41.335471],[-72.930439,41.334896],[-72.926978,41.334587],[-72.924896,41.334493],[-72.925098,41.33263],[-72.926544,41.328791],[-72.927377,41.326507],[-72.928984,41.321521],[-72.930611,41.321711],[-72.934902,41.3228],[-72.93518,41.322857],[-72.938378,41.323022],[-72.940525,41.323547],[-72.940869,41.324633],[-72.941232,41.327652],[-72.942364,41.32899]]]}},{"type":"Feature","properties":{"GEOID":"09170180300","STATEFP":"09","COUNTYFP":"170","TRACTCE":"180300","NAMELSAD":"Census Tract 1803","NAMELSADCO":"South Central Connecticut Planning Region","STATE_NAME":"Connecticut"},"geometry":{"type":"Polygon","coordinates":[[[-72.87816,41.269859],[-72.871979,41.278015],[-72.87108,41.282102],[-72.870324,41.283293],[-72.865509,41.281736],[-72.860324,41.282169],[-72.859344,41.281012],[-72.860534,41.277485],[-72.862631,41.273585],[-72.862625,41.271449],[-72.864047,41.269549],[-72.862474,41.269783],[-72.861032,41.266613],[-72.864637,41.266055],[-72.867382,41.267686],[-72.870357,41.265689],[-72.872542,41.266509],[-72.872072,41.269081],[-72.876114,41.269489],[-72.87816,41.269859]]]}},{"type":"Feature","properties":{"GEOID":"09170170100","STATEFP":"09","COUNTYFP":"170","TRACTCE":"170100","NAMELSAD":"Census Tract 1701","NAMELSADCO":"South Central Connecticut Planning Region","STATE_NAME":"Connecticut"},"geometry":{"type":"Polygon","coordinates":[[[-72.802076,41.53796],[-72.798712,41.541708],[-72.796464,41.543943],[-72.795652,41.543852],[-72.793656,41.543819],[-72.793627,41.54037],[-72.793371,41.534768],[-72.793712,41.533898],[-72.798136,41.536588],[-72.800805,41.537488],[-72.802076,41.53796]]]}},{"type":"Feature","properties":{"GEOID":"09120072800","STATEFP":"09","COUNTYFP":"120","TRACTCE":"072800","NAMELSAD":"Census Tract 728","NAMELSADCO":"Greater Bridgeport Planning Region","STATE_NAME":"Connecticut"},"geometry":{"type":"Polygon","coordinates":[[[-73.202836,41.219642],[-73.201144,41.221546],[-73.201072,41.228295],[-73.196405,41.227719],[-73.195241,41.227254],[-73.195111,41.226177],[-73.193504,41.221947],[-73.192657,41.219794],[-73.192249,41.216877],[-73.191828,41.213496],[-73.191799,41.213242],[-73.191618,41.211804],[-73.191781,41.209317],[-73.192943,41.207382],[-73.196204,41.207773],[-73.196654,41.208758],[-73.198832,41.210608],[-73.199037,41.210876],[-73.19986,41.212572],[-73.200975,41.213733],[-73.201947,41.214941],[-73.202542,41.216111],[-73.202592,41.218444],[-73.202836,41.219642]]]}},{"type":"Feature","properties":{"GEOID":"09180702300","STATEFP":"09","COUNTYFP":"180","TRACTCE":"702300","NAMELSAD":"Census Tract 7023","NAMELSADCO":"Southeastern Connecticut Planning Region","STATE_NAME":"Connecticut"},"geometry":{"type":"Polygon","coordinates":[[[-72.092921,41.386998],[-72.086773,41.384995],[-72.086114,41.388015],[-72.078986,41.38744],[-72.076727,41.381285],[-72.071436,41.370399],[-72.071074,41.369848],[-72.068557,41.365835],[-72.067549,41.364275],[-72.070003,41.364523],[-72.074422,41.364425],[-72.074972,41.364411],[-72.088055,41.363793],[-72.08962,41.367598],[-72.09052,41.369598],[-72.09322,41.377098],[-72.092921,41.386998]]]}},{"type":"Feature","properties":{"GEOID":"09110471300","STATEFP":"09","COUNTYFP":"110","TRACTCE":"471300","NAMELSAD":"Census Tract 4713","NAMELSADCO":"Capitol Planning Region","STATE_NAME":"Connecticut"},"geometry":{"type":"Polygon","coordinates":[[[-72.752642,41.818517],[-72.749747,41.826522],[-72.748954,41.830403],[-72.749026,41.830409],[-72.745523,41.841291],[-72.742642,41.840615],[-72.742081,41.840336],[-72.738196,41.839529],[-72.733469,41.838292],[-72.733459,41.837602],[-72.72635,41.837627],[-72.720258,41.836134],[-72.719428,41.832491],[-72.720058,41.829571],[-72.71925,41.828468],[-72.720379,41.826047],[-72.720364,41.824008],[-72.721036,41.817788],[-72.722099,41.816421],[-72.714952,41.806655],[-72.71759,41.806623],[-72.719102,41.806529],[-72.729431,41.806418],[-72.750621,41.80595],[-72.749064,41.808879],[-72.749031,41.812967],[-72.747811,41.816711],[-72.748141,41.817059],[-72.751774,41.817226],[-72.752642,41.818517]]]}},{"type":"Feature","properties":{"GEOID":"09130570100","STATEFP":"09","COUNTYFP":"130","TRACTCE":"570100","NAMELSAD":"Census Tract 5701","NAMELSADCO":"Lower Connecticut River Valley Planning Region","STATE_NAME":"Connecticut"},"geometry":{"type":"Polygon","coordinates":[[[-72.7151,41.608074],[-72.713644,41.610736],[-72.712567,41.616684],[-72.711274,41.617693],[-72.713079,41.619286],[-72.713287,41.620839],[-72.715527,41.622821],[-72.7155,41.625573],[-72.713897,41.627705],[-72.688425,41.631399],[-72.675884,41.633093],[-72.676984,41.629189],[-72.675572,41.623877],[-72.675274,41.622745],[-72.675958,41.611463],[-72.676596,41.606977],[-72.676078,41.602543],[-72.677194,41.599061],[-72.677099,41.597997],[-72.679511,41.597132],[-72.680325,41.597373],[-72.680956,41.600491],[-72.684072,41.601862],[-72.689215,41.60077],[-72.694301,41.601422],[-72.696511,41.600339],[-72.705171,41.603251],[-72.707739,41.602658],[-72.70849,41.60378],[-72.712446,41.602423],[-72.714538,41.60431],[-72.715924,41.606424],[-72.7151,41.608074]]]}},{"type":"Feature","properties":{"GEOID":"09110417200","STATEFP":"09","COUNTYFP":"110","TRACTCE":"417200","NAMELSAD":"Census Tract 4172","NAMELSADCO":"Capitol Planning Region","STATE_NAME":"Connecticut"},"geometry":{"type":"Polygon","coordinates":[[[-72.77038,41.688449],[-72.767217,41.688547],[-72.764081,41.691279],[-72.759822,41.691434],[-72.758241,41.693436],[-72.7576,41.689289],[-72.757552,41.688743],[-72.761708,41.684406],[-72.761897,41.684159],[-72.767616,41.683559],[-72.76754,41.683821],[-72.767805,41.684955],[-72.77038,41.688449]]]}},{"type":"Feature","properties":{"GEOID":"09190020301","STATEFP":"09","COUNTYFP":"190","TRACTCE":"020301","NAMELSAD":"Census Tract 203.01","NAMELSADCO":"Western Connecticut Planning Region","STATE_NAME":"Connecticut"},"geometry":{"type":"Polygon","coordinates":[[[-73.5861737573394,41.1656141219311],[-73.5791541052827,41.1687733413423],[-73.564941,41.17517],[-73.5647586721642,41.1752542873136],[-73.5546500736944,41.1799273346628],[-73.553599,41.179199],[-73.552265,41.17608],[-73.553052,41.17417],[-73.543746,41.163657],[-73.541987,41.163129],[-73.540021,41.160067],[-73.538724,41.160052],[-73.535784,41.157795],[-73.534868,41.155717],[-73.532327,41.154389],[-73.533054,41.151972],[-73.534215,41.151626],[-73.534134,41.15024],[-73.534057,41.149819],[-73.533245,41.147776],[-73.534571,41.142167],[-73.536977,41.137525],[-73.539723,41.134363],[-73.542523,41.136165],[-73.543454,41.136481],[-73.546053,41.134394],[-73.545871,41.133187],[-73.549634,41.132218],[-73.551414,41.132815],[-73.558361,41.132003],[-73.558588,41.137868],[-73.561575,41.140147],[-73.56389,41.141071],[-73.564247,41.143795],[-73.567981,41.147602],[-73.570702,41.147927],[-73.570523,41.150595],[-73.57122,41.151526],[-73.571503,41.151958],[-73.571607,41.15258],[-73.571605,41.152927],[-73.571716,41.153009],[-73.572068,41.153504],[-73.572415,41.153738],[-73.572704,41.153781],[-73.574006,41.154608],[-73.57491,41.156977],[-73.575106,41.160626],[-73.577999,41.163283],[-73.58106,41.162754],[-73.58491,41.160629],[-73.5874541111645,41.1650378941317],[-73.5861737573394,41.1656141219311]]]}},{"type":"Feature","properties":{"GEOID":"09110490304","STATEFP":"09","COUNTYFP":"110","TRACTCE":"490304","NAMELSAD":"Census Tract 4903.04","NAMELSADCO":"Capitol Planning Region","STATE_NAME":"Connecticut"},"geometry":{"type":"Polygon","coordinates":[[[-72.715296,41.652706],[-72.709071,41.653152],[-72.703,41.654271],[-72.706039,41.668799],[-72.695875,41.670062],[-72.693497,41.670971],[-72.688374,41.670994],[-72.683111,41.671851],[-72.682407,41.670837],[-72.672465,41.669642],[-72.671746,41.6696],[-72.66994,41.669893],[-72.67475,41.666971],[-72.678734,41.662649],[-72.678857,41.662086],[-72.678429,41.658236],[-72.679901,41.65476],[-72.679379,41.650745],[-72.682613,41.649274],[-72.692121,41.647868],[-72.693581,41.645852],[-72.696969,41.640208],[-72.696737,41.638172],[-72.704709,41.636947],[-72.706435,41.636234],[-72.707896,41.636964],[-72.713833,41.636205],[-72.715296,41.652706]]]}},{"type":"Feature","properties":{"GEOID":"09190021702","STATEFP":"09","COUNTYFP":"190","TRACTCE":"021702","NAMELSAD":"Census Tract 217.02","NAMELSADCO":"Western Connecticut Planning Region","STATE_NAME":"Connecticut"},"geometry":{"type":"Polygon","coordinates":[[[-73.537853,41.057126],[-73.535276,41.059139],[-73.53367,41.060284],[-73.531565,41.060747],[-73.529958,41.059383],[-73.529622,41.059312],[-73.530556,41.057111],[-73.531164,41.057162],[-73.531181,41.056383],[-73.531024,41.055237],[-73.529685,41.055335],[-73.529318,41.053663],[-73.529111,41.05316],[-73.530607,41.052216],[-73.533669,41.050602],[-73.535787,41.049889],[-73.53607,41.055218],[-73.53608,41.056671],[-73.537853,41.057126]]]}},{"type":"Feature","properties":{"GEOID":"09110530600","STATEFP":"09","COUNTYFP":"110","TRACTCE":"530600","NAMELSAD":"Census Tract 5306","NAMELSADCO":"Capitol Planning Region","STATE_NAME":"Connecticut"},"geometry":{"type":"Polygon","coordinates":[[[-72.469983,41.804529],[-72.470291,41.808077],[-72.469272,41.810611],[-72.469472,41.812261],[-72.466416,41.81417],[-72.464068,41.81696],[-72.463852,41.819398],[-72.462076,41.823482],[-72.463237,41.825327],[-72.463997,41.826995],[-72.466715,41.832498],[-72.452191,41.840133],[-72.445894,41.843423],[-72.44351,41.844944],[-72.433682,41.852742],[-72.431924,41.853804],[-72.429404,41.854735],[-72.427433,41.85513],[-72.425207,41.855272],[-72.421527,41.825498],[-72.421257,41.824238],[-72.418891,41.806559],[-72.429428,41.8049],[-72.439223,41.803622],[-72.449128,41.802098],[-72.45514,41.801448],[-72.473388,41.798277],[-72.469983,41.804529]]]}},{"type":"Feature","properties":{"GEOID":"09180980000","STATEFP":"09","COUNTYFP":"180","TRACTCE":"980000","NAMELSAD":"Census Tract 9800","NAMELSADCO":"Southeastern Connecticut Planning Region","STATE_NAME":"Connecticut"},"geometry":{"type":"Polygon","coordinates":[[[-72.09648,41.398997],[-72.095821,41.400398],[-72.095521,41.402198],[-72.096021,41.408798],[-72.095021,41.411598],[-72.092353,41.410381],[-72.092996,41.406878],[-72.089215,41.409081],[-72.086436,41.409491],[-72.086154,41.408497],[-72.08295,41.409017],[-72.080101,41.408323],[-72.07734,41.40561],[-72.079885,41.403221],[-72.080491,41.400186],[-72.080477,41.39209],[-72.078986,41.38744],[-72.086114,41.388015],[-72.086773,41.384995],[-72.092921,41.386998],[-72.092921,41.388898],[-72.094221,41.392698],[-72.097221,41.396198],[-72.09648,41.398997]]]}},{"type":"Feature","properties":{"GEOID":"09120080100","STATEFP":"09","COUNTYFP":"120","TRACTCE":"080100","NAMELSAD":"Census Tract 801","NAMELSADCO":"Greater Bridgeport Planning Region","STATE_NAME":"Connecticut"},"geometry":{"type":"Polygon","coordinates":[[[-73.155505,41.203867],[-73.151787,41.203422],[-73.150332,41.203448],[-73.148121,41.204117],[-73.147803,41.203711],[-73.146029,41.201885],[-73.145159,41.200793],[-73.142097,41.196007],[-73.141263,41.195178],[-73.144192,41.19391],[-73.147695,41.1927],[-73.14902,41.192186],[-73.155115,41.189992],[-73.154812,41.191646],[-73.153819,41.192533],[-73.154672,41.193393],[-73.154866,41.195663],[-73.15646,41.200492],[-73.155505,41.203867]]]}},{"type":"Feature","properties":{"GEOID":"09190010800","STATEFP":"09","COUNTYFP":"190","TRACTCE":"010800","NAMELSAD":"Census Tract 108","NAMELSADCO":"Western Connecticut Planning Region","STATE_NAME":"Connecticut"},"geometry":{"type":"Polygon","coordinates":[[[-73.607045,41.052828],[-73.604463,41.049776],[-73.603586,41.047827],[-73.59864,41.042832],[-73.596166,41.041958],[-73.596005,41.041062],[-73.593875,41.041815],[-73.591479,41.043937],[-73.590809,41.042171],[-73.589298,41.042206],[-73.589565,41.040879],[-73.594627,41.030812],[-73.602677,41.029138],[-73.605677,41.027863],[-73.605496,41.032667],[-73.606706,41.036658],[-73.605351,41.036649],[-73.607005,41.045532],[-73.606599,41.047004],[-73.607876,41.050858],[-73.607045,41.052828]]]}},{"type":"Feature","properties":{"GEOID":"09120080700","STATEFP":"09","COUNTYFP":"120","TRACTCE":"080700","NAMELSAD":"Census Tract 807","NAMELSADCO":"Greater Bridgeport Planning Region","STATE_NAME":"Connecticut"},"geometry":{"type":"Polygon","coordinates":[[[-73.141263,41.195178],[-73.137651,41.196835],[-73.134499,41.198143],[-73.132695,41.198894],[-73.131699,41.199041],[-73.123736,41.198539],[-73.118526,41.199271],[-73.116099,41.200674],[-73.115827,41.200653],[-73.112269,41.200595],[-73.110572,41.20027],[-73.115353,41.193497],[-73.116233,41.192586],[-73.120753,41.188497],[-73.121366,41.187444],[-73.12377,41.188306],[-73.123503,41.189859],[-73.127608,41.190016],[-73.127049,41.191262],[-73.130366,41.19138],[-73.130533,41.189862],[-73.132397,41.189926],[-73.133986,41.190436],[-73.135731,41.191284],[-73.137036,41.191852],[-73.141221,41.193531],[-73.141263,41.195178]]]}},{"type":"Feature","properties":{"GEOID":"09110515101","STATEFP":"09","COUNTYFP":"110","TRACTCE":"515101","NAMELSAD":"Census Tract 5151.01","NAMELSADCO":"Capitol Planning Region","STATE_NAME":"Connecticut"},"geometry":{"type":"Polygon","coordinates":[[[-72.556617,41.766613],[-72.547835,41.765422],[-72.543522,41.764611],[-72.541718,41.764491],[-72.538987,41.764381],[-72.53672,41.764311],[-72.535207,41.764397],[-72.531851,41.765304],[-72.530449,41.764853],[-72.530024,41.764894],[-72.526136,41.764304],[-72.520431,41.764581],[-72.520689,41.762751],[-72.52108,41.758936],[-72.520362,41.75528],[-72.522518,41.753187],[-72.526231,41.752826],[-72.52777,41.755124],[-72.528286,41.752866],[-72.53445,41.752125],[-72.535372,41.751461],[-72.540078,41.751005],[-72.542011,41.758434],[-72.542044,41.759745],[-72.54553,41.759508],[-72.548504,41.760295],[-72.551817,41.7622],[-72.555185,41.764955],[-72.556617,41.766613]]]}},{"type":"Feature","properties":{"GEOID":"09110416300","STATEFP":"09","COUNTYFP":"110","TRACTCE":"416300","NAMELSAD":"Census Tract 4163","NAMELSADCO":"Capitol Planning Region","STATE_NAME":"Connecticut"},"geometry":{"type":"Polygon","coordinates":[[[-72.775735,41.671906],[-72.774139,41.673458],[-72.773726,41.673781],[-72.769173,41.677533],[-72.768717,41.679496],[-72.768445,41.680865],[-72.767616,41.683559],[-72.761897,41.684159],[-72.761708,41.684406],[-72.757552,41.688743],[-72.755217,41.677048],[-72.755153,41.676055],[-72.754427,41.672096],[-72.754825,41.672029],[-72.757039,41.671854],[-72.764055,41.671171],[-72.763484,41.672028],[-72.771881,41.6713],[-72.776671,41.670951],[-72.775735,41.671906]]]}},{"type":"Feature","properties":{"GEOID":"09170170700","STATEFP":"09","COUNTYFP":"170","TRACTCE":"170700","NAMELSAD":"Census Tract 1707","NAMELSADCO":"South Central Connecticut Planning Region","STATE_NAME":"Connecticut"},"geometry":{"type":"Polygon","coordinates":[[[-72.821737,41.531055],[-72.821065,41.532625],[-72.819032,41.535833],[-72.81833,41.53664],[-72.814974,41.539619],[-72.81377,41.5397],[-72.810251,41.53898],[-72.811388,41.536558],[-72.81032,41.534935],[-72.814282,41.533583],[-72.815147,41.531035],[-72.811375,41.530428],[-72.812557,41.528344],[-72.814055,41.525716],[-72.81477,41.524886],[-72.818576,41.527195],[-72.823139,41.528537],[-72.821737,41.531055]]]}},{"type":"Feature","properties":{"GEOID":"09160310500","STATEFP":"09","COUNTYFP":"160","TRACTCE":"310500","NAMELSAD":"Census Tract 3105","NAMELSADCO":"Northwest Hills Planning Region","STATE_NAME":"Connecticut"},"geometry":{"type":"Polygon","coordinates":[[[-73.108543,41.808426],[-73.106655,41.809669],[-73.10641,41.815046],[-73.103098,41.817775],[-73.096044,41.819503],[-73.091943,41.820212],[-73.092958,41.816417],[-73.09308,41.816351],[-73.093181,41.815404],[-73.094827,41.809723],[-73.096109,41.806174],[-73.098527,41.80629],[-73.101344,41.806233],[-73.101769,41.806247],[-73.104795,41.806304],[-73.108528,41.806565],[-73.110192,41.807658],[-73.108543,41.808426]]]}},{"type":"Feature","properties":{"GEOID":"09140405700","STATEFP":"09","COUNTYFP":"140","TRACTCE":"405700","NAMELSAD":"Census Tract 4057","NAMELSADCO":"Naugatuck Valley Planning Region","STATE_NAME":"Connecticut"},"geometry":{"type":"Polygon","coordinates":[[[-72.99138,41.679924],[-72.983658,41.680457],[-72.977407,41.681539],[-72.972346,41.681679],[-72.971598,41.681419],[-72.967261,41.680499],[-72.957085,41.681146],[-72.956142,41.681241],[-72.950816,41.681824],[-72.949228,41.681579],[-72.950922,41.678487],[-72.950317,41.675457],[-72.950149,41.674663],[-72.949697,41.672284],[-72.949435,41.671787],[-72.950185,41.671675],[-72.956796,41.672515],[-72.961326,41.672236],[-72.966105,41.671376],[-72.968832,41.670585],[-72.972527,41.670518],[-72.978741,41.671188],[-72.982518,41.670022],[-72.985883,41.670382],[-72.989473,41.66958],[-72.99138,41.679924]]]}},{"type":"Feature","properties":{"GEOID":"09170142000","STATEFP":"09","COUNTYFP":"170","TRACTCE":"142000","NAMELSAD":"Census Tract 1420","NAMELSADCO":"South Central Connecticut Planning Region","STATE_NAME":"Connecticut"},"geometry":{"type":"Polygon","coordinates":[[[-72.923777,41.310958],[-72.922204,41.313212],[-72.921618,41.313886],[-72.919753,41.31781],[-72.918906,41.319638],[-72.916762,41.318926],[-72.914668,41.318187],[-72.911437,41.316634],[-72.909581,41.31575],[-72.912043,41.314148],[-72.919507,41.309155],[-72.92099,41.309767],[-72.92251,41.31042],[-72.922616,41.310476],[-72.923777,41.310958]]]}},{"type":"Feature","properties":{"GEOID":"09170142604","STATEFP":"09","COUNTYFP":"170","TRACTCE":"142604","NAMELSAD":"Census Tract 1426.04","NAMELSADCO":"South Central Connecticut Planning Region","STATE_NAME":"Connecticut"},"geometry":{"type":"Polygon","coordinates":[[[-72.891735,41.302482],[-72.887869,41.308973],[-72.886242,41.308242],[-72.884836,41.30941],[-72.881944,41.308034],[-72.878491,41.309403],[-72.873979,41.308589],[-72.87364,41.306847],[-72.876287,41.303561],[-72.877538,41.30093],[-72.88026,41.297336],[-72.882517,41.29323],[-72.887883,41.29728],[-72.889847,41.298643],[-72.889769,41.299235],[-72.892921,41.30208],[-72.891735,41.302482]]]}},{"type":"Feature","properties":{"GEOID":"09180870300","STATEFP":"09","COUNTYFP":"180","TRACTCE":"870300","NAMELSAD":"Census Tract 8703","NAMELSADCO":"Southeastern Connecticut Planning Region","STATE_NAME":"Connecticut"},"geometry":{"type":"Polygon","coordinates":[[[-72.121915,41.37135],[-72.118404,41.374666],[-72.117761,41.375282],[-72.109698,41.382959],[-72.098359,41.385493],[-72.092921,41.386998],[-72.09322,41.377098],[-72.09052,41.369598],[-72.08962,41.367598],[-72.088055,41.363793],[-72.087838,41.363134],[-72.08682,41.355698],[-72.091228,41.355451],[-72.09408,41.358694],[-72.095452,41.358177],[-72.0963,41.357909],[-72.096247,41.357274],[-72.099354,41.35734],[-72.099951,41.360866],[-72.103083,41.363707],[-72.102753,41.364347],[-72.10889,41.366275],[-72.115803,41.368645],[-72.118798,41.369681],[-72.122306,41.370636],[-72.121915,41.37135]]]}},{"type":"Feature","properties":{"GEOID":"09110415400","STATEFP":"09","COUNTYFP":"110","TRACTCE":"415400","NAMELSAD":"Census Tract 4154","NAMELSADCO":"Capitol Planning Region","STATE_NAME":"Connecticut"},"geometry":{"type":"Polygon","coordinates":[[[-72.76981,41.652455],[-72.763235,41.653138],[-72.763983,41.656843],[-72.764368,41.658696],[-72.76501,41.662347],[-72.765168,41.663665],[-72.765493,41.666583],[-72.765461,41.667019],[-72.765407,41.668891],[-72.764055,41.671171],[-72.757039,41.671854],[-72.754825,41.672029],[-72.754427,41.672096],[-72.753521,41.66795],[-72.753554,41.66779],[-72.751915,41.659156],[-72.750552,41.653948],[-72.750512,41.651201],[-72.750357,41.650167],[-72.751643,41.650006],[-72.758153,41.649722],[-72.767219,41.648909],[-72.767824,41.648901],[-72.76826,41.64945],[-72.76981,41.652455]]]}},{"type":"Feature","properties":{"GEOID":"09110503800","STATEFP":"09","COUNTYFP":"110","TRACTCE":"503800","NAMELSAD":"Census Tract 5038","NAMELSADCO":"Capitol Planning Region","STATE_NAME":"Connecticut"},"geometry":{"type":"Polygon","coordinates":[[[-72.71759,41.806623],[-72.714952,41.806655],[-72.707758,41.806971],[-72.707373,41.802852],[-72.706478,41.799997],[-72.709901,41.799711],[-72.708459,41.797884],[-72.707515,41.796331],[-72.706177,41.791693],[-72.7041,41.784521],[-72.706195,41.784844],[-72.706957,41.784891],[-72.708526,41.784962],[-72.712903,41.786934],[-72.715205,41.787157],[-72.71506,41.788139],[-72.715504,41.791582],[-72.715709,41.793808],[-72.71708,41.801029],[-72.718019,41.802187],[-72.71759,41.806623]]]}},{"type":"Feature","properties":{"GEOID":"09180696500","STATEFP":"09","COUNTYFP":"180","TRACTCE":"696500","NAMELSAD":"Census Tract 6965","NAMELSADCO":"Southeastern Connecticut Planning Region","STATE_NAME":"Connecticut"},"geometry":{"type":"Polygon","coordinates":[[[-72.094607,41.535435],[-72.093841,41.538081],[-72.092149,41.539923],[-72.0928,41.542193],[-72.090226,41.544284],[-72.090201,41.544394],[-72.087399,41.544382],[-72.086306,41.546101],[-72.084568,41.546276],[-72.082501,41.545569],[-72.081797,41.544411],[-72.074913,41.546034],[-72.072883,41.548217],[-72.070143,41.55162],[-72.067229,41.549196],[-72.069646,41.547227],[-72.069978,41.544379],[-72.071131,41.542139],[-72.070932,41.539658],[-72.070938,41.537634],[-72.072348,41.536079],[-72.072308,41.533904],[-72.071978,41.532082],[-72.073349,41.533018],[-72.077407,41.530622],[-72.078251,41.531517],[-72.07983,41.529787],[-72.085827,41.529384],[-72.086404,41.532298],[-72.090106,41.53397],[-72.094241,41.534386],[-72.094607,41.535435]]]}},{"type":"Feature","properties":{"GEOID":"09110504100","STATEFP":"09","COUNTYFP":"110","TRACTCE":"504100","NAMELSAD":"Census Tract 5041","NAMELSADCO":"Capitol Planning Region","STATE_NAME":"Connecticut"},"geometry":{"type":"Polygon","coordinates":[[[-72.709451,41.760399],[-72.70763,41.760633],[-72.706552,41.760751],[-72.701969,41.761137],[-72.701051,41.761514],[-72.700405,41.76178],[-72.699804,41.76061],[-72.700552,41.758324],[-72.703066,41.757836],[-72.709031,41.756729],[-72.709451,41.760399]]]}},{"type":"Feature","properties":{"GEOID":"09110416200","STATEFP":"09","COUNTYFP":"110","TRACTCE":"416200","NAMELSAD":"Census Tract 4162","NAMELSADCO":"Capitol Planning Region","STATE_NAME":"Connecticut"},"geometry":{"type":"Polygon","coordinates":[[[-72.777021,41.673818],[-72.775112,41.674033],[-72.775782,41.679914],[-72.776213,41.68266],[-72.774044,41.682896],[-72.773531,41.682938],[-72.767616,41.683559],[-72.768445,41.680865],[-72.768717,41.679496],[-72.769173,41.677533],[-72.773726,41.673781],[-72.774139,41.673458],[-72.775735,41.671906],[-72.776773,41.672],[-72.777021,41.673818]]]}},{"type":"Feature","properties":{"GEOID":"09110520301","STATEFP":"09","COUNTYFP":"110","TRACTCE":"520301","NAMELSAD":"Census Tract 5203.01","NAMELSADCO":"Capitol Planning Region","STATE_NAME":"Connecticut"},"geometry":{"type":"Polygon","coordinates":[[[-72.613608,41.728157],[-72.603951,41.729453],[-72.599312,41.729872],[-72.592966,41.731125],[-72.58651,41.731862],[-72.574059,41.733483],[-72.574346,41.732439],[-72.579511,41.728928],[-72.581536,41.726806],[-72.579033,41.720429],[-72.576213,41.718421],[-72.5756,41.716927],[-72.56609,41.718169],[-72.560463,41.717686],[-72.558417,41.708688],[-72.561465,41.703606],[-72.55954,41.702715],[-72.557889,41.699575],[-72.556554,41.698841],[-72.554844,41.698545],[-72.554827,41.697541],[-72.564746,41.700035],[-72.56698,41.700849],[-72.568906,41.702056],[-72.570279,41.703222],[-72.572857,41.705128],[-72.580298,41.707688],[-72.583191,41.709033],[-72.589095,41.712316],[-72.591106,41.713001],[-72.597709,41.714982],[-72.599777,41.715962],[-72.60539,41.720678],[-72.607638,41.723092],[-72.61105,41.726569],[-72.613848,41.728123],[-72.613608,41.728157]]]}},{"type":"Feature","properties":{"GEOID":"09110502600","STATEFP":"09","COUNTYFP":"110","TRACTCE":"502600","NAMELSAD":"Census Tract 5026","NAMELSADCO":"Capitol Planning Region","STATE_NAME":"Connecticut"},"geometry":{"type":"Polygon","coordinates":[[[-72.692963,41.740812],[-72.692189,41.742361],[-72.68718,41.745148],[-72.687177,41.741922],[-72.683197,41.74221],[-72.686082,41.736565],[-72.689758,41.735575],[-72.692789,41.735082],[-72.692904,41.73825],[-72.692963,41.740812]]]}},{"type":"Feature","properties":{"GEOID":"09170154102","STATEFP":"09","COUNTYFP":"170","TRACTCE":"154102","NAMELSAD":"Census Tract 1541.02","NAMELSADCO":"South Central Connecticut Planning Region","STATE_NAME":"Connecticut"},"geometry":{"type":"Polygon","coordinates":[[[-72.989148,41.313297],[-72.972486,41.311945],[-72.970176,41.311613],[-72.969973,41.308708],[-72.969308,41.30758],[-72.964987,41.304223],[-72.963492,41.301672],[-72.964998,41.300821],[-72.967435,41.300673],[-72.971093,41.299495],[-72.97039,41.297569],[-72.974817,41.29631],[-72.97464,41.293541],[-72.972999,41.289708],[-72.97183,41.288358],[-72.974336,41.28698],[-72.979704,41.283806],[-72.982985,41.28129],[-72.984035,41.280599],[-72.986908,41.281159],[-72.987148,41.282447],[-72.986188,41.285737],[-72.987302,41.288249],[-72.98573,41.291989],[-72.984268,41.30179],[-72.989148,41.313297]]]}},{"type":"Feature","properties":{"GEOID":"09190210102","STATEFP":"09","COUNTYFP":"190","TRACTCE":"210102","NAMELSAD":"Census Tract 2101.02","NAMELSADCO":"Western Connecticut Planning Region","STATE_NAME":"Connecticut"},"geometry":{"type":"Polygon","coordinates":[[[-73.454667,41.392429],[-73.452153,41.393259],[-73.451487,41.393707],[-73.449599,41.395123],[-73.448855,41.395543],[-73.446508,41.39571],[-73.443315,41.389087],[-73.441702,41.387556],[-73.444153,41.38635],[-73.445989,41.385248],[-73.450432,41.389891],[-73.452318,41.389226],[-73.454667,41.392429]]]}},{"type":"Feature","properties":{"GEOID":"09170140500","STATEFP":"09","COUNTYFP":"170","TRACTCE":"140500","NAMELSAD":"Census Tract 1405","NAMELSADCO":"South Central Connecticut Planning Region","STATE_NAME":"Connecticut"},"geometry":{"type":"Polygon","coordinates":[[[-72.9499,41.295952],[-72.951085,41.297262],[-72.948907,41.297472],[-72.940912,41.297641],[-72.935877,41.297754],[-72.934267,41.297813],[-72.935596,41.296496],[-72.934668,41.293126],[-72.934182,41.291423],[-72.937926,41.289075],[-72.94021,41.287776],[-72.94293,41.289007],[-72.943702,41.289862],[-72.946514,41.292891],[-72.947918,41.292064],[-72.952005,41.294466],[-72.9499,41.295952]]]}},{"type":"Feature","properties":{"GEOID":"09170175900","STATEFP":"09","COUNTYFP":"170","TRACTCE":"175900","NAMELSAD":"Census Tract 1759","NAMELSADCO":"South Central Connecticut Planning Region","STATE_NAME":"Connecticut"},"geometry":{"type":"Polygon","coordinates":[[[-72.815371,41.453081],[-72.81148,41.458252],[-72.807608,41.456842],[-72.801436,41.455985],[-72.795803,41.453989],[-72.792631,41.454229],[-72.788783,41.456531],[-72.787559,41.456441],[-72.784689,41.454918],[-72.783609,41.454769],[-72.782996,41.454722],[-72.78041,41.454821],[-72.790659,41.444297],[-72.797252,41.437641],[-72.802673,41.433899],[-72.806931,41.431235],[-72.81424,41.428159],[-72.815463,41.430269],[-72.818124,41.432052],[-72.814752,41.434684],[-72.809501,41.442363],[-72.81865,41.448622],[-72.815371,41.453081]]]}},{"type":"Feature","properties":{"GEOID":"09140351700","STATEFP":"09","COUNTYFP":"140","TRACTCE":"351700","NAMELSAD":"Census Tract 3517","NAMELSADCO":"Naugatuck Valley Planning Region","STATE_NAME":"Connecticut"},"geometry":{"type":"Polygon","coordinates":[[[-73.054206,41.54918],[-73.050117,41.550224],[-73.049618,41.55083],[-73.045068,41.547714],[-73.04465,41.545761],[-73.044766,41.542275],[-73.04406,41.537041],[-73.044477,41.537445],[-73.046061,41.538447],[-73.046647,41.539811],[-73.048256,41.538822],[-73.050504,41.543238],[-73.054206,41.54918]]]}},{"type":"Feature","properties":{"GEOID":"09140352600","STATEFP":"09","COUNTYFP":"140","TRACTCE":"352600","NAMELSAD":"Census Tract 3526","NAMELSADCO":"Naugatuck Valley Planning Region","STATE_NAME":"Connecticut"},"geometry":{"type":"Polygon","coordinates":[[[-73.00688,41.55245],[-73.00526,41.553987],[-73.004789,41.55519],[-73.0048,41.558945],[-73.005486,41.560826],[-73.002925,41.55991],[-73.004747,41.562255],[-73.00299,41.563065],[-73.000935,41.567165],[-72.997994,41.570853],[-72.996379,41.569336],[-72.991859,41.56495],[-72.991409,41.564358],[-72.982887,41.556576],[-72.979853,41.553349],[-72.975285,41.553609],[-72.983889,41.552284],[-72.986769,41.552083],[-72.989263,41.553266],[-72.991282,41.554561],[-72.993842,41.55554],[-72.996971,41.553792],[-72.997972,41.553234],[-73.000034,41.552644],[-73.006614,41.55224],[-73.00743,41.551964],[-73.00688,41.55245]]]}},{"type":"Feature","properties":{"GEOID":"09130580100","STATEFP":"09","COUNTYFP":"130","TRACTCE":"580100","NAMELSAD":"Census Tract 5801","NAMELSADCO":"Lower Connecticut River Valley Planning Region","STATE_NAME":"Connecticut"},"geometry":{"type":"Polygon","coordinates":[[[-72.748878,41.544279],[-72.742527,41.544073],[-72.734864,41.544327],[-72.733584,41.546158],[-72.722619,41.547959],[-72.712268,41.548608],[-72.711334,41.547887],[-72.700903,41.549028],[-72.694345,41.549201],[-72.691323,41.543959],[-72.690218,41.542023],[-72.688199,41.538631],[-72.688093,41.537033],[-72.687362,41.536157],[-72.682575,41.531089],[-72.680863,41.522705],[-72.681269,41.516869],[-72.680313,41.5162],[-72.680459,41.514708],[-72.679054,41.507989],[-72.677896,41.49623],[-72.679162,41.494593],[-72.690104,41.493318],[-72.694962,41.492425],[-72.699134,41.491701],[-72.722758,41.487481],[-72.731036,41.485993],[-72.733886,41.485368],[-72.74333,41.483114],[-72.74478,41.498183],[-72.747056,41.527289],[-72.7472,41.528072],[-72.748878,41.544279]]]}},{"type":"Feature","properties":{"GEOID":"09170141200","STATEFP":"09","COUNTYFP":"170","TRACTCE":"141200","NAMELSAD":"Census Tract 1412","NAMELSADCO":"South Central Connecticut Planning Region","STATE_NAME":"Connecticut"},"geometry":{"type":"Polygon","coordinates":[[[-72.985015,41.333017],[-72.98331,41.337307],[-72.98047,41.338751],[-72.977248,41.339992],[-72.974068,41.341594],[-72.970186,41.342897],[-72.971025,41.340954],[-72.968287,41.33772],[-72.965843,41.331355],[-72.966405,41.330688],[-72.964212,41.330434],[-72.964356,41.329973],[-72.965246,41.328853],[-72.965252,41.326876],[-72.968134,41.327246],[-72.973291,41.327216],[-72.974538,41.327578],[-72.978965,41.328838],[-72.982699,41.329809],[-72.987296,41.33124],[-72.985015,41.333017]]]}},{"type":"Feature","properties":{"GEOID":"09170141600","STATEFP":"09","COUNTYFP":"170","TRACTCE":"141600","NAMELSAD":"Census Tract 1416","NAMELSADCO":"South Central Connecticut Planning Region","STATE_NAME":"Connecticut"},"geometry":{"type":"Polygon","coordinates":[[[-72.940429,41.319911],[-72.941306,41.320584],[-72.940476,41.322405],[-72.940525,41.323547],[-72.938378,41.323022],[-72.93518,41.322857],[-72.934902,41.3228],[-72.930611,41.321711],[-72.928984,41.321521],[-72.925892,41.321348],[-72.925707,41.316238],[-72.926753,41.315237],[-72.92898,41.315636],[-72.928878,41.31522],[-72.929988,41.315047],[-72.932447,41.313825],[-72.932172,41.312906],[-72.9328,41.312863],[-72.935793,41.314329],[-72.93922,41.315525],[-72.942412,41.316657],[-72.940429,41.319911]]]}},{"type":"Feature","properties":{"GEOID":"09170141900","STATEFP":"09","COUNTYFP":"170","TRACTCE":"141900","NAMELSAD":"Census Tract 1419","NAMELSADCO":"South Central Connecticut Planning Region","STATE_NAME":"Connecticut"},"geometry":{"type":"Polygon","coordinates":[[[-72.918478,41.320482],[-72.915789,41.326158],[-72.912529,41.333192],[-72.908528,41.33085],[-72.908771,41.329119],[-72.907919,41.327043],[-72.906007,41.323741],[-72.903305,41.321865],[-72.903824,41.318869],[-72.904584,41.317505],[-72.906164,41.316613],[-72.908268,41.316576],[-72.909581,41.31575],[-72.911437,41.316634],[-72.914668,41.318187],[-72.916762,41.318926],[-72.918906,41.319638],[-72.918478,41.320482]]]}},{"type":"Feature","properties":{"GEOID":"09170167202","STATEFP":"09","COUNTYFP":"170","TRACTCE":"167202","NAMELSAD":"Census Tract 1672.02","NAMELSADCO":"South Central Connecticut Planning Region","STATE_NAME":"Connecticut"},"geometry":{"type":"Polygon","coordinates":[[[-72.870178,41.390816],[-72.870377,41.392117],[-72.868567,41.392203],[-72.868294,41.393688],[-72.870567,41.393223],[-72.869995,41.394711],[-72.868332,41.394245],[-72.868675,41.397026],[-72.866608,41.399307],[-72.864914,41.398834],[-72.863441,41.400921],[-72.859909,41.401976],[-72.859985,41.4053],[-72.858665,41.407089],[-72.856923,41.407442],[-72.854405,41.406699],[-72.852752,41.407775],[-72.851821,41.409332],[-72.853809,41.412054],[-72.852288,41.411981],[-72.853203,41.416149],[-72.852005,41.417618],[-72.852821,41.418995],[-72.851562,41.419056],[-72.851433,41.420444],[-72.848932,41.421819],[-72.849251,41.423365],[-72.847511,41.424157],[-72.84924,41.424372],[-72.847901,41.426078],[-72.847619,41.427201],[-72.8443,41.426095],[-72.837867,41.427168],[-72.832529,41.424076],[-72.830115,41.424612],[-72.827404,41.424378],[-72.826959,41.419487],[-72.827414,41.402702],[-72.831386,41.394824],[-72.833142,41.392172],[-72.836614,41.392172],[-72.838217,41.391881],[-72.843385,41.390134],[-72.848217,41.389194],[-72.855023,41.38917],[-72.859606,41.390902],[-72.860886,41.388647],[-72.871527,41.389914],[-72.870178,41.390816]]]}},{"type":"Feature","properties":{"GEOID":"09170150100","STATEFP":"09","COUNTYFP":"170","TRACTCE":"150100","NAMELSAD":"Census Tract 1501","NAMELSADCO":"South Central Connecticut Planning Region","STATE_NAME":"Connecticut"},"geometry":{"type":"Polygon","coordinates":[[[-73.075671,41.2175],[-73.070891,41.226061],[-73.069373,41.227873],[-73.067257,41.229064],[-73.063031,41.231235],[-73.062328,41.231574],[-73.059396,41.232235],[-73.057687,41.232421],[-73.054968,41.232934],[-73.052271,41.232764],[-73.047464,41.232054],[-73.04609,41.231133],[-73.051574,41.227447],[-73.049715,41.225477],[-73.049723,41.22397],[-73.054316,41.22384],[-73.055693,41.223673],[-73.05558,41.222735],[-73.054306,41.220318],[-73.0541,41.215099],[-73.051117,41.212452],[-73.04911,41.211464],[-73.0489058904262,41.2107267432197],[-73.049598,41.21078],[-73.055452,41.209126],[-73.0556749677944,41.2089871006719],[-73.060188,41.21248],[-73.061836,41.213737],[-73.065195,41.218434],[-73.065039,41.219347],[-73.066828,41.218356],[-73.076548,41.215214],[-73.075671,41.2175]]]}},{"type":"Feature","properties":{"GEOID":"09140125100","STATEFP":"09","COUNTYFP":"140","TRACTCE":"125100","NAMELSAD":"Census Tract 1251","NAMELSADCO":"Naugatuck Valley Planning Region","STATE_NAME":"Connecticut"},"geometry":{"type":"Polygon","coordinates":[[[-73.071991,41.335884],[-73.070593,41.338866],[-73.070214,41.341153],[-73.065821,41.34205],[-73.065449,41.341982],[-73.064164,41.340091],[-73.059652,41.342866],[-73.05804,41.344552],[-73.055899,41.34413],[-73.055663,41.341385],[-73.05424,41.336485],[-73.052114,41.336715],[-73.050605,41.336131],[-73.046353,41.336574],[-73.041881,41.337578],[-73.039981,41.332357],[-73.038934,41.32801],[-73.039141,41.326654],[-73.050976,41.324706],[-73.053511,41.324614],[-73.055696,41.323906],[-73.058267,41.324007],[-73.060679,41.324473],[-73.065019,41.325245],[-73.066166,41.326353],[-73.072098,41.326851],[-73.072317,41.327344],[-73.070863,41.329028],[-73.072645,41.332753],[-73.071991,41.335884]]]}},{"type":"Feature","properties":{"GEOID":"09140125400","STATEFP":"09","COUNTYFP":"140","TRACTCE":"125400","NAMELSAD":"Census Tract 1254","NAMELSADCO":"Naugatuck Valley Planning Region","STATE_NAME":"Connecticut"},"geometry":{"type":"Polygon","coordinates":[[[-73.091169,41.360543],[-73.088424,41.36168],[-73.085857,41.362939],[-73.080662,41.36289],[-73.073877,41.361194],[-73.072254,41.360621],[-73.064908,41.360295],[-73.066121,41.358941],[-73.067781,41.355931],[-73.06953,41.35678],[-73.070263,41.356623],[-73.072244,41.354584],[-73.076646,41.35205],[-73.076394,41.348073],[-73.077855,41.347557],[-73.078885,41.347271],[-73.081143,41.34553],[-73.085869,41.351254],[-73.086349,41.353374],[-73.091064,41.360035],[-73.091169,41.360543]]]}},{"type":"Feature","properties":{"GEOID":"09170184700","STATEFP":"09","COUNTYFP":"170","TRACTCE":"184700","NAMELSAD":"Census Tract 1847","NAMELSADCO":"South Central Connecticut Planning Region","STATE_NAME":"Connecticut"},"geometry":{"type":"Polygon","coordinates":[[[-72.860823,41.283013],[-72.858971,41.287729],[-72.855822,41.290873],[-72.850859,41.293641],[-72.843744,41.296397],[-72.841265,41.297997],[-72.840181,41.299796],[-72.838365,41.308794],[-72.837293,41.312572],[-72.836502,41.313467],[-72.835013,41.314393],[-72.823843,41.318324],[-72.822412,41.318803],[-72.818422,41.319726],[-72.816954,41.320094],[-72.799171,41.324323],[-72.780337,41.313018],[-72.775042,41.308697],[-72.771342,41.305093],[-72.764687,41.306857],[-72.74611,41.310633],[-72.746695,41.30804],[-72.741992,41.297065],[-72.752255,41.296887],[-72.753633,41.296801],[-72.772942,41.29415],[-72.779048,41.293441],[-72.783434,41.294002],[-72.787121,41.294514],[-72.795465,41.293529],[-72.796784,41.293321],[-72.808421,41.291361],[-72.81549,41.288976],[-72.81963,41.288261],[-72.851456,41.28331],[-72.860324,41.282169],[-72.860823,41.283013]]]}},{"type":"Feature","properties":{"GEOID":"09170180500","STATEFP":"09","COUNTYFP":"170","TRACTCE":"180500","NAMELSAD":"Census Tract 1805","NAMELSADCO":"South Central Connecticut Planning Region","STATE_NAME":"Connecticut"},"geometry":{"type":"Polygon","coordinates":[[[-72.872431,41.308794],[-72.870739,41.312862],[-72.869696,41.315312],[-72.86773,41.319753],[-72.867571,41.320433],[-72.862585,41.331574],[-72.857156,41.330855],[-72.855692,41.329036],[-72.853304,41.327771],[-72.851292,41.327653],[-72.850102,41.324376],[-72.851256,41.321948],[-72.85167,41.316036],[-72.851318,41.315739],[-72.849187,41.314424],[-72.848852,41.312761],[-72.848975,41.311801],[-72.854566,41.303883],[-72.860097,41.302873],[-72.862904,41.304414],[-72.866016,41.305002],[-72.868951,41.307114],[-72.870497,41.305675],[-72.87364,41.306847],[-72.872431,41.308794]]]}},{"type":"Feature","properties":{"GEOID":"09170190302","STATEFP":"09","COUNTYFP":"170","TRACTCE":"190302","NAMELSAD":"Census Tract 1903.02","NAMELSADCO":"South Central Connecticut Planning Region","STATE_NAME":"Connecticut"},"geometry":{"type":"Polygon","coordinates":[[[-72.74611,41.310633],[-72.745722,41.311496],[-72.742679,41.320856],[-72.74145,41.323691],[-72.742134,41.334562],[-72.743616,41.344685],[-72.737224,41.346523],[-72.728476,41.350266],[-72.718979,41.352922],[-72.717054,41.349387],[-72.7153,41.342442],[-72.710812,41.33882],[-72.708796,41.33634],[-72.707508,41.332918],[-72.705187,41.328203],[-72.702934,41.325852],[-72.701645,41.323329],[-72.697701,41.318042],[-72.695987,41.315458],[-72.693206,41.310135],[-72.689476,41.306502],[-72.687157,41.301382],[-72.687669,41.29719],[-72.687035,41.295349],[-72.690636,41.295636],[-72.70399,41.296726],[-72.713337,41.297442],[-72.741992,41.297065],[-72.746695,41.30804],[-72.74611,41.310633]]]}},{"type":"Feature","properties":{"GEOID":"09170165100","STATEFP":"09","COUNTYFP":"170","TRACTCE":"165100","NAMELSAD":"Census Tract 1651","NAMELSADCO":"South Central Connecticut Planning Region","STATE_NAME":"Connecticut"},"geometry":{"type":"Polygon","coordinates":[[[-72.902248,41.345796],[-72.902173,41.349944],[-72.900609,41.352539],[-72.897427,41.357704],[-72.893981,41.3633],[-72.887702,41.362221],[-72.881745,41.360897],[-72.881881,41.358878],[-72.883922,41.357158],[-72.884466,41.354736],[-72.883825,41.353508],[-72.882904,41.353115],[-72.87697,41.353476],[-72.874456,41.351683],[-72.873252,41.349399],[-72.874942,41.347401],[-72.87724,41.346614],[-72.879642,41.347488],[-72.88115,41.3465],[-72.878763,41.34463],[-72.880157,41.343384],[-72.882853,41.343701],[-72.886773,41.34115],[-72.887972,41.339665],[-72.889252,41.334107],[-72.888845,41.332597],[-72.892645,41.330297],[-72.891692,41.328471],[-72.89331,41.328897],[-72.897752,41.328098],[-72.898657,41.32974],[-72.900984,41.330567],[-72.902087,41.334228],[-72.901936,41.338781],[-72.902592,41.343722],[-72.902248,41.345796]]]}},{"type":"Feature","properties":{"GEOID":"09170165802","STATEFP":"09","COUNTYFP":"170","TRACTCE":"165802","NAMELSAD":"Census Tract 1658.02","NAMELSADCO":"South Central Connecticut Planning Region","STATE_NAME":"Connecticut"},"geometry":{"type":"Polygon","coordinates":[[[-72.975396,41.359937],[-72.974656,41.363558],[-72.974108,41.365274],[-72.968666,41.375111],[-72.967348,41.377737],[-72.961132,41.387937],[-72.957034,41.392973],[-72.954873,41.394475],[-72.95291,41.396946],[-72.95352,41.399743],[-72.944732,41.40623],[-72.942564,41.407128],[-72.943125,41.406443],[-72.943985,41.405285],[-72.942615,41.402188],[-72.939792,41.400553],[-72.94006,41.39939],[-72.938849,41.393363],[-72.936994,41.385167],[-72.935922,41.385161],[-72.932342,41.385521],[-72.932842,41.383909],[-72.942348,41.368553],[-72.942194,41.366995],[-72.941039,41.366758],[-72.936574,41.36599],[-72.932064,41.364893],[-72.929307,41.364506],[-72.928575,41.364368],[-72.929174,41.363992],[-72.932696,41.36182],[-72.9371,41.359999],[-72.942091,41.357974],[-72.943518,41.357411],[-72.947218,41.355965],[-72.950029,41.355147],[-72.953277,41.354532],[-72.959383,41.353334],[-72.961817,41.352245],[-72.963052,41.351334],[-72.967669,41.347284],[-72.967832,41.347906],[-72.972909,41.347396],[-72.974329,41.350481],[-72.975225,41.355449],[-72.975396,41.359937]]]}},{"type":"Feature","properties":{"GEOID":"09170171700","STATEFP":"09","COUNTYFP":"170","TRACTCE":"171700","NAMELSAD":"Census Tract 1717","NAMELSADCO":"South Central Connecticut Planning Region","STATE_NAME":"Connecticut"},"geometry":{"type":"Polygon","coordinates":[[[-72.782691,41.547608],[-72.782248,41.548235],[-72.781947,41.548876],[-72.776406,41.559361],[-72.774388,41.565232],[-72.770522,41.572984],[-72.768079,41.577313],[-72.767821,41.577339],[-72.752181,41.578894],[-72.749348,41.549757],[-72.749269,41.547485],[-72.748991,41.546308],[-72.748931,41.545673],[-72.748878,41.544279],[-72.7472,41.528072],[-72.748878,41.528706],[-72.756768,41.534798],[-72.759185,41.535969],[-72.765306,41.537667],[-72.769186,41.538658],[-72.77013,41.539007],[-72.774013,41.540521],[-72.780343,41.542101],[-72.78575,41.542673],[-72.782691,41.547608]]]}},{"type":"Feature","properties":{"GEOID":"09140352000","STATEFP":"09","COUNTYFP":"140","TRACTCE":"352000","NAMELSAD":"Census Tract 3520","NAMELSADCO":"Naugatuck Valley Planning Region","STATE_NAME":"Connecticut"},"geometry":{"type":"Polygon","coordinates":[[[-73.092353,41.570496],[-73.089406,41.575211],[-73.084829,41.575336],[-73.083243,41.574072],[-73.081822,41.572858],[-73.081029,41.572752],[-73.080759,41.572731],[-73.076731,41.572079],[-73.073751,41.572996],[-73.06993,41.573203],[-73.067544,41.574509],[-73.066587,41.574197],[-73.062187,41.57271],[-73.060189,41.571],[-73.058208,41.568132],[-73.057792,41.56311],[-73.055963,41.558757],[-73.05687,41.559357],[-73.060884,41.557976],[-73.062009,41.560747],[-73.067813,41.560981],[-73.071053,41.558384],[-73.071114,41.5572],[-73.07076,41.555332],[-73.069513,41.553511],[-73.069666,41.552107],[-73.075629,41.552716],[-73.081602,41.553712],[-73.083286,41.553734],[-73.086686,41.55452],[-73.088496,41.555623],[-73.091269,41.555744],[-73.093853,41.570196],[-73.092353,41.570496]]]}},{"type":"Feature","properties":{"GEOID":"09140352800","STATEFP":"09","COUNTYFP":"140","TRACTCE":"352800","NAMELSAD":"Census Tract 3528","NAMELSADCO":"Naugatuck Valley Planning Region","STATE_NAME":"Connecticut"},"geometry":{"type":"Polygon","coordinates":[[[-73.027464,41.524479],[-73.02777,41.526473],[-73.026605,41.528437],[-73.025298,41.528426],[-73.022171,41.529676],[-73.021652,41.530684],[-73.021675,41.531759],[-73.020793,41.533248],[-73.017206,41.536893],[-73.018969,41.537802],[-73.01755,41.538796],[-73.017746,41.539958],[-73.010547,41.539067],[-73.005163,41.538035],[-73.002486,41.538045],[-72.994581,41.540782],[-72.988372,41.543018],[-72.985068,41.543683],[-72.98094,41.542971],[-72.967854,41.537198],[-72.966027,41.536594],[-72.968648,41.531338],[-72.969365,41.530234],[-72.977629,41.533817],[-72.979835,41.53317],[-72.999551,41.525927],[-73.00215,41.524754],[-73.005085,41.523693],[-73.01131,41.522156],[-73.01817,41.519834],[-73.018659,41.519612],[-73.019201,41.519409],[-73.022453,41.519001],[-73.027925,41.517923],[-73.027464,41.524479]]]}},{"type":"Feature","properties":{"GEOID":"09170154600","STATEFP":"09","COUNTYFP":"170","TRACTCE":"154600","NAMELSAD":"Census Tract 1546","NAMELSADCO":"South Central Connecticut Planning Region","STATE_NAME":"Connecticut"},"geometry":{"type":"Polygon","coordinates":[[[-72.975844,41.267212],[-72.972049,41.270445],[-72.970319,41.273233],[-72.968962,41.275183],[-72.968281,41.275895],[-72.966473,41.277068],[-72.961092,41.279363],[-72.956127,41.281392],[-72.955819,41.280684],[-72.954071,41.277863],[-72.953854,41.277504],[-72.953669,41.277262],[-72.953239,41.276612],[-72.95261,41.275627],[-72.950345,41.273021],[-72.949819,41.272405],[-72.949782,41.272354],[-72.951621,41.271582],[-72.956887,41.269935],[-72.957877,41.270052],[-72.959768,41.269565],[-72.961173,41.268933],[-72.961885,41.268014],[-72.963772,41.260859],[-72.964313,41.260454],[-72.966125,41.259658],[-72.971379,41.262469],[-72.970262,41.263849],[-72.974291,41.265722],[-72.975844,41.267212]]]}},{"type":"Feature","properties":{"GEOID":"09170154700","STATEFP":"09","COUNTYFP":"170","TRACTCE":"154700","NAMELSAD":"Census Tract 1547","NAMELSADCO":"South Central Connecticut Planning Region","STATE_NAME":"Connecticut"},"geometry":{"type":"Polygon","coordinates":[[[-72.993134,41.244748],[-72.992051,41.244909],[-72.990938,41.245429],[-72.99046,41.247724],[-72.992366,41.248689],[-72.992213,41.258644],[-72.989615,41.260458],[-72.986714,41.261941],[-72.975844,41.267212],[-72.974291,41.265722],[-72.970262,41.263849],[-72.971379,41.262469],[-72.966125,41.259658],[-72.968947,41.257582],[-72.969943,41.256593],[-72.973904,41.252486],[-72.974214,41.252139],[-72.979909,41.245944],[-72.981545,41.243858],[-72.976196,41.241594],[-72.973114,41.239914],[-72.9709799299225,41.2394491394019],[-72.972039,41.237169],[-72.975136,41.233829],[-72.978347,41.23331],[-72.9786667793222,41.2334504412954],[-72.9810633815032,41.2345029856333],[-72.981134,41.234534],[-72.9816722372588,41.2346969703111],[-72.985586,41.235882],[-72.9865543077538,41.2353156455427],[-72.986904,41.235535],[-72.99028,41.234737],[-72.992699,41.234519],[-72.993232,41.237386],[-72.992127,41.239001],[-72.994634,41.241692],[-72.993134,41.244748]]]}},{"type":"Feature","properties":{"GEOID":"09140361200","STATEFP":"09","COUNTYFP":"140","TRACTCE":"361200","NAMELSAD":"Census Tract 3612","NAMELSADCO":"Naugatuck Valley Planning Region","STATE_NAME":"Connecticut"},"geometry":{"type":"Polygon","coordinates":[[[-73.021471,41.627104],[-73.003146,41.629083],[-73.001876,41.627191],[-73.003518,41.626901],[-73.007042,41.627412],[-73.011038,41.625852],[-73.011702,41.625023],[-73.010667,41.620771],[-73.008533,41.619779],[-73.00738,41.618418],[-73.007758,41.615968],[-73.005426,41.613163],[-73.005639,41.612138],[-72.999628,41.610842],[-72.996289,41.607964],[-72.995686,41.607848],[-72.993326,41.606506],[-72.991374,41.605506],[-72.986313,41.604963],[-72.984004,41.605309],[-72.982901,41.605102],[-72.975351,41.601468],[-72.976761,41.59933],[-72.980486,41.598364],[-72.98395,41.594478],[-72.983921,41.591091],[-72.986166,41.588576],[-72.988232,41.588337],[-72.993088,41.586753],[-72.994268,41.582464],[-72.995687,41.579784],[-72.997649,41.578456],[-73.001813,41.57414],[-73.01206,41.583822],[-73.013214,41.588686],[-73.014931,41.596304],[-73.016114,41.601998],[-73.016985,41.606122],[-73.017443,41.609813],[-73.01865,41.614097],[-73.021471,41.627104]]]}},{"type":"Feature","properties":{"GEOID":"09140361300","STATEFP":"09","COUNTYFP":"140","TRACTCE":"361300","NAMELSAD":"Census Tract 3613","NAMELSADCO":"Naugatuck Valley Planning Region","STATE_NAME":"Connecticut"},"geometry":{"type":"Polygon","coordinates":[[[-73.011038,41.625852],[-73.007042,41.627412],[-73.003518,41.626901],[-73.001876,41.627191],[-73.003146,41.629083],[-72.983084,41.639516],[-72.963931,41.641318],[-72.960209,41.641969],[-72.947752,41.643222],[-72.938501,41.644311],[-72.938147,41.640297],[-72.935207,41.619419],[-72.953825,41.617906],[-72.954716,41.616359],[-72.955902,41.615421],[-72.959964,41.61357],[-72.960154,41.612595],[-72.962784,41.611047],[-72.964772,41.607137],[-72.969472,41.60376],[-72.97119,41.601755],[-72.975351,41.601468],[-72.982901,41.605102],[-72.984004,41.605309],[-72.986313,41.604963],[-72.991374,41.605506],[-72.993326,41.606506],[-72.995686,41.607848],[-72.996289,41.607964],[-72.999628,41.610842],[-73.005639,41.612138],[-73.005426,41.613163],[-73.007758,41.615968],[-73.00738,41.618418],[-73.008533,41.619779],[-73.010667,41.620771],[-73.011702,41.625023],[-73.011038,41.625852]]]}},{"type":"Feature","properties":{"GEOID":"09140343102","STATEFP":"09","COUNTYFP":"140","TRACTCE":"343102","NAMELSAD":"Census Tract 3431.02","NAMELSADCO":"Naugatuck Valley Planning Region","STATE_NAME":"Connecticut"},"geometry":{"type":"Polygon","coordinates":[[[-72.91097,41.509448],[-72.910502,41.510288],[-72.910549,41.518903],[-72.908422,41.51816],[-72.903886,41.517677],[-72.903918,41.518962],[-72.897534,41.518885],[-72.898036,41.516463],[-72.898971,41.512144],[-72.894243,41.512545],[-72.888565,41.511759],[-72.888317,41.512181],[-72.885092,41.510825],[-72.881453,41.515427],[-72.886395,41.517968],[-72.886628,41.519974],[-72.886236,41.524678],[-72.885386,41.527704],[-72.878389,41.526764],[-72.874229,41.528262],[-72.8717,41.528097],[-72.869081,41.528869],[-72.867213,41.526422],[-72.864392,41.526618],[-72.864907,41.525566],[-72.86279,41.526493],[-72.857767,41.526368],[-72.85739,41.526363],[-72.853083,41.524925],[-72.853734,41.522135],[-72.850299,41.515731],[-72.849571,41.514593],[-72.848609,41.509851],[-72.846297,41.502829],[-72.848378,41.5001],[-72.853268,41.494564],[-72.8578,41.496868],[-72.868217,41.49964],[-72.877964,41.500865],[-72.878783,41.500914],[-72.880367,41.500358],[-72.886139,41.501],[-72.890688,41.500476],[-72.900082,41.498394],[-72.901453,41.498861],[-72.90116,41.500945],[-72.90396,41.504267],[-72.913039,41.507793],[-72.91097,41.509448]]]}},{"type":"Feature","properties":{"GEOID":"09180870200","STATEFP":"09","COUNTYFP":"180","TRACTCE":"870200","NAMELSAD":"Census Tract 8702","NAMELSADCO":"Southeastern Connecticut Planning Region","STATE_NAME":"Connecticut"},"geometry":{"type":"Polygon","coordinates":[[[-72.080491,41.400186],[-72.061075,41.399901],[-72.045632,41.399493],[-72.036985,41.399442],[-72.034759,41.395151],[-72.03641,41.394741],[-72.038234,41.391301],[-72.039719,41.391056],[-72.042103,41.389068],[-72.042592,41.386595],[-72.041478,41.384374],[-72.042688,41.380109],[-72.045389,41.378668],[-72.045443,41.37832],[-72.045156,41.377046],[-72.043455,41.376214],[-72.043176,41.375908],[-72.043572,41.375142],[-72.042385,41.37336],[-72.038139,41.37086],[-72.038254,41.368988],[-72.042021,41.366485],[-72.043068,41.363483],[-72.04081,41.359823],[-72.043069,41.359562],[-72.049264,41.35894],[-72.051722,41.359195],[-72.056207,41.360925],[-72.058564,41.361894],[-72.067549,41.364275],[-72.068557,41.365835],[-72.071074,41.369848],[-72.071436,41.370399],[-72.076727,41.381285],[-72.078986,41.38744],[-72.080477,41.39209],[-72.080491,41.400186]]]}},{"type":"Feature","properties":{"GEOID":"09180709100","STATEFP":"09","COUNTYFP":"180","TRACTCE":"709100","NAMELSAD":"Census Tract 7091","NAMELSADCO":"Southeastern Connecticut Planning Region","STATE_NAME":"Connecticut"},"geometry":{"type":"Polygon","coordinates":[[[-71.989013,41.579597],[-71.988362,41.5808],[-71.985917,41.583032],[-71.984503,41.585048],[-71.984614,41.585945],[-71.987017,41.588255],[-71.986807,41.589485],[-71.977505,41.590505],[-71.974676,41.591158],[-71.971425,41.592645],[-71.964507,41.596982],[-71.950724,41.605555],[-71.948331,41.607715],[-71.94726,41.609279],[-71.945806,41.614096],[-71.944078,41.6214],[-71.938501,41.630869],[-71.936549,41.635883],[-71.909061,41.638666],[-71.884422,41.641204],[-71.88387,41.630022],[-71.883219,41.625098],[-71.875459,41.57945],[-71.87529,41.57913],[-71.874268,41.572758],[-71.871821,41.559919],[-71.863408,41.514926],[-71.90286,41.520262],[-71.940003,41.553461],[-71.95458,41.56653],[-71.980767,41.565936],[-71.989233,41.565641],[-71.988872,41.568636],[-71.988036,41.571322],[-71.988271,41.573074],[-71.989654,41.575984],[-71.989013,41.579597]]]}},{"type":"Feature","properties":{"GEOID":"09180702800","STATEFP":"09","COUNTYFP":"180","TRACTCE":"702800","NAMELSAD":"Census Tract 7028","NAMELSADCO":"Southeastern Connecticut Planning Region","STATE_NAME":"Connecticut"},"geometry":{"type":"Polygon","coordinates":[[[-72.04081,41.359823],[-72.020075,41.362211],[-72.016294,41.362872],[-72.007094,41.366724],[-71.996743,41.371211],[-71.994213,41.371926],[-71.9871,41.372],[-71.987404,41.371118],[-71.985713,41.369272],[-71.987046,41.368709],[-71.986315,41.367541],[-71.986475,41.365879],[-71.985569,41.363824],[-71.986419,41.35996],[-71.98831,41.357794],[-71.990682,41.356361],[-71.990389,41.354215],[-71.991131,41.353674],[-71.993417,41.353326],[-71.997553,41.345328],[-71.999384,41.344937],[-72.002157,41.343017],[-72.002558,41.341712],[-72.00336,41.339486],[-72.003102,41.336422],[-72.002268,41.333617],[-72.003543,41.331896],[-72.003934,41.327828],[-72.002365,41.32341],[-72.006117,41.324538],[-72.007679,41.325312],[-72.030087,41.338973],[-72.035663,41.341203],[-72.035793,41.341796],[-72.038075,41.346729],[-72.038004,41.348796],[-72.035486,41.351001],[-72.037085,41.356464],[-72.039891,41.357307],[-72.04081,41.359823]]]}},{"type":"Feature","properties":{"GEOID":"09130650100","STATEFP":"09","COUNTYFP":"130","TRACTCE":"650100","NAMELSAD":"Census Tract 6501","NAMELSADCO":"Lower Connecticut River Valley Planning Region","STATE_NAME":"Connecticut"},"geometry":{"type":"Polygon","coordinates":[[[-72.43371,41.423995],[-72.427612,41.423289],[-72.409477,41.425295],[-72.403029,41.424774],[-72.399793,41.42611],[-72.386129,41.427658],[-72.385813,41.427692],[-72.305531,41.436282],[-72.304868,41.432728],[-72.286577,41.439074],[-72.276636,41.440449],[-72.277596,41.433377],[-72.278538,41.429633],[-72.279061,41.426057],[-72.279099,41.421809],[-72.27995,41.418597],[-72.280446,41.414473],[-72.281005,41.412865],[-72.281281,41.411197],[-72.282154,41.405899],[-72.280032,41.39168],[-72.279247,41.388206],[-72.277906,41.376308],[-72.27794,41.375284],[-72.276725,41.366297],[-72.296359,41.362438],[-72.299145,41.362166],[-72.304511,41.361172],[-72.310359,41.359807],[-72.32613,41.356941],[-72.331117,41.356342],[-72.333904,41.355722],[-72.334182,41.355598],[-72.336668,41.353121],[-72.338012,41.350869],[-72.339128,41.353119],[-72.350132,41.350933],[-72.354033,41.349999],[-72.354615,41.348742],[-72.35427,41.346184],[-72.360262,41.344952],[-72.362969,41.343667],[-72.366958,41.343235],[-72.369147,41.342337],[-72.372158,41.343433],[-72.377687,41.346465],[-72.378771,41.347998],[-72.379397,41.349746],[-72.378393,41.35591],[-72.377366,41.364478],[-72.376428,41.369098],[-72.374909,41.373305],[-72.375093,41.374507],[-72.376004,41.376255],[-72.381601,41.380606],[-72.382594,41.38248],[-72.384833,41.38519],[-72.38718,41.386054],[-72.394893,41.38755],[-72.397246,41.387664],[-72.402022,41.388545],[-72.405295,41.388444],[-72.411751,41.389524],[-72.416213,41.389347],[-72.421676,41.39051],[-72.423514,41.391888],[-72.425753,41.395968],[-72.426339,41.398783],[-72.425663,41.400805],[-72.42525,41.40198],[-72.425102,41.408566],[-72.425479,41.411656],[-72.426102,41.413069],[-72.430648,41.419755],[-72.43371,41.423995]]]}},{"type":"Feature","properties":{"GEOID":"09180695202","STATEFP":"09","COUNTYFP":"180","TRACTCE":"695202","NAMELSAD":"Census Tract 6952.02","NAMELSADCO":"Southeastern Connecticut Planning Region","STATE_NAME":"Connecticut"},"geometry":{"type":"Polygon","coordinates":[[[-72.231188,41.444827],[-72.221524,41.446296],[-72.222462,41.456494],[-72.212687,41.457453],[-72.215124,41.473498],[-72.216535,41.480002],[-72.217524,41.494694],[-72.218357,41.500452],[-72.224436,41.509744],[-72.226275,41.513314],[-72.227285,41.516686],[-72.227624,41.518698],[-72.199522,41.513037],[-72.193488,41.511981],[-72.191058,41.514153],[-72.187517,41.513467],[-72.186721,41.512913],[-72.18237,41.512896],[-72.182238,41.51626],[-72.180603,41.516326],[-72.178296,41.515903],[-72.171164,41.513943],[-72.168376,41.51218],[-72.165719,41.510551],[-72.161982,41.510117],[-72.153551,41.50733],[-72.158275,41.507513],[-72.163292,41.506798],[-72.164642,41.506161],[-72.163277,41.504471],[-72.158718,41.50286],[-72.156897,41.500877],[-72.155454,41.498569],[-72.155741,41.497735],[-72.157607,41.497968],[-72.158395,41.497211],[-72.156532,41.492747],[-72.154795,41.490309],[-72.154859,41.488447],[-72.156079,41.486287],[-72.158705,41.484331],[-72.159765,41.482696],[-72.158361,41.481899],[-72.151226,41.479021],[-72.153798,41.473416],[-72.156843,41.471694],[-72.156866,41.467035],[-72.15877,41.46556],[-72.157443,41.463472],[-72.159776,41.462405],[-72.164219,41.459466],[-72.165504,41.462013],[-72.166853,41.462158],[-72.168487,41.461963],[-72.169172,41.461565],[-72.172368,41.462085],[-72.174481,41.461972],[-72.182108,41.462735],[-72.185592,41.462157],[-72.191305,41.461945],[-72.197607,41.463861],[-72.202578,41.463043],[-72.203815,41.457818],[-72.203229,41.456244],[-72.200543,41.453393],[-72.200235,41.452964],[-72.195672,41.449497],[-72.19357,41.447427],[-72.192797,41.445229],[-72.19339,41.444188],[-72.189954,41.440782],[-72.18852,41.44019],[-72.188282,41.439147],[-72.18576,41.436646],[-72.183445,41.435354],[-72.182535,41.433785],[-72.1799,41.432606],[-72.17814,41.431002],[-72.176191,41.430371],[-72.175639,41.428619],[-72.172679,41.426192],[-72.172361,41.423063],[-72.169817,41.418587],[-72.219307,41.412123],[-72.220356,41.413527],[-72.242024,41.443198],[-72.231188,41.444827]]]}},{"type":"Feature","properties":{"GEOID":"09180696300","STATEFP":"09","COUNTYFP":"180","TRACTCE":"696300","NAMELSAD":"Census Tract 6963","NAMELSADCO":"Southeastern Connecticut Planning Region","STATE_NAME":"Connecticut"},"geometry":{"type":"Polygon","coordinates":[[[-72.105741,41.553394],[-72.103583,41.557735],[-72.09336,41.56892],[-72.091525,41.570119],[-72.069253,41.581066],[-72.068743,41.580327],[-72.066504,41.574717],[-72.064772,41.572299],[-72.063873,41.571515],[-72.064568,41.569483],[-72.064865,41.564277],[-72.068971,41.560257],[-72.067422,41.560246],[-72.06641,41.558866],[-72.065421,41.555054],[-72.065515,41.552518],[-72.067229,41.549196],[-72.070143,41.55162],[-72.072883,41.548217],[-72.074913,41.546034],[-72.081797,41.544411],[-72.082501,41.545569],[-72.084568,41.546276],[-72.086306,41.546101],[-72.087399,41.544382],[-72.090201,41.544394],[-72.095612,41.544472],[-72.099075,41.544578],[-72.108835,41.546296],[-72.105741,41.553394]]]}},{"type":"Feature","properties":{"GEOID":"09180711100","STATEFP":"09","COUNTYFP":"180","TRACTCE":"711100","NAMELSAD":"Census Tract 7111","NAMELSADCO":"Southeastern Connecticut Planning Region","STATE_NAME":"Connecticut"},"geometry":{"type":"Polygon","coordinates":[[[-72.119773,41.661834],[-72.11,41.660224],[-72.103523,41.659305],[-72.092407,41.657189],[-72.062051,41.652239],[-72.055659,41.651239],[-72.031216,41.647242],[-72.030583,41.645373],[-72.030778,41.643661],[-72.031959,41.642044],[-72.031896,41.639524],[-72.032581,41.63638],[-72.032484,41.634785],[-72.039032,41.629919],[-72.04062,41.628373],[-72.040383,41.623993],[-72.039929,41.622383],[-72.037777,41.618806],[-72.037098,41.615986],[-72.036374,41.615333],[-72.03563,41.610655],[-72.037933,41.606443],[-72.040226,41.604607],[-72.043593,41.600929],[-72.047045,41.595171],[-72.047864,41.594823],[-72.053909,41.603381],[-72.05534,41.604636],[-72.058074,41.605919],[-72.063094,41.608122],[-72.063937,41.608298],[-72.065267,41.608028],[-72.066776,41.607511],[-72.088,41.603777],[-72.103654,41.600884],[-72.104121,41.600798],[-72.107559,41.614355],[-72.108529,41.617885],[-72.108833,41.619046],[-72.111312,41.628736],[-72.113398,41.635003],[-72.118194,41.653637],[-72.119773,41.661834]]]}},{"type":"Feature","properties":{"GEOID":"09140351602","STATEFP":"09","COUNTYFP":"140","TRACTCE":"351602","NAMELSAD":"Census Tract 3516.02","NAMELSADCO":"Naugatuck Valley Planning Region","STATE_NAME":"Connecticut"},"geometry":{"type":"Polygon","coordinates":[[[-73.067555,41.547982],[-73.06323,41.548565],[-73.058313,41.55034],[-73.057717,41.549511],[-73.057116,41.54832],[-73.054343,41.541974],[-73.054051,41.541271],[-73.053039,41.539002],[-73.052206,41.53701],[-73.051555,41.535443],[-73.050465,41.534398],[-73.049894,41.533729],[-73.050055,41.528656],[-73.051233,41.522914],[-73.055514,41.520867],[-73.056166,41.520283],[-73.058851,41.518915],[-73.062241,41.51913],[-73.063712,41.522703],[-73.06515,41.523663],[-73.06575,41.527138],[-73.06586,41.529218],[-73.066085,41.52999],[-73.066618,41.531519],[-73.067018,41.535432],[-73.066208,41.537707],[-73.066929,41.543666],[-73.068774,41.546433],[-73.067555,41.547982]]]}},{"type":"Feature","properties":{"GEOID":"09180693300","STATEFP":"09","COUNTYFP":"180","TRACTCE":"693300","NAMELSAD":"Census Tract 6933","NAMELSADCO":"Southeastern Connecticut Planning Region","STATE_NAME":"Connecticut"},"geometry":{"type":"Polygon","coordinates":[[[-72.193256,41.370452],[-72.191659,41.372897],[-72.192363,41.374739],[-72.187423,41.374386],[-72.167908,41.368644],[-72.164112,41.367944],[-72.161794,41.36779],[-72.152959,41.367832],[-72.150405,41.368004],[-72.148556,41.363163],[-72.146716,41.359857],[-72.144034,41.351928],[-72.144262,41.351309],[-72.143781,41.350332],[-72.147292,41.346506],[-72.146492,41.345527],[-72.142605,41.344084],[-72.141341,41.340919],[-72.140314,41.340889],[-72.140265,41.340367],[-72.139977,41.340096],[-72.141464,41.338512],[-72.143799,41.338818],[-72.146837,41.335398],[-72.147638,41.325559],[-72.1489,41.319368],[-72.15039,41.316398],[-72.153422,41.316586],[-72.154249,41.316179],[-72.1559882169118,41.3130622872205],[-72.15632,41.313178],[-72.16158,41.310262],[-72.161073,41.306929],[-72.164401,41.303715],[-72.172715,41.309596],[-72.173922,41.317597],[-72.1774650579298,41.3222891577989],[-72.176566,41.323128],[-72.176199,41.324],[-72.179852,41.325732],[-72.180491,41.328056],[-72.1793,41.334623],[-72.181122,41.342697],[-72.182922,41.344197],[-72.184901,41.34472],[-72.188222,41.345597],[-72.188822,41.346397],[-72.188122,41.349497],[-72.189614,41.354594],[-72.18943,41.358466],[-72.193031,41.367098],[-72.192695,41.368913],[-72.193256,41.370452]]]}},{"type":"Feature","properties":{"GEOID":"09110503000","STATEFP":"09","COUNTYFP":"110","TRACTCE":"503000","NAMELSAD":"Census Tract 5030","NAMELSADCO":"Capitol Planning Region","STATE_NAME":"Connecticut"},"geometry":{"type":"Polygon","coordinates":[[[-72.690479,41.761624],[-72.690398,41.763684],[-72.687882,41.763888],[-72.686614,41.763661],[-72.681992,41.762752],[-72.682048,41.761657],[-72.679644,41.760981],[-72.680928,41.757731],[-72.682348,41.757907],[-72.687063,41.75803],[-72.690573,41.758132],[-72.690479,41.761624]]]}},{"type":"Feature","properties":{"GEOID":"09110503900","STATEFP":"09","COUNTYFP":"110","TRACTCE":"503900","NAMELSAD":"Census Tract 5039","NAMELSADCO":"Capitol Planning Region","STATE_NAME":"Connecticut"},"geometry":{"type":"Polygon","coordinates":[[[-72.709901,41.799711],[-72.706478,41.799997],[-72.707373,41.802852],[-72.707758,41.806971],[-72.701682,41.807087],[-72.695574,41.807277],[-72.691393,41.807568],[-72.691151,41.805599],[-72.691081,41.80499],[-72.690076,41.800844],[-72.691116,41.800925],[-72.693381,41.80077],[-72.694782,41.800695],[-72.698223,41.800739],[-72.698288,41.799221],[-72.700079,41.793867],[-72.701785,41.791262],[-72.705088,41.791016],[-72.706177,41.791693],[-72.707515,41.796331],[-72.708459,41.797884],[-72.709901,41.799711]]]}},{"type":"Feature","properties":{"GEOID":"09110504500","STATEFP":"09","COUNTYFP":"110","TRACTCE":"504500","NAMELSAD":"Census Tract 5045","NAMELSADCO":"Capitol Planning Region","STATE_NAME":"Connecticut"},"geometry":{"type":"Polygon","coordinates":[[[-72.706446,41.735124],[-72.702919,41.735754],[-72.704737,41.743503],[-72.702105,41.743828],[-72.698314,41.744304],[-72.698381,41.746339],[-72.698255,41.747338],[-72.694003,41.747275],[-72.694036,41.74654],[-72.6942,41.742766],[-72.694172,41.742628],[-72.693403,41.741689],[-72.693991,41.741363],[-72.697337,41.739446],[-72.698355,41.738914],[-72.701492,41.734182],[-72.701776,41.734004],[-72.705377,41.733303],[-72.706028,41.733208],[-72.706446,41.735124]]]}},{"type":"Feature","properties":{"GEOID":"09110504800","STATEFP":"09","COUNTYFP":"110","TRACTCE":"504800","NAMELSAD":"Census Tract 5048","NAMELSADCO":"Capitol Planning Region","STATE_NAME":"Connecticut"},"geometry":{"type":"Polygon","coordinates":[[[-72.705377,41.733303],[-72.701776,41.734004],[-72.701492,41.734182],[-72.698355,41.738914],[-72.697337,41.739446],[-72.693991,41.741363],[-72.693403,41.741689],[-72.692189,41.742361],[-72.692963,41.740812],[-72.692904,41.73825],[-72.692789,41.735082],[-72.69184,41.731248],[-72.691168,41.727481],[-72.691013,41.727078],[-72.691841,41.725481],[-72.693536,41.725186],[-72.704838,41.7245],[-72.703847,41.725619],[-72.705041,41.727319],[-72.705377,41.733303]]]}},{"type":"Feature","properties":{"GEOID":"09110514200","STATEFP":"09","COUNTYFP":"110","TRACTCE":"514200","NAMELSAD":"Census Tract 5142","NAMELSADCO":"Capitol Planning Region","STATE_NAME":"Connecticut"},"geometry":{"type":"Polygon","coordinates":[[[-72.552346,41.793566],[-72.551177,41.796305],[-72.550334,41.796119],[-72.548085,41.795988],[-72.545848,41.796312],[-72.542548,41.797522],[-72.537689,41.799897],[-72.534651,41.802761],[-72.533963,41.803121],[-72.53037,41.805059],[-72.524089,41.810045],[-72.522754,41.810477],[-72.519492,41.810957],[-72.517054,41.81047],[-72.518398,41.802677],[-72.52146,41.795388],[-72.521537,41.794527],[-72.521518,41.794343],[-72.524861,41.793965],[-72.524783,41.792943],[-72.526673,41.792754],[-72.529967,41.792276],[-72.52938,41.789862],[-72.536357,41.789114],[-72.545544,41.787467],[-72.550413,41.785415],[-72.550905,41.787557],[-72.551751,41.789495],[-72.552346,41.793566]]]}},{"type":"Feature","properties":{"GEOID":"09110515102","STATEFP":"09","COUNTYFP":"110","TRACTCE":"515102","NAMELSAD":"Census Tract 5151.02","NAMELSADCO":"Capitol Planning Region","STATE_NAME":"Connecticut"},"geometry":{"type":"Polygon","coordinates":[[[-72.579949,41.782189],[-72.573566,41.780239],[-72.571984,41.780068],[-72.566813,41.780141],[-72.562524,41.780705],[-72.557638,41.779608],[-72.557933,41.779215],[-72.555991,41.776517],[-72.555915,41.773303],[-72.559629,41.771133],[-72.559556,41.768316],[-72.558565,41.767299],[-72.556617,41.766613],[-72.555185,41.764955],[-72.551817,41.7622],[-72.548504,41.760295],[-72.54553,41.759508],[-72.542044,41.759745],[-72.542011,41.758434],[-72.540078,41.751005],[-72.535372,41.751461],[-72.53445,41.752125],[-72.528286,41.752866],[-72.52777,41.755124],[-72.526231,41.752826],[-72.522518,41.753187],[-72.520362,41.75528],[-72.517338,41.746026],[-72.517479,41.74493],[-72.517025,41.74027],[-72.517132,41.739935],[-72.518136,41.740022],[-72.519664,41.73947],[-72.531898,41.738335],[-72.536391,41.737716],[-72.549234,41.736108],[-72.567664,41.734347],[-72.571233,41.733799],[-72.573088,41.743921],[-72.575625,41.757063],[-72.577093,41.765943],[-72.577684,41.769421],[-72.578478,41.774042],[-72.579836,41.780688],[-72.579949,41.782189]]]}},{"type":"Feature","properties":{"GEOID":"09110490100","STATEFP":"09","COUNTYFP":"110","TRACTCE":"490100","NAMELSAD":"Census Tract 4901","NAMELSADCO":"Capitol Planning Region","STATE_NAME":"Connecticut"},"geometry":{"type":"Polygon","coordinates":[[[-72.659048,41.681671],[-72.658141,41.682201],[-72.649115,41.68498],[-72.632073,41.686799],[-72.62698,41.687087],[-72.615735,41.688099],[-72.610729,41.684198],[-72.60863,41.681275],[-72.609522,41.6746],[-72.612016,41.6725],[-72.624797,41.669301],[-72.628021,41.666037],[-72.628136,41.661699],[-72.623535,41.650299],[-72.624436,41.645099],[-72.627836,41.640199],[-72.634036,41.639199],[-72.647136,41.637199],[-72.648764,41.637097],[-72.646937,41.642821],[-72.644093,41.648649],[-72.641539,41.651617],[-72.640715,41.654215],[-72.643683,41.654124],[-72.644614,41.654024],[-72.643967,41.65716],[-72.644273,41.660039],[-72.642218,41.660225],[-72.643115,41.66442],[-72.643956,41.667708],[-72.646904,41.672288],[-72.649808,41.671704],[-72.657704,41.673072],[-72.658558,41.675216],[-72.658896,41.676032],[-72.659048,41.681671]]]}},{"type":"Feature","properties":{"GEOID":"09110524200","STATEFP":"09","COUNTYFP":"110","TRACTCE":"524200","NAMELSAD":"Census Tract 5242","NAMELSADCO":"Capitol Planning Region","STATE_NAME":"Connecticut"},"geometry":{"type":"Polygon","coordinates":[[[-72.679901,41.65476],[-72.678429,41.658236],[-72.678857,41.662086],[-72.678734,41.662649],[-72.67475,41.666971],[-72.66994,41.669893],[-72.667743,41.671508],[-72.667199,41.672173],[-72.66697,41.672641],[-72.66629,41.675695],[-72.665337,41.680098],[-72.660355,41.681509],[-72.659053,41.682182],[-72.659048,41.681671],[-72.658896,41.676032],[-72.658558,41.675216],[-72.657704,41.673072],[-72.649808,41.671704],[-72.646904,41.672288],[-72.643956,41.667708],[-72.643115,41.66442],[-72.642218,41.660225],[-72.644273,41.660039],[-72.643967,41.65716],[-72.644614,41.654024],[-72.643683,41.654124],[-72.640715,41.654215],[-72.641539,41.651617],[-72.644093,41.648649],[-72.646937,41.642821],[-72.648764,41.637097],[-72.650837,41.636899],[-72.67587,41.633095],[-72.675489,41.634726],[-72.677638,41.644671],[-72.678594,41.64897],[-72.678832,41.649596],[-72.679379,41.650745],[-72.679901,41.65476]]]}},{"type":"Feature","properties":{"GEOID":"09110430202","STATEFP":"09","COUNTYFP":"110","TRACTCE":"430202","NAMELSAD":"Census Tract 4302.02","NAMELSADCO":"Capitol Planning Region","STATE_NAME":"Connecticut"},"geometry":{"type":"Polygon","coordinates":[[[-72.867971,41.607859],[-72.858041,41.608818],[-72.858342,41.612953],[-72.860313,41.6183],[-72.860347,41.618808],[-72.859512,41.620239],[-72.85927,41.625097],[-72.859836,41.629097],[-72.860226,41.631198],[-72.860169,41.633033],[-72.847524,41.63448],[-72.84637,41.634775],[-72.847083,41.637561],[-72.848304,41.650027],[-72.846688,41.650404],[-72.846766,41.653409],[-72.822573,41.65571],[-72.820739,41.655715],[-72.819442,41.645579],[-72.819185,41.645004],[-72.814322,41.645699],[-72.814188,41.645706],[-72.823331,41.633607],[-72.825243,41.629847],[-72.825251,41.627669],[-72.817989,41.627589],[-72.822255,41.621589],[-72.820233,41.621148],[-72.820559,41.619298],[-72.822808,41.617619],[-72.819365,41.615599],[-72.818929,41.611976],[-72.818326,41.606866],[-72.820199,41.606895],[-72.82346,41.604333],[-72.824077,41.597013],[-72.83053,41.593192],[-72.837951,41.592587],[-72.842337,41.593273],[-72.842454,41.595237],[-72.842778,41.596587],[-72.844155,41.60663],[-72.845735,41.606967],[-72.857836,41.605741],[-72.863678,41.604796],[-72.864602,41.604424],[-72.867742,41.606722],[-72.867971,41.607859]]]}},{"type":"Feature","properties":{"GEOID":"09110496200","STATEFP":"09","COUNTYFP":"110","TRACTCE":"496200","NAMELSAD":"Census Tract 4962","NAMELSADCO":"Capitol Planning Region","STATE_NAME":"Connecticut"},"geometry":{"type":"Polygon","coordinates":[[[-72.762346,41.726854],[-72.759609,41.726935],[-72.757701,41.727526],[-72.757391,41.72707],[-72.752008,41.729707],[-72.748414,41.730668],[-72.745034,41.731483],[-72.743362,41.73169],[-72.737272,41.73231],[-72.735248,41.732539],[-72.732114,41.732755],[-72.731392,41.732502],[-72.730482,41.732116],[-72.73571,41.722739],[-72.736509,41.721261],[-72.740518,41.721056],[-72.742833,41.720695],[-72.759455,41.718382],[-72.762179,41.718341],[-72.762346,41.726854]]]}},{"type":"Feature","properties":{"GEOID":"09110514700","STATEFP":"09","COUNTYFP":"110","TRACTCE":"514700","NAMELSAD":"Census Tract 5147","NAMELSADCO":"Capitol Planning Region","STATE_NAME":"Connecticut"},"geometry":{"type":"Polygon","coordinates":[[[-72.533188,41.772636],[-72.530408,41.772799],[-72.529008,41.773087],[-72.521508,41.775891],[-72.52094,41.776159],[-72.519214,41.776489],[-72.516938,41.776882],[-72.516895,41.776709],[-72.515988,41.76963],[-72.515522,41.76454],[-72.517065,41.764836],[-72.520431,41.764581],[-72.526136,41.764304],[-72.530024,41.764894],[-72.530308,41.76755],[-72.530414,41.769203],[-72.530797,41.771819],[-72.533188,41.772636]]]}},{"type":"Feature","properties":{"GEOID":"09110524100","STATEFP":"09","COUNTYFP":"110","TRACTCE":"524100","NAMELSAD":"Census Tract 5241","NAMELSADCO":"Capitol Planning Region","STATE_NAME":"Connecticut"},"geometry":{"type":"Polygon","coordinates":[[[-72.505431,41.646999],[-72.501913,41.654163],[-72.497307,41.662399],[-72.485997,41.666245],[-72.477319,41.668756],[-72.478945,41.673454],[-72.482725,41.681292],[-72.476798,41.686094],[-72.469875,41.68679],[-72.46098,41.687968],[-72.452229,41.688799],[-72.451629,41.687099],[-72.448129,41.671898],[-72.437329,41.666598],[-72.429429,41.662299],[-72.427529,41.659699],[-72.42084,41.648053],[-72.415892,41.640206],[-72.415728,41.639299],[-72.413852,41.636916],[-72.413774,41.634869],[-72.409217,41.630749],[-72.40848,41.626562],[-72.407881,41.625096],[-72.408971,41.622628],[-72.409508,41.620046],[-72.409485,41.608595],[-72.410367,41.602581],[-72.410629,41.601798],[-72.415331,41.59373],[-72.417229,41.590598],[-72.420029,41.590098],[-72.46673,41.583899],[-72.469042,41.587316],[-72.474342,41.595157],[-72.476921,41.599987],[-72.481537,41.607741],[-72.481842,41.60818],[-72.504875,41.645534],[-72.505431,41.646999]]]}},{"type":"Feature","properties":{"GEOID":"09110416000","STATEFP":"09","COUNTYFP":"110","TRACTCE":"416000","NAMELSAD":"Census Tract 4160","NAMELSADCO":"Capitol Planning Region","STATE_NAME":"Connecticut"},"geometry":{"type":"Polygon","coordinates":[[[-72.79418,41.675843],[-72.793584,41.678403],[-72.793586,41.67908],[-72.793828,41.681379],[-72.793484,41.683454],[-72.792962,41.683451],[-72.788574,41.685517],[-72.788055,41.682468],[-72.787922,41.681784],[-72.787546,41.680208],[-72.786999,41.679524],[-72.785734,41.678307],[-72.784559,41.673437],[-72.786017,41.673369],[-72.787592,41.673281],[-72.790985,41.672903],[-72.79226,41.67276],[-72.793495,41.672635],[-72.796663,41.672769],[-72.79418,41.675843]]]}},{"type":"Feature","properties":{"GEOID":"09110416500","STATEFP":"09","COUNTYFP":"110","TRACTCE":"416500","NAMELSAD":"Census Tract 4165","NAMELSADCO":"Capitol Planning Region","STATE_NAME":"Connecticut"},"geometry":{"type":"Polygon","coordinates":[[[-72.823411,41.672568],[-72.821559,41.677691],[-72.819779,41.683104],[-72.815442,41.68782],[-72.815428,41.687854],[-72.814307,41.68829],[-72.812086,41.688272],[-72.808163,41.685479],[-72.803142,41.684349],[-72.802106,41.684227],[-72.80333,41.680623],[-72.804395,41.678506],[-72.804188,41.675015],[-72.804441,41.674078],[-72.804844,41.671656],[-72.805236,41.670411],[-72.805399,41.670065],[-72.806397,41.668651],[-72.80653,41.668365],[-72.806742,41.665341],[-72.80942,41.666289],[-72.816924,41.667657],[-72.825418,41.668938],[-72.823411,41.672568]]]}},{"type":"Feature","properties":{"GEOID":"09110494100","STATEFP":"09","COUNTYFP":"110","TRACTCE":"494100","NAMELSAD":"Census Tract 4941","NAMELSADCO":"Capitol Planning Region","STATE_NAME":"Connecticut"},"geometry":{"type":"Polygon","coordinates":[[[-72.730754,41.683787],[-72.723835,41.685319],[-72.721523,41.68633],[-72.719825,41.686715],[-72.718659,41.686946],[-72.710571,41.687792],[-72.70658,41.688866],[-72.703243,41.688915],[-72.701935,41.682634],[-72.701053,41.677325],[-72.700364,41.674573],[-72.70694,41.673714],[-72.706534,41.670628],[-72.708267,41.669964],[-72.715931,41.669114],[-72.715312,41.666263],[-72.717326,41.6627],[-72.719116,41.661732],[-72.722212,41.661482],[-72.723444,41.661758],[-72.72654,41.66181],[-72.729148,41.675423],[-72.729864,41.679479],[-72.730754,41.683787]]]}},{"type":"Feature","properties":{"GEOID":"09110420500","STATEFP":"09","COUNTYFP":"110","TRACTCE":"420500","NAMELSAD":"Census Tract 4205","NAMELSADCO":"Capitol Planning Region","STATE_NAME":"Connecticut"},"geometry":{"type":"Polygon","coordinates":[[[-72.888526,41.67516],[-72.880746,41.675418],[-72.876643,41.674933],[-72.867189,41.673291],[-72.866568,41.673259],[-72.861762,41.673206],[-72.85898,41.673247],[-72.859228,41.672726],[-72.862505,41.666199],[-72.862989,41.665345],[-72.866098,41.659807],[-72.870588,41.650695],[-72.872924,41.650486],[-72.883388,41.649468],[-72.885109,41.657985],[-72.886473,41.663003],[-72.886663,41.666008],[-72.887507,41.669279],[-72.888526,41.67516]]]}},{"type":"Feature","properties":{"GEOID":"09110462102","STATEFP":"09","COUNTYFP":"110","TRACTCE":"462102","NAMELSAD":"Census Tract 4621.02","NAMELSADCO":"Capitol Planning Region","STATE_NAME":"Connecticut"},"geometry":{"type":"Polygon","coordinates":[[[-72.927414,41.803707],[-72.924253,41.804794],[-72.921391,41.805194],[-72.921183,41.807117],[-72.91977,41.80695],[-72.917365,41.807353],[-72.915361,41.807562],[-72.914349,41.810575],[-72.887949,41.813902],[-72.887349,41.808466],[-72.888319,41.803369],[-72.891221,41.794618],[-72.893143,41.791859],[-72.892775,41.789219],[-72.892505,41.782999],[-72.890383,41.779241],[-72.890277,41.777118],[-72.890847,41.767518],[-72.889797,41.765082],[-72.893898,41.764875],[-72.895237,41.764685],[-72.89594,41.76486],[-72.901217,41.768696],[-72.901077,41.771625],[-72.902158,41.77512],[-72.902985,41.775711],[-72.90848,41.776043],[-72.917652,41.777739],[-72.919023,41.778299],[-72.920328,41.779381],[-72.922256,41.783047],[-72.923087,41.785217],[-72.924946,41.787785],[-72.924542,41.789574],[-72.924659,41.792615],[-72.925523,41.798702],[-72.92688,41.799805],[-72.928104,41.80284],[-72.927414,41.803707]]]}},{"type":"Feature","properties":{"GEOID":"09110471200","STATEFP":"09","COUNTYFP":"110","TRACTCE":"471200","NAMELSAD":"Census Tract 4712","NAMELSADCO":"Capitol Planning Region","STATE_NAME":"Connecticut"},"geometry":{"type":"Polygon","coordinates":[[[-72.721036,41.817788],[-72.720364,41.824008],[-72.720379,41.826047],[-72.71925,41.828468],[-72.720058,41.829571],[-72.719428,41.832491],[-72.720258,41.836134],[-72.711436,41.834138],[-72.709437,41.833329],[-72.707376,41.830607],[-72.704009,41.830655],[-72.69868,41.835266],[-72.69769,41.832106],[-72.696743,41.826544],[-72.696113,41.822506],[-72.695701,41.81967],[-72.695432,41.81823],[-72.695128,41.816561],[-72.694696,41.812764],[-72.695574,41.807277],[-72.701682,41.807087],[-72.707758,41.806971],[-72.714952,41.806655],[-72.722099,41.816421],[-72.721036,41.817788]]]}},{"type":"Feature","properties":{"GEOID":"09110464101","STATEFP":"09","COUNTYFP":"110","TRACTCE":"464101","NAMELSAD":"Census Tract 4641.01","NAMELSADCO":"Capitol Planning Region","STATE_NAME":"Connecticut"},"geometry":{"type":"Polygon","coordinates":[[[-72.95364,41.853919],[-72.946342,41.874027],[-72.946178,41.877234],[-72.943894,41.884815],[-72.940647,41.895196],[-72.915346,41.896797],[-72.906645,41.920196],[-72.905945,41.921696],[-72.89111,41.921229],[-72.876644,41.920796],[-72.874339,41.870927],[-72.873018,41.83739],[-72.870696,41.819118],[-72.874227,41.822195],[-72.884687,41.82419],[-72.887445,41.82399],[-72.887577,41.823967],[-72.891068,41.823698],[-72.8951,41.825132],[-72.898334,41.826648],[-72.90207,41.829454],[-72.904823,41.830589],[-72.908693,41.831247],[-72.916034,41.832207],[-72.926542,41.833021],[-72.927458,41.832944],[-72.929976,41.832744],[-72.935814,41.833447],[-72.937738,41.832874],[-72.939559,41.83169],[-72.936502,41.840263],[-72.939095,41.842506],[-72.942245,41.843445],[-72.946526,41.843628],[-72.951187,41.842697],[-72.953651,41.84668],[-72.95364,41.853919]]]}},{"type":"Feature","properties":{"GEOID":"09110510600","STATEFP":"09","COUNTYFP":"110","TRACTCE":"510600","NAMELSAD":"Census Tract 5106","NAMELSADCO":"Capitol Planning Region","STATE_NAME":"Connecticut"},"geometry":{"type":"Polygon","coordinates":[[[-72.655936,41.7543],[-72.65403,41.754459],[-72.649559,41.757408],[-72.647697,41.761394],[-72.645297,41.761409],[-72.643582,41.76293],[-72.642853,41.765247],[-72.639084,41.766315],[-72.633308,41.767315],[-72.632683,41.768021],[-72.631355,41.766899],[-72.630928,41.767941],[-72.627147,41.769655],[-72.625434,41.768804],[-72.620906,41.770872],[-72.622007,41.772132],[-72.620106,41.775806],[-72.619594,41.77165],[-72.618251,41.766455],[-72.61745,41.763338],[-72.615574,41.763602],[-72.614281,41.759813],[-72.611159,41.759413],[-72.610356,41.756616],[-72.609332,41.756722],[-72.609203,41.755829],[-72.61359,41.755056],[-72.612787,41.751781],[-72.613884,41.75071],[-72.612747,41.74571],[-72.632848,41.742902],[-72.63407,41.742713],[-72.634029,41.741607],[-72.639083,41.743868],[-72.640526,41.745123],[-72.641651,41.746716],[-72.642677,41.750652],[-72.643541,41.750089],[-72.649036,41.7502],[-72.65399,41.753058],[-72.654164,41.753169],[-72.655936,41.7543]]]}},{"type":"Feature","properties":{"GEOID":"09110510900","STATEFP":"09","COUNTYFP":"110","TRACTCE":"510900","NAMELSAD":"Census Tract 5109","NAMELSADCO":"Capitol Planning Region","STATE_NAME":"Connecticut"},"geometry":{"type":"Polygon","coordinates":[[[-72.60512,41.740004],[-72.597473,41.741133],[-72.596484,41.741283],[-72.58207,41.743217],[-72.576742,41.743944],[-72.573088,41.743921],[-72.571233,41.733799],[-72.574059,41.733483],[-72.58651,41.731862],[-72.592966,41.731125],[-72.599312,41.729872],[-72.603951,41.729453],[-72.604697,41.733331],[-72.605078,41.735428],[-72.60512,41.740004]]]}},{"type":"Feature","properties":{"GEOID":"09110484200","STATEFP":"09","COUNTYFP":"110","TRACTCE":"484200","NAMELSAD":"Census Tract 4842","NAMELSADCO":"Capitol Planning Region","STATE_NAME":"Connecticut"},"geometry":{"type":"Polygon","coordinates":[[[-72.587988,41.880129],[-72.585058,41.880784],[-72.58182,41.880021],[-72.580509,41.880882],[-72.577808,41.882775],[-72.578871,41.883323],[-72.578754,41.885905],[-72.577945,41.886787],[-72.574063,41.886561],[-72.572833,41.894155],[-72.573134,41.896329],[-72.571611,41.898147],[-72.572851,41.899101],[-72.57059,41.901939],[-72.57252,41.902628],[-72.57154,41.904205],[-72.568147,41.906033],[-72.567685,41.908434],[-72.566455,41.910002],[-72.564332,41.911134],[-72.562346,41.912222],[-72.562616,41.913631],[-72.558214,41.912508],[-72.559106,41.915384],[-72.556087,41.914795],[-72.556142,41.917383],[-72.55281,41.919601],[-72.553524,41.921023],[-72.550976,41.921012],[-72.550416,41.923051],[-72.549308,41.923844],[-72.550239,41.925968],[-72.548564,41.926761],[-72.546786,41.92634],[-72.547195,41.927876],[-72.548556,41.927952],[-72.546831,41.932777],[-72.548598,41.933401],[-72.546608,41.933769],[-72.548348,41.93445],[-72.549248,41.936869],[-72.547113,41.939019],[-72.548356,41.939146],[-72.547413,41.940688],[-72.548002,41.941801],[-72.538606,41.943033],[-72.526183,41.944355],[-72.523411,41.944575],[-72.51333,41.945401],[-72.514128,41.932564],[-72.514628,41.916631],[-72.515226,41.899467],[-72.516924,41.873639],[-72.51733,41.869897],[-72.547879,41.869284],[-72.571488,41.868783],[-72.582561,41.868326],[-72.587988,41.868313],[-72.588078,41.872394],[-72.585941,41.874046],[-72.589932,41.87727],[-72.587988,41.880129]]]}},{"type":"Feature","properties":{"GEOID":"09110481200","STATEFP":"09","COUNTYFP":"110","TRACTCE":"481200","NAMELSAD":"Census Tract 4812","NAMELSADCO":"Capitol Planning Region","STATE_NAME":"Connecticut"},"geometry":{"type":"Polygon","coordinates":[[[-72.611634,41.960787],[-72.609533,41.964895],[-72.607033,41.973796],[-72.604576,41.97363],[-72.60393,41.974758],[-72.592321,41.973323],[-72.592513,41.971952],[-72.588291,41.970349],[-72.579105,41.963188],[-72.574637,41.959976],[-72.571666,41.957919],[-72.563657,41.953791],[-72.562461,41.953225],[-72.560215,41.953179],[-72.565851,41.951222],[-72.56413,41.948566],[-72.567795,41.948244],[-72.575615,41.94886],[-72.580241,41.949278],[-72.585572,41.950479],[-72.592455,41.950493],[-72.601431,41.951507],[-72.601054,41.953257],[-72.599978,41.960498],[-72.598729,41.961402],[-72.604254,41.962236],[-72.605641,41.962736],[-72.605965,41.955605],[-72.612233,41.955896],[-72.611634,41.960787]]]}},{"type":"Feature","properties":{"GEOID":"09110460202","STATEFP":"09","COUNTYFP":"110","TRACTCE":"460202","NAMELSAD":"Census Tract 4602.02","NAMELSADCO":"Capitol Planning Region","STATE_NAME":"Connecticut"},"geometry":{"type":"Polygon","coordinates":[[[-72.844127,41.693845],[-72.844545,41.698546],[-72.843336,41.703847],[-72.841203,41.709384],[-72.837566,41.713159],[-72.836235,41.715757],[-72.82666,41.724359],[-72.824983,41.726515],[-72.82841,41.728833],[-72.827583,41.732171],[-72.825374,41.735012],[-72.823751,41.738241],[-72.822268,41.740134],[-72.821931,41.742647],[-72.822233,41.7468],[-72.822437,41.75224],[-72.820461,41.757946],[-72.804126,41.758694],[-72.796742,41.758799],[-72.794973,41.747468],[-72.782199,41.748224],[-72.781228,41.746086],[-72.791935,41.739047],[-72.793396,41.737913],[-72.798778,41.731467],[-72.801153,41.729506],[-72.802837,41.727486],[-72.801468,41.726402],[-72.803629,41.725236],[-72.804412,41.723646],[-72.809107,41.711547],[-72.809284,41.71115],[-72.806761,41.708341],[-72.802375,41.706928],[-72.7994,41.706138],[-72.79595,41.703399],[-72.798151,41.701199],[-72.810099,41.691829],[-72.811103,41.692247],[-72.812006,41.690233],[-72.814307,41.68829],[-72.815428,41.687854],[-72.815442,41.68782],[-72.835817,41.690879],[-72.844685,41.692324],[-72.844127,41.693845]]]}},{"type":"Feature","properties":{"GEOID":"09110520201","STATEFP":"09","COUNTYFP":"110","TRACTCE":"520201","NAMELSAD":"Census Tract 5202.01","NAMELSADCO":"Capitol Planning Region","STATE_NAME":"Connecticut"},"geometry":{"type":"Polygon","coordinates":[[[-72.531517,41.703644],[-72.529942,41.705798],[-72.526747,41.712123],[-72.526546,41.714174],[-72.525556,41.715751],[-72.526882,41.718982],[-72.526215,41.720449],[-72.526119,41.722642],[-72.526621,41.726719],[-72.522489,41.729602],[-72.51799,41.730229],[-72.517516,41.733056],[-72.5182,41.737387],[-72.517132,41.739935],[-72.516256,41.739824],[-72.50078,41.741877],[-72.489123,41.742998],[-72.463899,41.745572],[-72.462363,41.738376],[-72.460129,41.727299],[-72.452972,41.69205],[-72.452229,41.688799],[-72.46098,41.687968],[-72.469875,41.68679],[-72.471209,41.694806],[-72.471207,41.699625],[-72.478066,41.698757],[-72.480677,41.698879],[-72.483392,41.697084],[-72.484728,41.696965],[-72.48867,41.693885],[-72.489757,41.692046],[-72.496677,41.68976],[-72.498477,41.689867],[-72.499289,41.690659],[-72.502154,41.691827],[-72.50354,41.693168],[-72.507151,41.69327],[-72.51268,41.692232],[-72.516315,41.693007],[-72.520559,41.692596],[-72.521221,41.696371],[-72.523461,41.696324],[-72.527832,41.6993],[-72.530794,41.699668],[-72.531095,41.701339],[-72.531517,41.703644]]]}},{"type":"Feature","properties":{"GEOID":"09110524400","STATEFP":"09","COUNTYFP":"110","TRACTCE":"524400","NAMELSAD":"Census Tract 5244","NAMELSADCO":"Capitol Planning Region","STATE_NAME":"Connecticut"},"geometry":{"type":"Polygon","coordinates":[[[-72.686137,41.802899],[-72.663478,41.806526],[-72.66107,41.807083],[-72.658675,41.807316],[-72.658334,41.805871],[-72.66043,41.806186],[-72.662742,41.80563],[-72.662861,41.801492],[-72.660294,41.801408],[-72.654636,41.806099],[-72.662021,41.795225],[-72.666274,41.790831],[-72.666571,41.790381],[-72.668766,41.787054],[-72.673861,41.786591],[-72.673733,41.786885],[-72.673324,41.787588],[-72.67191,41.789059],[-72.673963,41.789551],[-72.678052,41.790517],[-72.676109,41.797235],[-72.675765,41.798497],[-72.68076,41.799314],[-72.686039,41.800168],[-72.686137,41.802899]]]}},{"type":"Feature","properties":{"GEOID":"09110496900","STATEFP":"09","COUNTYFP":"110","TRACTCE":"496900","NAMELSAD":"Census Tract 4969","NAMELSADCO":"Capitol Planning Region","STATE_NAME":"Connecticut"},"geometry":{"type":"Polygon","coordinates":[[[-72.743779,41.756244],[-72.742267,41.759437],[-72.741814,41.762004],[-72.738204,41.762949],[-72.735677,41.763461],[-72.73043,41.764416],[-72.728971,41.764683],[-72.726344,41.764945],[-72.724426,41.765086],[-72.720175,41.765355],[-72.716151,41.765624],[-72.715685,41.762513],[-72.715384,41.760492],[-72.715352,41.760159],[-72.714968,41.757502],[-72.714782,41.756428],[-72.719521,41.757455],[-72.722402,41.757923],[-72.723711,41.757987],[-72.728064,41.756159],[-72.729179,41.755818],[-72.729359,41.755768],[-72.735304,41.754663],[-72.736266,41.754461],[-72.737879,41.754173],[-72.738523,41.754035],[-72.743569,41.753071],[-72.744092,41.755409],[-72.743779,41.756244]]]}},{"type":"Feature","properties":{"GEOID":"09110497100","STATEFP":"09","COUNTYFP":"110","TRACTCE":"497100","NAMELSAD":"Census Tract 4971","NAMELSADCO":"Capitol Planning Region","STATE_NAME":"Connecticut"},"geometry":{"type":"Polygon","coordinates":[[[-72.74305,41.769225],[-72.737261,41.769429],[-72.736195,41.76946],[-72.731518,41.769638],[-72.727281,41.769815],[-72.726709,41.769813],[-72.71647,41.770798],[-72.716151,41.765624],[-72.720175,41.765355],[-72.724426,41.765086],[-72.726344,41.764945],[-72.728971,41.764683],[-72.73043,41.764416],[-72.735677,41.763461],[-72.738204,41.762949],[-72.741814,41.762004],[-72.742027,41.764229],[-72.742482,41.76569],[-72.74305,41.769225]]]}},{"type":"Feature","properties":{"GEOID":"09110492500","STATEFP":"09","COUNTYFP":"110","TRACTCE":"492500","NAMELSAD":"Census Tract 4925","NAMELSADCO":"Capitol Planning Region","STATE_NAME":"Connecticut"},"geometry":{"type":"Polygon","coordinates":[[[-72.705349,41.698054],[-72.701743,41.698752],[-72.690546,41.699995],[-72.686187,41.700919],[-72.672746,41.703535],[-72.672524,41.699262],[-72.671095,41.699527],[-72.669842,41.695853],[-72.671324,41.695564],[-72.670668,41.693723],[-72.674989,41.692868],[-72.680277,41.691921],[-72.683051,41.691353],[-72.688328,41.688954],[-72.692186,41.688454],[-72.694478,41.688226],[-72.697371,41.688694],[-72.701355,41.688615],[-72.703243,41.688915],[-72.705237,41.695298],[-72.705349,41.698054]]]}},{"type":"Feature","properties":{"GEOID":"09110473800","STATEFP":"09","COUNTYFP":"110","TRACTCE":"473800","NAMELSAD":"Census Tract 4738","NAMELSADCO":"Capitol Planning Region","STATE_NAME":"Connecticut"},"geometry":{"type":"Polygon","coordinates":[[[-72.665906,41.818796],[-72.661003,41.818974],[-72.656781,41.817988],[-72.651392,41.814942],[-72.644264,41.813011],[-72.64564,41.805834],[-72.648485,41.806095],[-72.654636,41.806099],[-72.660294,41.801408],[-72.662861,41.801492],[-72.662742,41.80563],[-72.66043,41.806186],[-72.658334,41.805871],[-72.658675,41.807316],[-72.66107,41.807083],[-72.663739,41.811347],[-72.665906,41.818796]]]}},{"type":"Feature","properties":{"GEOID":"09150906100","STATEFP":"09","COUNTYFP":"150","TRACTCE":"906100","NAMELSAD":"Census Tract 9061","NAMELSADCO":"Northeastern Connecticut Planning Region","STATE_NAME":"Connecticut"},"geometry":{"type":"Polygon","coordinates":[[[-72.062051,41.652239],[-72.053451,41.684373],[-72.05292,41.688273],[-72.056104,41.701203],[-72.052565,41.731423],[-72.045833,41.730473],[-72.022903,41.759625],[-72.011848,41.757847],[-71.999452,41.755768],[-71.997682,41.755706],[-71.960571,41.749505],[-71.920964,41.743405],[-71.913943,41.74233],[-71.91418,41.741463],[-71.918954,41.736131],[-71.922154,41.734386],[-71.923738,41.734106],[-71.929462,41.734982],[-71.931873,41.73427],[-71.932749,41.731401],[-71.935454,41.729473],[-71.942676,41.726351],[-71.943896,41.725314],[-71.945707,41.722524],[-71.950196,41.725233],[-71.953195,41.726409],[-71.955538,41.726508],[-71.95755,41.724037],[-71.957275,41.721742],[-71.958132,41.719616],[-71.962765,41.716133],[-71.966122,41.714699],[-71.966329,41.714064],[-71.963951,41.710749],[-71.965414,41.70847],[-71.962588,41.705496],[-71.961887,41.699539],[-71.962665,41.697858],[-71.962408,41.695771],[-71.960057,41.692133],[-71.959292,41.691906],[-71.956797,41.692554],[-71.955701,41.691447],[-71.954489,41.688843],[-71.954635,41.686161],[-71.956143,41.682691],[-71.955653,41.679772],[-71.953307,41.677061],[-71.953508,41.675284],[-71.948423,41.674769],[-71.949762,41.667003],[-71.954983,41.634799],[-71.975253,41.638117],[-71.991753,41.640801],[-72.01492,41.644588],[-72.031216,41.647242],[-72.055659,41.651239],[-72.062051,41.652239]]]}},{"type":"Feature","properties":{"GEOID":"09150825000","STATEFP":"09","COUNTYFP":"150","TRACTCE":"825000","NAMELSAD":"Census Tract 8250","NAMELSADCO":"Northeastern Connecticut Planning Region","STATE_NAME":"Connecticut"},"geometry":{"type":"Polygon","coordinates":[[[-72.122489,41.712754],[-72.112045,41.745897],[-72.102628,41.744435],[-72.080985,41.735132],[-72.052565,41.731423],[-72.056104,41.701203],[-72.05292,41.688273],[-72.053451,41.684373],[-72.062051,41.652239],[-72.092407,41.657189],[-72.103523,41.659305],[-72.11,41.660224],[-72.119773,41.661834],[-72.119957,41.663301],[-72.119677,41.664443],[-72.121099,41.697452],[-72.122489,41.712754]]]}},{"type":"Feature","properties":{"GEOID":"09130550201","STATEFP":"09","COUNTYFP":"130","TRACTCE":"550201","NAMELSAD":"Census Tract 5502.01","NAMELSADCO":"Lower Connecticut River Valley Planning Region","STATE_NAME":"Connecticut"},"geometry":{"type":"Polygon","coordinates":[[[-72.511201,41.557144],[-72.508515,41.56155],[-72.508699,41.564673],[-72.506806,41.566442],[-72.504534,41.570832],[-72.501877,41.573849],[-72.502162,41.575906],[-72.498554,41.577959],[-72.496557,41.58128],[-72.498304,41.58432],[-72.498841,41.584804],[-72.495645,41.585149],[-72.493948,41.586254],[-72.490647,41.592378],[-72.489165,41.597576],[-72.487315,41.601076],[-72.485574,41.603833],[-72.481537,41.607741],[-72.476921,41.599987],[-72.474342,41.595157],[-72.469042,41.587316],[-72.46673,41.583899],[-72.45185,41.558567],[-72.449059,41.553937],[-72.448737,41.553534],[-72.447945,41.552864],[-72.446554,41.550657],[-72.446853,41.550377],[-72.443946,41.546422],[-72.432675,41.527946],[-72.430767,41.524567],[-72.448508,41.522567],[-72.449549,41.52253],[-72.454193,41.529765],[-72.455398,41.531023],[-72.458657,41.536817],[-72.458845,41.539583],[-72.459704,41.540022],[-72.459372,41.539542],[-72.461695,41.535415],[-72.463557,41.533516],[-72.465926,41.532677],[-72.468619,41.53108],[-72.469742,41.529652],[-72.47553,41.524255],[-72.479439,41.52184],[-72.480373,41.519465],[-72.485048,41.518735],[-72.486225,41.520411],[-72.491143,41.522927],[-72.492346,41.526468],[-72.495404,41.533476],[-72.498005,41.536634],[-72.500067,41.53828],[-72.502932,41.541637],[-72.504304,41.544389],[-72.505658,41.545708],[-72.508919,41.550437],[-72.510158,41.554182],[-72.511201,41.557144]]]}},{"type":"Feature","properties":{"GEOID":"09130541401","STATEFP":"09","COUNTYFP":"130","TRACTCE":"541401","NAMELSAD":"Census Tract 5414.01","NAMELSADCO":"Lower Connecticut River Valley Planning Region","STATE_NAME":"Connecticut"},"geometry":{"type":"Polygon","coordinates":[[[-72.752941,41.592497],[-72.74284,41.594398],[-72.73167,41.595803],[-72.72994,41.601498],[-72.727297,41.601804],[-72.727041,41.602398],[-72.714538,41.60431],[-72.712446,41.602423],[-72.70849,41.60378],[-72.707739,41.602658],[-72.705171,41.603251],[-72.70845,41.597852],[-72.709366,41.594854],[-72.711723,41.587112],[-72.714094,41.583733],[-72.709457,41.584129],[-72.707677,41.580779],[-72.702335,41.581189],[-72.702037,41.580783],[-72.701807,41.574593],[-72.702486,41.569588],[-72.702263,41.567097],[-72.701457,41.563431],[-72.702702,41.554742],[-72.701273,41.552669],[-72.700903,41.549028],[-72.711334,41.547887],[-72.712268,41.548608],[-72.722619,41.547959],[-72.733584,41.546158],[-72.734864,41.544327],[-72.742527,41.544073],[-72.748878,41.544279],[-72.748931,41.545673],[-72.748991,41.546308],[-72.749269,41.547485],[-72.749348,41.549757],[-72.752181,41.578894],[-72.752941,41.592497]]]}},{"type":"Feature","properties":{"GEOID":"09130560200","STATEFP":"09","COUNTYFP":"130","TRACTCE":"560200","NAMELSAD":"Census Tract 5602","NAMELSADCO":"Lower Connecticut River Valley Planning Region","STATE_NAME":"Connecticut"},"geometry":{"type":"Polygon","coordinates":[[[-72.648925,41.575915],[-72.645644,41.582347],[-72.643767,41.584109],[-72.641682,41.587786],[-72.640776,41.589861],[-72.638135,41.59402],[-72.635846,41.596049],[-72.630356,41.599172],[-72.627454,41.600811],[-72.623945,41.601841],[-72.622876,41.600734],[-72.619657,41.600506],[-72.616368,41.601313],[-72.620052,41.598394],[-72.622084,41.593962],[-72.62455,41.590695],[-72.619882,41.589932],[-72.623393,41.585458],[-72.627092,41.576811],[-72.63175,41.569488],[-72.629095,41.568669],[-72.625669,41.568829],[-72.626253,41.566817],[-72.624536,41.561015],[-72.628924,41.560981],[-72.634259,41.560657],[-72.638682,41.560388],[-72.641313,41.56136],[-72.644297,41.56291],[-72.645687,41.564117],[-72.648455,41.56784],[-72.648436,41.569221],[-72.648802,41.575236],[-72.648925,41.575915]]]}},{"type":"Feature","properties":{"GEOID":"09140360400","STATEFP":"09","COUNTYFP":"140","TRACTCE":"360400","NAMELSAD":"Census Tract 3604","NAMELSADCO":"Naugatuck Valley Planning Region","STATE_NAME":"Connecticut"},"geometry":{"type":"Polygon","coordinates":[[[-73.113748,41.598704],[-73.110994,41.59846],[-73.107972,41.59841],[-73.101749,41.597104],[-73.098991,41.597286],[-73.096809,41.603365],[-73.097359,41.606804],[-73.091971,41.607743],[-73.091007,41.607709],[-73.086698,41.601292],[-73.085249,41.597947],[-73.083304,41.59439],[-73.083168,41.593706],[-73.083872,41.592136],[-73.08318,41.586591],[-73.080401,41.586711],[-73.082984,41.585565],[-73.085145,41.582108],[-73.086755,41.579592],[-73.089406,41.575211],[-73.092353,41.570496],[-73.093853,41.570196],[-73.098529,41.568976],[-73.099833,41.574145],[-73.100923,41.580279],[-73.10231,41.584445],[-73.103086,41.58601],[-73.106209,41.590837],[-73.109649,41.59342],[-73.112668,41.596208],[-73.113748,41.598704]]]}},{"type":"Feature","properties":{"GEOID":"09140362101","STATEFP":"09","COUNTYFP":"140","TRACTCE":"362101","NAMELSAD":"Census Tract 3621.01","NAMELSADCO":"Naugatuck Valley Planning Region","STATE_NAME":"Connecticut"},"geometry":{"type":"Polygon","coordinates":[[[-73.240809,41.516632],[-73.238621,41.521149],[-73.234902,41.523316],[-73.23192,41.523529],[-73.230043,41.52529],[-73.223748,41.534645],[-73.223566,41.538324],[-73.222792,41.541372],[-73.227473,41.541759],[-73.223157,41.547935],[-73.222531,41.54996],[-73.218658,41.550098],[-73.216371,41.549042],[-73.215351,41.549903],[-73.215206,41.552346],[-73.213094,41.554338],[-73.21202,41.557722],[-73.210177,41.559463],[-73.207749,41.55777],[-73.203113,41.556566],[-73.200654,41.555689],[-73.202753,41.553957],[-73.205204,41.550581],[-73.201768,41.5495],[-73.199228,41.551402],[-73.197432,41.551983],[-73.194394,41.551427],[-73.191547,41.550028],[-73.189824,41.54927],[-73.186432,41.548385],[-73.183672,41.549207],[-73.177919,41.548356],[-73.17506,41.54852],[-73.172667,41.549984],[-73.170103,41.549835],[-73.167465,41.548841],[-73.166647,41.54907],[-73.162523,41.547083],[-73.157854,41.525049],[-73.156061,41.518288],[-73.15573,41.515279],[-73.155492,41.514304],[-73.18501,41.510853],[-73.204197,41.508527],[-73.20684,41.508803],[-73.208006,41.509007],[-73.219724,41.510225],[-73.242247,41.512952],[-73.240809,41.516632]]]}},{"type":"Feature","properties":{"GEOID":"09160300100","STATEFP":"09","COUNTYFP":"160","TRACTCE":"300100","NAMELSAD":"Census Tract 3001","NAMELSADCO":"Northwest Hills Planning Region","STATE_NAME":"Connecticut"},"geometry":{"type":"Polygon","coordinates":[[[-73.298564,41.779028],[-73.26947,41.782692],[-73.249547,41.785317],[-73.242988,41.785952],[-73.231335,41.787171],[-73.224604,41.788142],[-73.21964,41.780387],[-73.218959,41.776159],[-73.219213,41.771331],[-73.21646,41.766394],[-73.213987,41.7598],[-73.212542,41.756551],[-73.208146,41.751573],[-73.207024,41.748483],[-73.205333,41.745153],[-73.208424,41.744574],[-73.211909,41.741808],[-73.214404,41.740969],[-73.215794,41.739557],[-73.215609,41.733804],[-73.21749,41.730678],[-73.21963,41.728707],[-73.220206,41.727121],[-73.221121,41.725861],[-73.220461,41.724954],[-73.22145,41.723537],[-73.21997,41.722132],[-73.219411,41.719791],[-73.221801,41.719354],[-73.222448,41.718017],[-73.222036,41.716258],[-73.223016,41.71368],[-73.222342,41.710576],[-73.253976,41.708996],[-73.260344,41.708481],[-73.271034,41.708151],[-73.276313,41.707847],[-73.27549,41.69522],[-73.278768,41.697665],[-73.279461,41.698147],[-73.288236,41.704764],[-73.29427,41.708674],[-73.295786,41.710685],[-73.295245,41.712206],[-73.293321,41.714662],[-73.292815,41.717068],[-73.292748,41.718783],[-73.294261,41.725036],[-73.295295,41.726027],[-73.29589,41.730704],[-73.295224,41.732296],[-73.293569,41.733722],[-73.293307,41.736597],[-73.293795,41.73772],[-73.296169,41.763346],[-73.297262,41.769056],[-73.298564,41.779028]]]}},{"type":"Feature","properties":{"GEOID":"09160306100","STATEFP":"09","COUNTYFP":"160","TRACTCE":"306100","NAMELSAD":"Census Tract 3061","NAMELSADCO":"Northwest Hills Planning Region","STATE_NAME":"Connecticut"},"geometry":{"type":"Polygon","coordinates":[[[-73.07619,41.799177],[-73.074264,41.805797],[-73.070201,41.821157],[-73.067671,41.830378],[-73.06725,41.833183],[-73.065192,41.840818],[-73.059767,41.863472],[-73.053534,41.887324],[-73.039939,41.888339],[-72.993008,41.891505],[-72.985282,41.892099],[-72.959721,41.89393],[-72.955717,41.894205],[-72.941414,41.895035],[-72.940647,41.895196],[-72.943894,41.884815],[-72.946178,41.877234],[-72.946342,41.874027],[-72.95364,41.853919],[-72.953651,41.84668],[-72.951187,41.842697],[-72.946526,41.843628],[-72.942245,41.843445],[-72.939095,41.842506],[-72.936502,41.840263],[-72.939559,41.83169],[-72.949024,41.806431],[-72.98414,41.802082],[-72.999549,41.800023],[-73.016936,41.798183],[-73.025205,41.79823],[-73.029928,41.798098],[-73.04764,41.798216],[-73.059575,41.798241],[-73.060641,41.798321],[-73.076683,41.798451],[-73.07619,41.799177]]]}},{"type":"Feature","properties":{"GEOID":"09160268100","STATEFP":"09","COUNTYFP":"160","TRACTCE":"268100","NAMELSAD":"Census Tract 2681","NAMELSADCO":"Northwest Hills Planning Region","STATE_NAME":"Connecticut"},"geometry":{"type":"Polygon","coordinates":[[[-73.348619,41.595183],[-73.332835,41.596462],[-73.327766,41.596558],[-73.320599,41.597787],[-73.311956,41.599035],[-73.293278,41.600578],[-73.267336,41.603199],[-73.266536,41.597215],[-73.261198,41.562607],[-73.260904,41.557223],[-73.258027,41.536936],[-73.25401,41.518902],[-73.252265,41.512134],[-73.254471,41.511999],[-73.30739,41.506064],[-73.318889,41.505189],[-73.330311,41.504409],[-73.332457,41.511806],[-73.332987,41.513494],[-73.33475,41.522375],[-73.336439,41.533782],[-73.338674,41.541081],[-73.339248,41.544512],[-73.341043,41.549572],[-73.341216,41.550681],[-73.343067,41.565855],[-73.348619,41.595183]]]}},{"type":"Feature","properties":{"GEOID":"09160310400","STATEFP":"09","COUNTYFP":"160","TRACTCE":"310400","NAMELSAD":"Census Tract 3104","NAMELSADCO":"Northwest Hills Planning Region","STATE_NAME":"Connecticut"},"geometry":{"type":"Polygon","coordinates":[[[-73.113176,41.806133],[-73.112106,41.806711],[-73.111246,41.807133],[-73.110192,41.807658],[-73.108528,41.806565],[-73.104795,41.806304],[-73.101769,41.806247],[-73.101344,41.806233],[-73.098527,41.80629],[-73.096109,41.806174],[-73.093715,41.804911],[-73.089515,41.800479],[-73.086602,41.799797],[-73.085409,41.799519],[-73.082923,41.798373],[-73.088044,41.798521],[-73.104092,41.79839],[-73.103677,41.79508],[-73.104289,41.794421],[-73.107828,41.790454],[-73.108198,41.791361],[-73.111341,41.796175],[-73.112879,41.798858],[-73.112864,41.801645],[-73.11274,41.803264],[-73.113176,41.806133]]]}},{"type":"Feature","properties":{"GEOID":"09160310803","STATEFP":"09","COUNTYFP":"160","TRACTCE":"310803","NAMELSAD":"Census Tract 3108.03","NAMELSADCO":"Northwest Hills Planning Region","STATE_NAME":"Connecticut"},"geometry":{"type":"Polygon","coordinates":[[[-73.168937,41.800563],[-73.165048,41.801088],[-73.151757,41.80216],[-73.145404,41.802918],[-73.14364,41.803269],[-73.143511,41.803281],[-73.140445,41.803594],[-73.140367,41.803603],[-73.138565,41.80377],[-73.131897,41.804539],[-73.131403,41.804274],[-73.129054,41.803071],[-73.127384,41.803056],[-73.126658,41.802287],[-73.12133,41.801147],[-73.121242,41.800683],[-73.121608,41.799982],[-73.12691,41.794613],[-73.124368,41.79498],[-73.125598,41.790935],[-73.129542,41.7895],[-73.13512,41.789233],[-73.140568,41.785534],[-73.145072,41.7864],[-73.148086,41.785827],[-73.154138,41.783705],[-73.158592,41.784762],[-73.163181,41.793993],[-73.167775,41.793518],[-73.167618,41.794338],[-73.168937,41.800563]]]}},{"type":"Feature","properties":{"GEOID":"09160267100","STATEFP":"09","COUNTYFP":"160","TRACTCE":"267100","NAMELSAD":"Census Tract 2671","NAMELSADCO":"Northwest Hills Planning Region","STATE_NAME":"Connecticut"},"geometry":{"type":"Polygon","coordinates":[[[-73.383995,41.698758],[-73.378752,41.69938],[-73.344304,41.696873],[-73.343267,41.696882],[-73.341935,41.69726],[-73.316038,41.702736],[-73.304834,41.705075],[-73.296171,41.70804],[-73.29427,41.708674],[-73.288236,41.704764],[-73.279461,41.698147],[-73.278768,41.697665],[-73.27549,41.69522],[-73.266833,41.688367],[-73.260557,41.683823],[-73.260825,41.673481],[-73.261446,41.664641],[-73.259172,41.647036],[-73.253509,41.604532],[-73.267336,41.603199],[-73.293278,41.600578],[-73.311956,41.599035],[-73.320599,41.597787],[-73.327766,41.596558],[-73.332835,41.596462],[-73.348619,41.595183],[-73.348935,41.596522],[-73.356407,41.629975],[-73.35694,41.63383],[-73.359079,41.646521],[-73.359384,41.646951],[-73.370412,41.655286],[-73.374194,41.657461],[-73.37613,41.658197],[-73.377858,41.658984],[-73.380507,41.671646],[-73.382124,41.683327],[-73.383112,41.687061],[-73.383995,41.698758]]]}},{"type":"Feature","properties":{"GEOID":"09140360100","STATEFP":"09","COUNTYFP":"140","TRACTCE":"360100","NAMELSAD":"Census Tract 3601","NAMELSADCO":"Naugatuck Valley Planning Region","STATE_NAME":"Connecticut"},"geometry":{"type":"Polygon","coordinates":[[[-73.137131,41.615857],[-73.129379,41.617789],[-73.133473,41.623487],[-73.135025,41.62494],[-73.132312,41.625305],[-73.130221,41.626167],[-73.129199,41.627353],[-73.129518,41.629016],[-73.126695,41.629782],[-73.125283,41.631806],[-73.12549,41.634332],[-73.123718,41.634106],[-73.122277,41.632299],[-73.120062,41.630979],[-73.118967,41.629503],[-73.117001,41.62884],[-73.112155,41.625729],[-73.107786,41.621884],[-73.105497,41.620599],[-73.102681,41.617041],[-73.094125,41.61213],[-73.093174,41.611311],[-73.091419,41.608329],[-73.091007,41.607709],[-73.091971,41.607743],[-73.097359,41.606804],[-73.096809,41.603365],[-73.098991,41.597286],[-73.101749,41.597104],[-73.107972,41.59841],[-73.110994,41.59846],[-73.113748,41.598704],[-73.112668,41.596208],[-73.11592,41.596678],[-73.116633,41.595562],[-73.116396,41.593631],[-73.124059,41.593505],[-73.123443,41.596512],[-73.125183,41.596405],[-73.125582,41.598138],[-73.12765,41.59828],[-73.128895,41.599937],[-73.129706,41.599451],[-73.130285,41.600622],[-73.131384,41.604135],[-73.129791,41.604345],[-73.128596,41.604072],[-73.130829,41.60632],[-73.135361,41.613982],[-73.137134,41.615378],[-73.137131,41.615857]]]}},{"type":"Feature","properties":{"GEOID":"09140360200","STATEFP":"09","COUNTYFP":"140","TRACTCE":"360200","NAMELSAD":"Census Tract 3602","NAMELSADCO":"Naugatuck Valley Planning Region","STATE_NAME":"Connecticut"},"geometry":{"type":"Polygon","coordinates":[[[-73.170756,41.669196],[-73.167122,41.669661],[-73.142031,41.672294],[-73.141531,41.672709],[-73.139305,41.668514],[-73.138444,41.668614],[-73.13571,41.665984],[-73.134203,41.665587],[-73.133875,41.664311],[-73.131653,41.661669],[-73.129342,41.663627],[-73.125373,41.664223],[-73.123563,41.663288],[-73.121725,41.660359],[-73.119705,41.66155],[-73.117026,41.661651],[-73.113754,41.66107],[-73.114454,41.658132],[-73.114065,41.656856],[-73.110451,41.657994],[-73.109235,41.658028],[-73.107888,41.656696],[-73.105658,41.657927],[-73.103811,41.657927],[-73.094576,41.654546],[-73.094353,41.653697],[-73.093071,41.651602],[-73.082681,41.647612],[-73.081096,41.647654],[-73.081329,41.645272],[-73.080238,41.640254],[-73.077306,41.633869],[-73.077704,41.631256],[-73.071496,41.628458],[-73.068697,41.626724],[-73.066496,41.623209],[-73.063121,41.6209],[-73.059119,41.619778],[-73.058074,41.615574],[-73.062145,41.614613],[-73.065187,41.610655],[-73.068886,41.609603],[-73.075589,41.609847],[-73.079223,41.609414],[-73.082776,41.610434],[-73.084189,41.610552],[-73.086565,41.610196],[-73.091419,41.608329],[-73.093174,41.611311],[-73.094125,41.61213],[-73.102681,41.617041],[-73.105497,41.620599],[-73.107786,41.621884],[-73.112155,41.625729],[-73.117001,41.62884],[-73.118967,41.629503],[-73.120062,41.630979],[-73.122277,41.632299],[-73.123718,41.634106],[-73.12549,41.634332],[-73.125283,41.631806],[-73.126695,41.629782],[-73.129518,41.629016],[-73.129199,41.627353],[-73.130221,41.626167],[-73.132312,41.625305],[-73.135025,41.62494],[-73.133473,41.623487],[-73.129379,41.617789],[-73.137131,41.615857],[-73.137134,41.615378],[-73.135361,41.613982],[-73.130829,41.60632],[-73.128596,41.604072],[-73.129791,41.604345],[-73.131384,41.604135],[-73.130285,41.600622],[-73.129706,41.599451],[-73.128895,41.599937],[-73.12765,41.59828],[-73.125582,41.598138],[-73.125183,41.596405],[-73.123443,41.596512],[-73.124059,41.593505],[-73.116396,41.593631],[-73.116633,41.595562],[-73.11592,41.596678],[-73.112668,41.596208],[-73.109649,41.59342],[-73.106209,41.590837],[-73.103086,41.58601],[-73.10231,41.584445],[-73.100923,41.580279],[-73.099833,41.574145],[-73.098529,41.568976],[-73.1009,41.568361],[-73.116488,41.564288],[-73.130878,41.560917],[-73.145036,41.557822],[-73.147273,41.567295],[-73.148299,41.568775],[-73.148378,41.572166],[-73.149121,41.575354],[-73.154473,41.599805],[-73.157756,41.612696],[-73.161609,41.629914],[-73.165557,41.646586],[-73.165794,41.648722],[-73.169183,41.66157],[-73.170756,41.669196]]]}},{"type":"Feature","properties":{"GEOID":"09170150200","STATEFP":"09","COUNTYFP":"170","TRACTCE":"150200","NAMELSAD":"Census Tract 1502","NAMELSADCO":"South Central Connecticut Planning Region","STATE_NAME":"Connecticut"},"geometry":{"type":"Polygon","coordinates":[[[-73.076548,41.215214],[-73.066828,41.218356],[-73.065039,41.219347],[-73.065195,41.218434],[-73.061836,41.213737],[-73.060188,41.21248],[-73.0556749677944,41.2089871006719],[-73.060836,41.205772],[-73.065948,41.198407],[-73.072963,41.197629],[-73.074264113745,41.1969606785267],[-73.076244,41.198423],[-73.074958,41.199322],[-73.070383,41.200485],[-73.070053,41.20182],[-73.072282,41.204562],[-73.074533,41.20496],[-73.070326,41.207876],[-73.071772,41.209939],[-73.073312,41.209391],[-73.076091,41.213869],[-73.077813,41.213042],[-73.076548,41.215214]]]}},{"type":"Feature","properties":{"GEOID":"09170150400","STATEFP":"09","COUNTYFP":"170","TRACTCE":"150400","NAMELSAD":"Census Tract 1504","NAMELSADCO":"South Central Connecticut Planning Region","STATE_NAME":"Connecticut"},"geometry":{"type":"Polygon","coordinates":[[[-73.095552,41.191048],[-73.091539,41.195063],[-73.090884,41.196282],[-73.085971,41.200153],[-73.086547,41.201723],[-73.084936,41.204018],[-73.083626,41.201966],[-73.079673,41.203523],[-73.078664,41.201329],[-73.079396,41.200957],[-73.076244,41.198423],[-73.074264113745,41.1969606785267],[-73.0781753185546,41.1949516749551],[-73.0791182508382,41.1944673346002],[-73.082045,41.192964],[-73.0828394550431,41.1923136407303],[-73.0871362446539,41.1887961893941],[-73.088843,41.187399],[-73.0908658886207,41.1851736555925],[-73.091313,41.18553],[-73.095174,41.187634],[-73.094913,41.189199],[-73.095044,41.189883],[-73.095552,41.191048]]]}},{"type":"Feature","properties":{"GEOID":"09170151100","STATEFP":"09","COUNTYFP":"170","TRACTCE":"151100","NAMELSAD":"Census Tract 1511","NAMELSADCO":"South Central Connecticut Planning Region","STATE_NAME":"Connecticut"},"geometry":{"type":"Polygon","coordinates":[[[-73.037061,41.226548],[-73.034286,41.229881],[-73.032234,41.229576],[-73.030922,41.232418],[-73.03237,41.233549],[-73.022531,41.238311],[-73.020357,41.23679],[-73.012955,41.236638],[-73.013326,41.235948],[-73.012425,41.235591],[-73.01164,41.235122],[-73.011034,41.234951],[-73.010199,41.233575],[-73.008837,41.232444],[-73.003897,41.231363],[-73.003892,41.22877],[-72.999465,41.228373],[-72.997361,41.228481],[-72.995386,41.228907],[-72.992173,41.22986],[-72.986904,41.235535],[-72.9865543077538,41.2353156455427],[-72.98687,41.235131],[-72.987035,41.233463],[-72.987546,41.231098],[-72.992042,41.223724],[-72.997028,41.222643],[-73.000423182342,41.2227094274806],[-73.002548,41.222751],[-73.004084,41.221399],[-73.006170041531,41.2159427142852],[-73.007698,41.216415],[-73.008766,41.215395],[-73.012085,41.213714],[-73.014305,41.214581],[-73.01785,41.215045],[-73.018868,41.215705],[-73.020176,41.216356],[-73.02429,41.217819],[-73.025661,41.218588],[-73.027111,41.21963],[-73.027539,41.221584],[-73.030354,41.225107],[-73.035118,41.224602],[-73.037061,41.226548]]]}},{"type":"Feature","properties":{"GEOID":"09140345300","STATEFP":"09","COUNTYFP":"140","TRACTCE":"345300","NAMELSAD":"Census Tract 3453","NAMELSADCO":"Naugatuck Valley Planning Region","STATE_NAME":"Connecticut"},"geometry":{"type":"Polygon","coordinates":[[[-73.104532,41.492058],[-73.101868,41.496955],[-73.093817,41.497852],[-73.088221,41.496544],[-73.087123,41.49533],[-73.08396,41.493945],[-73.081252,41.493649],[-73.071944,41.489836],[-73.068323,41.4892],[-73.066888,41.491534],[-73.066678,41.49174],[-73.0654,41.492635],[-73.064723,41.494574],[-73.06156,41.495004],[-73.060024,41.495052],[-73.056191,41.494776],[-73.053208,41.497056],[-73.052843,41.495215],[-73.052032,41.494336],[-73.051437,41.493168],[-73.05241,41.489848],[-73.053919,41.486193],[-73.053567,41.484625],[-73.04996,41.481958],[-73.049605,41.479868],[-73.050015,41.475723],[-73.052117,41.46896],[-73.05352,41.466068],[-73.053726,41.461613],[-73.056108,41.459623],[-73.060265,41.457893],[-73.061768,41.456268],[-73.062451,41.456802],[-73.067776,41.459956],[-73.070198,41.460539],[-73.077366,41.465189],[-73.083417,41.469167],[-73.096446,41.477623],[-73.103355,41.481737],[-73.104319,41.483595],[-73.104234,41.489396],[-73.104532,41.492058]]]}},{"type":"Feature","properties":{"GEOID":"09140348122","STATEFP":"09","COUNTYFP":"140","TRACTCE":"348122","NAMELSAD":"Census Tract 3481.22","NAMELSADCO":"Naugatuck Valley Planning Region","STATE_NAME":"Connecticut"},"geometry":{"type":"Polygon","coordinates":[[[-73.212685,41.485634],[-73.213079,41.488887],[-73.213087,41.499133],[-73.21117,41.50369],[-73.20684,41.508803],[-73.204197,41.508527],[-73.18501,41.510853],[-73.155492,41.514304],[-73.15573,41.515279],[-73.155413,41.514828],[-73.155561,41.511399],[-73.156882,41.511416],[-73.158381,41.508161],[-73.156783,41.505501],[-73.157902,41.501736],[-73.159033,41.500728],[-73.160353,41.498056],[-73.159857,41.497007],[-73.158016,41.496589],[-73.156836,41.492969],[-73.157319,41.490243],[-73.15789,41.489409],[-73.156075,41.483009],[-73.156552,41.477892],[-73.158123,41.474449],[-73.159636,41.470641],[-73.158789,41.469623],[-73.159089,41.468105],[-73.15758,41.465086],[-73.158311,41.461927],[-73.162227,41.464747],[-73.169256,41.466294],[-73.173805,41.467709],[-73.177038,41.469027],[-73.177803,41.469419],[-73.180688,41.470882],[-73.184128,41.471964],[-73.192294,41.475193],[-73.195137,41.476024],[-73.197634,41.476214],[-73.208137,41.475919],[-73.209682,41.476038],[-73.21131,41.476636],[-73.212214,41.477303],[-73.213361,41.479324],[-73.212685,41.485634]]]}},{"type":"Feature","properties":{"GEOID":"09170175400","STATEFP":"09","COUNTYFP":"170","TRACTCE":"175400","NAMELSAD":"Census Tract 1754","NAMELSADCO":"South Central Connecticut Planning Region","STATE_NAME":"Connecticut"},"geometry":{"type":"Polygon","coordinates":[[[-72.850086,41.433971],[-72.848151,41.434065],[-72.848358,41.435692],[-72.846252,41.441346],[-72.844999,41.441755],[-72.844622,41.443471],[-72.842495,41.443222],[-72.84151,41.445044],[-72.83991,41.444564],[-72.839094,41.448304],[-72.840985,41.450522],[-72.840062,41.452337],[-72.837227,41.453183],[-72.838854,41.454196],[-72.838583,41.455707],[-72.835818,41.458312],[-72.832565,41.459557],[-72.831974,41.460625],[-72.827218,41.464462],[-72.824278,41.468241],[-72.825069,41.468681],[-72.824559,41.474386],[-72.82549,41.475092],[-72.825825,41.47541],[-72.82596,41.478525],[-72.824936,41.481406],[-72.823417,41.483719],[-72.817135,41.489952],[-72.816991,41.490996],[-72.819633,41.492638],[-72.821014,41.494682],[-72.820778,41.496643],[-72.818817,41.497635],[-72.817969,41.500962],[-72.82033,41.503305],[-72.82231,41.503577],[-72.819699,41.505338],[-72.821058,41.50711],[-72.818489,41.507065],[-72.818268,41.508235],[-72.823004,41.510108],[-72.816547,41.508742],[-72.815187,41.508516],[-72.800268,41.505552],[-72.795918,41.504718],[-72.792713,41.503596],[-72.792627,41.503567],[-72.802187,41.496651],[-72.803823,41.491842],[-72.804623,41.48832],[-72.808113,41.478744],[-72.809372,41.473129],[-72.811734,41.468734],[-72.811851,41.467826],[-72.81672,41.469644],[-72.821115,41.461933],[-72.824014,41.45688],[-72.827008,41.458247],[-72.830198,41.453634],[-72.826593,41.452355],[-72.828103,41.449665],[-72.83309,41.438041],[-72.835206,41.432376],[-72.837867,41.427168],[-72.8443,41.426095],[-72.847619,41.427201],[-72.847901,41.426078],[-72.849639,41.428716],[-72.85095,41.432378],[-72.850086,41.433971]]]}},{"type":"Feature","properties":{"GEOID":"09140351000","STATEFP":"09","COUNTYFP":"140","TRACTCE":"351000","NAMELSAD":"Census Tract 3510","NAMELSADCO":"Naugatuck Valley Planning Region","STATE_NAME":"Connecticut"},"geometry":{"type":"Polygon","coordinates":[[[-73.042385,41.585229],[-73.040831,41.584745],[-73.034859,41.581593],[-73.034647,41.581488],[-73.03057,41.579537],[-73.029412,41.579003],[-73.027921,41.578081],[-73.026401,41.576685],[-73.026278,41.576543],[-73.026556,41.574986],[-73.02594,41.568638],[-73.027382,41.566548],[-73.029469,41.569387],[-73.033703,41.569707],[-73.033523,41.569169],[-73.038175,41.567701],[-73.038568,41.566699],[-73.040498,41.565573],[-73.040746,41.570025],[-73.041954,41.572154],[-73.041607,41.573383],[-73.041832,41.576037],[-73.041316,41.577206],[-73.040906,41.578135],[-73.041718,41.581569],[-73.042505,41.584687],[-73.042385,41.585229]]]}},{"type":"Feature","properties":{"GEOID":"09140346102","STATEFP":"09","COUNTYFP":"140","TRACTCE":"346102","NAMELSAD":"Census Tract 3461.02","NAMELSADCO":"Naugatuck Valley Planning Region","STATE_NAME":"Connecticut"},"geometry":{"type":"Polygon","coordinates":[[[-73.207688,41.420544],[-73.193869,41.429139],[-73.188928,41.431732],[-73.184856,41.434098],[-73.177102,41.439153],[-73.164755,41.447771],[-73.163928,41.448885],[-73.166241,41.452368],[-73.164751,41.45397],[-73.165852,41.456748],[-73.165038,41.458185],[-73.162097,41.457579],[-73.160377,41.459601],[-73.160049,41.461433],[-73.158311,41.461927],[-73.15758,41.465086],[-73.159089,41.468105],[-73.158789,41.469623],[-73.159636,41.470641],[-73.158123,41.474449],[-73.156552,41.477892],[-73.156075,41.483009],[-73.15789,41.489409],[-73.125017,41.487552],[-73.104234,41.489396],[-73.104319,41.483595],[-73.103355,41.481737],[-73.103305,41.481385],[-73.107599,41.484189],[-73.109878,41.485077],[-73.110736,41.484836],[-73.111589,41.483011],[-73.113959,41.482295],[-73.11538,41.480599],[-73.117668,41.478772],[-73.117641,41.475419],[-73.11466,41.472856],[-73.114753,41.469328],[-73.113182,41.461215],[-73.114465,41.452362],[-73.114533,41.450329],[-73.115405,41.447046],[-73.114306,41.443168],[-73.11593,41.439341],[-73.115092,41.435991],[-73.117139,41.434816],[-73.116772,41.434471],[-73.118446,41.433295],[-73.120484,41.429344],[-73.121645,41.428325],[-73.121646,41.425858],[-73.123518,41.423633],[-73.126416,41.422486],[-73.129644,41.422462],[-73.129699,41.421248],[-73.13168,41.414967],[-73.133425,41.41269],[-73.133706,41.410791],[-73.136405,41.409419],[-73.137139,41.407139],[-73.142195,41.406094],[-73.140825,41.402275],[-73.140923,41.400738],[-73.144856,41.399515],[-73.14965,41.397322],[-73.154073,41.398471],[-73.155187,41.394904],[-73.155335,41.392426],[-73.156652,41.390956],[-73.159284,41.389988],[-73.161641,41.387359],[-73.162894,41.387404],[-73.164225,41.385139],[-73.163816,41.384364],[-73.170108,41.384419],[-73.171588,41.383887],[-73.172662,41.383442],[-73.173356,41.383596],[-73.181168,41.389611],[-73.183269,41.391711],[-73.187957,41.397296],[-73.187557,41.399596],[-73.185357,41.402196],[-73.184857,41.406296],[-73.186557,41.408596],[-73.190257,41.410296],[-73.196757,41.411396],[-73.199757,41.413196],[-73.201557,41.415796],[-73.207688,41.420544]]]}},{"type":"Feature","properties":{"GEOID":"09120074400","STATEFP":"09","COUNTYFP":"120","TRACTCE":"074400","NAMELSAD":"Census Tract 744","NAMELSADCO":"Greater Bridgeport Planning Region","STATE_NAME":"Connecticut"},"geometry":{"type":"Polygon","coordinates":[[[-73.180455,41.171296],[-73.176595,41.176733],[-73.17531,41.176564],[-73.173663,41.177256],[-73.173248,41.177407],[-73.170734,41.176798],[-73.162674,41.179359],[-73.16154,41.179767],[-73.159203,41.180613],[-73.154613,41.183554],[-73.154231,41.18303],[-73.155319,41.179431],[-73.155618,41.177726],[-73.158783,41.174325],[-73.158754,41.173663],[-73.1647956314162,41.1569078620246],[-73.172196,41.159074],[-73.170701,41.164945],[-73.175855,41.1662216588435],[-73.177355,41.169096],[-73.180455,41.171296]]]}},{"type":"Feature","properties":{"GEOID":"09190210600","STATEFP":"09","COUNTYFP":"190","TRACTCE":"210600","NAMELSAD":"Census Tract 2106","NAMELSADCO":"Western Connecticut Planning Region","STATE_NAME":"Connecticut"},"geometry":{"type":"Polygon","coordinates":[[[-73.47515,41.382359],[-73.474342,41.382167],[-73.470078,41.381482],[-73.468644,41.381827],[-73.466881,41.382655],[-73.465269,41.387127],[-73.463376,41.389891],[-73.463231,41.393086],[-73.461298,41.392715],[-73.459479,41.392181],[-73.454667,41.392429],[-73.452318,41.389226],[-73.450432,41.389891],[-73.445989,41.385248],[-73.445434,41.384277],[-73.445257,41.381744],[-73.446234,41.380992],[-73.448102,41.380534],[-73.452013,41.380309],[-73.454338,41.381367],[-73.456609,41.378931],[-73.458796,41.377762],[-73.461085,41.37797],[-73.46367,41.379455],[-73.466247,41.375616],[-73.468965,41.374102],[-73.469493,41.372933],[-73.473629,41.371375],[-73.473214,41.376935],[-73.474458,41.380689],[-73.47515,41.382359]]]}},{"type":"Feature","properties":{"GEOID":"09190210800","STATEFP":"09","COUNTYFP":"190","TRACTCE":"210800","NAMELSAD":"Census Tract 2108","NAMELSADCO":"Western Connecticut Planning Region","STATE_NAME":"Connecticut"},"geometry":{"type":"Polygon","coordinates":[[[-73.5423794810463,41.3902341377244],[-73.541169,41.405994],[-73.537673,41.433905],[-73.537469,41.43589],[-73.5372747912126,41.4379113250589],[-73.535521,41.437711],[-73.533109,41.436169],[-73.525205,41.435738],[-73.524429,41.433384],[-73.521639,41.429624],[-73.521112,41.427976],[-73.521811,41.425552],[-73.516429,41.421593],[-73.516776,41.418468],[-73.512698,41.41386],[-73.50913,41.412903],[-73.507524,41.411271],[-73.504335,41.410308],[-73.501545,41.409375],[-73.500236,41.408693],[-73.498566,41.406774],[-73.49729,41.405706],[-73.492885,41.405355],[-73.489558,41.406529],[-73.482205,41.407575],[-73.479432,41.407512],[-73.478885,41.407301],[-73.47611,41.403533],[-73.473369,41.401547],[-73.468755,41.401089],[-73.47311,41.399578],[-73.474867,41.398495],[-73.477729,41.395488],[-73.478108,41.394263],[-73.477961,41.39317],[-73.47586,41.388317],[-73.475822,41.387398],[-73.476683,41.385578],[-73.481913,41.383901],[-73.48539,41.383508],[-73.491425,41.385784],[-73.497147,41.387135],[-73.506763,41.389501],[-73.516723,41.39015],[-73.520679,41.390479],[-73.522394,41.390896],[-73.527197,41.392549],[-73.52887,41.392695],[-73.53264,41.392371],[-73.538365,41.390146],[-73.5424697738594,41.3890585701244],[-73.5423794810463,41.3902341377244]]]}},{"type":"Feature","properties":{"GEOID":"09190211000","STATEFP":"09","COUNTYFP":"190","TRACTCE":"211000","NAMELSAD":"Census Tract 2110","NAMELSADCO":"Western Connecticut Planning Region","STATE_NAME":"Connecticut"},"geometry":{"type":"Polygon","coordinates":[[[-73.51428,41.445636],[-73.502516,41.447855],[-73.494364,41.449683],[-73.485357,41.451263],[-73.475696,41.453846],[-73.473745,41.450485],[-73.472385,41.445254],[-73.473173,41.440983],[-73.473557,41.432966],[-73.473107,41.432488],[-73.471223,41.429383],[-73.47128,41.4287],[-73.473054,41.426026],[-73.472829,41.424693],[-73.46916,41.422247],[-73.467717,41.420032],[-73.465702,41.418815],[-73.463305,41.417615],[-73.461474,41.416284],[-73.460951,41.41574],[-73.457275,41.412527],[-73.456458,41.412057],[-73.456029,41.411841],[-73.455267,41.410445],[-73.455331,41.409931],[-73.455394,41.409721],[-73.458157,41.407779],[-73.460818,41.405249],[-73.46107,41.405305],[-73.463039,41.404929],[-73.466434,41.406845],[-73.470781,41.413513],[-73.472643,41.416562],[-73.473958,41.417269],[-73.476527,41.420054],[-73.481067,41.422229],[-73.482341,41.423764],[-73.48273,41.425467],[-73.487767,41.430315],[-73.492954,41.432494],[-73.498389,41.437525],[-73.499084,41.438386],[-73.500342,41.440656],[-73.50616,41.442349],[-73.507937,41.444368],[-73.512193,41.444471],[-73.514198,41.445249],[-73.51428,41.445636]]]}},{"type":"Feature","properties":{"GEOID":"09190035300","STATEFP":"09","COUNTYFP":"190","TRACTCE":"035300","NAMELSAD":"Census Tract 353","NAMELSADCO":"Western Connecticut Planning Region","STATE_NAME":"Connecticut"},"geometry":{"type":"Polygon","coordinates":[[[-73.534134,41.15024],[-73.532488,41.148805],[-73.52977,41.148687],[-73.528416,41.149107],[-73.527692,41.147208],[-73.523771,41.147579],[-73.518534,41.147045],[-73.51733,41.147864],[-73.513868,41.149153],[-73.506897,41.150013],[-73.504891,41.146029],[-73.504107,41.144851],[-73.50259,41.140655],[-73.503063,41.135673],[-73.503741,41.133077],[-73.501235,41.130704],[-73.501413,41.126453],[-73.499163,41.120701],[-73.497646,41.123573],[-73.495396,41.124943],[-73.494227,41.127427],[-73.494088,41.128389],[-73.492376,41.129749],[-73.487539,41.131822],[-73.484371,41.134017],[-73.480183,41.136191],[-73.480222,41.136379],[-73.475906,41.137148],[-73.474084,41.136334],[-73.467286,41.134393],[-73.464065,41.135136],[-73.459505,41.134217],[-73.462948,41.129826],[-73.471082,41.119181],[-73.474565,41.114696],[-73.479027,41.114607],[-73.48561,41.113916],[-73.486209,41.114198],[-73.493416,41.114472],[-73.495812,41.114141],[-73.500756,41.114414],[-73.50784,41.114196],[-73.510813,41.114496],[-73.522328,41.114546],[-73.521948,41.115069],[-73.52206,41.11727],[-73.5225,41.118888],[-73.533245,41.147776],[-73.534057,41.149819],[-73.534134,41.15024]]]}},{"type":"Feature","properties":{"GEOID":"09190044300","STATEFP":"09","COUNTYFP":"190","TRACTCE":"044300","NAMELSAD":"Census Tract 443","NAMELSADCO":"Western Connecticut Planning Region","STATE_NAME":"Connecticut"},"geometry":{"type":"Polygon","coordinates":[[[-73.409463,41.093496],[-73.403939,41.094118],[-73.399181,41.095265],[-73.401317,41.101404],[-73.402863,41.102698],[-73.39986,41.103444],[-73.400595,41.104731],[-73.400929,41.10531],[-73.401167,41.10578],[-73.398539,41.109772],[-73.39844,41.110861],[-73.398545,41.111227],[-73.390681,41.113471],[-73.381404,41.118312],[-73.38203,41.116734],[-73.382562,41.114596],[-73.384311,41.107313],[-73.383433,41.104616],[-73.384443,41.102894],[-73.382936,41.099925],[-73.383255,41.095683],[-73.38328,41.09562],[-73.383662,41.089798000895],[-73.387732,41.091337],[-73.392162,41.087696],[-73.392967,41.082117],[-73.398196,41.081938],[-73.402474,41.086058],[-73.4025953212994,41.085912130154],[-73.404151,41.087913],[-73.406171,41.090512],[-73.409463,41.093496]]]}},{"type":"Feature","properties":{"GEOID":"09190044600","STATEFP":"09","COUNTYFP":"190","TRACTCE":"044600","NAMELSAD":"Census Tract 446","NAMELSADCO":"Western Connecticut Planning Region","STATE_NAME":"Connecticut"},"geometry":{"type":"Polygon","coordinates":[[[-73.4475,41.072916],[-73.44675,41.076199],[-73.445933,41.076503],[-73.446226,41.077276],[-73.445331,41.077397],[-73.436413,41.07875],[-73.433737,41.079758],[-73.43331,41.077349],[-73.431551,41.075969],[-73.431733,41.074431],[-73.430781,41.073722],[-73.424018,41.078667],[-73.422725,41.077689],[-73.420898,41.077226],[-73.420363,41.075396],[-73.420363,41.068396],[-73.4219963591711,41.0642269064179],[-73.43325,41.055808],[-73.435063,41.056696],[-73.438152,41.055515],[-73.440841,41.055863],[-73.442796,41.057493],[-73.445849,41.05826],[-73.4465190115365,41.0580763361426],[-73.445515,41.06539],[-73.445269,41.065911],[-73.444046,41.06835],[-73.444824,41.070024],[-73.447619,41.071907],[-73.4475,41.072916]]]}},{"type":"Feature","properties":{"GEOID":"09190240200","STATEFP":"09","COUNTYFP":"190","TRACTCE":"240200","NAMELSAD":"Census Tract 2402","NAMELSADCO":"Western Connecticut Planning Region","STATE_NAME":"Connecticut"},"geometry":{"type":"Polygon","coordinates":[[[-73.424125,41.321732],[-73.423554,41.324503],[-73.421938,41.328407],[-73.418544,41.333349],[-73.417452,41.336249],[-73.406101,41.338346],[-73.393084,41.340687],[-73.365754,41.345956],[-73.359714,41.347011],[-73.347055,41.350426],[-73.334846,41.321868],[-73.333337,41.318343],[-73.325287,41.322474],[-73.320372,41.315387],[-73.318692,41.313905],[-73.317935,41.311928],[-73.315997,41.31092],[-73.31547,41.308429],[-73.314218,41.308199],[-73.305871,41.298897],[-73.304798,41.297764],[-73.309872,41.295981],[-73.327644,41.290159],[-73.342143,41.284769],[-73.368811,41.274975],[-73.37295,41.273409],[-73.380257,41.271229],[-73.380954,41.273163],[-73.379481,41.274889],[-73.379021,41.276354],[-73.380642,41.279513],[-73.384538,41.282349],[-73.387759,41.283757],[-73.387954,41.285579],[-73.387401,41.287255],[-73.38976,41.288727],[-73.389976,41.289895],[-73.393203,41.290141],[-73.395418,41.294848],[-73.400057,41.299039],[-73.400483,41.300188],[-73.400704,41.302477],[-73.403802,41.306027],[-73.404991,41.306768],[-73.410485,41.308834],[-73.412577,41.310309],[-73.415932,41.310924],[-73.41836,41.312239],[-73.421029,41.315589],[-73.424019,41.320598],[-73.424125,41.321732]]]}},{"type":"Feature","properties":{"GEOID":"09190245400","STATEFP":"09","COUNTYFP":"190","TRACTCE":"245400","NAMELSAD":"Census Tract 2454","NAMELSADCO":"Western Connecticut Planning Region","STATE_NAME":"Connecticut"},"geometry":{"type":"Polygon","coordinates":[[[-73.515599,41.257505],[-73.515043,41.259826],[-73.513463,41.260051],[-73.511016,41.263696],[-73.507613,41.26698],[-73.506336,41.267319],[-73.503727,41.267221],[-73.501985,41.268196],[-73.501415,41.265201],[-73.499447,41.264408],[-73.496138,41.265347],[-73.494978,41.2689],[-73.491432,41.267696],[-73.488764,41.266361],[-73.487477,41.266521],[-73.480098,41.265978],[-73.479823,41.269354],[-73.475042,41.269186],[-73.470479,41.269806],[-73.468486,41.271706],[-73.467734,41.273569],[-73.466402,41.2738],[-73.463499,41.271989],[-73.459449,41.271834],[-73.455516,41.270029],[-73.452605,41.270269],[-73.446665,41.268749],[-73.441609,41.267491],[-73.440067,41.264453],[-73.445492,41.262106],[-73.456488,41.257381],[-73.463636,41.254191],[-73.463926,41.252819],[-73.469234,41.251959],[-73.471837,41.250731],[-73.484935,41.245085],[-73.498096,41.239045],[-73.498359,41.238693],[-73.5025525269551,41.2372113413152],[-73.5174274449493,41.255540325761],[-73.515599,41.257505]]]}},{"type":"Feature","properties":{"GEOID":"09140110302","STATEFP":"09","COUNTYFP":"140","TRACTCE":"110302","NAMELSAD":"Census Tract 1103.02","NAMELSADCO":"Naugatuck Valley Planning Region","STATE_NAME":"Connecticut"},"geometry":{"type":"Polygon","coordinates":[[[-73.163511,41.270637],[-73.162408,41.273402],[-73.158673,41.279325],[-73.155471,41.283824],[-73.154627,41.284962],[-73.150922,41.289304],[-73.148795,41.292656],[-73.148119,41.29374],[-73.14673,41.294926],[-73.147313,41.296427],[-73.14628,41.296574],[-73.146436,41.296157],[-73.144642,41.292798],[-73.14395,41.292936],[-73.139494,41.289209],[-73.136506,41.286335],[-73.137354,41.282696],[-73.134329,41.282655],[-73.130471,41.279068],[-73.127848,41.279274],[-73.125646,41.280509],[-73.123455,41.280212],[-73.120421,41.278413],[-73.121978,41.277014],[-73.11881,41.27576],[-73.114772,41.273222],[-73.114274,41.272428],[-73.114625,41.268905],[-73.113576,41.266824],[-73.120241,41.264679],[-73.143896,41.257159],[-73.146882,41.255367],[-73.147367,41.256222],[-73.155266,41.269087],[-73.155573,41.269096],[-73.156881,41.269106],[-73.164912,41.268795],[-73.163511,41.270637]]]}},{"type":"Feature","properties":{"GEOID":"09190045102","STATEFP":"09","COUNTYFP":"190","TRACTCE":"045102","NAMELSAD":"Census Tract 451.02","NAMELSADCO":"Western Connecticut Planning Region","STATE_NAME":"Connecticut"},"geometry":{"type":"Polygon","coordinates":[[[-73.484935,41.245085],[-73.471837,41.250731],[-73.469234,41.251959],[-73.463926,41.252819],[-73.463636,41.254191],[-73.456488,41.257381],[-73.445492,41.262106],[-73.440067,41.264453],[-73.43819,41.265187],[-73.430576,41.255144],[-73.430102,41.254328],[-73.425197,41.248182],[-73.415892,41.235633],[-73.411375,41.229423],[-73.410859,41.228476],[-73.392387,41.202992],[-73.39023,41.200178],[-73.389158,41.199246],[-73.393484,41.198484],[-73.393831,41.198069],[-73.398723,41.195119],[-73.397678,41.192559],[-73.39755,41.188684],[-73.406875,41.187747],[-73.410188,41.185307],[-73.410398,41.181337],[-73.412267,41.180284],[-73.414854,41.180893],[-73.416945,41.182111],[-73.419444,41.184101],[-73.421436,41.185724],[-73.424929,41.187929],[-73.429207,41.192425],[-73.430649,41.195759],[-73.431028,41.198038],[-73.430611,41.20178],[-73.430559,41.202592],[-73.429843,41.203802],[-73.428917,41.210463],[-73.427404,41.214501],[-73.425482,41.219287],[-73.425084,41.220744],[-73.425987,41.220413],[-73.42742,41.220752],[-73.428219,41.218045],[-73.43225,41.219359],[-73.436128,41.220767],[-73.436875,41.2214],[-73.435614,41.223817],[-73.437319,41.226612],[-73.436464,41.229328],[-73.437391,41.231785],[-73.440369,41.231195],[-73.445247,41.23154],[-73.44755,41.231354],[-73.450077,41.230062],[-73.454875,41.229913],[-73.456026,41.229146],[-73.459735,41.229343],[-73.462596,41.231004],[-73.463103,41.232021],[-73.466959,41.232861],[-73.467345,41.235048],[-73.468197,41.235426],[-73.473306,41.234851],[-73.474487,41.238859],[-73.476162,41.237584],[-73.477729,41.237654],[-73.47744,41.239132],[-73.480196,41.237987],[-73.482026,41.238429],[-73.484173,41.237736],[-73.486003,41.242128],[-73.484935,41.245085]]]}},{"type":"Feature","properties":{"GEOID":"09190020400","STATEFP":"09","COUNTYFP":"190","TRACTCE":"020400","NAMELSAD":"Census Tract 204","NAMELSADCO":"Western Connecticut Planning Region","STATE_NAME":"Connecticut"},"geometry":{"type":"Polygon","coordinates":[[[-73.57345,41.124604],[-73.570306,41.126578],[-73.569367,41.126575],[-73.565762,41.128754],[-73.565511,41.130604],[-73.560467,41.130246],[-73.558288,41.130537],[-73.558361,41.132003],[-73.551414,41.132815],[-73.549634,41.132218],[-73.545871,41.133187],[-73.546053,41.134394],[-73.543454,41.136481],[-73.542523,41.136165],[-73.539723,41.134363],[-73.536977,41.137525],[-73.534571,41.142167],[-73.533245,41.147776],[-73.5225,41.118888],[-73.528076,41.118668],[-73.535111,41.116235],[-73.546434,41.112006],[-73.558137,41.107295],[-73.559314,41.10656],[-73.56323,41.10433],[-73.566001,41.10305],[-73.566035,41.103089],[-73.569905,41.108573],[-73.570952,41.113217],[-73.572024,41.115744],[-73.572154,41.117822],[-73.572088,41.119351],[-73.57345,41.124604]]]}},{"type":"Feature","properties":{"GEOID":"09120060400","STATEFP":"09","COUNTYFP":"120","TRACTCE":"060400","NAMELSAD":"Census Tract 604","NAMELSADCO":"Greater Bridgeport Planning Region","STATE_NAME":"Connecticut"},"geometry":{"type":"Polygon","coordinates":[[[-73.337707,41.196832],[-73.333426,41.1991],[-73.332976,41.200966],[-73.333296,41.202855],[-73.332359,41.204019],[-73.330735,41.208318],[-73.328908,41.210003],[-73.330311,41.211233],[-73.329014,41.213425],[-73.318313,41.212742],[-73.307418,41.212891],[-73.301863,41.212729],[-73.29775,41.208263],[-73.297459,41.207812],[-73.290224,41.199138],[-73.286012,41.194344],[-73.281932,41.189454],[-73.28169,41.189196],[-73.280469,41.188027],[-73.276651,41.183452],[-73.276441,41.183249],[-73.269159,41.174696],[-73.276991,41.171502],[-73.279244,41.167072],[-73.282223,41.16384],[-73.286181,41.161908],[-73.288626,41.162408],[-73.290711,41.161828],[-73.294858,41.160496],[-73.302783,41.154881],[-73.303645,41.154038],[-73.306021,41.152769],[-73.306937,41.15233],[-73.32227,41.172457],[-73.323295,41.17372],[-73.32441,41.175477],[-73.328644,41.180986],[-73.338457,41.194539],[-73.337707,41.196832]]]}},{"type":"Feature","properties":{"GEOID":"09120060900","STATEFP":"09","COUNTYFP":"120","TRACTCE":"060900","NAMELSAD":"Census Tract 609","NAMELSADCO":"Greater Bridgeport Planning Region","STATE_NAME":"Connecticut"},"geometry":{"type":"Polygon","coordinates":[[[-73.25818,41.173313],[-73.25854,41.175246],[-73.257672,41.175277],[-73.256168,41.176555],[-73.255269,41.177394],[-73.253871,41.178159],[-73.249114,41.175741],[-73.24695,41.17582],[-73.240193,41.169026],[-73.244347,41.16715],[-73.24639,41.166667],[-73.249432,41.165024],[-73.255092,41.16334],[-73.255698,41.165122],[-73.256249,41.166017],[-73.258172,41.169356],[-73.258666,41.170451],[-73.25818,41.173313]]]}},{"type":"Feature","properties":{"GEOID":"09120061500","STATEFP":"09","COUNTYFP":"120","TRACTCE":"061500","NAMELSAD":"Census Tract 615","NAMELSADCO":"Greater Bridgeport Planning Region","STATE_NAME":"Connecticut"},"geometry":{"type":"Polygon","coordinates":[[[-73.257582,41.142993],[-73.25489,41.144207],[-73.250208,41.147648],[-73.245928,41.152228],[-73.241014,41.155944],[-73.229599,41.164435],[-73.227543,41.165414],[-73.224417,41.166297],[-73.227426,41.164102],[-73.228135,41.162145],[-73.233877,41.157178],[-73.237229,41.155134],[-73.237219,41.153661],[-73.236092,41.152387],[-73.233696,41.152099],[-73.232856,41.147604],[-73.2348456347633,41.1439679266145],[-73.235058,41.143996],[-73.2354744452279,41.1431193403574],[-73.2378387321871,41.138142275376],[-73.242565,41.128193],[-73.2430017210054,41.1280537392537],[-73.243648,41.129157],[-73.253923,41.135954],[-73.255594,41.138141],[-73.257561,41.141104],[-73.25616,41.141713],[-73.257582,41.142993]]]}},{"type":"Feature","properties":{"GEOID":"09190010101","STATEFP":"09","COUNTYFP":"190","TRACTCE":"010101","NAMELSAD":"Census Tract 101.01","NAMELSADCO":"Western Connecticut Planning Region","STATE_NAME":"Connecticut"},"geometry":{"type":"Polygon","coordinates":[[[-73.727775,41.100696],[-73.7122926255069,41.1078656241552],[-73.6960060114926,41.1154076779464],[-73.6959488909347,41.1154341295047],[-73.6684334021286,41.1281760841238],[-73.669093,41.125605],[-73.668643,41.124037],[-73.669848,41.123092],[-73.670079,41.121431],[-73.669421,41.119797],[-73.666171,41.114364],[-73.667387,41.113546],[-73.666195,41.108893],[-73.666306,41.106391],[-73.667921,41.105947],[-73.668306,41.104279],[-73.666937,41.099763],[-73.666741,41.096295],[-73.668292,41.091898],[-73.668156,41.090215],[-73.666616,41.085252],[-73.665239,41.083883],[-73.664561,41.083494],[-73.660896,41.077664],[-73.658607,41.07602],[-73.655008,41.068458],[-73.650532,41.063984],[-73.648029,41.06331],[-73.648078,41.062168],[-73.650693,41.056939],[-73.652523,41.055379],[-73.654864,41.052861],[-73.657923,41.047792],[-73.658742,41.044957],[-73.661218,41.045233],[-73.661912,41.044929],[-73.662211,41.043951],[-73.663358,41.041688],[-73.664888,41.038548],[-73.665274,41.038598],[-73.666914,41.038638],[-73.668544,41.03616],[-73.6722427528981,41.0322775924543],[-73.6756502436843,41.0364737446697],[-73.6757863599152,41.0366413649098],[-73.679973,41.041797],[-73.687173,41.050697],[-73.6924347867723,41.0570696907683],[-73.6942630233972,41.0592839170694],[-73.694273,41.059296],[-73.706163059899,41.0741835628326],[-73.716875,41.087596],[-73.7178151629435,41.0885856452037],[-73.722575,41.093596],[-73.727775,41.100696]]]}},{"type":"Feature","properties":{"GEOID":"09120100100","STATEFP":"09","COUNTYFP":"120","TRACTCE":"100100","NAMELSAD":"Census Tract 1001","NAMELSADCO":"Greater Bridgeport Planning Region","STATE_NAME":"Connecticut"},"geometry":{"type":"Polygon","coordinates":[[[-73.301858,41.334456],[-73.26827,41.351464],[-73.261292,41.355006],[-73.256172,41.357441],[-73.256445,41.351334],[-73.256313,41.350771],[-73.253651,41.347351],[-73.251309,41.346362],[-73.246131,41.339969],[-73.246067,41.339493],[-73.247215,41.336129],[-73.249993,41.3316],[-73.251408,41.330248],[-73.250875,41.329863],[-73.250597,41.329641],[-73.245535,41.326306],[-73.24433,41.323728],[-73.240858,41.320712],[-73.236901,41.320256],[-73.23562,41.317126],[-73.235254,41.314447],[-73.234243,41.310937],[-73.233796,41.307182],[-73.230476,41.307527],[-73.228487,41.306414],[-73.226467,41.303914],[-73.223458,41.302174],[-73.221482,41.301573],[-73.221099,41.298104],[-73.227371,41.297604],[-73.230724,41.297423],[-73.234289,41.296724],[-73.243755,41.295833],[-73.246112,41.295848],[-73.257827,41.295397],[-73.263719,41.294907],[-73.274371,41.293806],[-73.278091,41.298145],[-73.275956,41.300911],[-73.276152,41.301546],[-73.273094,41.302958],[-73.271345,41.305817],[-73.271185,41.306202],[-73.270723,41.309973],[-73.273093,41.316221],[-73.272568,41.318082],[-73.273399,41.318786],[-73.297754,41.328701],[-73.305999,41.332358],[-73.301858,41.334456]]]}},{"type":"Feature","properties":{"GEOID":"09190035200","STATEFP":"09","COUNTYFP":"190","TRACTCE":"035200","NAMELSAD":"Census Tract 352","NAMELSADCO":"Western Connecticut Planning Region","STATE_NAME":"Connecticut"},"geometry":{"type":"Polygon","coordinates":[[[-73.5546500736944,41.1799273346628],[-73.535995955855,41.1885508422817],[-73.5359272678253,41.1885825956861],[-73.514617,41.198434],[-73.5125931127971,41.1993729574158],[-73.509487,41.200814],[-73.5091865006584,41.2009480565067],[-73.5091827930981,41.2009497104956],[-73.504965,41.187143],[-73.503689,41.185196],[-73.500415,41.182523],[-73.500072,41.180954],[-73.49458,41.169492],[-73.495299,41.163503],[-73.49405,41.158758],[-73.493526,41.156246],[-73.49345,41.155578],[-73.493742,41.154947],[-73.494883,41.156278],[-73.496763,41.158126],[-73.500986,41.157527],[-73.5025,41.159137],[-73.509087,41.159228],[-73.511467,41.159503],[-73.508175,41.151857],[-73.506897,41.150013],[-73.513868,41.149153],[-73.51733,41.147864],[-73.518534,41.147045],[-73.523771,41.147579],[-73.527692,41.147208],[-73.528416,41.149107],[-73.52977,41.148687],[-73.532488,41.148805],[-73.534134,41.15024],[-73.534215,41.151626],[-73.533054,41.151972],[-73.532327,41.154389],[-73.534868,41.155717],[-73.535784,41.157795],[-73.538724,41.160052],[-73.540021,41.160067],[-73.541987,41.163129],[-73.543746,41.163657],[-73.553052,41.17417],[-73.552265,41.17608],[-73.553599,41.179199],[-73.5546500736944,41.1799273346628]]]}},{"type":"Feature","properties":{"GEOID":"09190230400","STATEFP":"09","COUNTYFP":"190","TRACTCE":"230400","NAMELSAD":"Census Tract 2304","NAMELSADCO":"Western Connecticut Planning Region","STATE_NAME":"Connecticut"},"geometry":{"type":"Polygon","coordinates":[[[-73.360106,41.382296],[-73.358013,41.380456],[-73.356313,41.379386],[-73.351053,41.376811],[-73.347704,41.3761],[-73.347501,41.376013],[-73.345666,41.375372],[-73.340093,41.373273],[-73.337314,41.370557],[-73.3319,41.368587],[-73.329566,41.369787],[-73.32222,41.370303],[-73.320736,41.371121],[-73.320757,41.372314],[-73.31705,41.375335],[-73.316525,41.376509],[-73.31358,41.377362],[-73.312696,41.378757],[-73.313267,41.382368],[-73.312287,41.384484],[-73.311449,41.389721],[-73.310177,41.391053],[-73.307692,41.392273],[-73.307351,41.393362],[-73.305123,41.395545],[-73.303385,41.396307],[-73.302749,41.395774],[-73.300479,41.396616],[-73.299472,41.397807],[-73.293297,41.395988],[-73.291225,41.393556],[-73.290294,41.390799],[-73.285851,41.387647],[-73.284383,41.382267],[-73.283,41.380636],[-73.275465,41.376814],[-73.273521,41.376162],[-73.271867,41.375232],[-73.272001,41.371539],[-73.270835,41.368653],[-73.27096,41.366604],[-73.270265,41.365689],[-73.268786,41.363764],[-73.266438,41.361719],[-73.263642,41.356877],[-73.261292,41.355006],[-73.26827,41.351464],[-73.301858,41.334456],[-73.305999,41.332358],[-73.325287,41.322474],[-73.333337,41.318343],[-73.334846,41.321868],[-73.347055,41.350426],[-73.358346,41.375399],[-73.359804,41.378625],[-73.361657,41.382718],[-73.360106,41.382296]]]}},{"type":"Feature","properties":{"GEOID":"09190200100","STATEFP":"09","COUNTYFP":"190","TRACTCE":"200100","NAMELSAD":"Census Tract 2001","NAMELSADCO":"Western Connecticut Planning Region","STATE_NAME":"Connecticut"},"geometry":{"type":"Polygon","coordinates":[[[-73.433845,41.375888],[-73.432646,41.378476],[-73.429582,41.380002],[-73.424717,41.38216],[-73.423934,41.382346],[-73.415008,41.372515],[-73.414693,41.371231],[-73.414882,41.369885],[-73.415321,41.3687],[-73.417009,41.364025],[-73.418401,41.357404],[-73.418461,41.350607],[-73.420576,41.343661],[-73.421229,41.338705],[-73.423045,41.335499],[-73.42433,41.335289],[-73.425397,41.337849],[-73.428802,41.349713],[-73.433366,41.366753],[-73.433704,41.367366],[-73.435021,41.372399],[-73.433845,41.375888]]]}},{"type":"Feature","properties":{"GEOID":"09120070100","STATEFP":"09","COUNTYFP":"120","TRACTCE":"070100","NAMELSAD":"Census Tract 701","NAMELSADCO":"Greater Bridgeport Planning Region","STATE_NAME":"Connecticut"},"geometry":{"type":"Polygon","coordinates":[[[-73.237229,41.155134],[-73.233877,41.157178],[-73.228135,41.162145],[-73.224797,41.159204],[-73.222838,41.159514],[-73.220941,41.154742],[-73.220551,41.154111],[-73.218699,41.153954],[-73.216157,41.155196],[-73.214157,41.155996],[-73.216657,41.153896],[-73.2175103109082,41.1528720269101],[-73.219741,41.15332],[-73.221345,41.151306],[-73.223781,41.150143],[-73.222653,41.148308],[-73.227569,41.143006],[-73.2348456347633,41.1439679266145],[-73.232856,41.147604],[-73.233696,41.152099],[-73.236092,41.152387],[-73.237219,41.153661],[-73.237229,41.155134]]]}},{"type":"Feature","properties":{"GEOID":"09120070200","STATEFP":"09","COUNTYFP":"120","TRACTCE":"070200","NAMELSAD":"Census Tract 702","NAMELSADCO":"Greater Bridgeport Planning Region","STATE_NAME":"Connecticut"},"geometry":{"type":"Polygon","coordinates":[[[-73.227426,41.164102],[-73.224417,41.166297],[-73.223779,41.166406],[-73.222952,41.166614],[-73.216491,41.16749],[-73.217424,41.166649],[-73.218643,41.165514],[-73.217112,41.163569],[-73.216695,41.160606],[-73.216157,41.155196],[-73.218699,41.153954],[-73.220551,41.154111],[-73.220941,41.154742],[-73.222838,41.159514],[-73.224797,41.159204],[-73.228135,41.162145],[-73.227426,41.164102]]]}},{"type":"Feature","properties":{"GEOID":"09120070600","STATEFP":"09","COUNTYFP":"120","TRACTCE":"070600","NAMELSAD":"Census Tract 706","NAMELSADCO":"Greater Bridgeport Planning Region","STATE_NAME":"Connecticut"},"geometry":{"type":"Polygon","coordinates":[[[-73.19898,41.175413],[-73.195816,41.178836],[-73.194994,41.18029],[-73.194252,41.183105],[-73.193572,41.185245],[-73.189749,41.186144],[-73.188825,41.18613],[-73.188378,41.186101],[-73.188878,41.184796],[-73.186256,41.182896],[-73.186041,41.179401],[-73.184256,41.174396],[-73.180455,41.171296],[-73.177355,41.169096],[-73.175855,41.1662216588435],[-73.177774,41.166697],[-73.1815928017535,41.1653770922109],[-73.182834,41.167855],[-73.187473,41.166094],[-73.189475,41.169937],[-73.194393,41.169394],[-73.197901,41.173937],[-73.198539,41.174854],[-73.19898,41.175413]]]}},{"type":"Feature","properties":{"GEOID":"09120070400","STATEFP":"09","COUNTYFP":"120","TRACTCE":"070400","NAMELSAD":"Census Tract 704","NAMELSADCO":"Greater Bridgeport Planning Region","STATE_NAME":"Connecticut"},"geometry":{"type":"MultiPolygon","coordinates":[[[[-73.2175103109082,41.1528720269101],[-73.216657,41.153896],[-73.214157,41.155996],[-73.211257,41.157796],[-73.207536,41.160756],[-73.206363,41.161838],[-73.19945,41.167127],[-73.197626,41.165221],[-73.195061,41.165237],[-73.192442,41.166771],[-73.190492,41.164221],[-73.187876,41.164587],[-73.187473,41.166094],[-73.182834,41.167855],[-73.1815928017535,41.1653770922109],[-73.184359,41.164421],[-73.186186,41.159287],[-73.202656,41.158096],[-73.209402,41.154751],[-73.21551,41.14845],[-73.21651,41.148687],[-73.217067,41.152783],[-73.2175103109082,41.1528720269101]]],[[[-73.217168,41.143906],[-73.216107,41.144466],[-73.214987,41.144473],[-73.215269,41.142644],[-73.216689,41.141968],[-73.217629,41.142354],[-73.217168,41.143906]]]]}},{"type":"Feature","properties":{"GEOID":"09120071000","STATEFP":"09","COUNTYFP":"120","TRACTCE":"071000","NAMELSAD":"Census Tract 710","NAMELSADCO":"Greater Bridgeport Planning Region","STATE_NAME":"Connecticut"},"geometry":{"type":"Polygon","coordinates":[[[-73.225682,41.173051],[-73.225492,41.173908],[-73.223865,41.174002],[-73.223072,41.176385],[-73.220707,41.176707],[-73.218219,41.177476],[-73.215969,41.175862],[-73.214482,41.174839],[-73.210925,41.172439],[-73.208834,41.170524],[-73.208451,41.168192],[-73.216491,41.16749],[-73.222952,41.166614],[-73.223779,41.166406],[-73.224417,41.166297],[-73.222269,41.168928],[-73.223701,41.170156],[-73.227633,41.169433],[-73.225682,41.173051]]]}},{"type":"Feature","properties":{"GEOID":"09120257200","STATEFP":"09","COUNTYFP":"120","TRACTCE":"257200","NAMELSAD":"Census Tract 2572","NAMELSADCO":"Greater Bridgeport Planning Region","STATE_NAME":"Connecticut"},"geometry":{"type":"Polygon","coordinates":[[[-73.205142,41.20437],[-73.202201,41.20548],[-73.199289,41.201316],[-73.197921,41.199366],[-73.196709,41.198639],[-73.193929,41.200683],[-73.189356,41.202696],[-73.189223,41.202762],[-73.186046,41.200094],[-73.186504,41.198117],[-73.186076,41.196092],[-73.186932,41.194297],[-73.189312,41.191988],[-73.189453,41.189712],[-73.188825,41.18613],[-73.189749,41.186144],[-73.193572,41.185245],[-73.193387,41.185971],[-73.197035,41.191726],[-73.19971,41.195768],[-73.200422,41.196786],[-73.201596,41.198578],[-73.202585,41.200063],[-73.204366,41.203002],[-73.205142,41.20437]]]}},{"type":"Feature","properties":{"GEOID":"09120072300","STATEFP":"09","COUNTYFP":"120","TRACTCE":"072300","NAMELSAD":"Census Tract 723","NAMELSADCO":"Greater Bridgeport Planning Region","STATE_NAME":"Connecticut"},"geometry":{"type":"Polygon","coordinates":[[[-73.217336,41.204674],[-73.210473,41.2073],[-73.207689,41.208355],[-73.205711,41.205399],[-73.205142,41.20437],[-73.204366,41.203002],[-73.202585,41.200063],[-73.201596,41.198578],[-73.207487,41.196604],[-73.207786,41.197291],[-73.210443,41.198696],[-73.213966,41.20132],[-73.217274,41.203161],[-73.218902,41.204062],[-73.217336,41.204674]]]}},{"type":"Feature","properties":{"GEOID":"09120073400","STATEFP":"09","COUNTYFP":"120","TRACTCE":"073400","NAMELSAD":"Census Tract 734","NAMELSADCO":"Greater Bridgeport Planning Region","STATE_NAME":"Connecticut"},"geometry":{"type":"Polygon","coordinates":[[[-73.189356,41.202696],[-73.188765,41.203158],[-73.187454,41.204448],[-73.185554,41.206996],[-73.183838,41.206223],[-73.178861,41.206145],[-73.179169,41.204098],[-73.176818,41.20393],[-73.177182,41.202671],[-73.173637,41.200343],[-73.173272,41.200791],[-73.171764,41.200095],[-73.170221,41.199765],[-73.167585,41.199233],[-73.169723,41.193356],[-73.171635,41.193446],[-73.172991,41.193658],[-73.173959,41.194099],[-73.178072,41.196496],[-73.180267,41.197952],[-73.181349,41.198644],[-73.184031,41.2007],[-73.1837,41.19825],[-73.186504,41.198117],[-73.186046,41.200094],[-73.189223,41.202762],[-73.189356,41.202696]]]}},{"type":"Feature","properties":{"GEOID":"09120073800","STATEFP":"09","COUNTYFP":"120","TRACTCE":"073800","NAMELSAD":"Census Tract 738","NAMELSADCO":"Greater Bridgeport Planning Region","STATE_NAME":"Connecticut"},"geometry":{"type":"Polygon","coordinates":[[[-73.180639,41.189243],[-73.180528,41.191561],[-73.178326,41.191453],[-73.177226,41.191406],[-73.174348,41.191283],[-73.173959,41.194099],[-73.172991,41.193658],[-73.171635,41.193446],[-73.171835,41.18933],[-73.171628,41.18895],[-73.171005,41.187394],[-73.170894,41.186648],[-73.171068,41.185695],[-73.175894,41.185952],[-73.178155,41.185945],[-73.180841,41.185732],[-73.180639,41.189243]]]}},{"type":"Feature","properties":{"GEOID":"09190045200","STATEFP":"09","COUNTYFP":"190","TRACTCE":"045200","NAMELSAD":"Census Tract 452","NAMELSADCO":"Western Connecticut Planning Region","STATE_NAME":"Connecticut"},"geometry":{"type":"Polygon","coordinates":[[[-73.458349,41.212714],[-73.45423,41.214847],[-73.450737,41.216027],[-73.447144,41.216713],[-73.445162,41.219793],[-73.441772,41.222393],[-73.440157,41.221396],[-73.43801,41.221886],[-73.436875,41.2214],[-73.436128,41.220767],[-73.43225,41.219359],[-73.428219,41.218045],[-73.42742,41.220752],[-73.425987,41.220413],[-73.425084,41.220744],[-73.425482,41.219287],[-73.427404,41.214501],[-73.428917,41.210463],[-73.429843,41.203802],[-73.430559,41.202592],[-73.430611,41.20178],[-73.431028,41.198038],[-73.430649,41.195759],[-73.429207,41.192425],[-73.424929,41.187929],[-73.421436,41.185724],[-73.419444,41.184101],[-73.420589,41.183319],[-73.422479,41.182379],[-73.423773,41.181762],[-73.424535,41.181221],[-73.425974,41.180454],[-73.426603,41.180225],[-73.430669,41.178267],[-73.43956,41.175404],[-73.441212,41.178029],[-73.441473,41.181203],[-73.440354,41.184054],[-73.442192,41.190336],[-73.442091,41.191446],[-73.443994,41.191661],[-73.447419,41.195472],[-73.450851,41.198404],[-73.451978,41.200307],[-73.45256,41.2034],[-73.454561,41.205755],[-73.455153,41.20791],[-73.458881,41.210087],[-73.458349,41.212714]]]}},{"type":"Feature","properties":{"GEOID":"09120081200","STATEFP":"09","COUNTYFP":"120","TRACTCE":"081200","NAMELSAD":"Census Tract 812","NAMELSADCO":"Greater Bridgeport Planning Region","STATE_NAME":"Connecticut"},"geometry":{"type":"Polygon","coordinates":[[[-73.140057,41.237187],[-73.130459,41.238189],[-73.126403,41.238872],[-73.117397,41.240969],[-73.102529,41.245203],[-73.097343,41.246261],[-73.091215,41.246411],[-73.091414,41.246262],[-73.093402,41.244617],[-73.101573,41.240088],[-73.104952,41.236595],[-73.107553,41.232496],[-73.109953,41.229396],[-73.110553,41.227396],[-73.110453,41.225296],[-73.114296,41.225295],[-73.117388,41.221909],[-73.118294,41.219941],[-73.119634,41.219079],[-73.12183,41.218763],[-73.123244,41.218144],[-73.124189,41.217524],[-73.126938,41.213432],[-73.127274,41.212882],[-73.129694,41.209961],[-73.131708,41.207197],[-73.131585,41.208322],[-73.131772,41.21017],[-73.132497,41.214021],[-73.134534,41.217936],[-73.134699,41.219633],[-73.134664,41.220665],[-73.135032,41.22407],[-73.136773,41.226965],[-73.137413,41.229177],[-73.13924,41.23308],[-73.140057,41.237187]]]}},{"type":"Feature","properties":{"GEOID":"09190055100","STATEFP":"09","COUNTYFP":"190","TRACTCE":"055100","NAMELSAD":"Census Tract 551","NAMELSADCO":"Western Connecticut Planning Region","STATE_NAME":"Connecticut"},"geometry":{"type":"Polygon","coordinates":[[[-73.430102,41.254328],[-73.423909,41.256402],[-73.420752,41.257498],[-73.380257,41.271229],[-73.37295,41.273409],[-73.368811,41.274975],[-73.347528,41.251965],[-73.341432,41.245625],[-73.336789,41.240163],[-73.332666,41.234505],[-73.331364,41.233466],[-73.332674,41.233207],[-73.335764,41.229816],[-73.339429,41.227563],[-73.342396,41.226978],[-73.34653,41.224041],[-73.347106,41.226743],[-73.350137,41.230641],[-73.352424,41.228793],[-73.354093,41.227916],[-73.35435,41.227286],[-73.355022,41.223598],[-73.356092,41.220758],[-73.358594,41.217259],[-73.360442,41.217058],[-73.362899,41.215103],[-73.366584,41.212709],[-73.369928,41.21113],[-73.372191,41.209156],[-73.369509,41.205543],[-73.373766,41.203939],[-73.378381,41.201628],[-73.384288,41.199269],[-73.384746,41.19959],[-73.386594,41.199968],[-73.389158,41.199246],[-73.39023,41.200178],[-73.392387,41.202992],[-73.410859,41.228476],[-73.411375,41.229423],[-73.415892,41.235633],[-73.425197,41.248182],[-73.430102,41.254328]]]}},{"type":"Feature","properties":{"GEOID":"09110530500","STATEFP":"09","COUNTYFP":"110","TRACTCE":"530500","NAMELSAD":"Census Tract 5305","NAMELSADCO":"Capitol Planning Region","STATE_NAME":"Connecticut"},"geometry":{"type":"Polygon","coordinates":[[[-72.506428,41.815506],[-72.50543,41.820298],[-72.505255,41.821308],[-72.50214,41.82284],[-72.488773,41.826195],[-72.480227,41.828327],[-72.474828,41.829659],[-72.470581,41.830818],[-72.466715,41.832498],[-72.463997,41.826995],[-72.463237,41.825327],[-72.462076,41.823482],[-72.463852,41.819398],[-72.464068,41.81696],[-72.466416,41.81417],[-72.469472,41.812261],[-72.469272,41.810611],[-72.470291,41.808077],[-72.469983,41.804529],[-72.473388,41.798277],[-72.473468,41.798264],[-72.47364,41.799141],[-72.476029,41.812997],[-72.485404,41.812233],[-72.487364,41.811751],[-72.491959,41.811353],[-72.502559,41.810176],[-72.507531,41.809698],[-72.506428,41.815506]]]}},{"type":"Feature","properties":{"GEOID":"09110881300","STATEFP":"09","COUNTYFP":"110","TRACTCE":"881300","NAMELSAD":"Census Tract 8813","NAMELSADCO":"Capitol Planning Region","STATE_NAME":"Connecticut"},"geometry":{"type":"Polygon","coordinates":[[[-72.316781,41.816359],[-72.313816,41.818521],[-72.313069,41.820425],[-72.314004,41.822462],[-72.313333,41.824135],[-72.312964,41.827133],[-72.314159,41.82792],[-72.313071,41.829406],[-72.310958,41.829395],[-72.308512,41.833142],[-72.310183,41.834924],[-72.310145,41.836059],[-72.300225,41.83589],[-72.296583,41.836259],[-72.269795,41.836018],[-72.25829,41.835843],[-72.258545,41.833555],[-72.257567,41.830269],[-72.255643,41.826458],[-72.256935,41.824016],[-72.255391,41.818773],[-72.259201,41.81814],[-72.26238,41.817007],[-72.257286,41.816878],[-72.256015,41.814848],[-72.253417,41.81303],[-72.252182,41.813562],[-72.249782,41.811521],[-72.254349,41.811362],[-72.256352,41.810768],[-72.257976,41.812455],[-72.25836,41.811198],[-72.260107,41.811486],[-72.259324,41.809592],[-72.25811,41.808245],[-72.259796,41.806066],[-72.257987,41.802801],[-72.255763,41.802761],[-72.255349,41.80002],[-72.25617,41.799604],[-72.260952,41.799395],[-72.260742,41.798133],[-72.255701,41.794947],[-72.259766,41.794487],[-72.264087,41.792351],[-72.2627,41.791454],[-72.260362,41.787699],[-72.260973,41.786969],[-72.260786,41.783834],[-72.260978,41.781859],[-72.263038,41.78215],[-72.267516,41.783968],[-72.270141,41.784052],[-72.272921,41.780898],[-72.277318,41.777778],[-72.280221,41.779221],[-72.280228,41.781278],[-72.280591,41.784181],[-72.291557,41.795325],[-72.295991,41.795013],[-72.296303,41.795469],[-72.299875,41.797156],[-72.302717,41.797457],[-72.305925,41.795394],[-72.309015,41.796287],[-72.312828,41.798314],[-72.312704,41.79928],[-72.309765,41.800621],[-72.310223,41.802925],[-72.316031,41.805556],[-72.3161,41.807742],[-72.316722,41.808222],[-72.315321,41.809289],[-72.315014,41.813164],[-72.316678,41.814497],[-72.316781,41.816359]]]}},{"type":"Feature","properties":{"GEOID":"09110538201","STATEFP":"09","COUNTYFP":"110","TRACTCE":"538201","NAMELSAD":"Census Tract 5382.01","NAMELSADCO":"Capitol Planning Region","STATE_NAME":"Connecticut"},"geometry":{"type":"Polygon","coordinates":[[[-72.5092040512358,42.0342165913446],[-72.4601204240419,42.0340132526419],[-72.4596911701656,42.0340114743722],[-72.455674,42.031916],[-72.452862,42.026366],[-72.452205,42.023292],[-72.449079,42.019492],[-72.448062,42.016232],[-72.450039,42.015332],[-72.454486,42.009294],[-72.454608,42.008998],[-72.454623,42.004255],[-72.454499,42.003655],[-72.453065,41.999216],[-72.447806,41.98969],[-72.447265,41.985535],[-72.447521,41.985494],[-72.447572,41.983756],[-72.447596,41.981507],[-72.444006,41.974979],[-72.443423,41.970407],[-72.440747,41.96675],[-72.440591,41.9659],[-72.441039,41.96476],[-72.443995,41.960596],[-72.444113,41.95886],[-72.445111,41.955973],[-72.447329,41.953106],[-72.457973,41.95178],[-72.482348,41.948992],[-72.490489,41.94768],[-72.491878,41.947553],[-72.492729,41.947497],[-72.498928,41.977893],[-72.499406,41.98159],[-72.499722,41.984223],[-72.503903,42.006475],[-72.50539,42.013567],[-72.496162,42.013756],[-72.496189,42.0148],[-72.493882,42.015745],[-72.494411,42.016838],[-72.491933,42.017774],[-72.492505,42.021743],[-72.492574,42.025857],[-72.49512,42.025955],[-72.501424,42.027745],[-72.501881,42.025807],[-72.504983,42.025955],[-72.508637,42.031135],[-72.5092040512358,42.0342165913446]]]}},{"type":"Feature","properties":{"GEOID":"09110538202","STATEFP":"09","COUNTYFP":"110","TRACTCE":"538202","NAMELSAD":"Census Tract 5382.02","NAMELSADCO":"Capitol Planning Region","STATE_NAME":"Connecticut"},"geometry":{"type":"Polygon","coordinates":[[[-72.4582913228665,42.0340056752259],[-72.45668,42.033999],[-72.4414941437451,42.0337713188137],[-72.3974333745419,42.0331107167355],[-72.40449,41.979801],[-72.404424,41.979069],[-72.406746,41.957164],[-72.412118,41.956883],[-72.430063,41.955001],[-72.447329,41.953106],[-72.445111,41.955973],[-72.444113,41.95886],[-72.443995,41.960596],[-72.441039,41.96476],[-72.440591,41.9659],[-72.440747,41.96675],[-72.443423,41.970407],[-72.444006,41.974979],[-72.447596,41.981507],[-72.447572,41.983756],[-72.447521,41.985494],[-72.447265,41.985535],[-72.447806,41.98969],[-72.453065,41.999216],[-72.454499,42.003655],[-72.454623,42.004255],[-72.454608,42.008998],[-72.454486,42.009294],[-72.450039,42.015332],[-72.448062,42.016232],[-72.449079,42.019492],[-72.452205,42.023292],[-72.452862,42.026366],[-72.455674,42.031916],[-72.4596911701656,42.0340114743722],[-72.4582913228665,42.0340056752259]]]}},{"type":"Feature","properties":{"GEOID":"09110533102","STATEFP":"09","COUNTYFP":"110","TRACTCE":"533102","NAMELSAD":"Census Tract 5331.02","NAMELSADCO":"Capitol Planning Region","STATE_NAME":"Connecticut"},"geometry":{"type":"Polygon","coordinates":[[[-72.425207,41.855272],[-72.415821,41.854352],[-72.408164,41.854494],[-72.40542,41.854936],[-72.402675,41.855828],[-72.398039,41.855972],[-72.392296,41.854026],[-72.387946,41.853848],[-72.377457,41.85626],[-72.373014,41.857806],[-72.369078,41.860233],[-72.360995,41.864008],[-72.356421,41.866098],[-72.347278,41.87026],[-72.302962,41.8905],[-72.302775,41.889118],[-72.299061,41.888863],[-72.298156,41.888032],[-72.301253,41.886878],[-72.302602,41.883866],[-72.306957,41.882466],[-72.306519,41.881341],[-72.308982,41.878046],[-72.308438,41.874779],[-72.311882,41.873651],[-72.311654,41.871922],[-72.310218,41.87042],[-72.310179,41.867761],[-72.307918,41.864942],[-72.307991,41.863332],[-72.306453,41.860352],[-72.30718,41.856107],[-72.303768,41.853323],[-72.304057,41.850781],[-72.305307,41.850509],[-72.306553,41.85032],[-72.309684,41.847938],[-72.308906,41.844859],[-72.309541,41.842929],[-72.308933,41.839281],[-72.309744,41.837772],[-72.312722,41.837596],[-72.314304,41.837384],[-72.337347,41.834312],[-72.354661,41.832482],[-72.376083,41.82996],[-72.395601,41.828223],[-72.405163,41.827019],[-72.421527,41.825498],[-72.425207,41.855272]]]}},{"type":"Feature","properties":{"GEOID":"09110530301","STATEFP":"09","COUNTYFP":"110","TRACTCE":"530301","NAMELSAD":"Census Tract 5303.01","NAMELSADCO":"Capitol Planning Region","STATE_NAME":"Connecticut"},"geometry":{"type":"Polygon","coordinates":[[[-72.49681,41.860616],[-72.495537,41.865991],[-72.492998,41.866482],[-72.492783,41.866512],[-72.492517,41.86655],[-72.488499,41.867072],[-72.484958,41.867524],[-72.464365,41.870117],[-72.464733,41.868495],[-72.464749,41.866376],[-72.466087,41.862656],[-72.466145,41.861882],[-72.466303,41.861147],[-72.467289,41.859082],[-72.466781,41.856289],[-72.474797,41.85413],[-72.478491,41.851897],[-72.482646,41.850725],[-72.483846,41.8506],[-72.487759,41.850323],[-72.488575,41.850414],[-72.493068,41.851054],[-72.499273,41.850273],[-72.49681,41.860616]]]}},{"type":"Feature","properties":{"GEOID":"09110530302","STATEFP":"09","COUNTYFP":"110","TRACTCE":"530302","NAMELSAD":"Census Tract 5303.02","NAMELSADCO":"Capitol Planning Region","STATE_NAME":"Connecticut"},"geometry":{"type":"Polygon","coordinates":[[[-72.504435,41.824674],[-72.502632,41.833589],[-72.50232,41.834745],[-72.499273,41.850273],[-72.493068,41.851054],[-72.488575,41.850414],[-72.487759,41.850323],[-72.483846,41.8506],[-72.482646,41.850725],[-72.478491,41.851897],[-72.474797,41.85413],[-72.466781,41.856289],[-72.46642,41.855245],[-72.466264,41.854095],[-72.467161,41.850494],[-72.466195,41.847096],[-72.464272,41.842909],[-72.464747,41.839503],[-72.467226,41.83705],[-72.467705,41.835054],[-72.466715,41.832498],[-72.470581,41.830818],[-72.474828,41.829659],[-72.480227,41.828327],[-72.488773,41.826195],[-72.50214,41.82284],[-72.505255,41.821308],[-72.504435,41.824674]]]}},{"type":"Feature","properties":{"GEOID":"09110840100","STATEFP":"09","COUNTYFP":"110","TRACTCE":"840100","NAMELSAD":"Census Tract 8401","NAMELSADCO":"Capitol Planning Region","STATE_NAME":"Connecticut"},"geometry":{"type":"Polygon","coordinates":[[[-72.311882,41.873651],[-72.308438,41.874779],[-72.308982,41.878046],[-72.306519,41.881341],[-72.306957,41.882466],[-72.302602,41.883866],[-72.301253,41.886878],[-72.298156,41.888032],[-72.299061,41.888863],[-72.302775,41.889118],[-72.302962,41.8905],[-72.301258,41.892959],[-72.299221,41.893988],[-72.293038,41.895592],[-72.291088,41.896975],[-72.292677,41.900519],[-72.291402,41.903102],[-72.29095,41.905559],[-72.291717,41.906769],[-72.293007,41.90699],[-72.293805,41.908919],[-72.296822,41.911091],[-72.297661,41.914488],[-72.297467,41.915927],[-72.299051,41.919471],[-72.301721,41.92055],[-72.30325,41.922855],[-72.305201,41.92421],[-72.306279,41.925957],[-72.306904,41.929627],[-72.308872,41.931092],[-72.309219,41.933536],[-72.306253,41.940707],[-72.300987,41.940735],[-72.290657,41.940631],[-72.260485,41.940216],[-72.236705,41.939863],[-72.236326,41.943773],[-72.236838,41.945452],[-72.236614,41.95605],[-72.236793,41.958292],[-72.234898,41.957583],[-72.21698,41.958161],[-72.21726,41.949353],[-72.21665,41.918662],[-72.216306,41.892818],[-72.216456,41.888062],[-72.2169,41.884464],[-72.2171,41.8723],[-72.217719,41.835184],[-72.223722,41.835267],[-72.25829,41.835843],[-72.269795,41.836018],[-72.296583,41.836259],[-72.300225,41.83589],[-72.310145,41.836059],[-72.309744,41.837772],[-72.308933,41.839281],[-72.309541,41.842929],[-72.308906,41.844859],[-72.309684,41.847938],[-72.306553,41.85032],[-72.305307,41.850509],[-72.304057,41.850781],[-72.303768,41.853323],[-72.30718,41.856107],[-72.306453,41.860352],[-72.307991,41.863332],[-72.307918,41.864942],[-72.310179,41.867761],[-72.310218,41.87042],[-72.311654,41.871922],[-72.311882,41.873651]]]}},{"type":"Feature","properties":{"GEOID":"09160410101","STATEFP":"09","COUNTYFP":"160","TRACTCE":"410101","NAMELSAD":"Census Tract 4101.01","NAMELSADCO":"Northwest Hills Planning Region","STATE_NAME":"Connecticut"},"geometry":{"type":"Polygon","coordinates":[[[-73.012711,41.777117],[-73.008168,41.776628],[-73.004385,41.777298],[-72.998605,41.776807],[-72.996909,41.777037],[-72.991973,41.778654],[-72.989628,41.778597],[-72.975701,41.77413],[-72.973781,41.77331],[-72.970663,41.77047],[-72.96835,41.769272],[-72.963864,41.768694],[-72.962092,41.767801],[-72.958545,41.765504],[-72.954644,41.763404],[-72.95303,41.760596],[-72.9482,41.759101],[-72.943272,41.758558],[-72.94108,41.758811],[-72.939324,41.757954],[-72.933141,41.757098],[-72.927086,41.755508],[-72.922639,41.752209],[-72.920376,41.750646],[-72.915123,41.748161],[-72.907631,41.74669],[-72.902625,41.743569],[-72.902002,41.739571],[-72.89983,41.732046],[-72.89827,41.723177],[-72.905025,41.722177],[-72.914476,41.721513],[-72.926951,41.720376],[-72.930485,41.719841],[-72.943081,41.718836],[-72.944088,41.718082],[-72.94809,41.717601],[-72.95927,41.716682],[-72.971476,41.715618],[-72.978934,41.71459],[-72.99855,41.712498],[-72.99895,41.714398],[-73.003293,41.736434],[-73.009057,41.761428],[-73.012425,41.77526],[-73.012711,41.777117]]]}},{"type":"Feature","properties":{"GEOID":"09110503300","STATEFP":"09","COUNTYFP":"110","TRACTCE":"503300","NAMELSAD":"Census Tract 5033","NAMELSADCO":"Capitol Planning Region","STATE_NAME":"Connecticut"},"geometry":{"type":"Polygon","coordinates":[[[-72.6998,41.774344],[-72.694535,41.773511],[-72.692808,41.773208],[-72.691083,41.772933],[-72.689517,41.772722],[-72.690514,41.769271],[-72.691995,41.769676],[-72.693701,41.770235],[-72.695255,41.770715],[-72.698816,41.771827],[-72.700647,41.772377],[-72.6998,41.774344]]]}},{"type":"Feature","properties":{"GEOID":"09180870501","STATEFP":"09","COUNTYFP":"180","TRACTCE":"870501","NAMELSAD":"Census Tract 8705.01","NAMELSADCO":"Southeastern Connecticut Planning Region","STATE_NAME":"Connecticut"},"geometry":{"type":"Polygon","coordinates":[[[-72.115951,41.483044],[-72.115017,41.487252],[-72.114281,41.489748],[-72.115557,41.498196],[-72.115426,41.500872],[-72.112177,41.500988],[-72.111682,41.502036],[-72.107982,41.502828],[-72.106521,41.50161],[-72.106529,41.499587],[-72.102131,41.497974],[-72.099859,41.496486],[-72.099744,41.495098],[-72.09948,41.49485],[-72.099213,41.494584],[-72.098908,41.494473],[-72.098434,41.494403],[-72.098237,41.494434],[-72.098011,41.494581],[-72.097865,41.49492],[-72.097697,41.495109],[-72.097536,41.495164],[-72.097602,41.495499],[-72.093682,41.49721],[-72.08392,41.493839],[-72.08102,41.492099],[-72.080498,41.489174],[-72.077613,41.485086],[-72.074425,41.481808],[-72.073424,41.478388],[-72.073624,41.474968],[-72.071323,41.471143],[-72.069921,41.465811],[-72.070021,41.463598],[-72.070821,41.460298],[-72.071744,41.458736],[-72.075452,41.459289],[-72.080949,41.45786],[-72.08664,41.459106],[-72.089912,41.460197],[-72.100503,41.459949],[-72.101333,41.459439],[-72.104812,41.460102],[-72.105993,41.454899],[-72.111061,41.4596],[-72.115022,41.460752],[-72.115128,41.462532],[-72.116554,41.470791],[-72.115951,41.483044]]]}},{"type":"Feature","properties":{"GEOID":"09130550202","STATEFP":"09","COUNTYFP":"130","TRACTCE":"550202","NAMELSAD":"Census Tract 5502.02","NAMELSADCO":"Lower Connecticut River Valley Planning Region","STATE_NAME":"Connecticut"},"geometry":{"type":"Polygon","coordinates":[[[-72.562035,41.559444],[-72.560844,41.560473],[-72.559523,41.562355],[-72.556198,41.562428],[-72.55464,41.562447],[-72.550725,41.5618],[-72.544468,41.562648],[-72.54099,41.564146],[-72.536387,41.567253],[-72.529463,41.569362],[-72.522451,41.572447],[-72.518332,41.573898],[-72.51752,41.574337],[-72.512008,41.578889],[-72.506168,41.582259],[-72.500244,41.584571],[-72.498841,41.584804],[-72.498304,41.58432],[-72.496557,41.58128],[-72.498554,41.577959],[-72.502162,41.575906],[-72.501877,41.573849],[-72.504534,41.570832],[-72.506806,41.566442],[-72.508699,41.564673],[-72.508515,41.56155],[-72.511201,41.557144],[-72.510158,41.554182],[-72.508919,41.550437],[-72.505658,41.545708],[-72.504304,41.544389],[-72.502932,41.541637],[-72.500067,41.53828],[-72.498005,41.536634],[-72.495404,41.533476],[-72.492346,41.526468],[-72.491143,41.522927],[-72.486225,41.520411],[-72.485048,41.518735],[-72.551997,41.511225],[-72.552581,41.511407],[-72.554912,41.51105],[-72.555736,41.514567],[-72.556194,41.51932],[-72.555858,41.524958],[-72.553798,41.530474],[-72.552974,41.531527],[-72.551341,41.535304],[-72.550945,41.538073],[-72.551128,41.542994],[-72.551585,41.545497],[-72.55247,41.547511],[-72.554393,41.550646],[-72.560802,41.554049],[-72.562767,41.558428],[-72.562035,41.559444]]]}},{"type":"Feature","properties":{"GEOID":"09130541600","STATEFP":"09","COUNTYFP":"130","TRACTCE":"541600","NAMELSAD":"Census Tract 5416","NAMELSADCO":"Lower Connecticut River Valley Planning Region","STATE_NAME":"Connecticut"},"geometry":{"type":"Polygon","coordinates":[[[-72.655253,41.563157],[-72.651986,41.564139],[-72.653125,41.565891],[-72.654536,41.566915],[-72.654418,41.567383],[-72.651761,41.568619],[-72.648436,41.569221],[-72.648455,41.56784],[-72.645687,41.564117],[-72.644297,41.56291],[-72.641313,41.56136],[-72.64401,41.558153],[-72.645205,41.557549],[-72.645884,41.558898],[-72.64815,41.558049],[-72.652156,41.55652],[-72.652231,41.55795],[-72.654325,41.561174],[-72.655253,41.563157]]]}},{"type":"Feature","properties":{"GEOID":"09130595102","STATEFP":"09","COUNTYFP":"130","TRACTCE":"595102","NAMELSAD":"Census Tract 5951.02","NAMELSADCO":"Lower Connecticut River Valley Planning Region","STATE_NAME":"Connecticut"},"geometry":{"type":"Polygon","coordinates":[[[-72.487847,41.502236],[-72.485717,41.504988],[-72.484033,41.509037],[-72.481931,41.512542],[-72.481723,41.514339],[-72.483038,41.516348],[-72.482592,41.518443],[-72.480373,41.519465],[-72.479439,41.52184],[-72.47553,41.524255],[-72.469742,41.529652],[-72.468619,41.53108],[-72.465926,41.532677],[-72.463557,41.533516],[-72.461695,41.535415],[-72.459372,41.539542],[-72.459704,41.540022],[-72.458845,41.539583],[-72.458657,41.536817],[-72.455398,41.531023],[-72.454193,41.529765],[-72.449549,41.52253],[-72.448508,41.522567],[-72.430767,41.524567],[-72.383057,41.529],[-72.383707,41.526916],[-72.385392,41.517906],[-72.382975,41.515559],[-72.383013,41.512866],[-72.382232,41.510155],[-72.378984,41.50805],[-72.375661,41.505024],[-72.374984,41.502111],[-72.373205,41.499928],[-72.373427,41.495329],[-72.373414,41.489661],[-72.372753,41.484389],[-72.371869,41.48265],[-72.378733,41.477641],[-72.38238,41.473766],[-72.385644,41.471941],[-72.387516,41.471372],[-72.40049,41.471041],[-72.410493,41.470377],[-72.412645,41.471574],[-72.41469,41.471917],[-72.417082,41.469932],[-72.420287,41.467962],[-72.422529,41.467259],[-72.426749,41.467184],[-72.428983,41.466685],[-72.432396,41.46469],[-72.440495,41.463338],[-72.442652,41.463253],[-72.4446,41.465567],[-72.443949,41.469043],[-72.444221,41.47154],[-72.45578,41.470149],[-72.460112,41.469472],[-72.463342,41.469565],[-72.463967,41.468699],[-72.464389,41.465568],[-72.463893,41.460953],[-72.467638,41.460897],[-72.468545,41.463916],[-72.468491,41.465818],[-72.469557,41.468748],[-72.471938,41.472061],[-72.474575,41.473948],[-72.477822,41.475554],[-72.476825,41.483743],[-72.47727,41.488646],[-72.479011,41.489586],[-72.483061,41.489534],[-72.485687,41.491413],[-72.486344,41.493104],[-72.487915,41.500363],[-72.487847,41.502236]]]}},{"type":"Feature","properties":{"GEOID":"09130680101","STATEFP":"09","COUNTYFP":"130","TRACTCE":"680101","NAMELSAD":"Census Tract 6801.01","NAMELSADCO":"Lower Connecticut River Valley Planning Region","STATE_NAME":"Connecticut"},"geometry":{"type":"Polygon","coordinates":[[[-72.51395,41.346403],[-72.501119,41.347461],[-72.498233,41.347599],[-72.483031,41.338334],[-72.47693,41.334497],[-72.474333,41.334253],[-72.472724,41.334209],[-72.471927,41.333998],[-72.464791,41.33339],[-72.452961,41.332474],[-72.435785,41.330963],[-72.432029,41.326548],[-72.428879,41.325713],[-72.428366,41.32461],[-72.425525,41.324221],[-72.426473,41.321814],[-72.42883,41.319426],[-72.431892,41.317116],[-72.433129,41.315188],[-72.432526,41.313003],[-72.423999,41.290405],[-72.446912,41.291873],[-72.452272,41.291961],[-72.456037,41.29158],[-72.462475,41.290926],[-72.467013,41.290913],[-72.471463,41.291628],[-72.481437,41.29394],[-72.482875,41.294161],[-72.487984,41.294036],[-72.494213,41.292049],[-72.499559,41.306224],[-72.49956,41.307427],[-72.512034,41.341599],[-72.51395,41.346403]]]}},{"type":"Feature","properties":{"GEOID":"09190035101","STATEFP":"09","COUNTYFP":"190","TRACTCE":"035101","NAMELSAD":"Census Tract 351.01","NAMELSADCO":"Western Connecticut Planning Region","STATE_NAME":"Connecticut"},"geometry":{"type":"Polygon","coordinates":[[[-73.500986,41.157527],[-73.496763,41.158126],[-73.494883,41.156278],[-73.493742,41.154947],[-73.49345,41.155578],[-73.493526,41.156246],[-73.49405,41.158758],[-73.493212,41.157508],[-73.490398,41.157718],[-73.489597,41.156268],[-73.48828,41.152882],[-73.488662,41.151687],[-73.489278,41.151488],[-73.489591,41.15132],[-73.488913,41.151094],[-73.485698,41.150189],[-73.483865,41.149429],[-73.482791,41.148748],[-73.481079,41.14728],[-73.480004,41.145722],[-73.477999,41.142852],[-73.47603,41.14166],[-73.465828,41.135809],[-73.464065,41.135136],[-73.467286,41.134393],[-73.474084,41.136334],[-73.475906,41.137148],[-73.480222,41.136379],[-73.48305,41.139123],[-73.484252,41.141317],[-73.491446,41.145143],[-73.492433,41.147684],[-73.493876,41.148441],[-73.495863,41.149333],[-73.497309,41.149783],[-73.49803,41.150461],[-73.499647,41.15392],[-73.500986,41.157527]]]}},{"type":"Feature","properties":{"GEOID":"09190211202","STATEFP":"09","COUNTYFP":"190","TRACTCE":"211202","NAMELSAD":"Census Tract 2112.02","NAMELSADCO":"Western Connecticut Planning Region","STATE_NAME":"Connecticut"},"geometry":{"type":"Polygon","coordinates":[[[-73.475696,41.453846],[-73.468988,41.455506],[-73.466003,41.455739],[-73.456052,41.457986],[-73.450576,41.459001],[-73.445051,41.45999],[-73.44463,41.458678],[-73.445064,41.458439],[-73.444232,41.453636],[-73.445407,41.450864],[-73.446523,41.450537],[-73.447398,41.445743],[-73.450601,41.445264],[-73.451856,41.442133],[-73.453008,41.442162],[-73.452154,41.440741],[-73.452511,41.439282],[-73.454073,41.438587],[-73.454502,41.437161],[-73.453976,41.432947],[-73.4521,41.429053],[-73.45019,41.427816],[-73.448055,41.427833],[-73.44993,41.42446],[-73.452268,41.423697],[-73.452932,41.422952],[-73.455043,41.421329],[-73.458,41.419544],[-73.459674,41.419304],[-73.460951,41.41574],[-73.461474,41.416284],[-73.463305,41.417615],[-73.465702,41.418815],[-73.467717,41.420032],[-73.46916,41.422247],[-73.472829,41.424693],[-73.473054,41.426026],[-73.47128,41.4287],[-73.468987,41.42967],[-73.468259,41.429188],[-73.468031,41.430316],[-73.466193,41.431054],[-73.461709,41.431338],[-73.461133,41.434215],[-73.463681,41.435169],[-73.463212,41.437936],[-73.462082,41.438765],[-73.459026,41.439023],[-73.457889,41.440022],[-73.461429,41.442628],[-73.457449,41.443257],[-73.456591,41.446866],[-73.46482,41.447316],[-73.465082,41.448225],[-73.467049,41.447054],[-73.46391,41.445912],[-73.464798,41.442505],[-73.46998,41.440697],[-73.473173,41.440983],[-73.472385,41.445254],[-73.473745,41.450485],[-73.475696,41.453846]]]}},{"type":"Feature","properties":{"GEOID":"09190021402","STATEFP":"09","COUNTYFP":"190","TRACTCE":"021402","NAMELSAD":"Census Tract 214.02","NAMELSADCO":"Western Connecticut Planning Region","STATE_NAME":"Connecticut"},"geometry":{"type":"Polygon","coordinates":[[[-73.568205,41.059479],[-73.561268,41.059158],[-73.559918,41.058892],[-73.559914,41.057672],[-73.558288,41.056908],[-73.557741,41.056444],[-73.557706,41.05424],[-73.557313,41.053832],[-73.557896,41.048385],[-73.558415,41.044436],[-73.561597,41.044798],[-73.564444,41.044916],[-73.565004,41.046743],[-73.565331,41.048547],[-73.566444,41.052731],[-73.567196,41.054489],[-73.567466,41.05488],[-73.567949,41.059012],[-73.568336,41.059467],[-73.568205,41.059479]]]}},{"type":"Feature","properties":{"GEOID":"09190210501","STATEFP":"09","COUNTYFP":"190","TRACTCE":"210501","NAMELSAD":"Census Tract 2105.01","NAMELSADCO":"Western Connecticut Planning Region","STATE_NAME":"Connecticut"},"geometry":{"type":"Polygon","coordinates":[[[-73.473629,41.371375],[-73.469493,41.372933],[-73.468965,41.374102],[-73.466247,41.375616],[-73.46367,41.379455],[-73.461085,41.37797],[-73.458796,41.377762],[-73.456609,41.378931],[-73.454338,41.381367],[-73.452013,41.380309],[-73.448102,41.380534],[-73.446234,41.380992],[-73.445257,41.381744],[-73.445434,41.384277],[-73.445989,41.385248],[-73.444153,41.38635],[-73.441702,41.387556],[-73.440806,41.38777],[-73.439887,41.387501],[-73.438424,41.386035],[-73.435692,41.381761],[-73.435266,41.380222],[-73.432646,41.378476],[-73.433845,41.375888],[-73.435021,41.372399],[-73.433704,41.367366],[-73.433366,41.366753],[-73.428802,41.349713],[-73.425397,41.337849],[-73.42433,41.335289],[-73.441165,41.331751],[-73.470102,41.326421],[-73.472831,41.332085],[-73.471832,41.335319],[-73.470463,41.337566],[-73.469627,41.340244],[-73.469645,41.342076],[-73.468813,41.34578],[-73.469547,41.349787],[-73.469453,41.35443],[-73.471498,41.357276],[-73.473115,41.362146],[-73.474061,41.366243],[-73.473629,41.371375]]]}},{"type":"Feature","properties":{"GEOID":"09190050301","STATEFP":"09","COUNTYFP":"190","TRACTCE":"050301","NAMELSAD":"Census Tract 503.01","NAMELSADCO":"Western Connecticut Planning Region","STATE_NAME":"Connecticut"},"geometry":{"type":"Polygon","coordinates":[[[-73.342227,41.168456],[-73.323295,41.17372],[-73.32227,41.172457],[-73.306937,41.15233],[-73.306021,41.152769],[-73.3046,41.151912],[-73.305982,41.149484],[-73.304253,41.148981],[-73.303387,41.145854],[-73.298811,41.144807],[-73.298013,41.143011],[-73.29895,41.140649],[-73.297866,41.138293],[-73.320762,41.138855],[-73.325801,41.13892],[-73.32791,41.143104],[-73.324571,41.144714],[-73.337443,41.161961],[-73.342227,41.168456]]]}},{"type":"Feature","properties":{"GEOID":"09150901101","STATEFP":"09","COUNTYFP":"150","TRACTCE":"901101","NAMELSAD":"Census Tract 9011.01","NAMELSADCO":"Northeastern Connecticut Planning Region","STATE_NAME":"Connecticut"},"geometry":{"type":"Polygon","coordinates":[[[-72.099525,41.966038],[-72.096552,41.964623],[-72.091288,41.966252],[-72.089661,41.966039],[-72.087474,41.967003],[-72.081276,41.968436],[-72.079362,41.963688],[-72.078839,41.958454],[-72.075824,41.960027],[-72.071311,41.95998],[-72.066292,41.960276],[-72.064838,41.961158],[-72.064043,41.961578],[-72.063459,41.961815],[-72.062624,41.961926],[-72.061904,41.961869],[-72.06071,41.961906],[-72.058956,41.961041],[-72.055463,41.957948],[-72.04948,41.956962],[-72.046501,41.955118],[-72.046147,41.954726],[-72.031955,41.952791],[-72.030994,41.952486],[-72.025073,41.948485],[-72.021355,41.947204],[-72.01715,41.948177],[-72.011155,41.949123],[-72.004954,41.944178],[-72.003587,41.941571],[-72.002098,41.940127],[-72.000315,41.939343],[-71.991565,41.938484],[-71.984389,41.937333],[-71.980594,41.936977],[-71.975698,41.937562],[-71.970732,41.937609],[-71.965111,41.93708],[-71.960564,41.938991],[-71.957199,41.934179],[-71.956706,41.927643],[-71.956837,41.922319],[-71.955945,41.916165],[-71.957007,41.915978],[-71.980877,41.915289],[-71.989131,41.915056],[-71.999424,41.91481],[-72.005217,41.914404],[-72.043952,41.914552],[-72.050059,41.914746],[-72.055507,41.914509],[-72.067943,41.914652],[-72.097024,41.914994],[-72.097377,41.917703],[-72.099229,41.958948],[-72.099525,41.966038]]]}},{"type":"Feature","properties":{"GEOID":"09170180102","STATEFP":"09","COUNTYFP":"170","TRACTCE":"180102","NAMELSAD":"Census Tract 1801.02","NAMELSADCO":"South Central Connecticut Planning Region","STATE_NAME":"Connecticut"},"geometry":{"type":"Polygon","coordinates":[[[-72.875006,41.248674],[-72.871084,41.249828],[-72.871324,41.253008],[-72.871381,41.253654],[-72.873168,41.26054],[-72.87328,41.261047],[-72.87293,41.26423],[-72.872542,41.266509],[-72.870357,41.265689],[-72.867382,41.267686],[-72.864637,41.266055],[-72.861032,41.266613],[-72.860513,41.265521],[-72.857704,41.265568],[-72.85334,41.264126],[-72.851927,41.262181],[-72.852018,41.259789],[-72.852271,41.259051],[-72.857243,41.252196],[-72.859404,41.246997],[-72.8596146467979,41.2463247813758],[-72.861058,41.245804],[-72.87013,41.245313],[-72.8746281468663,41.24443305669],[-72.875006,41.248674]]]}},{"type":"Feature","properties":{"GEOID":"09170171201","STATEFP":"09","COUNTYFP":"170","TRACTCE":"171201","NAMELSAD":"Census Tract 1712.01","NAMELSADCO":"South Central Connecticut Planning Region","STATE_NAME":"Connecticut"},"geometry":{"type":"Polygon","coordinates":[[[-72.795918,41.504718],[-72.790215,41.514676],[-72.785177,41.519823],[-72.779427,41.529658],[-72.778838,41.529454],[-72.772291,41.527042],[-72.770113,41.526577],[-72.771223,41.522187],[-72.771253,41.520796],[-72.769425,41.512062],[-72.769056,41.504818],[-72.768038,41.497015],[-72.772648,41.49675],[-72.777049,41.498236],[-72.792627,41.503567],[-72.792713,41.503596],[-72.795918,41.504718]]]}},{"type":"Feature","properties":{"GEOID":"09170140101","STATEFP":"09","COUNTYFP":"170","TRACTCE":"140101","NAMELSAD":"Census Tract 1401.01","NAMELSADCO":"South Central Connecticut Planning Region","STATE_NAME":"Connecticut"},"geometry":{"type":"Polygon","coordinates":[[[-72.933237,41.306268],[-72.931895,41.305711],[-72.93033,41.307922],[-72.925758,41.306044],[-72.928124,41.302786],[-72.932596,41.305044],[-72.93372,41.305568],[-72.933237,41.306268]]]}},{"type":"Feature","properties":{"GEOID":"09160320102","STATEFP":"09","COUNTYFP":"160","TRACTCE":"320102","NAMELSAD":"Census Tract 3201.02","NAMELSADCO":"Northwest Hills Planning Region","STATE_NAME":"Connecticut"},"geometry":{"type":"Polygon","coordinates":[[[-73.121814,41.961253],[-73.102604,41.962261],[-73.091836,41.962502],[-73.070631,41.963607],[-73.064238,41.963913],[-73.049251,41.965072],[-73.034024,41.966301],[-73.040436,41.939219],[-73.042656,41.931248],[-73.047883,41.909458],[-73.048768,41.909886],[-73.054807,41.91483],[-73.057686,41.919303],[-73.058953,41.91888],[-73.061029,41.920524],[-73.062788,41.920251],[-73.064684,41.920632],[-73.06329,41.925765],[-73.067642,41.926632],[-73.068385,41.926439],[-73.069523,41.92602],[-73.076095,41.926915],[-73.077177,41.926921],[-73.078033,41.92895],[-73.080422,41.930702],[-73.084296,41.931149],[-73.086531,41.93065],[-73.090734,41.931601],[-73.095739,41.932448],[-73.097649,41.934258],[-73.098214,41.936969],[-73.100927,41.938122],[-73.10142,41.939326],[-73.105748,41.93947],[-73.107779,41.94022],[-73.111879,41.943643],[-73.113349,41.945274],[-73.11518,41.95236],[-73.11951,41.959585],[-73.121814,41.961253]]]}},{"type":"Feature","properties":{"GEOID":"09140405802","STATEFP":"09","COUNTYFP":"140","TRACTCE":"405802","NAMELSAD":"Census Tract 4058.02","NAMELSADCO":"Naugatuck Valley Planning Region","STATE_NAME":"Connecticut"},"geometry":{"type":"Polygon","coordinates":[[[-72.99855,41.712498],[-72.978934,41.71459],[-72.971476,41.715618],[-72.95927,41.716682],[-72.956471,41.703102],[-72.954581,41.699763],[-72.954333,41.697956],[-72.950448,41.696261],[-72.950134,41.694748],[-72.948844,41.692841],[-72.948053,41.691277],[-72.950094,41.686003],[-72.957085,41.681146],[-72.967261,41.680499],[-72.971598,41.681419],[-72.972346,41.681679],[-72.977407,41.681539],[-72.983658,41.680457],[-72.99138,41.679924],[-72.99354,41.690123],[-72.99585,41.699597],[-72.99855,41.712498]]]}},{"type":"Feature","properties":{"GEOID":"09110503101","STATEFP":"09","COUNTYFP":"110","TRACTCE":"503101","NAMELSAD":"Census Tract 5031.01","NAMELSADCO":"Capitol Planning Region","STATE_NAME":"Connecticut"},"geometry":{"type":"Polygon","coordinates":[[[-72.700561,41.763517],[-72.699879,41.767725],[-72.698549,41.767712],[-72.69724,41.767686],[-72.693773,41.767806],[-72.693759,41.763949],[-72.693592,41.763386],[-72.695781,41.762824],[-72.696976,41.762501],[-72.699373,41.762162],[-72.699961,41.761945],[-72.700777,41.762391],[-72.700561,41.763517]]]}},{"type":"Feature","properties":{"GEOID":"09190022101","STATEFP":"09","COUNTYFP":"190","TRACTCE":"022101","NAMELSAD":"Census Tract 221.01","NAMELSADCO":"Western Connecticut Planning Region","STATE_NAME":"Connecticut"},"geometry":{"type":"Polygon","coordinates":[[[-73.535787,41.049889],[-73.533669,41.050602],[-73.530607,41.052216],[-73.529111,41.05316],[-73.528191,41.053622],[-73.526278,41.054206],[-73.524344,41.054551],[-73.521293,41.055141],[-73.521417,41.054042],[-73.519441,41.053803],[-73.519178,41.049571],[-73.521206,41.049347],[-73.521621,41.049274],[-73.524398,41.048728],[-73.527705,41.050514],[-73.528501,41.049817],[-73.532594,41.049391],[-73.534239,41.048759],[-73.534975,41.048473],[-73.535787,41.049889]]]}},{"type":"Feature","properties":{"GEOID":"09160320200","STATEFP":"09","COUNTYFP":"160","TRACTCE":"320200","NAMELSAD":"Census Tract 3202","NAMELSADCO":"Northwest Hills Planning Region","STATE_NAME":"Connecticut"},"geometry":{"type":"Polygon","coordinates":[[[-73.165005,41.913246],[-73.151494,41.959726],[-73.124737,41.960972],[-73.121814,41.961253],[-73.11951,41.959585],[-73.11518,41.95236],[-73.113349,41.945274],[-73.111879,41.943643],[-73.107779,41.94022],[-73.105748,41.93947],[-73.10142,41.939326],[-73.100927,41.938122],[-73.098214,41.936969],[-73.097649,41.934258],[-73.095739,41.932448],[-73.090734,41.931601],[-73.086531,41.93065],[-73.084296,41.931149],[-73.080422,41.930702],[-73.078033,41.92895],[-73.077177,41.926921],[-73.076923,41.926365],[-73.076609,41.924172],[-73.073262,41.920805],[-73.070671,41.920799],[-73.067191,41.921082],[-73.064684,41.920632],[-73.062788,41.920251],[-73.061029,41.920524],[-73.058953,41.91888],[-73.057686,41.919303],[-73.054807,41.91483],[-73.048768,41.909886],[-73.047883,41.909458],[-73.053534,41.887324],[-73.070885,41.884557],[-73.075143,41.883837],[-73.103606,41.879519],[-73.120205,41.877156],[-73.127149,41.876088],[-73.137005,41.874831],[-73.143349,41.873975],[-73.153163,41.872629],[-73.152822,41.877108],[-73.151532,41.881716],[-73.151595,41.88556],[-73.153279,41.885691],[-73.153186,41.887361],[-73.158153,41.891959],[-73.162427,41.893106],[-73.170664,41.894275],[-73.165005,41.913246]]]}},{"type":"Feature","properties":{"GEOID":"09140362102","STATEFP":"09","COUNTYFP":"140","TRACTCE":"362102","NAMELSAD":"Census Tract 3621.02","NAMELSADCO":"Naugatuck Valley Planning Region","STATE_NAME":"Connecticut"},"geometry":{"type":"Polygon","coordinates":[[[-73.267336,41.603199],[-73.253509,41.604532],[-73.210932,41.608248],[-73.195549,41.609639],[-73.188469,41.610142],[-73.179619,41.611091],[-73.157756,41.612696],[-73.154473,41.599805],[-73.149121,41.575354],[-73.148378,41.572166],[-73.148299,41.568775],[-73.147273,41.567295],[-73.145036,41.557822],[-73.164676,41.557088],[-73.162523,41.547083],[-73.166647,41.54907],[-73.167465,41.548841],[-73.170103,41.549835],[-73.172667,41.549984],[-73.17506,41.54852],[-73.177919,41.548356],[-73.183672,41.549207],[-73.186432,41.548385],[-73.189824,41.54927],[-73.191547,41.550028],[-73.194394,41.551427],[-73.197432,41.551983],[-73.199228,41.551402],[-73.201768,41.5495],[-73.205204,41.550581],[-73.202753,41.553957],[-73.200654,41.555689],[-73.203113,41.556566],[-73.207749,41.55777],[-73.210177,41.559463],[-73.21202,41.557722],[-73.213094,41.554338],[-73.215206,41.552346],[-73.215351,41.549903],[-73.216371,41.549042],[-73.218658,41.550098],[-73.222531,41.54996],[-73.223157,41.547935],[-73.227473,41.541759],[-73.222792,41.541372],[-73.223566,41.538324],[-73.223748,41.534645],[-73.230043,41.52529],[-73.23192,41.523529],[-73.234902,41.523316],[-73.238621,41.521149],[-73.240809,41.516632],[-73.242247,41.512952],[-73.249559,41.512498],[-73.252265,41.512134],[-73.25401,41.518902],[-73.258027,41.536936],[-73.260904,41.557223],[-73.261198,41.562607],[-73.266536,41.597215],[-73.267336,41.603199]]]}},{"type":"Feature","properties":{"GEOID":"09190250100","STATEFP":"09","COUNTYFP":"190","TRACTCE":"250100","NAMELSAD":"Census Tract 2501","NAMELSADCO":"Western Connecticut Planning Region","STATE_NAME":"Connecticut"},"geometry":{"type":"Polygon","coordinates":[[[-73.404738,41.53702],[-73.403545,41.540576],[-73.402697,41.541355],[-73.401163,41.542284],[-73.399464,41.544024],[-73.39576,41.543851],[-73.393954,41.544794],[-73.391747,41.545011],[-73.390664,41.546846],[-73.38902,41.546904],[-73.388968,41.547876],[-73.390779,41.549672],[-73.390315,41.55429],[-73.391171,41.556025],[-73.379074,41.562143],[-73.372047,41.565105],[-73.364635,41.564886],[-73.349432,41.565681],[-73.343067,41.565855],[-73.341216,41.550681],[-73.341043,41.549572],[-73.339248,41.544512],[-73.338674,41.541081],[-73.336439,41.533782],[-73.33475,41.522375],[-73.332987,41.513494],[-73.332457,41.511806],[-73.330311,41.504409],[-73.318889,41.505189],[-73.320519,41.503981],[-73.321197,41.500727],[-73.323114,41.497903],[-73.325508,41.495306],[-73.326842,41.492703],[-73.324874,41.489567],[-73.326842,41.485967],[-73.32705,41.484879],[-73.326458,41.483839],[-73.322666,41.480767],[-73.320906,41.477007],[-73.312777,41.469935],[-73.310473,41.468815],[-73.312873,41.467415],[-73.326774,41.469515],[-73.331656,41.472729],[-73.336662,41.475695],[-73.340062,41.476695],[-73.347663,41.478095],[-73.35065,41.479791],[-73.358862,41.482094],[-73.364103,41.485282],[-73.375263,41.489194],[-73.376764,41.498994],[-73.378964,41.501894],[-73.381964,41.503594],[-73.387064,41.505194],[-73.388564,41.506494],[-73.387464,41.509094],[-73.384964,41.510994],[-73.385064,41.512494],[-73.386964,41.514794],[-73.393921,41.516873],[-73.397412,41.518274],[-73.39978,41.5201],[-73.402599,41.525106],[-73.40452,41.531214],[-73.404638,41.534346],[-73.404738,41.53702]]]}},{"type":"Feature","properties":{"GEOID":"09160263200","STATEFP":"09","COUNTYFP":"160","TRACTCE":"263200","NAMELSAD":"Census Tract 2632","NAMELSADCO":"Northwest Hills Planning Region","STATE_NAME":"Connecticut"},"geometry":{"type":"Polygon","coordinates":[[[-73.414837,41.781449],[-73.41164,41.786587],[-73.410129,41.788286],[-73.407694,41.792162],[-73.403426,41.79539],[-73.399581,41.798766],[-73.394873,41.80505],[-73.391979,41.807332],[-73.389992,41.807062],[-73.388703,41.807195],[-73.386447,41.808242],[-73.381117,41.812139],[-73.377661,41.813512],[-73.373958,41.81682],[-73.372943,41.819811],[-73.371609,41.821535],[-73.371895,41.82282],[-73.373868,41.825066],[-73.376729,41.824844],[-73.378637,41.825652],[-73.382949,41.828976],[-73.383932,41.830102],[-73.384116,41.830979],[-73.382273,41.833815],[-73.378628,41.836649],[-73.377606,41.839555],[-73.374181,41.845531],[-73.374038,41.848027],[-73.37575,41.850308],[-73.375571,41.851501],[-73.374302,41.85258],[-73.373738,41.85426],[-73.374389,41.857022],[-73.374327,41.859839],[-73.373307,41.861681],[-73.37115,41.864196],[-73.369455,41.865301],[-73.36905,41.867555],[-73.368291,41.868375],[-73.363684,41.869193],[-73.363831,41.871597],[-73.365421,41.875],[-73.36512,41.879443],[-73.365816,41.881941],[-73.365384,41.884276],[-73.362951,41.885401],[-73.360457,41.885853],[-73.358409,41.887052],[-73.357791,41.88818],[-73.358719,41.891903],[-73.358671,41.894407],[-73.359189,41.895991],[-73.360651,41.897055],[-73.361066,41.899032],[-73.359692,41.902398],[-73.360586,41.906283],[-73.361271,41.911673],[-73.360868,41.914658],[-73.361104,41.91756],[-73.361779,41.918351],[-73.354987,41.918192],[-73.342587,41.918307],[-73.341093,41.91821],[-73.273621,41.916405],[-73.263041,41.916185],[-73.267117,41.901343],[-73.268206,41.898133],[-73.28303,41.844607],[-73.29493,41.801324],[-73.300258,41.781922],[-73.301367,41.779004],[-73.354645,41.780252],[-73.386921,41.781011],[-73.405949,41.781301],[-73.412443,41.781421],[-73.414837,41.781449]]]}},{"type":"Feature","properties":{"GEOID":"09160298400","STATEFP":"09","COUNTYFP":"160","TRACTCE":"298400","NAMELSAD":"Census Tract 2984","NAMELSADCO":"Northwest Hills Planning Region","STATE_NAME":"Connecticut"},"geometry":{"type":"Polygon","coordinates":[[[-73.116985,41.758547],[-73.116142,41.76069],[-73.117066,41.763493],[-73.114392,41.762234],[-73.110787,41.762714],[-73.107393,41.764758],[-73.09735,41.765514],[-73.091855,41.767076],[-73.089463,41.767825],[-73.085791,41.767199],[-73.077639,41.768793],[-73.069371,41.769758],[-73.067681,41.770242],[-73.061066,41.770778],[-73.060311,41.771108],[-73.059876,41.771569],[-73.048129,41.773246],[-73.051005,41.786962],[-73.050891,41.788237],[-73.05179,41.79123],[-73.050735,41.796372],[-73.04961,41.797437],[-73.04764,41.798216],[-73.029928,41.798098],[-73.025205,41.79823],[-73.016936,41.798183],[-73.012711,41.777117],[-73.012425,41.77526],[-73.009057,41.761428],[-73.003293,41.736434],[-72.99895,41.714398],[-73.036879,41.710195],[-73.055262,41.70816],[-73.062917,41.707578],[-73.068402,41.707093],[-73.070455,41.709884],[-73.071891,41.710967],[-73.078773,41.714672],[-73.082062,41.717164],[-73.087506,41.717563],[-73.088658,41.718076],[-73.089164,41.719514],[-73.092183,41.721981],[-73.094132,41.725253],[-73.09765,41.729785],[-73.098997,41.73065],[-73.101573,41.730837],[-73.105078,41.734659],[-73.10523,41.736029],[-73.109298,41.738708],[-73.110783,41.738985],[-73.111305,41.739057],[-73.114227,41.740455],[-73.115571,41.741927],[-73.11536,41.74503],[-73.113995,41.747691],[-73.112879,41.748295],[-73.112102,41.750712],[-73.114066,41.753793],[-73.117112,41.756446],[-73.116985,41.758547]]]}},{"type":"Feature","properties":{"GEOID":"09160300400","STATEFP":"09","COUNTYFP":"160","TRACTCE":"300400","NAMELSAD":"Census Tract 3004","NAMELSADCO":"Northwest Hills Planning Region","STATE_NAME":"Connecticut"},"geometry":{"type":"Polygon","coordinates":[[[-73.224604,41.788142],[-73.210526,41.789294],[-73.201836,41.790014],[-73.200427,41.790165],[-73.193997,41.790786],[-73.167775,41.793518],[-73.163181,41.793993],[-73.158592,41.784762],[-73.154138,41.783705],[-73.124554,41.776835],[-73.122119,41.776592],[-73.119771,41.775642],[-73.120389,41.774097],[-73.116191,41.76981],[-73.116387,41.764704],[-73.117066,41.763493],[-73.118885,41.764707],[-73.126505,41.7662],[-73.129821,41.765788],[-73.134762,41.761946],[-73.13661,41.761556],[-73.141826,41.76142],[-73.145149,41.761651],[-73.154068,41.761311],[-73.156079,41.760738],[-73.157532,41.759701],[-73.158193,41.757937],[-73.15726,41.75359],[-73.158289,41.751965],[-73.161057,41.749938],[-73.163088,41.746797],[-73.164563,41.745596],[-73.168448,41.74412],[-73.171202,41.744257],[-73.177013,41.746643],[-73.179486,41.747219],[-73.182619,41.747691],[-73.187623,41.747097],[-73.191561,41.746699],[-73.192635,41.746853],[-73.197556,41.746319],[-73.204807,41.745112],[-73.205333,41.745153],[-73.207024,41.748483],[-73.208146,41.751573],[-73.212542,41.756551],[-73.213987,41.7598],[-73.21646,41.766394],[-73.219213,41.771331],[-73.218959,41.776159],[-73.21964,41.780387],[-73.224604,41.788142]]]}},{"type":"Feature","properties":{"GEOID":"09160300500","STATEFP":"09","COUNTYFP":"160","TRACTCE":"300500","NAMELSAD":"Census Tract 3005","NAMELSADCO":"Northwest Hills Planning Region","STATE_NAME":"Connecticut"},"geometry":{"type":"Polygon","coordinates":[[[-73.223016,41.71368],[-73.222036,41.716258],[-73.222448,41.718017],[-73.221801,41.719354],[-73.219411,41.719791],[-73.21997,41.722132],[-73.22145,41.723537],[-73.220461,41.724954],[-73.221121,41.725861],[-73.220206,41.727121],[-73.21963,41.728707],[-73.21749,41.730678],[-73.215609,41.733804],[-73.215794,41.739557],[-73.214404,41.740969],[-73.211909,41.741808],[-73.208424,41.744574],[-73.205333,41.745153],[-73.204807,41.745112],[-73.197556,41.746319],[-73.192635,41.746853],[-73.191561,41.746699],[-73.187623,41.747097],[-73.182619,41.747691],[-73.179486,41.747219],[-73.177013,41.746643],[-73.171202,41.744257],[-73.168448,41.74412],[-73.164563,41.745596],[-73.163088,41.746797],[-73.161057,41.749938],[-73.158289,41.751965],[-73.15726,41.75359],[-73.158193,41.757937],[-73.157532,41.759701],[-73.156079,41.760738],[-73.154068,41.761311],[-73.145149,41.761651],[-73.141826,41.76142],[-73.13661,41.761556],[-73.134762,41.761946],[-73.129821,41.765788],[-73.126505,41.7662],[-73.118885,41.764707],[-73.117066,41.763493],[-73.116142,41.76069],[-73.116985,41.758547],[-73.117112,41.756446],[-73.114066,41.753793],[-73.112102,41.750712],[-73.112879,41.748295],[-73.113995,41.747691],[-73.11536,41.74503],[-73.115571,41.741927],[-73.114227,41.740455],[-73.111305,41.739057],[-73.110783,41.738985],[-73.109298,41.738708],[-73.10523,41.736029],[-73.105078,41.734659],[-73.101573,41.730837],[-73.098997,41.73065],[-73.09765,41.729785],[-73.094132,41.725253],[-73.092183,41.721981],[-73.089164,41.719514],[-73.088658,41.718076],[-73.087506,41.717563],[-73.082062,41.717164],[-73.078773,41.714672],[-73.071891,41.710967],[-73.070455,41.709884],[-73.068402,41.707093],[-73.076701,41.703024],[-73.083702,41.699271],[-73.086845,41.698091],[-73.099265,41.692685],[-73.105985,41.689372],[-73.115318,41.684919],[-73.117748,41.684009],[-73.121726,41.681871],[-73.134716,41.675557],[-73.138736,41.674102],[-73.141354,41.672749],[-73.142074,41.674809],[-73.152301,41.704108],[-73.154772,41.709846],[-73.155819,41.713399],[-73.1568,41.715857],[-73.166343,41.714897],[-73.173303,41.714119],[-73.182632,41.713494],[-73.189405,41.712579],[-73.200604,41.711611],[-73.216811,41.71082],[-73.222342,41.710576],[-73.223016,41.71368]]]}},{"type":"Feature","properties":{"GEOID":"09190253200","STATEFP":"09","COUNTYFP":"190","TRACTCE":"253200","NAMELSAD":"Census Tract 2532","NAMELSADCO":"Western Connecticut Planning Region","STATE_NAME":"Connecticut"},"geometry":{"type":"Polygon","coordinates":[[[-73.409169,41.576764],[-73.406398,41.573819],[-73.405156,41.574555],[-73.403085,41.576251],[-73.4029,41.576679],[-73.402279,41.582933],[-73.399465,41.591103],[-73.397694,41.593255],[-73.397096,41.597905],[-73.399161,41.597764],[-73.404245,41.597257],[-73.405088,41.597221],[-73.403898,41.59969],[-73.403257,41.601808],[-73.40227,41.603366],[-73.401365,41.603623],[-73.400478,41.60384],[-73.395393,41.606779],[-73.391997,41.607517],[-73.390587,41.608768],[-73.388702,41.611612],[-73.386373,41.613738],[-73.383701,41.617346],[-73.380907,41.618103],[-73.37743,41.619532],[-73.373999,41.62162],[-73.37147,41.624244],[-73.36928,41.625488],[-73.365178,41.629524],[-73.35694,41.63383],[-73.356407,41.629975],[-73.348935,41.596522],[-73.348619,41.595183],[-73.343067,41.565855],[-73.349432,41.565681],[-73.364635,41.564886],[-73.372047,41.565105],[-73.379074,41.562143],[-73.391171,41.556025],[-73.390315,41.55429],[-73.390779,41.549672],[-73.388968,41.547876],[-73.38902,41.546904],[-73.390664,41.546846],[-73.391747,41.545011],[-73.393954,41.544794],[-73.39576,41.543851],[-73.399464,41.544024],[-73.401163,41.542284],[-73.402697,41.541355],[-73.403545,41.540576],[-73.404753,41.5405],[-73.407304,41.544555],[-73.407291,41.547753],[-73.406236,41.54988],[-73.406972,41.553766],[-73.406667,41.557801],[-73.405266,41.562111],[-73.407629,41.5642],[-73.407544,41.565791],[-73.407729,41.568434],[-73.41245,41.576185],[-73.409169,41.576764]]]}},{"type":"Feature","properties":{"GEOID":"09140425300","STATEFP":"09","COUNTYFP":"140","TRACTCE":"425300","NAMELSAD":"Census Tract 4253","NAMELSADCO":"Naugatuck Valley Planning Region","STATE_NAME":"Connecticut"},"geometry":{"type":"Polygon","coordinates":[[[-73.060787,41.674301],[-73.058967,41.682696],[-73.055724,41.702891],[-73.055262,41.70816],[-73.036879,41.710195],[-72.99895,41.714398],[-72.99855,41.712498],[-72.99585,41.699597],[-72.99354,41.690123],[-72.997783,41.69319],[-72.998393,41.692639],[-73.004777,41.691993],[-73.004153,41.690619],[-73.001801,41.689631],[-73.004751,41.686491],[-73.005954,41.682427],[-73.01066,41.678359],[-73.011158,41.678431],[-73.017191,41.680349],[-73.019664,41.679805],[-73.02324,41.678836],[-73.024965,41.678658],[-73.025013,41.678654],[-73.029104,41.677499],[-73.032566,41.676991],[-73.035716,41.675177],[-73.043561,41.673917],[-73.04878,41.671515],[-73.053065,41.671941],[-73.057783,41.671867],[-73.060312,41.673244],[-73.060787,41.674301]]]}},{"type":"Feature","properties":{"GEOID":"09160261100","STATEFP":"09","COUNTYFP":"160","TRACTCE":"261100","NAMELSAD":"Census Tract 2611","NAMELSADCO":"Northwest Hills Planning Region","STATE_NAME":"Connecticut"},"geometry":{"type":"Polygon","coordinates":[[[-73.496527,41.92238],[-73.4934845021214,41.953339471656],[-73.492975,41.958524],[-73.489615,42.000092],[-73.4882238286054,42.0300472272559],[-73.487314,42.049638],[-73.4367542184717,42.0505183572836],[-73.432812,42.050587],[-73.4261681710053,42.0504140296269],[-73.3405304264512,42.0481844730512],[-73.340367,42.044516],[-73.342877,42.042687],[-73.344892,42.037461],[-73.347777,42.033936],[-73.350632,42.030159],[-73.352427,42.028687],[-73.353249,42.023906],[-73.352166,42.023055],[-73.352342,42.021117],[-73.350963,42.018395],[-73.35111,42.016435],[-73.356614,42.013815],[-73.358114,42.012525],[-73.359216,42.008956],[-73.358714,42.007019],[-73.357395,42.004862],[-73.357357,42.002577],[-73.358622,42.001469],[-73.363236,42.001176],[-73.363976,41.998988],[-73.364956,41.998427],[-73.36537,42.000483],[-73.36886,41.998788],[-73.365073,41.998315],[-73.367476,41.994755],[-73.366737,41.992456],[-73.367997,41.987469],[-73.366256,41.984592],[-73.367074,41.982152],[-73.369987,41.983428],[-73.372424,41.982158],[-73.372982,41.980564],[-73.371636,41.976512],[-73.368451,41.973506],[-73.367135,41.971162],[-73.367249,41.968618],[-73.367854,41.966359],[-73.372907,41.961807],[-73.372942,41.959921],[-73.369761,41.957321],[-73.369917,41.955197],[-73.369786,41.953973],[-73.369999,41.952757],[-73.369631,41.950609],[-73.367158,41.948336],[-73.36627,41.946283],[-73.366458,41.943213],[-73.365184,41.942012],[-73.363336,41.941406],[-73.36467,41.94022],[-73.366414,41.937624],[-73.365681,41.935318],[-73.361801,41.93442],[-73.361519,41.930482],[-73.358241,41.928116],[-73.356679,41.9261],[-73.35743,41.92465],[-73.362072,41.922235],[-73.36252,41.91925],[-73.361779,41.918351],[-73.390807,41.918871],[-73.403781,41.919369],[-73.4965646487039,41.921747111939],[-73.496527,41.92238]]]}},{"type":"Feature","properties":{"GEOID":"09160310100","STATEFP":"09","COUNTYFP":"160","TRACTCE":"310100","NAMELSAD":"Census Tract 3101","NAMELSADCO":"Northwest Hills Planning Region","STATE_NAME":"Connecticut"},"geometry":{"type":"Polygon","coordinates":[[[-73.122101,41.819375],[-73.119618,41.821587],[-73.109546,41.828533],[-73.10681,41.830593],[-73.10582,41.831776],[-73.104902,41.830795],[-73.101994,41.824578],[-73.101424,41.82404],[-73.100415,41.823528],[-73.093788,41.821944],[-73.091502,41.821765],[-73.091943,41.820212],[-73.096044,41.819503],[-73.103098,41.817775],[-73.10641,41.815046],[-73.106655,41.809669],[-73.108543,41.808426],[-73.110192,41.807658],[-73.111246,41.807133],[-73.112106,41.806711],[-73.113176,41.806133],[-73.114098,41.805564],[-73.114206,41.806484],[-73.11727,41.806451],[-73.120222,41.80624],[-73.12124,41.806014],[-73.121503,41.810523],[-73.121272,41.812147],[-73.121643,41.815539],[-73.121962,41.818868],[-73.122101,41.819375]]]}},{"type":"Feature","properties":{"GEOID":"09180716101","STATEFP":"09","COUNTYFP":"180","TRACTCE":"716101","NAMELSAD":"Census Tract 7161.01","NAMELSADCO":"Southeastern Connecticut Planning Region","STATE_NAME":"Connecticut"},"geometry":{"type":"Polygon","coordinates":[[[-72.281281,41.411197],[-72.281005,41.412865],[-72.279271,41.411574],[-72.278024,41.409705],[-72.272479,41.407951],[-72.270575,41.404128],[-72.268598,41.403513],[-72.267768,41.402258],[-72.264252,41.398998],[-72.2582,41.389964],[-72.257593,41.388012],[-72.253955,41.384359],[-72.252379,41.381669],[-72.24931,41.378379],[-72.248767,41.37722],[-72.249117,41.374961],[-72.247643,41.371978],[-72.248234,41.367457],[-72.250269,41.365976],[-72.251797,41.361493],[-72.249437,41.358696],[-72.246075,41.359196],[-72.244063,41.354808],[-72.240393,41.353104],[-72.239279,41.350101],[-72.234765,41.350318],[-72.232139,41.348786],[-72.230053,41.345394],[-72.228708,41.344791],[-72.223596,41.348897],[-72.214256,41.356933],[-72.212736,41.356874],[-72.212684,41.354378],[-72.211176,41.351099],[-72.211787,41.349615],[-72.211263,41.344594],[-72.209028,41.340138],[-72.208895,41.33844],[-72.206962,41.335161],[-72.205505,41.326996],[-72.204668,41.324954],[-72.205345,41.323421],[-72.206618,41.323047],[-72.206047,41.321956],[-72.208965,41.321474],[-72.212074,41.320172],[-72.217798,41.320259],[-72.22157,41.317899],[-72.230293,41.319166],[-72.23607,41.318943],[-72.239184,41.317768],[-72.245604,41.316503],[-72.249265,41.315181],[-72.251578,41.313798],[-72.254139,41.309787],[-72.254816,41.310309],[-72.254739,41.312529],[-72.25603,41.315592],[-72.258045,41.32284],[-72.257961,41.32362],[-72.25721,41.324242],[-72.256402,41.3259],[-72.259312,41.329686],[-72.261332,41.333998],[-72.265093,41.339274],[-72.266311,41.342211],[-72.270718,41.350446],[-72.274504,41.356092],[-72.276725,41.366297],[-72.27794,41.375284],[-72.277906,41.376308],[-72.279247,41.388206],[-72.280032,41.39168],[-72.282154,41.405899],[-72.281281,41.411197]]]}},{"type":"Feature","properties":{"GEOID":"09180712100","STATEFP":"09","COUNTYFP":"180","TRACTCE":"712100","NAMELSAD":"Census Tract 7121","NAMELSADCO":"Southeastern Connecticut Planning Region","STATE_NAME":"Connecticut"},"geometry":{"type":"Polygon","coordinates":[[[-72.192209,41.593771],[-72.189664,41.597429],[-72.187659,41.601983],[-72.181742,41.612845],[-72.169285,41.636299],[-72.163153,41.647912],[-72.161804,41.649952],[-72.157546,41.657627],[-72.157472,41.657798],[-72.15501,41.662666],[-72.151747,41.667516],[-72.146717,41.667169],[-72.119957,41.663301],[-72.119773,41.661834],[-72.118194,41.653637],[-72.113398,41.635003],[-72.111312,41.628736],[-72.108833,41.619046],[-72.108529,41.617885],[-72.107559,41.614355],[-72.104121,41.600798],[-72.118743,41.574378],[-72.123349,41.566855],[-72.125195,41.563345],[-72.126088,41.564012],[-72.134981,41.569529],[-72.135844,41.573514],[-72.13871,41.57641],[-72.194024,41.590399],[-72.192209,41.593771]]]}},{"type":"Feature","properties":{"GEOID":"09180709200","STATEFP":"09","COUNTYFP":"180","TRACTCE":"709200","NAMELSAD":"Census Tract 7092","NAMELSADCO":"Southeastern Connecticut Planning Region","STATE_NAME":"Connecticut"},"geometry":{"type":"Polygon","coordinates":[[[-71.991549,41.60553],[-71.986347,41.609304],[-71.984406,41.610104],[-71.982712,41.616474],[-71.982868,41.616929],[-71.982531,41.619463],[-71.979133,41.623692],[-71.978569,41.626212],[-71.979223,41.627758],[-71.979012,41.631441],[-71.976311,41.635635],[-71.975253,41.638117],[-71.954983,41.634799],[-71.951936,41.634328],[-71.936549,41.635883],[-71.938501,41.630869],[-71.944078,41.6214],[-71.945806,41.614096],[-71.94726,41.609279],[-71.948331,41.607715],[-71.950724,41.605555],[-71.964507,41.596982],[-71.971425,41.592645],[-71.974676,41.591158],[-71.977505,41.590505],[-71.986807,41.589485],[-71.984792,41.592317],[-71.984576,41.597681],[-71.984943,41.599111],[-71.987182,41.602091],[-71.988229,41.603534],[-71.9916,41.604782],[-71.991549,41.60553]]]}},{"type":"Feature","properties":{"GEOID":"09180702900","STATEFP":"09","COUNTYFP":"180","TRACTCE":"702900","NAMELSAD":"Census Tract 7029","NAMELSADCO":"Southeastern Connecticut Planning Region","STATE_NAME":"Connecticut"},"geometry":{"type":"Polygon","coordinates":[[[-72.054531,41.316523],[-72.054719,41.319498],[-72.049476,41.320173],[-72.043838,41.321282],[-72.040979,41.32368],[-72.035227,41.329819],[-72.035493,41.334599],[-72.035995,41.33622],[-72.035196,41.338787],[-72.035663,41.341203],[-72.030087,41.338973],[-72.007679,41.325312],[-72.006117,41.324538],[-72.002365,41.32341],[-72.003934,41.327828],[-72.003543,41.331896],[-72.002268,41.333617],[-72.003102,41.336422],[-72.00336,41.339486],[-72.002558,41.341712],[-72.002157,41.343017],[-71.999384,41.344937],[-71.996801,41.343243],[-71.993395,41.34009],[-71.992636,41.337737],[-71.988552,41.33276],[-71.98504,41.331038],[-71.979917,41.330398],[-71.9802752216186,41.3299490109487],[-71.982194,41.329861],[-71.988153,41.320577],[-71.9891974133674,41.3160030895106],[-71.989231,41.315856],[-71.9894197815126,41.3160106218487],[-71.993724,41.319536],[-72.0001008130767,41.3183448179197],[-72.000678,41.318237],[-72.0036509005825,41.3105467420542],[-72.005143,41.306687],[-72.0056918504038,41.3067203454328],[-72.0102887045407,41.3069996275278],[-72.010838,41.307033],[-72.0115673936891,41.3076796279495],[-72.021898,41.316838],[-72.027497,41.316034],[-72.030262,41.312121],[-72.035341,41.312821],[-72.036447,41.31587],[-72.041527,41.318488],[-72.049123,41.319127],[-72.0547506764111,41.3133260914975],[-72.054531,41.316523]]]}},{"type":"Feature","properties":{"GEOID":"09180702500","STATEFP":"09","COUNTYFP":"180","TRACTCE":"702500","NAMELSAD":"Census Tract 7025","NAMELSADCO":"Southeastern Connecticut Planning Region","STATE_NAME":"Connecticut"},"geometry":{"type":"Polygon","coordinates":[[[-72.08592,41.349498],[-72.08612,41.352598],[-72.082862,41.352531],[-72.078255,41.347781],[-72.075912,41.347367],[-72.074039,41.347045],[-72.069275,41.34526],[-72.064431,41.343877],[-72.060396,41.341017],[-72.060606,41.339771],[-72.060337,41.339232],[-72.059661,41.335629],[-72.058146,41.330521],[-72.056797,41.329593],[-72.060416,41.328562],[-72.064712,41.328679],[-72.068887,41.330599],[-72.072751,41.333418],[-72.076441,41.334645],[-72.076263,41.336796],[-72.077403,41.338689],[-72.078388,41.339701],[-72.079793,41.339145],[-72.08532,41.339198],[-72.08562,41.340598],[-72.08672,41.348098],[-72.08592,41.349498]]]}},{"type":"Feature","properties":{"GEOID":"09180703000","STATEFP":"09","COUNTYFP":"180","TRACTCE":"703000","NAMELSAD":"Census Tract 7030","NAMELSADCO":"Southeastern Connecticut Planning Region","STATE_NAME":"Connecticut"},"geometry":{"type":"Polygon","coordinates":[[[-71.997553,41.345328],[-71.993417,41.353326],[-71.991131,41.353674],[-71.990389,41.354215],[-71.990682,41.356361],[-71.98831,41.357794],[-71.986419,41.35996],[-71.985569,41.363824],[-71.986475,41.365879],[-71.986315,41.367541],[-71.987046,41.368709],[-71.985713,41.369272],[-71.987404,41.371118],[-71.9871,41.372],[-71.981687,41.371443],[-71.976191,41.370883],[-71.973154,41.370987],[-71.966027,41.372995],[-71.967324,41.369736],[-71.966921,41.365666],[-71.967632,41.361792],[-71.967074,41.358061],[-71.968733,41.354726],[-71.971121,41.351366],[-71.970187,41.348993],[-71.969133,41.34519],[-71.973259,41.340319],[-71.975059,41.33715],[-71.976117,41.332998],[-71.979917,41.330398],[-71.98504,41.331038],[-71.988552,41.33276],[-71.992636,41.337737],[-71.993395,41.34009],[-71.996801,41.343243],[-71.999384,41.344937],[-71.997553,41.345328]]]}},{"type":"Feature","properties":{"GEOID":"09180701200","STATEFP":"09","COUNTYFP":"180","TRACTCE":"701200","NAMELSAD":"Census Tract 7012","NAMELSADCO":"Southeastern Connecticut Planning Region","STATE_NAME":"Connecticut"},"geometry":{"type":"Polygon","coordinates":[[[-72.096521,41.430198],[-72.094721,41.432898],[-72.092421,41.436698],[-72.090994,41.437442],[-72.087921,41.439398],[-72.085521,41.445098],[-72.082821,41.448898],[-72.076421,41.453898],[-72.073621,41.456298],[-72.071744,41.458736],[-72.070821,41.460298],[-72.070021,41.463598],[-72.069221,41.463798],[-72.066348,41.465269],[-72.064915,41.465696],[-72.060282,41.471482],[-72.058092,41.473586],[-72.058711,41.478294],[-72.058417,41.479896],[-72.05507,41.483645],[-72.050076,41.484942],[-72.046728,41.485223],[-72.042005,41.484557],[-72.041751,41.483179],[-72.043352,41.478412],[-72.044299,41.471826],[-72.043233,41.468721],[-72.042665,41.464752],[-72.043793,41.463047],[-72.044306,41.46103],[-72.045742,41.458327],[-72.045926,41.45638],[-72.04707,41.453638],[-72.04781,41.452251],[-72.048545,41.449708],[-72.05141,41.447208],[-72.052111,41.44225],[-72.050673,41.441883],[-72.046894,41.43962],[-72.042625,41.439218],[-72.04225,41.43927],[-72.040311,41.437545],[-72.039312,41.436072],[-72.034873,41.433582],[-72.0303,41.428528],[-72.026943,41.423834],[-72.029004,41.420965],[-72.034042,41.417087],[-72.032614,41.413138],[-72.033023,41.408837],[-72.035569,41.405404],[-72.037219,41.400017],[-72.036985,41.399442],[-72.045632,41.399493],[-72.061075,41.399901],[-72.080491,41.400186],[-72.079885,41.403221],[-72.07734,41.40561],[-72.080101,41.408323],[-72.08295,41.409017],[-72.086154,41.408497],[-72.086436,41.409491],[-72.089215,41.409081],[-72.092996,41.406878],[-72.092353,41.410381],[-72.095021,41.411598],[-72.093921,41.413898],[-72.093021,41.415798],[-72.095621,41.425298],[-72.096521,41.430198]]]}},{"type":"Feature","properties":{"GEOID":"09180710100","STATEFP":"09","COUNTYFP":"180","TRACTCE":"710100","NAMELSAD":"Census Tract 7101","NAMELSADCO":"Southeastern Connecticut Planning Region","STATE_NAME":"Connecticut"},"geometry":{"type":"Polygon","coordinates":[[[-72.047864,41.594823],[-72.047045,41.595171],[-72.043593,41.600929],[-72.040226,41.604607],[-72.037933,41.606443],[-72.03563,41.610655],[-72.036374,41.615333],[-72.037098,41.615986],[-72.037777,41.618806],[-72.039929,41.622383],[-72.040383,41.623993],[-72.04062,41.628373],[-72.039032,41.629919],[-72.032484,41.634785],[-72.032581,41.63638],[-72.031896,41.639524],[-72.031959,41.642044],[-72.030778,41.643661],[-72.030583,41.645373],[-72.031216,41.647242],[-72.01492,41.644588],[-71.991753,41.640801],[-71.975253,41.638117],[-71.976311,41.635635],[-71.979012,41.631441],[-71.979223,41.627758],[-71.978569,41.626212],[-71.979133,41.623692],[-71.982531,41.619463],[-71.982868,41.616929],[-71.982712,41.616474],[-71.984406,41.610104],[-71.986347,41.609304],[-71.991549,41.60553],[-71.9916,41.604782],[-71.988229,41.603534],[-71.987182,41.602091],[-71.984943,41.599111],[-71.984576,41.597681],[-71.984792,41.592317],[-71.986807,41.589485],[-71.987017,41.588255],[-71.984614,41.585945],[-71.984503,41.585048],[-71.985917,41.583032],[-71.988362,41.5808],[-71.989013,41.579597],[-71.989654,41.575984],[-71.988271,41.573074],[-71.988036,41.571322],[-71.988872,41.568636],[-71.989233,41.565641],[-71.991149,41.564907],[-71.993055,41.566418],[-72.000038,41.565654],[-72.00332,41.566601],[-72.007027,41.568687],[-72.01072,41.569398],[-72.011941,41.567916],[-72.012685,41.564742],[-72.015777,41.557301],[-72.019159,41.553963],[-72.022691,41.553427],[-72.026781,41.55494],[-72.029543,41.555276],[-72.032132,41.554944],[-72.035222,41.553712],[-72.036842,41.553938],[-72.041414,41.555584],[-72.04612,41.555998],[-72.045045,41.558075],[-72.043939,41.55963],[-72.043208,41.561089],[-72.043399,41.56296],[-72.044569,41.566285],[-72.045841,41.569557],[-72.045326,41.573023],[-72.041184,41.58043],[-72.042985,41.581925],[-72.045921,41.585229],[-72.047516,41.594091],[-72.047864,41.594823]]]}},{"type":"Feature","properties":{"GEOID":"09180695201","STATEFP":"09","COUNTYFP":"180","TRACTCE":"695201","NAMELSAD":"Census Tract 6952.01","NAMELSADCO":"Southeastern Connecticut Planning Region","STATE_NAME":"Connecticut"},"geometry":{"type":"Polygon","coordinates":[[[-72.203815,41.457818],[-72.202578,41.463043],[-72.197607,41.463861],[-72.191305,41.461945],[-72.185592,41.462157],[-72.182108,41.462735],[-72.174481,41.461972],[-72.172368,41.462085],[-72.169172,41.461565],[-72.168487,41.461963],[-72.166853,41.462158],[-72.165504,41.462013],[-72.164219,41.459466],[-72.159776,41.462405],[-72.157443,41.463472],[-72.15877,41.46556],[-72.156866,41.467035],[-72.156843,41.471694],[-72.153798,41.473416],[-72.151226,41.479021],[-72.158361,41.481899],[-72.159765,41.482696],[-72.158705,41.484331],[-72.156079,41.486287],[-72.154859,41.488447],[-72.154795,41.490309],[-72.156532,41.492747],[-72.158395,41.497211],[-72.157607,41.497968],[-72.155741,41.497735],[-72.155454,41.498569],[-72.156897,41.500877],[-72.158718,41.50286],[-72.163277,41.504471],[-72.164642,41.506161],[-72.163292,41.506798],[-72.158275,41.507513],[-72.153551,41.50733],[-72.144049,41.50497],[-72.142451,41.50418],[-72.136129,41.504852],[-72.135416,41.504006],[-72.133591,41.502815],[-72.129518,41.503285],[-72.125416,41.502866],[-72.121893,41.501905],[-72.121076,41.502723],[-72.118295,41.502478],[-72.115426,41.500872],[-72.115557,41.498196],[-72.114281,41.489748],[-72.115017,41.487252],[-72.115951,41.483044],[-72.116554,41.470791],[-72.115128,41.462532],[-72.115022,41.460752],[-72.117631,41.448245],[-72.117522,41.444839],[-72.117281,41.442428],[-72.11728,41.44143],[-72.117546,41.439993],[-72.118485,41.437873],[-72.120487,41.433641],[-72.121723,41.430902],[-72.123003,41.428979],[-72.12786,41.424283],[-72.13309,41.423566],[-72.169817,41.418587],[-72.172361,41.423063],[-72.172679,41.426192],[-72.175639,41.428619],[-72.176191,41.430371],[-72.17814,41.431002],[-72.1799,41.432606],[-72.182535,41.433785],[-72.183445,41.435354],[-72.18576,41.436646],[-72.188282,41.439147],[-72.18852,41.44019],[-72.189954,41.440782],[-72.19339,41.444188],[-72.192797,41.445229],[-72.19357,41.447427],[-72.195672,41.449497],[-72.200235,41.452964],[-72.200543,41.453393],[-72.203229,41.456244],[-72.203815,41.457818]]]}},{"type":"Feature","properties":{"GEOID":"09180690900","STATEFP":"09","COUNTYFP":"180","TRACTCE":"690900","NAMELSAD":"Census Tract 6909","NAMELSADCO":"Southeastern Connecticut Planning Region","STATE_NAME":"Connecticut"},"geometry":{"type":"Polygon","coordinates":[[[-72.109017,41.332091],[-72.105606,41.332234],[-72.104141,41.332517],[-72.104102,41.332366],[-72.100401,41.333423],[-72.102361,41.335641],[-72.099932,41.336611],[-72.08562,41.340598],[-72.08532,41.339198],[-72.083631,41.32801],[-72.0820020402424,41.3172242653722],[-72.088478,41.315774],[-72.0913367349466,41.3150024051527],[-72.094443,41.314164],[-72.093097,41.309429],[-72.098438,41.307642],[-72.1011122448683,41.304096793875],[-72.103905,41.305153],[-72.101684,41.306807],[-72.101989,41.309336],[-72.100582,41.313151],[-72.103434,41.317366],[-72.105334,41.320619],[-72.105097,41.321856],[-72.108636,41.32856],[-72.109017,41.332091]]]}},{"type":"Feature","properties":{"GEOID":"09180696100","STATEFP":"09","COUNTYFP":"180","TRACTCE":"696100","NAMELSAD":"Census Tract 6961","NAMELSADCO":"Southeastern Connecticut Planning Region","STATE_NAME":"Connecticut"},"geometry":{"type":"Polygon","coordinates":[[[-72.070297,41.585222],[-72.068024,41.586852],[-72.068799,41.590884],[-72.06828,41.591439],[-72.069055,41.593869],[-72.066709,41.597941],[-72.065159,41.600058],[-72.066555,41.601721],[-72.063302,41.603937],[-72.062227,41.603273],[-72.059619,41.605973],[-72.058074,41.605919],[-72.05534,41.604636],[-72.053909,41.603381],[-72.047864,41.594823],[-72.047516,41.594091],[-72.045921,41.585229],[-72.042985,41.581925],[-72.041184,41.58043],[-72.045326,41.573023],[-72.045841,41.569557],[-72.044569,41.566285],[-72.043399,41.56296],[-72.043208,41.561089],[-72.043939,41.55963],[-72.045045,41.558075],[-72.048148,41.557783],[-72.050615,41.555571],[-72.052325,41.557436],[-72.05685,41.560509],[-72.059048,41.560199],[-72.062922,41.561024],[-72.067422,41.560246],[-72.068971,41.560257],[-72.064865,41.564277],[-72.064568,41.569483],[-72.063873,41.571515],[-72.064772,41.572299],[-72.066504,41.574717],[-72.068743,41.580327],[-72.069253,41.581066],[-72.07111,41.583423],[-72.070297,41.585222]]]}},{"type":"Feature","properties":{"GEOID":"09180696800","STATEFP":"09","COUNTYFP":"180","TRACTCE":"696800","NAMELSAD":"Census Tract 6968","NAMELSADCO":"Southeastern Connecticut Planning Region","STATE_NAME":"Connecticut"},"geometry":{"type":"Polygon","coordinates":[[[-72.085827,41.529384],[-72.07983,41.529787],[-72.078251,41.531517],[-72.077407,41.530622],[-72.073349,41.533018],[-72.071978,41.532082],[-72.069843,41.53153],[-72.069526,41.531085],[-72.065929,41.52693],[-72.062763,41.52814],[-72.061638,41.526114],[-72.067138,41.525455],[-72.069177,41.523849],[-72.072833,41.522386],[-72.075867,41.523322],[-72.078979,41.521288],[-72.079235,41.522878],[-72.080811,41.524314],[-72.085036,41.527379],[-72.085827,41.529384]]]}},{"type":"Feature","properties":{"GEOID":"09180697000","STATEFP":"09","COUNTYFP":"180","TRACTCE":"697000","NAMELSAD":"Census Tract 6970","NAMELSADCO":"Southeastern Connecticut Planning Region","STATE_NAME":"Connecticut"},"geometry":{"type":"Polygon","coordinates":[[[-72.082512,41.506487],[-72.078171,41.513933],[-72.079143,41.518438],[-72.078979,41.521288],[-72.075867,41.523322],[-72.072833,41.522386],[-72.069177,41.523849],[-72.067138,41.525455],[-72.061638,41.526114],[-72.058773,41.528049],[-72.053829,41.531292],[-72.052212,41.534857],[-72.050264,41.541802],[-72.045066,41.540563],[-72.046904,41.535165],[-72.04412,41.532927],[-72.04352,41.532508],[-72.040317,41.531096],[-72.051902,41.517442],[-72.056415,41.513797],[-72.058641,41.512078],[-72.067703,41.517534],[-72.071721,41.497898],[-72.07203,41.494002],[-72.072871,41.491819],[-72.07802,41.490706],[-72.08102,41.492099],[-72.080994,41.495778],[-72.082399,41.498527],[-72.083206,41.503048],[-72.082512,41.506487]]]}},{"type":"Feature","properties":{"GEOID":"09180705200","STATEFP":"09","COUNTYFP":"180","TRACTCE":"705200","NAMELSAD":"Census Tract 7052","NAMELSADCO":"Southeastern Connecticut Planning Region","STATE_NAME":"Connecticut"},"geometry":{"type":"Polygon","coordinates":[[[-71.935964,41.357492],[-71.934856,41.357782],[-71.934055,41.360129],[-71.933997,41.361348],[-71.935256,41.36464],[-71.935412,41.364774],[-71.931302,41.371719],[-71.930186,41.372073],[-71.926633,41.372432],[-71.916761,41.374338],[-71.911,41.37582],[-71.894369,41.383062],[-71.8908,41.384253],[-71.883177,41.386144],[-71.878648,41.387932],[-71.873265,41.391656],[-71.871367,41.390867],[-71.871673,41.389803],[-71.87558,41.386609],[-71.874802,41.382278],[-71.872603,41.379791],[-71.872341,41.379796],[-71.872807,41.377265],[-71.869634,41.371053],[-71.87089,41.367326],[-71.873269,41.362561],[-71.874622,41.362057],[-71.877343,41.360314],[-71.879614,41.357831],[-71.882326,41.351632],[-71.882512,41.350666],[-71.882832,41.349104],[-71.88287,41.3456],[-71.882581,41.34495],[-71.8823774862605,41.3362379310113],[-71.886302,41.33641],[-71.892665,41.33327],[-71.8936573290734,41.3333181458508],[-71.897962,41.333527],[-71.904655,41.327353],[-71.9090940294406,41.3275069485771],[-71.921206,41.327927],[-71.92763,41.33229],[-71.932663,41.333348],[-71.936284,41.337959],[-71.9375554403829,41.3379372845366],[-71.937322,41.338667],[-71.936918,41.342119],[-71.935928,41.347892],[-71.935672,41.351603],[-71.93762,41.354403],[-71.935964,41.357492]]]}},{"type":"Feature","properties":{"GEOID":"09180705101","STATEFP":"09","COUNTYFP":"180","TRACTCE":"705101","NAMELSAD":"Census Tract 7051.01","NAMELSADCO":"Southeastern Connecticut Planning Region","STATE_NAME":"Connecticut"},"geometry":{"type":"Polygon","coordinates":[[[-71.882832,41.349104],[-71.882512,41.350666],[-71.882326,41.351632],[-71.879614,41.357831],[-71.877343,41.360314],[-71.874622,41.362057],[-71.873269,41.362561],[-71.869618,41.363877],[-71.865886,41.365795],[-71.865028,41.366276],[-71.858491,41.370517],[-71.854739,41.372169],[-71.845747,41.375156],[-71.84228,41.376351],[-71.842112,41.376489],[-71.840502,41.376279],[-71.837979,41.376034],[-71.8313139597931,41.3777248226273],[-71.832674,41.375621],[-71.8320765800314,41.3729621714499],[-71.831613,41.370899],[-71.8320107595774,41.3702439986192],[-71.8321077620934,41.3700842619703],[-71.832499,41.36944],[-71.8349469163787,41.3675609118721],[-71.8355881682153,41.3670686692761],[-71.837633,41.365499],[-71.8377133908183,41.3637056148293],[-71.8377317214459,41.3632966890791],[-71.837873,41.360145],[-71.836768,41.355103],[-71.835703,41.353568],[-71.831303,41.351295],[-71.829902,41.346636],[-71.829384,41.342413],[-71.830617723719,41.3412470472827],[-71.836156,41.336013],[-71.844666,41.330585],[-71.847709,41.329604],[-71.851923,41.324664],[-71.857458,41.320789],[-71.860513,41.320248],[-71.85957,41.322399],[-71.868727,41.327815],[-71.877521,41.336025],[-71.8823774862605,41.3362379310113],[-71.882581,41.34495],[-71.88287,41.3456],[-71.882832,41.349104]]]}},{"type":"Feature","properties":{"GEOID":"09180693400","STATEFP":"09","COUNTYFP":"180","TRACTCE":"693400","NAMELSAD":"Census Tract 6934","NAMELSADCO":"Southeastern Connecticut Planning Region","STATE_NAME":"Connecticut"},"geometry":{"type":"Polygon","coordinates":[[[-72.150405,41.368004],[-72.138481,41.369847],[-72.12577,41.371309],[-72.122306,41.370636],[-72.123925,41.369603],[-72.12832,41.365306],[-72.12853,41.357634],[-72.114554,41.344452],[-72.113453,41.343604],[-72.112397,41.341393],[-72.109793,41.334037],[-72.114313,41.334267],[-72.123839,41.33571],[-72.130841,41.336726],[-72.132522,41.336702],[-72.134068,41.33645],[-72.136169,41.335669],[-72.143332,41.33271],[-72.145508,41.330334],[-72.147638,41.325559],[-72.146837,41.335398],[-72.143799,41.338818],[-72.141464,41.338512],[-72.139977,41.340096],[-72.140265,41.340367],[-72.140314,41.340889],[-72.141341,41.340919],[-72.142605,41.344084],[-72.146492,41.345527],[-72.147292,41.346506],[-72.143781,41.350332],[-72.144262,41.351309],[-72.144034,41.351928],[-72.146716,41.359857],[-72.148556,41.363163],[-72.150405,41.368004]]]}},{"type":"Feature","properties":{"GEOID":"09140345400","STATEFP":"09","COUNTYFP":"140","TRACTCE":"345400","NAMELSAD":"Census Tract 3454","NAMELSADCO":"Naugatuck Valley Planning Region","STATE_NAME":"Connecticut"},"geometry":{"type":"Polygon","coordinates":[[[-73.099592,41.498036],[-73.097384,41.500665],[-73.095314,41.501569],[-73.096049,41.508049],[-73.094747,41.511511],[-73.094685,41.513805],[-73.093843,41.513907],[-73.079858,41.514091],[-73.077256,41.51407],[-73.070114,41.514301],[-73.069892,41.514292],[-73.065986,41.512907],[-73.060977,41.508629],[-73.059697,41.506752],[-73.059288,41.505309],[-73.059252,41.504793],[-73.057594,41.500766],[-73.057142,41.500438],[-73.052856,41.498139],[-73.053208,41.497056],[-73.056191,41.494776],[-73.060024,41.495052],[-73.06156,41.495004],[-73.064723,41.494574],[-73.0654,41.492635],[-73.066678,41.49174],[-73.066888,41.491534],[-73.068323,41.4892],[-73.071944,41.489836],[-73.081252,41.493649],[-73.08396,41.493945],[-73.087123,41.49533],[-73.088221,41.496544],[-73.093817,41.497852],[-73.101868,41.496955],[-73.099592,41.498036]]]}},{"type":"Feature","properties":{"GEOID":"09170140800","STATEFP":"09","COUNTYFP":"170","TRACTCE":"140800","NAMELSAD":"Census Tract 1408","NAMELSADCO":"South Central Connecticut Planning Region","STATE_NAME":"Connecticut"},"geometry":{"type":"Polygon","coordinates":[[[-72.956296,41.310459],[-72.956047,41.312096],[-72.956535,41.314012],[-72.948622,41.312215],[-72.944601,41.311291],[-72.941409,41.310648],[-72.939242,41.310139],[-72.939791,41.308714],[-72.939017,41.308608],[-72.938043,41.308237],[-72.938977,41.30685],[-72.939227,41.306146],[-72.942632,41.306028],[-72.946922,41.305889],[-72.944617,41.303035],[-72.943211,41.300515],[-72.947985,41.297579],[-72.948907,41.297472],[-72.951085,41.297262],[-72.952644,41.299435],[-72.956299,41.301605],[-72.956848,41.303085],[-72.955974,41.305144],[-72.957433,41.306648],[-72.956296,41.310459]]]}},{"type":"Feature","properties":{"GEOID":"09170170200","STATEFP":"09","COUNTYFP":"170","TRACTCE":"170200","NAMELSAD":"Census Tract 1702","NAMELSADCO":"South Central Connecticut Planning Region","STATE_NAME":"Connecticut"},"geometry":{"type":"Polygon","coordinates":[[[-72.807931,41.538357],[-72.806374,41.540834],[-72.80586,41.541911],[-72.807329,41.54245],[-72.805155,41.547251],[-72.798165,41.544225],[-72.796464,41.543943],[-72.798712,41.541708],[-72.802076,41.53796],[-72.802423,41.537542],[-72.807799,41.535866],[-72.807931,41.538357]]]}},{"type":"Feature","properties":{"GEOID":"09140348111","STATEFP":"09","COUNTYFP":"140","TRACTCE":"348111","NAMELSAD":"Census Tract 3481.11","NAMELSADCO":"Naugatuck Valley Planning Region","STATE_NAME":"Connecticut"},"geometry":{"type":"Polygon","coordinates":[[[-73.326842,41.485967],[-73.324874,41.489567],[-73.326842,41.492703],[-73.325508,41.495306],[-73.323114,41.497903],[-73.321197,41.500727],[-73.320519,41.503981],[-73.318889,41.505189],[-73.30739,41.506064],[-73.254471,41.511999],[-73.252265,41.512134],[-73.250065,41.510583],[-73.247058,41.509891],[-73.248379,41.507818],[-73.252261,41.505372],[-73.254025,41.501993],[-73.257987,41.497397],[-73.260468,41.493413],[-73.261157,41.489973],[-73.260625,41.488711],[-73.258484,41.48651],[-73.257767,41.484564],[-73.257075,41.481057],[-73.254566,41.47782],[-73.251567,41.471024],[-73.251035,41.470303],[-73.247387,41.465847],[-73.244346,41.463543],[-73.235684,41.459861],[-73.234357,41.457968],[-73.23714,41.455534],[-73.246016,41.452038],[-73.247444,41.451057],[-73.248919,41.448937],[-73.249541,41.445527],[-73.248992,41.442241],[-73.24752,41.439193],[-73.247977,41.439005],[-73.25119,41.437772],[-73.25695,41.433852],[-73.259205,41.433329],[-73.263678,41.434532],[-73.265857,41.437073],[-73.267493,41.443581],[-73.270243,41.448005],[-73.273696,41.451645],[-73.278253,41.452635],[-73.283195,41.451612],[-73.287798,41.450315],[-73.291263,41.448108],[-73.293948,41.447355],[-73.29776,41.448276],[-73.298403,41.448916],[-73.300073,41.452479],[-73.300793,41.455903],[-73.29986,41.458434],[-73.299833,41.460783],[-73.298313,41.464767],[-73.298265,41.467631],[-73.299593,41.470111],[-73.300601,41.470847],[-73.302761,41.471439],[-73.305033,41.471151],[-73.310473,41.468815],[-73.312777,41.469935],[-73.320906,41.477007],[-73.322666,41.480767],[-73.326458,41.483839],[-73.32705,41.484879],[-73.326842,41.485967]]]}},{"type":"Feature","properties":{"GEOID":"09140348123","STATEFP":"09","COUNTYFP":"140","TRACTCE":"348123","NAMELSAD":"Census Tract 3481.23","NAMELSADCO":"Naugatuck Valley Planning Region","STATE_NAME":"Connecticut"},"geometry":{"type":"Polygon","coordinates":[[[-73.249541,41.445527],[-73.248919,41.448937],[-73.247444,41.451057],[-73.246016,41.452038],[-73.23714,41.455534],[-73.234357,41.457968],[-73.231361,41.460461],[-73.222307,41.465476],[-73.22082,41.466942],[-73.217537,41.471462],[-73.214491,41.474549],[-73.21131,41.476636],[-73.209682,41.476038],[-73.208137,41.475919],[-73.197634,41.476214],[-73.195137,41.476024],[-73.192294,41.475193],[-73.184128,41.471964],[-73.180688,41.470882],[-73.177803,41.469419],[-73.177038,41.469027],[-73.173805,41.467709],[-73.169256,41.466294],[-73.162227,41.464747],[-73.158311,41.461927],[-73.160049,41.461433],[-73.160377,41.459601],[-73.162097,41.457579],[-73.165038,41.458185],[-73.165852,41.456748],[-73.164751,41.45397],[-73.166241,41.452368],[-73.163928,41.448885],[-73.164755,41.447771],[-73.177102,41.439153],[-73.184856,41.434098],[-73.188928,41.431732],[-73.193869,41.429139],[-73.207688,41.420544],[-73.211835,41.42277],[-73.214435,41.42507],[-73.217135,41.42837],[-73.218235,41.42907],[-73.226479,41.430309],[-73.229969,41.429124],[-73.235911,41.426153],[-73.236771,41.426187],[-73.238411,41.426253],[-73.242289,41.429841],[-73.242344,41.436072],[-73.244334,41.439558],[-73.245259,41.439895],[-73.24752,41.439193],[-73.248992,41.442241],[-73.249541,41.445527]]]}},{"type":"Feature","properties":{"GEOID":"09170175300","STATEFP":"09","COUNTYFP":"170","TRACTCE":"175300","NAMELSAD":"Census Tract 1753","NAMELSADCO":"South Central Connecticut Planning Region","STATE_NAME":"Connecticut"},"geometry":{"type":"Polygon","coordinates":[[[-72.835206,41.432376],[-72.83309,41.438041],[-72.828103,41.449665],[-72.826413,41.44891],[-72.823218,41.448014],[-72.820044,41.446727],[-72.81865,41.448622],[-72.809501,41.442363],[-72.814752,41.434684],[-72.818124,41.432052],[-72.815463,41.430269],[-72.81424,41.428159],[-72.821216,41.42499],[-72.823688,41.423038],[-72.826959,41.419487],[-72.827404,41.424378],[-72.830115,41.424612],[-72.832529,41.424076],[-72.837867,41.427168],[-72.835206,41.432376]]]}},{"type":"Feature","properties":{"GEOID":"09140350300","STATEFP":"09","COUNTYFP":"140","TRACTCE":"350300","NAMELSAD":"Census Tract 3503","NAMELSADCO":"Naugatuck Valley Planning Region","STATE_NAME":"Connecticut"},"geometry":{"type":"Polygon","coordinates":[[[-73.035031,41.559912],[-73.032948,41.562425],[-73.032238,41.563533],[-73.031118,41.564044],[-73.029914,41.56508],[-73.029386,41.565812],[-73.024538,41.564072],[-73.023588,41.565635],[-73.023231,41.562361],[-73.024773,41.561145],[-73.023991,41.559599],[-73.023805,41.558919],[-73.027745,41.559377],[-73.032132,41.561022],[-73.033843,41.559459],[-73.035031,41.559912]]]}},{"type":"Feature","properties":{"GEOID":"09140350800","STATEFP":"09","COUNTYFP":"140","TRACTCE":"350800","NAMELSAD":"Census Tract 3508","NAMELSADCO":"Naugatuck Valley Planning Region","STATE_NAME":"Connecticut"},"geometry":{"type":"Polygon","coordinates":[[[-73.052788,41.569214],[-73.051797,41.570421],[-73.050301,41.570003],[-73.048595,41.569599],[-73.047908,41.569838],[-73.045378,41.570951],[-73.042566,41.572181],[-73.041954,41.572154],[-73.040746,41.570025],[-73.040498,41.565573],[-73.039867,41.56417],[-73.038669,41.562748],[-73.040055,41.562738],[-73.040156,41.561217],[-73.04334,41.561354],[-73.044285,41.561416],[-73.046916,41.559861],[-73.049088,41.560157],[-73.049793,41.56187],[-73.050223,41.563036],[-73.053047,41.56723],[-73.052788,41.569214]]]}},{"type":"Feature","properties":{"GEOID":"09140351400","STATEFP":"09","COUNTYFP":"140","TRACTCE":"351400","NAMELSAD":"Census Tract 3514","NAMELSADCO":"Naugatuck Valley Planning Region","STATE_NAME":"Connecticut"},"geometry":{"type":"Polygon","coordinates":[[[-73.037446,41.543919],[-73.034114,41.54371],[-73.030471,41.543687],[-73.029028,41.54404],[-73.026888,41.546077],[-73.025064,41.543354],[-73.022863,41.541984],[-73.019967,41.540622],[-73.017746,41.539958],[-73.01755,41.538796],[-73.018969,41.537802],[-73.017206,41.536893],[-73.020793,41.533248],[-73.021675,41.531759],[-73.02259,41.534422],[-73.024132,41.535498],[-73.026864,41.537438],[-73.027507,41.538053],[-73.02877,41.537569],[-73.033508,41.538775],[-73.035647,41.539109],[-73.036262,41.539181],[-73.037571,41.54246],[-73.037446,41.543919]]]}},{"type":"Feature","properties":{"GEOID":"09140352701","STATEFP":"09","COUNTYFP":"140","TRACTCE":"352701","NAMELSAD":"Census Tract 3527.01","NAMELSADCO":"Naugatuck Valley Planning Region","STATE_NAME":"Connecticut"},"geometry":{"type":"Polygon","coordinates":[[[-73.008784,41.540659],[-73.008727,41.542188],[-73.008769,41.542327],[-73.008831,41.542855],[-73.008734,41.543555],[-73.009031,41.543665],[-73.006012,41.545434],[-73.005773,41.549272],[-73.002738,41.548057],[-73.004041,41.543981],[-73.002482,41.543534],[-73.000173,41.541917],[-72.995986,41.541802],[-72.993423,41.542367],[-72.987996,41.544888],[-72.987013,41.545415],[-72.982632,41.54619],[-72.979561,41.545595],[-72.972108,41.548854],[-72.969471,41.552666],[-72.969369,41.553803],[-72.968068,41.553865],[-72.964216,41.554429],[-72.956906,41.555279],[-72.956788,41.555295],[-72.962252,41.544735],[-72.966027,41.536594],[-72.967854,41.537198],[-72.98094,41.542971],[-72.985068,41.543683],[-72.988372,41.543018],[-72.994581,41.540782],[-73.002486,41.538045],[-73.005163,41.538035],[-73.010547,41.539067],[-73.008784,41.540659]]]}},{"type":"Feature","properties":{"GEOID":"09140351900","STATEFP":"09","COUNTYFP":"140","TRACTCE":"351900","NAMELSAD":"Census Tract 3519","NAMELSADCO":"Naugatuck Valley Planning Region","STATE_NAME":"Connecticut"},"geometry":{"type":"Polygon","coordinates":[[[-73.084428,41.538355],[-73.082188,41.539783],[-73.077195,41.541666],[-73.06988,41.546895],[-73.067555,41.547982],[-73.068774,41.546433],[-73.066929,41.543666],[-73.066208,41.537707],[-73.067018,41.535432],[-73.066618,41.531519],[-73.066085,41.52999],[-73.06586,41.529218],[-73.06575,41.527138],[-73.06515,41.523663],[-73.063712,41.522703],[-73.062241,41.51913],[-73.058851,41.518915],[-73.056166,41.520283],[-73.055514,41.520867],[-73.051233,41.522914],[-73.050055,41.528656],[-73.046665,41.527929],[-73.044611,41.530513],[-73.043865,41.53439],[-73.04406,41.537041],[-73.044766,41.542275],[-73.04465,41.545761],[-73.045068,41.547714],[-73.049618,41.55083],[-73.051222,41.551594],[-73.049865,41.551678],[-73.045857,41.551819],[-73.043594,41.551917],[-73.042296,41.551887],[-73.041168,41.550943],[-73.040336,41.547608],[-73.038085,41.547263],[-73.037446,41.543919],[-73.037571,41.54246],[-73.036262,41.539181],[-73.035812,41.537991],[-73.03664,41.534255],[-73.037192,41.533181],[-73.038502,41.531822],[-73.039384,41.529793],[-73.04029,41.527458],[-73.040788,41.526179],[-73.040668,41.523462],[-73.040947,41.522644],[-73.047552,41.515204],[-73.048573,41.51536],[-73.055016,41.514657],[-73.059318,41.514524],[-73.066508,41.51422],[-73.069892,41.514292],[-73.070114,41.514301],[-73.072266,41.5183],[-73.077884,41.523527],[-73.080485,41.526407],[-73.083727,41.531487],[-73.086324,41.536177],[-73.084428,41.538355]]]}},{"type":"Feature","properties":{"GEOID":"09170141100","STATEFP":"09","COUNTYFP":"170","TRACTCE":"141100","NAMELSAD":"Census Tract 1411","NAMELSADCO":"South Central Connecticut Planning Region","STATE_NAME":"Connecticut"},"geometry":{"type":"Polygon","coordinates":[[[-72.997111,41.322194],[-72.99639,41.32375],[-72.98894,41.328893],[-72.988743,41.330186],[-72.987296,41.33124],[-72.982699,41.329809],[-72.978965,41.328838],[-72.974538,41.327578],[-72.973291,41.327216],[-72.968134,41.327246],[-72.968906,41.324423],[-72.969444,41.323761],[-72.970027,41.320236],[-72.971004,41.317562],[-72.970176,41.311613],[-72.972486,41.311945],[-72.989148,41.313297],[-72.998048,41.314097],[-72.997111,41.322194]]]}},{"type":"Feature","properties":{"GEOID":"09170141400","STATEFP":"09","COUNTYFP":"170","TRACTCE":"141400","NAMELSAD":"Census Tract 1414","NAMELSADCO":"South Central Connecticut Planning Region","STATE_NAME":"Connecticut"},"geometry":{"type":"Polygon","coordinates":[[[-72.951518,41.323497],[-72.95084,41.32394],[-72.948518,41.327269],[-72.951723,41.328429],[-72.949712,41.331483],[-72.948257,41.330986],[-72.945358,41.330944],[-72.942364,41.32899],[-72.941232,41.327652],[-72.940869,41.324633],[-72.940525,41.323547],[-72.940476,41.322405],[-72.941306,41.320584],[-72.940429,41.319911],[-72.942412,41.316657],[-72.947545,41.318532],[-72.949091,41.319058],[-72.950987,41.320412],[-72.953436,41.322173],[-72.951518,41.323497]]]}},{"type":"Feature","properties":{"GEOID":"09170142100","STATEFP":"09","COUNTYFP":"170","TRACTCE":"142100","NAMELSAD":"Census Tract 1421","NAMELSADCO":"South Central Connecticut Planning Region","STATE_NAME":"Connecticut"},"geometry":{"type":"Polygon","coordinates":[[[-72.919507,41.309155],[-72.912043,41.314148],[-72.909581,41.31575],[-72.908268,41.316576],[-72.906164,41.316613],[-72.904334,41.316377],[-72.904006,41.314101],[-72.905644,41.313793],[-72.907169,41.313482],[-72.907239,41.313277],[-72.907795,41.312721],[-72.907805,41.312394],[-72.907562,41.310415],[-72.907749,41.308787],[-72.909798,41.308885],[-72.914292,41.308196],[-72.914588,41.308148],[-72.919205,41.307368],[-72.918745,41.308892],[-72.919507,41.309155]]]}},{"type":"Feature","properties":{"GEOID":"09170361500","STATEFP":"09","COUNTYFP":"170","TRACTCE":"361500","NAMELSAD":"Census Tract 3615","NAMELSADCO":"South Central Connecticut Planning Region","STATE_NAME":"Connecticut"},"geometry":{"type":"Polygon","coordinates":[[[-72.974336,41.28698],[-72.97183,41.288358],[-72.970033,41.289346],[-72.968248,41.290086],[-72.960267,41.292924],[-72.95921,41.294512],[-72.959062,41.294684],[-72.957621,41.295851],[-72.954603,41.296853],[-72.951085,41.297262],[-72.9499,41.295952],[-72.952005,41.294466],[-72.947918,41.292064],[-72.946514,41.292891],[-72.943702,41.289862],[-72.94293,41.289007],[-72.94021,41.287776],[-72.940745,41.285993],[-72.939904,41.283499],[-72.948288,41.284179],[-72.950419,41.283697],[-72.956127,41.281392],[-72.961092,41.279363],[-72.963551,41.281516],[-72.964549,41.281155],[-72.965849,41.280523],[-72.968739,41.281673],[-72.972596,41.281723],[-72.974446,41.285155],[-72.974336,41.28698]]]}},{"type":"Feature","properties":{"GEOID":"09170186100","STATEFP":"09","COUNTYFP":"170","TRACTCE":"186100","NAMELSAD":"Census Tract 1861","NAMELSADCO":"South Central Connecticut Planning Region","STATE_NAME":"Connecticut"},"geometry":{"type":"Polygon","coordinates":[[[-72.823805,41.318428],[-72.823248,41.321451],[-72.82178,41.325765],[-72.818955,41.335652],[-72.817752,41.339982],[-72.816613,41.339613],[-72.816462,41.338995],[-72.809817,41.339597],[-72.798955,41.339004],[-72.797953,41.336905],[-72.794077,41.334544],[-72.794023,41.332492],[-72.791098,41.330804],[-72.790675,41.330682],[-72.7883,41.330289],[-72.779439,41.326711],[-72.774268,41.325375],[-72.7723,41.325582],[-72.770449,41.326376],[-72.769392,41.327807],[-72.770785,41.329694],[-72.7737,41.330708],[-72.77443,41.334648],[-72.772714,41.336656],[-72.768843,41.338258],[-72.764725,41.341542],[-72.766573,41.342852],[-72.765495,41.344088],[-72.76549,41.349028],[-72.766086,41.351444],[-72.76612,41.355021],[-72.764813,41.357711],[-72.762163,41.357331],[-72.759401,41.357745],[-72.758227,41.358668],[-72.756848,41.361213],[-72.754196,41.362102],[-72.751489,41.365508],[-72.74949,41.36627],[-72.748799,41.36818],[-72.747292,41.368839],[-72.747242,41.370784],[-72.745915,41.372234],[-72.745452,41.367051],[-72.743597,41.346645],[-72.743616,41.344685],[-72.742134,41.334562],[-72.74145,41.323691],[-72.742679,41.320856],[-72.745722,41.311496],[-72.74611,41.310633],[-72.764687,41.306857],[-72.771342,41.305093],[-72.775042,41.308697],[-72.780337,41.313018],[-72.799171,41.324323],[-72.816954,41.320094],[-72.818422,41.319726],[-72.822412,41.318803],[-72.823843,41.318324],[-72.823805,41.318428]]]}},{"type":"Feature","properties":{"GEOID":"09170157200","STATEFP":"09","COUNTYFP":"170","TRACTCE":"157200","NAMELSAD":"Census Tract 1572","NAMELSADCO":"South Central Connecticut Planning Region","STATE_NAME":"Connecticut"},"geometry":{"type":"Polygon","coordinates":[[[-73.059033,41.268336],[-73.051115,41.276685],[-73.04338,41.285382],[-73.042301,41.285827],[-73.040949,41.28599],[-73.040224,41.28604],[-73.033751,41.28441],[-73.028393,41.282603],[-73.02773,41.281091],[-73.025977,41.278665],[-73.024364,41.275988],[-73.016056,41.264348],[-73.012677,41.259121],[-73.012422,41.257969],[-73.021226,41.25081],[-73.02698,41.252309],[-73.030307,41.252779],[-73.034073,41.253855],[-73.035161,41.254378],[-73.044144,41.256815],[-73.051511,41.2595],[-73.055225,41.261297],[-73.062054,41.264595],[-73.059033,41.268336]]]}},{"type":"Feature","properties":{"GEOID":"09170157400","STATEFP":"09","COUNTYFP":"170","TRACTCE":"157400","NAMELSAD":"Census Tract 1574","NAMELSADCO":"South Central Connecticut Planning Region","STATE_NAME":"Connecticut"},"geometry":{"type":"Polygon","coordinates":[[[-73.04338,41.285382],[-73.04116,41.287889],[-73.038761,41.290808],[-73.036725,41.294421],[-73.035489,41.298384],[-73.033769,41.30615],[-73.031738,41.309665],[-73.028064,41.311879],[-73.020627,41.311095],[-73.014778,41.310823],[-73.013074,41.310319],[-73.008764,41.31041],[-73.000697,41.312623],[-72.998048,41.314097],[-72.989148,41.313297],[-72.984268,41.30179],[-72.98573,41.291989],[-72.987302,41.288249],[-72.986188,41.285737],[-72.987148,41.282447],[-72.990334,41.283093],[-72.993621,41.282157],[-72.994143,41.281999],[-73.007812,41.278767],[-73.008912,41.280938],[-73.011206,41.285366],[-73.019295,41.28297],[-73.023279,41.279733],[-73.025977,41.278665],[-73.02773,41.281091],[-73.028393,41.282603],[-73.033751,41.28441],[-73.040224,41.28604],[-73.040949,41.28599],[-73.042301,41.285827],[-73.04338,41.285382]]]}},{"type":"Feature","properties":{"GEOID":"09170184300","STATEFP":"09","COUNTYFP":"170","TRACTCE":"184300","NAMELSAD":"Census Tract 1843","NAMELSADCO":"South Central Connecticut Planning Region","STATE_NAME":"Connecticut"},"geometry":{"type":"Polygon","coordinates":[[[-72.859404,41.246997],[-72.857243,41.252196],[-72.852271,41.259051],[-72.852018,41.259789],[-72.851927,41.262181],[-72.852206,41.265983],[-72.850863,41.266395],[-72.849889,41.267881],[-72.845787,41.268011],[-72.843168,41.269031],[-72.842573,41.268144],[-72.840928,41.268186],[-72.838245,41.269079],[-72.833446,41.273714],[-72.832675,41.275345],[-72.831196,41.275091],[-72.830226,41.275236],[-72.829706,41.272654],[-72.829864,41.272154],[-72.827753,41.271955],[-72.827374,41.270484],[-72.825825,41.270009],[-72.824931,41.267581],[-72.822796,41.267218],[-72.820651,41.268215],[-72.818315,41.267808],[-72.815608,41.26562],[-72.812791,41.265106],[-72.810966,41.263886],[-72.811193,41.262945],[-72.817657,41.261351],[-72.8208112233879,41.2596857507676],[-72.821342,41.261628],[-72.822545,41.261827],[-72.82319,41.261562],[-72.824658,41.262026],[-72.824775,41.262489],[-72.824423,41.263128],[-72.824834,41.263702],[-72.826242,41.263459],[-72.827621,41.264937],[-72.828766,41.26454],[-72.8288137088392,41.2642625297284],[-72.829206,41.261981],[-72.830937,41.259996],[-72.830174,41.259026],[-72.831436,41.255915],[-72.832932,41.254393],[-72.833959,41.250555],[-72.836101,41.248812],[-72.837099,41.248988],[-72.838507,41.25115],[-72.840532,41.253092],[-72.838743,41.256359],[-72.839857,41.256908],[-72.84106,41.256599],[-72.841676,41.257614],[-72.841295,41.258805],[-72.841794,41.259026],[-72.844523,41.258232],[-72.845051,41.257746],[-72.844904,41.25682],[-72.846929,41.256643],[-72.847398,41.257195],[-72.8486971061056,41.2569250278251],[-72.851007,41.256445],[-72.85001,41.255298],[-72.850244,41.253246],[-72.850421,41.250621],[-72.854617,41.248128],[-72.8596146467979,41.2463247813758],[-72.859404,41.246997]]]}},{"type":"Feature","properties":{"GEOID":"09170190100","STATEFP":"09","COUNTYFP":"170","TRACTCE":"190100","NAMELSAD":"Census Tract 1901","NAMELSADCO":"South Central Connecticut Planning Region","STATE_NAME":"Connecticut"},"geometry":{"type":"Polygon","coordinates":[[[-72.689728,41.283517],[-72.687661,41.283353],[-72.690485,41.288226],[-72.690999,41.289211],[-72.691327,41.28947],[-72.691277,41.289721],[-72.691233,41.29008],[-72.691327,41.290276],[-72.691277,41.290603],[-72.690642,41.291433],[-72.690468,41.292416],[-72.690636,41.295636],[-72.687035,41.295349],[-72.680787,41.294755],[-72.678314,41.29414],[-72.668423,41.290326],[-72.664384,41.289572],[-72.658103,41.289194],[-72.648651,41.288722],[-72.646092,41.287438],[-72.647409,41.285943],[-72.646573,41.2839],[-72.644412,41.28163],[-72.646141,41.280453],[-72.646847,41.281122],[-72.649277,41.279556],[-72.647987,41.275902],[-72.649689,41.27441],[-72.652155,41.274792],[-72.65436,41.273988],[-72.654266,41.271252],[-72.656563,41.269875],[-72.6545317521677,41.2657632719328],[-72.658424,41.265013],[-72.661028,41.268533],[-72.6621840014098,41.2689332022557],[-72.665667,41.270139],[-72.6681612231931,41.2667917398138],[-72.668819,41.265909],[-72.673216,41.26762],[-72.6748184875006,41.2660935957322],[-72.68048,41.270139],[-72.684195,41.273679],[-72.684822,41.274126],[-72.686244,41.273688],[-72.686442,41.275334],[-72.689189,41.278921],[-72.687868,41.279119],[-72.691514,41.282298],[-72.689728,41.283517]]]}},{"type":"Feature","properties":{"GEOID":"09140341100","STATEFP":"09","COUNTYFP":"140","TRACTCE":"341100","NAMELSAD":"Census Tract 3411","NAMELSADCO":"Naugatuck Valley Planning Region","STATE_NAME":"Connecticut"},"geometry":{"type":"Polygon","coordinates":[[[-73.092698,41.41345],[-73.086402,41.433728],[-73.085241,41.436484],[-73.083455,41.439135],[-73.078613,41.457784],[-73.077366,41.465189],[-73.070198,41.460539],[-73.067776,41.459956],[-73.062451,41.456802],[-73.061768,41.456268],[-73.060265,41.457893],[-73.056108,41.459623],[-73.053726,41.461613],[-73.05352,41.466068],[-73.052117,41.46896],[-73.050138,41.468286],[-73.04792,41.468715],[-73.043303,41.468162],[-73.041437,41.468875],[-73.039188,41.466387],[-73.037208,41.466144],[-73.034259,41.466401],[-73.032349,41.46533],[-73.030471,41.465907],[-73.0294,41.464827],[-73.026185,41.461558],[-73.025751,41.459596],[-73.02497,41.451232],[-73.024956,41.438292],[-73.02522,41.434567],[-73.029459,41.419492],[-73.041651,41.420896],[-73.049803,41.421972],[-73.063108,41.423598],[-73.065268,41.41877],[-73.067881,41.416663],[-73.069582,41.413773],[-73.070256,41.41136],[-73.068473,41.410737],[-73.073695,41.410553],[-73.074304,41.410528],[-73.075888,41.410399],[-73.081865,41.40559],[-73.083585,41.403766],[-73.088719,41.408967],[-73.092698,41.41345]]]}},{"type":"Feature","properties":{"GEOID":"09170184400","STATEFP":"09","COUNTYFP":"170","TRACTCE":"184400","NAMELSAD":"Census Tract 1844","NAMELSADCO":"South Central Connecticut Planning Region","STATE_NAME":"Connecticut"},"geometry":{"type":"Polygon","coordinates":[[[-72.823572,41.256048],[-72.820667,41.259158],[-72.8208112233879,41.2596857507676],[-72.817657,41.261351],[-72.811193,41.262945],[-72.810966,41.263886],[-72.812791,41.265106],[-72.815608,41.26562],[-72.818315,41.267808],[-72.817186,41.270583],[-72.813736,41.271809],[-72.812059,41.274542],[-72.810317,41.275616],[-72.807195,41.275928],[-72.804511,41.274821],[-72.803364,41.275947],[-72.799829,41.275041],[-72.791462,41.274322],[-72.787276,41.274258],[-72.785998,41.273562],[-72.787133,41.267987],[-72.786045,41.265164],[-72.7861384353863,41.264709593044],[-72.787283,41.264563],[-72.788217,41.262651],[-72.791093,41.259848],[-72.793946,41.260423],[-72.796528,41.260181],[-72.7986766035633,41.2587774716426],[-72.799951,41.257945],[-72.803531,41.257482],[-72.8042726487173,41.2570799573477],[-72.80656,41.25584],[-72.8065813263019,41.2557787453311],[-72.807609,41.252827],[-72.81124,41.250201],[-72.816706,41.249297],[-72.818408,41.24965],[-72.818554,41.251261],[-72.817586,41.252099],[-72.82143,41.25532],[-72.823563,41.255564],[-72.823572,41.256048]]]}},{"type":"Feature","properties":{"GEOID":"09170184600","STATEFP":"09","COUNTYFP":"170","TRACTCE":"184600","NAMELSAD":"Census Tract 1846","NAMELSADCO":"South Central Connecticut Planning Region","STATE_NAME":"Connecticut"},"geometry":{"type":"MultiPolygon","coordinates":[[[[-72.761427,41.242333],[-72.759733,41.248454],[-72.75886,41.253843],[-72.756353,41.25548],[-72.754658,41.255929],[-72.747678,41.255855],[-72.740299,41.256454],[-72.740099,41.255105],[-72.741058,41.252691],[-72.742891,41.252631],[-72.745484,41.250982],[-72.745661,41.249723],[-72.749871,41.247308],[-72.755655,41.245059],[-72.757135,41.244305],[-72.75966,41.242012],[-72.760341,41.241235],[-72.761427,41.242333]]],[[[-72.764251,41.259212],[-72.763066,41.260377],[-72.762344,41.260356],[-72.761187,41.258996],[-72.761419,41.258643],[-72.763115,41.258037],[-72.763977,41.258511],[-72.764251,41.259212]]],[[[-72.787276,41.274258],[-72.777978,41.274959],[-72.77205,41.27725],[-72.768548,41.2774],[-72.767341,41.278896],[-72.767782,41.280706],[-72.768562,41.282364],[-72.769844,41.284925],[-72.772157,41.292766],[-72.772942,41.29415],[-72.753633,41.296801],[-72.752255,41.296887],[-72.741992,41.297065],[-72.738134,41.286286],[-72.735822,41.284068],[-72.72847,41.269133],[-72.728049,41.267995],[-72.73225,41.26557],[-72.732178,41.262632],[-72.734956,41.262632],[-72.7367380560945,41.2613949602796],[-72.740131,41.262265],[-72.749603,41.259371],[-72.751497,41.262695],[-72.752166,41.26563],[-72.754444,41.266913],[-72.757477,41.266913],[-72.760541,41.266042],[-72.762057,41.267686],[-72.767157,41.265844],[-72.771035,41.266003],[-72.773569,41.263888],[-72.779444,41.265567],[-72.7861384353863,41.264709593044],[-72.786045,41.265164],[-72.787133,41.267987],[-72.785998,41.273562],[-72.787276,41.274258]]]]}},{"type":"Feature","properties":{"GEOID":"09170170500","STATEFP":"09","COUNTYFP":"170","TRACTCE":"170500","NAMELSAD":"Census Tract 1705","NAMELSADCO":"South Central Connecticut Planning Region","STATE_NAME":"Connecticut"},"geometry":{"type":"Polygon","coordinates":[[[-72.85883,41.53237],[-72.857977,41.534546],[-72.853606,41.533478],[-72.851689,41.540286],[-72.853147,41.546412],[-72.851736,41.545974],[-72.84428,41.544725],[-72.845149,41.547411],[-72.845731,41.553346],[-72.843349,41.551891],[-72.837942,41.549819],[-72.835454,41.547258],[-72.832687,41.545692],[-72.830231,41.545937],[-72.824855,41.541195],[-72.827202,41.541734],[-72.83193,41.54235],[-72.83393,41.540199],[-72.836011,41.535336],[-72.834225,41.53583],[-72.829354,41.538661],[-72.826599,41.535797],[-72.8305,41.531741],[-72.832731,41.527346],[-72.836054,41.523604],[-72.838442,41.522486],[-72.834744,41.521005],[-72.834587,41.519711],[-72.834159,41.516965],[-72.830878,41.517238],[-72.83068,41.516508],[-72.82969,41.516693],[-72.8294,41.517783],[-72.827719,41.517551],[-72.827424,41.518601],[-72.825883,41.518161],[-72.827026,41.515202],[-72.826363,41.513737],[-72.822746,41.512794],[-72.823004,41.510108],[-72.84071,41.513789],[-72.850299,41.515731],[-72.853734,41.522135],[-72.853083,41.524925],[-72.85739,41.526363],[-72.857767,41.526368],[-72.85793,41.527167],[-72.861235,41.528102],[-72.85883,41.53237]]]}},{"type":"Feature","properties":{"GEOID":"09170150900","STATEFP":"09","COUNTYFP":"170","TRACTCE":"150900","NAMELSAD":"Census Tract 1509","NAMELSADCO":"South Central Connecticut Planning Region","STATE_NAME":"Connecticut"},"geometry":{"type":"Polygon","coordinates":[[[-73.055693,41.223673],[-73.054316,41.22384],[-73.049723,41.22397],[-73.049715,41.225477],[-73.051574,41.227447],[-73.04609,41.231133],[-73.041926,41.23417],[-73.03583,41.232931],[-73.03237,41.233549],[-73.030922,41.232418],[-73.032234,41.229576],[-73.034286,41.229881],[-73.037061,41.226548],[-73.035118,41.224602],[-73.030354,41.225107],[-73.027539,41.221584],[-73.027111,41.21963],[-73.025661,41.218588],[-73.025977,41.216977],[-73.027917,41.2141],[-73.030182,41.212408],[-73.034367,41.208816],[-73.03818,41.207121],[-73.035918830345,41.2046434442119],[-73.0362962284171,41.2041153842699],[-73.0363775418334,41.2040016095555],[-73.0374543736167,41.2024948935147],[-73.037941,41.201814],[-73.044724,41.209188],[-73.04657,41.210547],[-73.0489058904262,41.2107267432197],[-73.04911,41.211464],[-73.051117,41.212452],[-73.0541,41.215099],[-73.054306,41.220318],[-73.05558,41.222735],[-73.055693,41.223673]]]}},{"type":"Feature","properties":{"GEOID":"09140343400","STATEFP":"09","COUNTYFP":"140","TRACTCE":"343400","NAMELSAD":"Census Tract 3434","NAMELSADCO":"Naugatuck Valley Planning Region","STATE_NAME":"Connecticut"},"geometry":{"type":"Polygon","coordinates":[[[-72.950068,41.469119],[-72.949956,41.471754],[-72.9491,41.472907],[-72.94725,41.478222],[-72.944357,41.479426],[-72.943735,41.483272],[-72.943648,41.488455],[-72.941907,41.490982],[-72.941241,41.495178],[-72.937621,41.497135],[-72.934647,41.501246],[-72.935057,41.507562],[-72.932855,41.509661],[-72.929215,41.511675],[-72.926094,41.515135],[-72.923548,41.514421],[-72.920509,41.51267],[-72.915569,41.508625],[-72.913039,41.507793],[-72.914707,41.50625],[-72.915185,41.505255],[-72.915309,41.504653],[-72.91452,41.498667],[-72.913924,41.492687],[-72.914427,41.491164],[-72.918555,41.486093],[-72.911455,41.484919],[-72.905663,41.485045],[-72.905884,41.483619],[-72.905635,41.480616],[-72.905636,41.480452],[-72.906782,41.472414],[-72.906876,41.46699],[-72.908387,41.456253],[-72.916619,41.459558],[-72.917991,41.459863],[-72.926745,41.4603],[-72.935943,41.462699],[-72.940972,41.46342],[-72.948048,41.464097],[-72.949746,41.464395],[-72.952392,41.464589],[-72.950068,41.469119]]]}},{"type":"Feature","properties":{"GEOID":"09170180400","STATEFP":"09","COUNTYFP":"170","TRACTCE":"180400","NAMELSAD":"Census Tract 1804","NAMELSADCO":"South Central Connecticut Planning Region","STATE_NAME":"Connecticut"},"geometry":{"type":"Polygon","coordinates":[[[-72.886269,41.288453],[-72.882517,41.29323],[-72.88026,41.297336],[-72.877538,41.30093],[-72.876287,41.303561],[-72.87364,41.306847],[-72.870497,41.305675],[-72.868951,41.307114],[-72.866016,41.305002],[-72.862904,41.304414],[-72.860097,41.302873],[-72.854566,41.303883],[-72.85686,41.301932],[-72.85712,41.301763],[-72.843744,41.296397],[-72.850859,41.293641],[-72.855822,41.290873],[-72.858971,41.287729],[-72.860823,41.283013],[-72.860324,41.282169],[-72.865509,41.281736],[-72.870324,41.283293],[-72.872631,41.28419],[-72.88643,41.288105],[-72.886269,41.288453]]]}},{"type":"Feature","properties":{"GEOID":"09170180601","STATEFP":"09","COUNTYFP":"170","TRACTCE":"180601","NAMELSAD":"Census Tract 1806.01","NAMELSADCO":"South Central Connecticut Planning Region","STATE_NAME":"Connecticut"},"geometry":{"type":"Polygon","coordinates":[[[-72.85686,41.301932],[-72.854566,41.303883],[-72.848975,41.311801],[-72.848852,41.312761],[-72.849187,41.314424],[-72.851318,41.315739],[-72.85167,41.316036],[-72.851256,41.321948],[-72.848861,41.322049],[-72.845113,41.323666],[-72.843068,41.323861],[-72.840235,41.324068],[-72.831861,41.324987],[-72.824937,41.324733],[-72.82178,41.325765],[-72.823248,41.321451],[-72.823805,41.318428],[-72.823843,41.318324],[-72.835013,41.314393],[-72.836502,41.313467],[-72.837293,41.312572],[-72.838365,41.308794],[-72.840181,41.299796],[-72.841265,41.297997],[-72.843744,41.296397],[-72.85712,41.301763],[-72.85686,41.301932]]]}},{"type":"Feature","properties":{"GEOID":"09170190301","STATEFP":"09","COUNTYFP":"170","TRACTCE":"190301","NAMELSAD":"Census Tract 1903.01","NAMELSADCO":"South Central Connecticut Planning Region","STATE_NAME":"Connecticut"},"geometry":{"type":"Polygon","coordinates":[[[-72.718979,41.352922],[-72.706889,41.356264],[-72.705906,41.356258],[-72.704526,41.356042],[-72.694992,41.352687],[-72.692513,41.352142],[-72.679334,41.353787],[-72.676172,41.353847],[-72.676014,41.35159],[-72.674961,41.348566],[-72.668339,41.339278],[-72.666952,41.337809],[-72.665285,41.335375],[-72.664099,41.335445],[-72.660804,41.332108],[-72.658448,41.330291],[-72.655486,41.331335],[-72.654986,41.330711],[-72.650473,41.32839],[-72.650474,41.326683],[-72.647555,41.325533],[-72.645074,41.323974],[-72.644967,41.32278],[-72.642373,41.322468],[-72.642011,41.320399],[-72.64004,41.318395],[-72.638278,41.318025],[-72.635943,41.315496],[-72.636301,41.314341],[-72.63174,41.309447],[-72.632646,41.306111],[-72.633928,41.304047],[-72.633256,41.29936],[-72.643877,41.291607],[-72.645623,41.288987],[-72.64905,41.289206],[-72.648651,41.288722],[-72.658103,41.289194],[-72.664384,41.289572],[-72.668423,41.290326],[-72.678314,41.29414],[-72.680787,41.294755],[-72.687035,41.295349],[-72.687669,41.29719],[-72.687157,41.301382],[-72.689476,41.306502],[-72.693206,41.310135],[-72.695987,41.315458],[-72.697701,41.318042],[-72.701645,41.323329],[-72.702934,41.325852],[-72.705187,41.328203],[-72.707508,41.332918],[-72.708796,41.33634],[-72.710812,41.33882],[-72.7153,41.342442],[-72.717054,41.349387],[-72.718979,41.352922]]]}},{"type":"Feature","properties":{"GEOID":"09170190303","STATEFP":"09","COUNTYFP":"170","TRACTCE":"190303","NAMELSAD":"Census Tract 1903.03","NAMELSADCO":"South Central Connecticut Planning Region","STATE_NAME":"Connecticut"},"geometry":{"type":"Polygon","coordinates":[[[-72.749297,41.39809],[-72.745971,41.396901],[-72.74464,41.399628],[-72.742744,41.403004],[-72.740804,41.404338],[-72.732817,41.412002],[-72.731306,41.414188],[-72.728198,41.417637],[-72.723374,41.419144],[-72.722159,41.422923],[-72.721455,41.423717],[-72.72064,41.427397],[-72.71042,41.429073],[-72.708343,41.429443],[-72.690555,41.432569],[-72.682666,41.433776],[-72.678739,41.433797],[-72.679671,41.37976],[-72.67822,41.371856],[-72.678649,41.36041],[-72.678154,41.357403],[-72.676172,41.353847],[-72.679334,41.353787],[-72.692513,41.352142],[-72.694992,41.352687],[-72.704526,41.356042],[-72.705906,41.356258],[-72.706889,41.356264],[-72.718979,41.352922],[-72.728476,41.350266],[-72.737224,41.346523],[-72.743616,41.344685],[-72.743597,41.346645],[-72.745452,41.367051],[-72.745915,41.372234],[-72.746824,41.382556],[-72.749297,41.39809]]]}},{"type":"Feature","properties":{"GEOID":"09170194201","STATEFP":"09","COUNTYFP":"170","TRACTCE":"194201","NAMELSAD":"Census Tract 1942.01","NAMELSADCO":"South Central Connecticut Planning Region","STATE_NAME":"Connecticut"},"geometry":{"type":"Polygon","coordinates":[[[-72.678739,41.433797],[-72.671092,41.435364],[-72.666833,41.435694],[-72.653672,41.438125],[-72.654563,41.43626],[-72.653018,41.434914],[-72.650908,41.435031],[-72.649429,41.429118],[-72.649498,41.428201],[-72.64981,41.427235],[-72.654928,41.418648],[-72.657614,41.413116],[-72.65666,41.410859],[-72.654306,41.40889],[-72.652808,41.405109],[-72.65329,41.400323],[-72.65262,41.397243],[-72.645864,41.386605],[-72.642151,41.382738],[-72.64193,41.380308],[-72.637923,41.367798],[-72.637848,41.3659],[-72.638349,41.360168],[-72.638433,41.359333],[-72.637882,41.357957],[-72.633079,41.350917],[-72.631876,41.348344],[-72.630392,41.343163],[-72.627378,41.337423],[-72.624563,41.333215],[-72.623486,41.330798],[-72.622837,41.329477],[-72.621672,41.328152],[-72.613435,41.32342],[-72.610285,41.321483],[-72.608854,41.320078],[-72.607268,41.31742],[-72.606276,41.314442],[-72.606307,41.309295],[-72.606063,41.30814],[-72.603837,41.302905],[-72.60313,41.300213],[-72.602258,41.287832],[-72.601732,41.285547],[-72.600644,41.283693],[-72.607674,41.283781],[-72.621308,41.283956],[-72.625867,41.283936],[-72.644412,41.28163],[-72.646573,41.2839],[-72.647409,41.285943],[-72.646092,41.287438],[-72.648651,41.288722],[-72.64905,41.289206],[-72.645623,41.288987],[-72.643877,41.291607],[-72.633256,41.29936],[-72.633928,41.304047],[-72.632646,41.306111],[-72.63174,41.309447],[-72.636301,41.314341],[-72.635943,41.315496],[-72.638278,41.318025],[-72.64004,41.318395],[-72.642011,41.320399],[-72.642373,41.322468],[-72.644967,41.32278],[-72.645074,41.323974],[-72.647555,41.325533],[-72.650474,41.326683],[-72.650473,41.32839],[-72.654986,41.330711],[-72.655486,41.331335],[-72.658448,41.330291],[-72.660804,41.332108],[-72.664099,41.335445],[-72.665285,41.335375],[-72.666952,41.337809],[-72.668339,41.339278],[-72.674961,41.348566],[-72.676014,41.35159],[-72.676172,41.353847],[-72.678154,41.357403],[-72.678649,41.36041],[-72.67822,41.371856],[-72.679671,41.37976],[-72.678739,41.433797]]]}},{"type":"Feature","properties":{"GEOID":"09170165700","STATEFP":"09","COUNTYFP":"170","TRACTCE":"165700","NAMELSAD":"Census Tract 1657","NAMELSADCO":"South Central Connecticut Planning Region","STATE_NAME":"Connecticut"},"geometry":{"type":"Polygon","coordinates":[[[-72.967669,41.347284],[-72.963052,41.351334],[-72.961817,41.352245],[-72.959383,41.353334],[-72.953277,41.354532],[-72.950029,41.355147],[-72.947218,41.355965],[-72.943518,41.357411],[-72.942316,41.357],[-72.941555,41.357003],[-72.941782,41.354034],[-72.943725,41.350681],[-72.94426,41.349811],[-72.93977,41.348304],[-72.940829,41.345515],[-72.941379,41.341912],[-72.941091,41.338299],[-72.943109,41.336266],[-72.946848,41.336597],[-72.952753,41.337234],[-72.956991,41.339847],[-72.95518,41.342346],[-72.951358,41.343947],[-72.951482,41.347107],[-72.953532,41.347284],[-72.952808,41.349078],[-72.954669,41.350162],[-72.95533,41.35024],[-72.957745,41.35039],[-72.958643,41.349079],[-72.961255,41.349007],[-72.96206,41.346297],[-72.964187,41.346419],[-72.96446,41.343788],[-72.96684,41.345435],[-72.967669,41.347284]]]}},{"type":"Feature","properties":{"GEOID":"09170165801","STATEFP":"09","COUNTYFP":"170","TRACTCE":"165801","NAMELSAD":"Census Tract 1658.01","NAMELSADCO":"South Central Connecticut Planning Region","STATE_NAME":"Connecticut"},"geometry":{"type":"Polygon","coordinates":[[[-72.942348,41.368553],[-72.932842,41.383909],[-72.932342,41.385521],[-72.924822,41.385457],[-72.922422,41.384991],[-72.921469,41.384781],[-72.92113,41.383337],[-72.920073,41.382214],[-72.918942,41.382437],[-72.914817,41.381608],[-72.914602,41.37788],[-72.914373,41.376345],[-72.909584,41.374425],[-72.911343,41.372787],[-72.917515,41.367011],[-72.918142,41.366588],[-72.918999,41.366189],[-72.920155,41.365872],[-72.921801,41.365797],[-72.92566,41.365576],[-72.928575,41.364368],[-72.929307,41.364506],[-72.932064,41.364893],[-72.936574,41.36599],[-72.941039,41.366758],[-72.942194,41.366995],[-72.942348,41.368553]]]}},{"type":"Feature","properties":{"GEOID":"09170165900","STATEFP":"09","COUNTYFP":"170","TRACTCE":"165900","NAMELSAD":"Census Tract 1659","NAMELSADCO":"South Central Connecticut Planning Region","STATE_NAME":"Connecticut"},"geometry":{"type":"Polygon","coordinates":[[[-72.963238,41.439405],[-72.95792,41.445198],[-72.957824,41.446603],[-72.958139,41.448837],[-72.957148,41.450097],[-72.952548,41.452897],[-72.949048,41.455797],[-72.947448,41.460097],[-72.948048,41.464097],[-72.940972,41.46342],[-72.935943,41.462699],[-72.926745,41.4603],[-72.917991,41.459863],[-72.916347,41.4558],[-72.915448,41.4519],[-72.915745,41.449796],[-72.913445,41.443993],[-72.912752,41.4411],[-72.910926,41.4386],[-72.909376,41.436736],[-72.90925,41.43425],[-72.908167,41.431981],[-72.909546,41.42821],[-72.90884,41.4261],[-72.906565,41.424426],[-72.905046,41.421418],[-72.905247,41.420733],[-72.903574,41.415558],[-72.904357,41.413464],[-72.906749,41.411735],[-72.908513,41.409348],[-72.907932,41.408987],[-72.912419,41.403579],[-72.913842,41.400089],[-72.915429,41.393343],[-72.915291,41.389278],[-72.914817,41.381608],[-72.918942,41.382437],[-72.920073,41.382214],[-72.92113,41.383337],[-72.921469,41.384781],[-72.922422,41.384991],[-72.924822,41.385457],[-72.932342,41.385521],[-72.935922,41.385161],[-72.936994,41.385167],[-72.938849,41.393363],[-72.94006,41.39939],[-72.939792,41.400553],[-72.942615,41.402188],[-72.943985,41.405285],[-72.943125,41.406443],[-72.942564,41.407128],[-72.93893,41.408584],[-72.940152,41.411224],[-72.949732,41.417517],[-72.95256,41.419374],[-72.950713,41.427813],[-72.955248,41.428925],[-72.96158,41.432434],[-72.963487,41.437542],[-72.963238,41.439405]]]}},{"type":"Feature","properties":{"GEOID":"09170194202","STATEFP":"09","COUNTYFP":"170","TRACTCE":"194202","NAMELSAD":"Census Tract 1942.02","NAMELSADCO":"South Central Connecticut Planning Region","STATE_NAME":"Connecticut"},"geometry":{"type":"Polygon","coordinates":[[[-72.657614,41.413116],[-72.654928,41.418648],[-72.64981,41.427235],[-72.649498,41.428201],[-72.649429,41.429118],[-72.650908,41.435031],[-72.648363,41.435148],[-72.649591,41.431007],[-72.646843,41.431153],[-72.642351,41.429323],[-72.645184,41.425806],[-72.648789,41.421998],[-72.650482,41.419119],[-72.649739,41.418387],[-72.649214,41.417345],[-72.647406,41.416962],[-72.646875,41.415744],[-72.645073,41.415802],[-72.641634,41.413736],[-72.637801,41.41232],[-72.632325,41.412315],[-72.632269,41.408122],[-72.630587,41.406943],[-72.63083,41.403589],[-72.629017,41.401232],[-72.626278,41.400189],[-72.625027,41.399092],[-72.625909,41.397165],[-72.622458,41.393594],[-72.61801,41.391656],[-72.616032,41.388742],[-72.612328,41.386179],[-72.613837,41.384398],[-72.614006,41.38078],[-72.611524,41.3765],[-72.60884,41.373513],[-72.609241,41.370529],[-72.608132,41.367404],[-72.61014,41.367148],[-72.609346,41.365357],[-72.609746,41.363368],[-72.612233,41.362674],[-72.612563,41.357205],[-72.612655,41.353834],[-72.611605,41.352327],[-72.612834,41.350219],[-72.61139,41.347096],[-72.611213,41.343233],[-72.612705,41.342414],[-72.612689,41.340866],[-72.614405,41.337002],[-72.613604,41.336223],[-72.614963,41.333588],[-72.614407,41.329966],[-72.612077,41.32922],[-72.611518,41.327506],[-72.608654,41.328175],[-72.605226,41.327609],[-72.60251,41.325977],[-72.600784,41.325814],[-72.597193,41.328533],[-72.595708,41.328035],[-72.592866,41.324065],[-72.591804,41.322778],[-72.589445,41.322663],[-72.587341,41.324326],[-72.586417,41.324217],[-72.585768,41.322976],[-72.585318,41.318618],[-72.587809,41.316045],[-72.589415,41.315133],[-72.587062,41.313706],[-72.585206,41.314232],[-72.584885,41.312934],[-72.586565,41.312936],[-72.588574,41.3117],[-72.585657,41.309852],[-72.586157,41.309151],[-72.585599,41.307348],[-72.582502,41.306386],[-72.581123,41.304932],[-72.581822,41.303902],[-72.579875,41.304002],[-72.57634,41.302425],[-72.575953,41.300921],[-72.573448,41.299175],[-72.570702,41.298004],[-72.571739,41.297565],[-72.569977,41.296646],[-72.570808,41.295776],[-72.570146,41.294419],[-72.567559,41.294174],[-72.565628,41.292393],[-72.564556,41.28986],[-72.564628,41.289519],[-72.567109,41.289731],[-72.569412,41.289441],[-72.581649,41.286386],[-72.585486,41.285447],[-72.592446,41.283812],[-72.600644,41.283693],[-72.601732,41.285547],[-72.602258,41.287832],[-72.60313,41.300213],[-72.603837,41.302905],[-72.606063,41.30814],[-72.606307,41.309295],[-72.606276,41.314442],[-72.607268,41.31742],[-72.608854,41.320078],[-72.610285,41.321483],[-72.613435,41.32342],[-72.621672,41.328152],[-72.622837,41.329477],[-72.623486,41.330798],[-72.624563,41.333215],[-72.627378,41.337423],[-72.630392,41.343163],[-72.631876,41.348344],[-72.633079,41.350917],[-72.637882,41.357957],[-72.638433,41.359333],[-72.638349,41.360168],[-72.637848,41.3659],[-72.637923,41.367798],[-72.64193,41.380308],[-72.642151,41.382738],[-72.645864,41.386605],[-72.65262,41.397243],[-72.65329,41.400323],[-72.652808,41.405109],[-72.654306,41.40889],[-72.65666,41.410859],[-72.657614,41.413116]]]}},{"type":"Feature","properties":{"GEOID":"09170170600","STATEFP":"09","COUNTYFP":"170","TRACTCE":"170600","NAMELSAD":"Census Tract 1706","NAMELSADCO":"South Central Connecticut Planning Region","STATE_NAME":"Connecticut"},"geometry":{"type":"Polygon","coordinates":[[[-72.836054,41.523604],[-72.832731,41.527346],[-72.8305,41.531741],[-72.826599,41.535797],[-72.829354,41.538661],[-72.834225,41.53583],[-72.836011,41.535336],[-72.83393,41.540199],[-72.83193,41.54235],[-72.827202,41.541734],[-72.824855,41.541195],[-72.824291,41.540964],[-72.821325,41.540567],[-72.820488,41.540561],[-72.819274,41.540623],[-72.817201,41.539843],[-72.814974,41.539619],[-72.81833,41.53664],[-72.819032,41.535833],[-72.821065,41.532625],[-72.821737,41.531055],[-72.823139,41.528537],[-72.825172,41.524505],[-72.825231,41.520911],[-72.825489,41.51961],[-72.825384,41.51806],[-72.825883,41.518161],[-72.827424,41.518601],[-72.827719,41.517551],[-72.8294,41.517783],[-72.82969,41.516693],[-72.83068,41.516508],[-72.830878,41.517238],[-72.834159,41.516965],[-72.834587,41.519711],[-72.834744,41.521005],[-72.838442,41.522486],[-72.836054,41.523604]]]}},{"type":"Feature","properties":{"GEOID":"09170171300","STATEFP":"09","COUNTYFP":"170","TRACTCE":"171300","NAMELSAD":"Census Tract 1713","NAMELSADCO":"South Central Connecticut Planning Region","STATE_NAME":"Connecticut"},"geometry":{"type":"Polygon","coordinates":[[[-72.789708,41.536334],[-72.78575,41.542673],[-72.780343,41.542101],[-72.774013,41.540521],[-72.77013,41.539007],[-72.767735,41.533458],[-72.768528,41.532242],[-72.770113,41.526577],[-72.772291,41.527042],[-72.778838,41.529454],[-72.779427,41.529658],[-72.78119,41.530371],[-72.7839,41.531378],[-72.785563,41.531859],[-72.784429,41.534331],[-72.785694,41.534591],[-72.785264,41.537491],[-72.789467,41.536033],[-72.790054,41.535933],[-72.789708,41.536334]]]}},{"type":"Feature","properties":{"GEOID":"09170171500","STATEFP":"09","COUNTYFP":"170","TRACTCE":"171500","NAMELSAD":"Census Tract 1715","NAMELSADCO":"South Central Connecticut Planning Region","STATE_NAME":"Connecticut"},"geometry":{"type":"Polygon","coordinates":[[[-72.796464,41.543943],[-72.794916,41.545543],[-72.793133,41.548733],[-72.792476,41.55053],[-72.791759,41.554977],[-72.786934,41.554381],[-72.783799,41.55217],[-72.781947,41.548876],[-72.782248,41.548235],[-72.782691,41.547608],[-72.78575,41.542673],[-72.791032,41.543653],[-72.793656,41.543819],[-72.795652,41.543852],[-72.796464,41.543943]]]}},{"type":"Feature","properties":{"GEOID":"09170171600","STATEFP":"09","COUNTYFP":"170","TRACTCE":"171600","NAMELSAD":"Census Tract 1716","NAMELSADCO":"South Central Connecticut Planning Region","STATE_NAME":"Connecticut"},"geometry":{"type":"Polygon","coordinates":[[[-72.814117,41.550173],[-72.813028,41.55306],[-72.812777,41.554679],[-72.812859,41.557185],[-72.80996,41.562284],[-72.809243,41.561997],[-72.805243,41.566598],[-72.801243,41.573098],[-72.779721,41.575936],[-72.768079,41.577313],[-72.770522,41.572984],[-72.774388,41.565232],[-72.776406,41.559361],[-72.781947,41.548876],[-72.783799,41.55217],[-72.786934,41.554381],[-72.791759,41.554977],[-72.792476,41.55053],[-72.793133,41.548733],[-72.794916,41.545543],[-72.796464,41.543943],[-72.798165,41.544225],[-72.805155,41.547251],[-72.809788,41.549234],[-72.81426,41.549885],[-72.814117,41.550173]]]}},{"type":"Feature","properties":{"GEOID":"09140352300","STATEFP":"09","COUNTYFP":"140","TRACTCE":"352300","NAMELSAD":"Census Tract 3523","NAMELSADCO":"Naugatuck Valley Planning Region","STATE_NAME":"Connecticut"},"geometry":{"type":"Polygon","coordinates":[[[-73.064381,41.576095],[-73.06224,41.576662],[-73.058337,41.576342],[-73.054263,41.578643],[-73.053071,41.58161],[-73.053065,41.58206],[-73.054477,41.584016],[-73.056482,41.585835],[-73.058389,41.588625],[-73.05801,41.588647],[-73.057424,41.589324],[-73.06015,41.593484],[-73.0607,41.600811],[-73.059097,41.602243],[-73.059469,41.606179],[-73.058024,41.60674],[-73.050362,41.609748],[-73.036156,41.615197],[-73.034777,41.615134],[-73.036276,41.611697],[-73.039951,41.607597],[-73.044621,41.604233],[-73.0455,41.602898],[-73.045784,41.599137],[-73.045178,41.598001],[-73.038145,41.595119],[-73.039639,41.593285],[-73.039531,41.588401],[-73.041962,41.587995],[-73.042385,41.585229],[-73.042505,41.584687],[-73.041718,41.581569],[-73.045774,41.581691],[-73.046114,41.582026],[-73.046857,41.578965],[-73.048627,41.578829],[-73.048602,41.577249],[-73.051797,41.570421],[-73.052788,41.569214],[-73.053047,41.56723],[-73.050223,41.563036],[-73.049793,41.56187],[-73.049088,41.560157],[-73.050229,41.558839],[-73.049764,41.558322],[-73.048035,41.556138],[-73.045857,41.551819],[-73.049865,41.551678],[-73.051222,41.551594],[-73.053679,41.553747],[-73.055963,41.558757],[-73.057792,41.56311],[-73.058208,41.568132],[-73.060189,41.571],[-73.062187,41.57271],[-73.066587,41.574197],[-73.064381,41.576095]]]}},{"type":"Feature","properties":{"GEOID":"09170154200","STATEFP":"09","COUNTYFP":"170","TRACTCE":"154200","NAMELSAD":"Census Tract 1542","NAMELSADCO":"South Central Connecticut Planning Region","STATE_NAME":"Connecticut"},"geometry":{"type":"Polygon","coordinates":[[[-72.992028,41.264446],[-72.992027,41.268089],[-72.986468,41.273049],[-72.979943,41.279192],[-72.982985,41.28129],[-72.979704,41.283806],[-72.974336,41.28698],[-72.974446,41.285155],[-72.972596,41.281723],[-72.968739,41.281673],[-72.965849,41.280523],[-72.964549,41.281155],[-72.963551,41.281516],[-72.961092,41.279363],[-72.966473,41.277068],[-72.968281,41.275895],[-72.968962,41.275183],[-72.970319,41.273233],[-72.972049,41.270445],[-72.975844,41.267212],[-72.986714,41.261941],[-72.989615,41.260458],[-72.992213,41.258644],[-72.992028,41.264446]]]}},{"type":"Feature","properties":{"GEOID":"09170154500","STATEFP":"09","COUNTYFP":"170","TRACTCE":"154500","NAMELSAD":"Census Tract 1545","NAMELSADCO":"South Central Connecticut Planning Region","STATE_NAME":"Connecticut"},"geometry":{"type":"Polygon","coordinates":[[[-72.956127,41.281392],[-72.950419,41.283697],[-72.948288,41.284179],[-72.939904,41.283499],[-72.938934,41.28144],[-72.9385948741925,41.2811287732565],[-72.9391112517729,41.28027369114],[-72.939163,41.280188],[-72.938023,41.278009],[-72.9371659719074,41.2773990218723],[-72.9367936579735,41.2771340324767],[-72.936566,41.276972],[-72.9365558635634,41.2767122952188],[-72.942383,41.274882],[-72.943441,41.27454],[-72.949819,41.272405],[-72.950345,41.273021],[-72.95261,41.275627],[-72.953239,41.276612],[-72.953669,41.277262],[-72.953854,41.277504],[-72.954071,41.277863],[-72.955819,41.280684],[-72.956127,41.281392]]]}},{"type":"Feature","properties":{"GEOID":"09140345100","STATEFP":"09","COUNTYFP":"140","TRACTCE":"345100","NAMELSAD":"Census Tract 3451","NAMELSADCO":"Naugatuck Valley Planning Region","STATE_NAME":"Connecticut"},"geometry":{"type":"Polygon","coordinates":[[[-73.066508,41.51422],[-73.059318,41.514524],[-73.055016,41.514657],[-73.048573,41.51536],[-73.047552,41.515204],[-73.039504,41.516586],[-73.027925,41.517923],[-73.022453,41.519001],[-73.019201,41.519409],[-73.018659,41.519612],[-73.018054,41.518068],[-73.013632,41.50521],[-73.010974,41.497483],[-73.014582,41.497717],[-73.015464,41.497421],[-73.016957,41.497032],[-73.026752,41.491578],[-73.030153,41.491614],[-73.032598,41.49238],[-73.03248,41.492986],[-73.039354,41.498104],[-73.040754,41.49871],[-73.043122,41.499256],[-73.0441,41.499752],[-73.04713,41.498406],[-73.049022,41.495508],[-73.049117,41.493861],[-73.051085,41.494875],[-73.052032,41.494336],[-73.052843,41.495215],[-73.053208,41.497056],[-73.052856,41.498139],[-73.057142,41.500438],[-73.057594,41.500766],[-73.059252,41.504793],[-73.059288,41.505309],[-73.059697,41.506752],[-73.060977,41.508629],[-73.065986,41.512907],[-73.069892,41.514292],[-73.066508,41.51422]]]}},{"type":"Feature","properties":{"GEOID":"09170151000","STATEFP":"09","COUNTYFP":"170","TRACTCE":"151000","NAMELSAD":"Census Tract 1510","NAMELSADCO":"South Central Connecticut Planning Region","STATE_NAME":"Connecticut"},"geometry":{"type":"Polygon","coordinates":[[[-73.03818,41.207121],[-73.034367,41.208816],[-73.030182,41.212408],[-73.027917,41.2141],[-73.025977,41.216977],[-73.025661,41.218588],[-73.02429,41.217819],[-73.020176,41.216356],[-73.018868,41.215705],[-73.01785,41.215045],[-73.014305,41.214581],[-73.012085,41.213714],[-73.008766,41.215395],[-73.007698,41.216415],[-73.006170041531,41.2159427142852],[-73.008387,41.210144],[-73.0086823928612,41.2098847463919],[-73.012621654107,41.206427426243],[-73.0130319667642,41.2060673124733],[-73.01455,41.204735],[-73.020219,41.204315],[-73.0202307004357,41.2047865870512],[-73.0202774506474,41.2066708582967],[-73.020278,41.206693],[-73.0224415297051,41.2073530234708],[-73.023297,41.207614],[-73.029645,41.207532],[-73.034895,41.206076],[-73.0352091532025,41.2056364330436],[-73.035918830345,41.2046434442119],[-73.03818,41.207121]]]}},{"type":"Feature","properties":{"GEOID":"09140345202","STATEFP":"09","COUNTYFP":"140","TRACTCE":"345202","NAMELSAD":"Census Tract 3452.02","NAMELSADCO":"Naugatuck Valley Planning Region","STATE_NAME":"Connecticut"},"geometry":{"type":"Polygon","coordinates":[[[-73.030471,41.465907],[-73.029136,41.466973],[-73.027175,41.467953],[-73.027869,41.469083],[-73.024919,41.468579],[-73.021175,41.472891],[-73.019844,41.476081],[-73.015949,41.481945],[-73.01596,41.485264],[-73.015843,41.485717],[-73.014988,41.487758],[-73.015316,41.489582],[-73.014226,41.493055],[-73.013969,41.495994],[-73.015464,41.497421],[-73.014582,41.497717],[-73.010974,41.497483],[-73.006043,41.483235],[-73.002681,41.474606],[-73.002278,41.474684],[-73.0013,41.471062],[-73.000856,41.469923],[-73.001954,41.466748],[-73.003347,41.462718],[-73.004229,41.462557],[-73.025751,41.459596],[-73.026185,41.461558],[-73.0294,41.464827],[-73.030471,41.465907]]]}},{"type":"Feature","properties":{"GEOID":"09150815000","STATEFP":"09","COUNTYFP":"150","TRACTCE":"815000","NAMELSAD":"Census Tract 8150","NAMELSADCO":"Northeastern Connecticut Planning Region","STATE_NAME":"Connecticut"},"geometry":{"type":"Polygon","coordinates":[[[-72.164498,41.834913],[-72.145113,41.834855],[-72.140378,41.834614],[-72.133985,41.834578],[-72.129049,41.834301],[-72.12595,41.83391],[-72.113995,41.83169],[-72.096671,41.831663],[-72.093275,41.831643],[-72.092446,41.83167],[-72.096642,41.768086],[-72.099728,41.757105],[-72.102628,41.744435],[-72.112045,41.745897],[-72.122521,41.748768],[-72.150738,41.752842],[-72.156321,41.753491],[-72.156719,41.753719],[-72.157856,41.765646],[-72.159342,41.781159],[-72.163218,41.822034],[-72.163211,41.822222],[-72.164498,41.834913]]]}},{"type":"Feature","properties":{"GEOID":"09150904400","STATEFP":"09","COUNTYFP":"150","TRACTCE":"904400","NAMELSAD":"Census Tract 9044","NAMELSADCO":"Northeastern Connecticut Planning Region","STATE_NAME":"Connecticut"},"geometry":{"type":"Polygon","coordinates":[[[-71.927131,41.853393],[-71.926156,41.856355],[-71.923489,41.859082],[-71.923234,41.862094],[-71.921887,41.864408],[-71.919187,41.867809],[-71.91736,41.869241],[-71.914212,41.869952],[-71.912025,41.869077],[-71.910403,41.869346],[-71.908931,41.870669],[-71.908145,41.872752],[-71.905207,41.873593],[-71.903794,41.876653],[-71.901708,41.877836],[-71.898342,41.880644],[-71.896004,41.881201],[-71.895255,41.878919],[-71.88191,41.855168],[-71.879898,41.850677],[-71.878885,41.842629],[-71.878145,41.840208],[-71.875347,41.835824],[-71.874882,41.833157],[-71.874758,41.832193],[-71.874121,41.828285],[-71.870572,41.821569],[-71.869669,41.818272],[-71.87003,41.815402],[-71.872007,41.809375],[-71.876252,41.809345],[-71.876039,41.810506],[-71.87745,41.811053],[-71.876676,41.813312],[-71.886738,41.817608],[-71.887912,41.818117],[-71.89133,41.818827],[-71.892681,41.81894],[-71.892181,41.815707],[-71.89418,41.815565],[-71.894737,41.815519],[-71.894926,41.815475],[-71.894947,41.815311],[-71.894857,41.814816],[-71.894797,41.814274],[-71.8952,41.812222],[-71.899553,41.816466],[-71.902013,41.816649],[-71.905115,41.815922],[-71.905758,41.815575],[-71.906213,41.815448],[-71.906799,41.815499],[-71.907086,41.815539],[-71.907627,41.815682],[-71.909018,41.815469],[-71.911396,41.814809],[-71.914395,41.815718],[-71.908892,41.816975],[-71.906865,41.821081],[-71.907937,41.823264],[-71.907385,41.825796],[-71.906181,41.826817],[-71.905114,41.828048],[-71.904298,41.831278],[-71.907287,41.832666],[-71.910147,41.835805],[-71.91086,41.838309],[-71.914264,41.840714],[-71.91607,41.844892],[-71.918356,41.845635],[-71.919735,41.846911],[-71.920873,41.849313],[-71.922882,41.850174],[-71.92515,41.849511],[-71.927003,41.850248],[-71.927131,41.853393]]]}},{"type":"Feature","properties":{"GEOID":"09150903200","STATEFP":"09","COUNTYFP":"150","TRACTCE":"903200","NAMELSAD":"Census Tract 9032","NAMELSADCO":"Northeastern Connecticut Planning Region","STATE_NAME":"Connecticut"},"geometry":{"type":"Polygon","coordinates":[[[-71.933847,41.916861],[-71.928085,41.917029],[-71.926133,41.916156],[-71.920367,41.915675],[-71.916761,41.912195],[-71.912988,41.911061],[-71.913052,41.909377],[-71.911435,41.908437],[-71.90804,41.907989],[-71.90371,41.903834],[-71.903061,41.902189],[-71.902327,41.902515],[-71.901123,41.900902],[-71.898915,41.899398],[-71.89835,41.901818],[-71.893903,41.905682],[-71.89246,41.907153],[-71.891397,41.90938],[-71.889997,41.912632],[-71.886503,41.920602],[-71.885386,41.922607],[-71.879274,41.931974],[-71.866998,41.932146],[-71.852661,41.932168],[-71.7978012534201,41.9323676992798],[-71.7976528289549,41.9286464718086],[-71.7971589425621,41.9162639874898],[-71.7966877946775,41.9044515922139],[-71.796828,41.904446],[-71.824772,41.898096],[-71.867986,41.88782],[-71.892342,41.881935],[-71.896004,41.881201],[-71.898342,41.880644],[-71.901708,41.877836],[-71.903794,41.876653],[-71.905207,41.873593],[-71.908145,41.872752],[-71.908931,41.870669],[-71.910403,41.869346],[-71.912025,41.869077],[-71.914212,41.869952],[-71.91736,41.869241],[-71.923204,41.870481],[-71.924965,41.874534],[-71.923726,41.878025],[-71.923062,41.881477],[-71.923474,41.883498],[-71.92123,41.886755],[-71.922507,41.888652],[-71.924038,41.892444],[-71.925659,41.897574],[-71.92663,41.899561],[-71.927171,41.90075],[-71.929098,41.902346],[-71.932208,41.906054],[-71.933847,41.916861]]]}},{"type":"Feature","properties":{"GEOID":"09150908100","STATEFP":"09","COUNTYFP":"150","TRACTCE":"908100","NAMELSAD":"Census Tract 9081","NAMELSADCO":"Northeastern Connecticut Planning Region","STATE_NAME":"Connecticut"},"geometry":{"type":"Polygon","coordinates":[[[-71.855986,41.656158],[-71.855705,41.657192],[-71.850814,41.688759],[-71.846497,41.71672],[-71.844211,41.732301],[-71.838705,41.768833],[-71.791258063576,41.774496473912],[-71.791062,41.770273],[-71.7910592549219,41.7701826762188],[-71.790106335744,41.7388279172293],[-71.7896921119938,41.7251983396573],[-71.789678,41.724734],[-71.7886475406628,41.6983421088834],[-71.7869988956813,41.6561173870817],[-71.786994,41.655992],[-71.7876366458895,41.6399171462982],[-71.796401,41.640476],[-71.817437,41.641866],[-71.820089,41.641844],[-71.846992,41.643757],[-71.857917,41.644227],[-71.855986,41.656158]]]}},{"type":"Feature","properties":{"GEOID":"09180800400","STATEFP":"09","COUNTYFP":"180","TRACTCE":"800400","NAMELSAD":"Census Tract 8004","NAMELSADCO":"Southeastern Connecticut Planning Region","STATE_NAME":"Connecticut"},"geometry":{"type":"Polygon","coordinates":[[[-72.237889,41.713117],[-72.234557,41.71292],[-72.231579,41.711728],[-72.232442,41.712163],[-72.229108,41.711202],[-72.222955,41.711864],[-72.220041,41.711589],[-72.217172,41.711669],[-72.212125,41.709799],[-72.209657,41.709764],[-72.207022,41.709328],[-72.206346,41.709374],[-72.203507,41.710146],[-72.200659,41.712983],[-72.198564,41.712297],[-72.197312,41.71318],[-72.194031,41.713093],[-72.192987,41.712182],[-72.192878,41.710486],[-72.191209,41.708602],[-72.19038,41.707576],[-72.183609,41.707646],[-72.179993,41.704162],[-72.179975,41.702846],[-72.181717,41.700296],[-72.185976,41.702529],[-72.186781,41.702439],[-72.187967,41.702057],[-72.192472,41.7035],[-72.190417,41.701604],[-72.187607,41.699841],[-72.186293,41.697132],[-72.198457,41.694139],[-72.198835,41.693525],[-72.20436,41.693553],[-72.206227,41.692916],[-72.211178,41.694145],[-72.211589,41.69441],[-72.214587,41.696343],[-72.217176,41.698012],[-72.234997,41.710692],[-72.237889,41.713117]]]}},{"type":"Feature","properties":{"GEOID":"09110502800","STATEFP":"09","COUNTYFP":"110","TRACTCE":"502800","NAMELSAD":"Census Tract 5028","NAMELSADCO":"Capitol Planning Region","STATE_NAME":"Connecticut"},"geometry":{"type":"Polygon","coordinates":[[[-72.69343,41.753379],[-72.692155,41.756082],[-72.691922,41.758149],[-72.690573,41.758132],[-72.687063,41.75803],[-72.682348,41.757907],[-72.682622,41.755401],[-72.682825,41.753537],[-72.687106,41.753397],[-72.689204,41.753316],[-72.689151,41.752257],[-72.693102,41.752138],[-72.693613,41.75213],[-72.69343,41.753379]]]}},{"type":"Feature","properties":{"GEOID":"09110497000","STATEFP":"09","COUNTYFP":"110","TRACTCE":"497000","NAMELSAD":"Census Tract 4970","NAMELSADCO":"Capitol Planning Region","STATE_NAME":"Connecticut"},"geometry":{"type":"Polygon","coordinates":[[[-72.746144,41.779252],[-72.737107,41.778963],[-72.731132,41.778783],[-72.726193,41.778611],[-72.72458,41.778567],[-72.713971,41.777155],[-72.71647,41.770798],[-72.726709,41.769813],[-72.727281,41.769815],[-72.731518,41.769638],[-72.736195,41.76946],[-72.737261,41.769429],[-72.74305,41.769225],[-72.745053,41.773501],[-72.745236,41.77499],[-72.745409,41.776452],[-72.746144,41.779252]]]}},{"type":"Feature","properties":{"GEOID":"09110497300","STATEFP":"09","COUNTYFP":"110","TRACTCE":"497300","NAMELSAD":"Census Tract 4973","NAMELSADCO":"Capitol Planning Region","STATE_NAME":"Connecticut"},"geometry":{"type":"Polygon","coordinates":[[[-72.750621,41.80595],[-72.729431,41.806418],[-72.719102,41.806529],[-72.71759,41.806623],[-72.718019,41.802187],[-72.71708,41.801029],[-72.715709,41.793808],[-72.715504,41.791582],[-72.71506,41.788139],[-72.715205,41.787157],[-72.716788,41.787182],[-72.724154,41.785939],[-72.728489,41.78615],[-72.735355,41.786465],[-72.740946,41.786534],[-72.742989,41.789615],[-72.742841,41.793245],[-72.74437,41.796338],[-72.746094,41.79874],[-72.74684,41.802137],[-72.750252,41.801874],[-72.750826,41.805081],[-72.750621,41.80595]]]}},{"type":"Feature","properties":{"GEOID":"09110497500","STATEFP":"09","COUNTYFP":"110","TRACTCE":"497500","NAMELSAD":"Census Tract 4975","NAMELSADCO":"Capitol Planning Region","STATE_NAME":"Connecticut"},"geometry":{"type":"Polygon","coordinates":[[[-72.767392,41.805285],[-72.753104,41.805578],[-72.750621,41.80595],[-72.750826,41.805081],[-72.750252,41.801874],[-72.74684,41.802137],[-72.746094,41.79874],[-72.74437,41.796338],[-72.742841,41.793245],[-72.742989,41.789615],[-72.740946,41.786534],[-72.747052,41.785754],[-72.747763,41.785687],[-72.74954,41.785659],[-72.766246,41.787367],[-72.766652,41.792745],[-72.767456,41.79982],[-72.767392,41.805285]]]}},{"type":"Feature","properties":{"GEOID":"09110492400","STATEFP":"09","COUNTYFP":"110","TRACTCE":"492400","NAMELSAD":"Census Tract 4924","NAMELSADCO":"Capitol Planning Region","STATE_NAME":"Connecticut"},"geometry":{"type":"Polygon","coordinates":[[[-72.706315,41.703007],[-72.702958,41.703338],[-72.699545,41.710071],[-72.693651,41.710784],[-72.690684,41.711901],[-72.67912,41.714128],[-72.675589,41.711154],[-72.675106,41.710473],[-72.672746,41.703535],[-72.686187,41.700919],[-72.690546,41.699995],[-72.701743,41.698752],[-72.705349,41.698054],[-72.705438,41.69923],[-72.706315,41.703007]]]}},{"type":"Feature","properties":{"GEOID":"09110473100","STATEFP":"09","COUNTYFP":"110","TRACTCE":"473100","NAMELSAD":"Census Tract 4731","NAMELSADCO":"Capitol Planning Region","STATE_NAME":"Connecticut"},"geometry":{"type":"Polygon","coordinates":[[[-72.689024,41.853197],[-72.684115,41.849743],[-72.680203,41.849128],[-72.678844,41.850835],[-72.677816,41.854852],[-72.676844,41.855643],[-72.676053,41.85674],[-72.674159,41.857678],[-72.67189,41.860235],[-72.670028,41.861905],[-72.666885,41.861797],[-72.66304,41.860299],[-72.664495,41.852417],[-72.665094,41.846564],[-72.665432,41.837995],[-72.665863,41.827841],[-72.665941,41.819128],[-72.665906,41.818796],[-72.663739,41.811347],[-72.66107,41.807083],[-72.663478,41.806526],[-72.686137,41.802899],[-72.686559,41.817509],[-72.686979,41.82583],[-72.687037,41.826587],[-72.687394,41.829908],[-72.688073,41.837071],[-72.689024,41.853197]]]}},{"type":"Feature","properties":{"GEOID":"09110415800","STATEFP":"09","COUNTYFP":"110","TRACTCE":"415800","NAMELSAD":"Census Tract 4158","NAMELSADCO":"Capitol Planning Region","STATE_NAME":"Connecticut"},"geometry":{"type":"Polygon","coordinates":[[[-72.806742,41.665341],[-72.801965,41.664626],[-72.799232,41.665558],[-72.793468,41.668423],[-72.788871,41.669653],[-72.785988,41.669547],[-72.785489,41.669473],[-72.785207,41.667376],[-72.784622,41.665345],[-72.783887,41.665397],[-72.783623,41.664217],[-72.783606,41.662177],[-72.784712,41.66214],[-72.789387,41.661458],[-72.789278,41.659722],[-72.797453,41.659245],[-72.800817,41.658833],[-72.802197,41.660158],[-72.806645,41.664407],[-72.806742,41.665341]]]}},{"type":"Feature","properties":{"GEOID":"09110415900","STATEFP":"09","COUNTYFP":"110","TRACTCE":"415900","NAMELSAD":"Census Tract 4159","NAMELSADCO":"Capitol Planning Region","STATE_NAME":"Connecticut"},"geometry":{"type":"Polygon","coordinates":[[[-72.798095,41.66677],[-72.797648,41.669751],[-72.797411,41.671741],[-72.796663,41.672769],[-72.793495,41.672635],[-72.79226,41.67276],[-72.790985,41.672903],[-72.787592,41.673281],[-72.786017,41.673369],[-72.784559,41.673437],[-72.783055,41.673425],[-72.781163,41.672624],[-72.781802,41.668683],[-72.785489,41.669473],[-72.785988,41.669547],[-72.788871,41.669653],[-72.793468,41.668423],[-72.799232,41.665558],[-72.798095,41.66677]]]}},{"type":"Feature","properties":{"GEOID":"09110416400","STATEFP":"09","COUNTYFP":"110","TRACTCE":"416400","NAMELSAD":"Census Tract 4164","NAMELSADCO":"Capitol Planning Region","STATE_NAME":"Connecticut"},"geometry":{"type":"Polygon","coordinates":[[[-72.825418,41.668938],[-72.816924,41.667657],[-72.80942,41.666289],[-72.806742,41.665341],[-72.806645,41.664407],[-72.802197,41.660158],[-72.800817,41.658833],[-72.798301,41.656321],[-72.797794,41.655636],[-72.79116,41.647484],[-72.794642,41.647213],[-72.796388,41.647201],[-72.814188,41.645706],[-72.814322,41.645699],[-72.819185,41.645004],[-72.819442,41.645579],[-72.820739,41.655715],[-72.822573,41.65571],[-72.824289,41.661853],[-72.825624,41.66849],[-72.825418,41.668938]]]}},{"type":"Feature","properties":{"GEOID":"09110416600","STATEFP":"09","COUNTYFP":"110","TRACTCE":"416600","NAMELSAD":"Census Tract 4166","NAMELSADCO":"Capitol Planning Region","STATE_NAME":"Connecticut"},"geometry":{"type":"Polygon","coordinates":[[[-72.80653,41.668365],[-72.806397,41.668651],[-72.805399,41.670065],[-72.805236,41.670411],[-72.804844,41.671656],[-72.804441,41.674078],[-72.804188,41.675015],[-72.804395,41.678506],[-72.80333,41.680623],[-72.802106,41.684227],[-72.80007,41.684607],[-72.796275,41.684352],[-72.793484,41.683454],[-72.793828,41.681379],[-72.793586,41.67908],[-72.793584,41.678403],[-72.79418,41.675843],[-72.796663,41.672769],[-72.797411,41.671741],[-72.797648,41.669751],[-72.798095,41.66677],[-72.799232,41.665558],[-72.801965,41.664626],[-72.806742,41.665341],[-72.80653,41.668365]]]}},{"type":"Feature","properties":{"GEOID":"09110417100","STATEFP":"09","COUNTYFP":"110","TRACTCE":"417100","NAMELSAD":"Census Tract 4171","NAMELSADCO":"Capitol Planning Region","STATE_NAME":"Connecticut"},"geometry":{"type":"Polygon","coordinates":[[[-72.785489,41.669473],[-72.781802,41.668683],[-72.781163,41.672624],[-72.779584,41.672985],[-72.779399,41.671882],[-72.776773,41.672],[-72.775735,41.671906],[-72.776671,41.670951],[-72.771881,41.6713],[-72.772249,41.668312],[-72.771415,41.666504],[-72.769769,41.662875],[-72.769274,41.662367],[-72.776803,41.661352],[-72.779662,41.661196],[-72.780535,41.661151],[-72.783314,41.66004],[-72.782833,41.662181],[-72.783606,41.662177],[-72.783623,41.664217],[-72.783887,41.665397],[-72.784622,41.665345],[-72.785207,41.667376],[-72.785489,41.669473]]]}},{"type":"Feature","properties":{"GEOID":"09110492600","STATEFP":"09","COUNTYFP":"110","TRACTCE":"492600","NAMELSAD":"Census Tract 4926","NAMELSADCO":"Capitol Planning Region","STATE_NAME":"Connecticut"},"geometry":{"type":"Polygon","coordinates":[[[-72.70694,41.673714],[-72.700364,41.674573],[-72.701053,41.677325],[-72.701935,41.682634],[-72.703243,41.688915],[-72.701355,41.688615],[-72.697371,41.688694],[-72.694478,41.688226],[-72.692186,41.688454],[-72.688328,41.688954],[-72.683051,41.691353],[-72.680277,41.691921],[-72.674989,41.692868],[-72.670668,41.693723],[-72.667435,41.694387],[-72.664822,41.694875],[-72.659282,41.695931],[-72.65901,41.697756],[-72.65832,41.698074],[-72.656608,41.69871],[-72.654465,41.694961],[-72.650911,41.687283],[-72.649115,41.68498],[-72.658141,41.682201],[-72.659048,41.681671],[-72.659053,41.682182],[-72.660355,41.681509],[-72.665337,41.680098],[-72.66629,41.675695],[-72.66697,41.672641],[-72.667199,41.672173],[-72.667743,41.671508],[-72.66994,41.669893],[-72.671746,41.6696],[-72.672465,41.669642],[-72.682407,41.670837],[-72.683111,41.671851],[-72.688374,41.670994],[-72.693497,41.670971],[-72.695875,41.670062],[-72.706039,41.668799],[-72.706534,41.670628],[-72.70694,41.673714]]]}},{"type":"Feature","properties":{"GEOID":"09110494201","STATEFP":"09","COUNTYFP":"110","TRACTCE":"494201","NAMELSAD":"Census Tract 4942.01","NAMELSADCO":"Capitol Planning Region","STATE_NAME":"Connecticut"},"geometry":{"type":"Polygon","coordinates":[[[-72.754427,41.672096],[-72.751677,41.672555],[-72.749171,41.672982],[-72.747589,41.673126],[-72.732455,41.674694],[-72.729148,41.675423],[-72.72654,41.66181],[-72.723444,41.661758],[-72.722212,41.661482],[-72.727356,41.652197],[-72.727163,41.649484],[-72.749874,41.646965],[-72.750357,41.650167],[-72.750512,41.651201],[-72.750552,41.653948],[-72.751915,41.659156],[-72.753554,41.66779],[-72.753521,41.66795],[-72.754427,41.672096]]]}},{"type":"Feature","properties":{"GEOID":"09110420400","STATEFP":"09","COUNTYFP":"110","TRACTCE":"420400","NAMELSAD":"Census Tract 4204","NAMELSADCO":"Capitol Planning Region","STATE_NAME":"Connecticut"},"geometry":{"type":"Polygon","coordinates":[[[-72.892883,41.696693],[-72.877786,41.698095],[-72.869342,41.696522],[-72.863845,41.695429],[-72.85321,41.693792],[-72.857263,41.69108],[-72.860252,41.688507],[-72.861557,41.686466],[-72.863098,41.68634],[-72.864227,41.684093],[-72.866264,41.683949],[-72.867088,41.682587],[-72.866814,41.679234],[-72.86735,41.676824],[-72.868609,41.676049],[-72.868372,41.67404],[-72.867189,41.673291],[-72.876643,41.674933],[-72.880746,41.675418],[-72.888526,41.67516],[-72.889214,41.678075],[-72.89032,41.684057],[-72.891896,41.69254],[-72.892883,41.696693]]]}},{"type":"Feature","properties":{"GEOID":"09110487202","STATEFP":"09","COUNTYFP":"110","TRACTCE":"487202","NAMELSAD":"Census Tract 4872.02","NAMELSADCO":"Capitol Planning Region","STATE_NAME":"Connecticut"},"geometry":{"type":"Polygon","coordinates":[[[-72.53469,41.839966],[-72.527892,41.844377],[-72.524709,41.847855],[-72.520291,41.852912],[-72.515142,41.857461],[-72.501927,41.859457],[-72.49681,41.860616],[-72.499273,41.850273],[-72.50232,41.834745],[-72.502632,41.833589],[-72.503751,41.832681],[-72.511504,41.834826],[-72.514306,41.834814],[-72.515818,41.831677],[-72.518915,41.832592],[-72.526056,41.836555],[-72.532991,41.838992],[-72.53469,41.839966]]]}},{"type":"Feature","properties":{"GEOID":"09110462101","STATEFP":"09","COUNTYFP":"110","TRACTCE":"462101","NAMELSAD":"Census Tract 4621.01","NAMELSADCO":"Capitol Planning Region","STATE_NAME":"Connecticut"},"geometry":{"type":"Polygon","coordinates":[[[-72.893143,41.791859],[-72.891221,41.794618],[-72.888319,41.803369],[-72.887349,41.808466],[-72.887949,41.813902],[-72.885844,41.813891],[-72.874705,41.815647],[-72.8749,41.811034],[-72.87323,41.807015],[-72.87343,41.805289],[-72.873332,41.80406],[-72.875513,41.801284],[-72.871448,41.801511],[-72.871443,41.798963],[-72.86905,41.795578],[-72.867323,41.79172],[-72.865457,41.789663],[-72.863353,41.789855],[-72.864463,41.783723],[-72.86405,41.781151],[-72.863151,41.776888],[-72.862653,41.77566],[-72.860332,41.771492],[-72.857897,41.762508],[-72.867027,41.763724],[-72.873218,41.764013],[-72.875453,41.764505],[-72.881054,41.765482],[-72.884191,41.765595],[-72.889797,41.765082],[-72.890847,41.767518],[-72.890277,41.777118],[-72.890383,41.779241],[-72.892505,41.782999],[-72.892775,41.789219],[-72.893143,41.791859]]]}},{"type":"Feature","properties":{"GEOID":"09110462201","STATEFP":"09","COUNTYFP":"110","TRACTCE":"462201","NAMELSAD":"Census Tract 4622.01","NAMELSADCO":"Capitol Planning Region","STATE_NAME":"Connecticut"},"geometry":{"type":"Polygon","coordinates":[[[-72.873332,41.80406],[-72.87343,41.805289],[-72.87323,41.807015],[-72.8749,41.811034],[-72.874705,41.815647],[-72.870201,41.81613],[-72.866356,41.816488],[-72.844704,41.819342],[-72.842888,41.819458],[-72.840029,41.820216],[-72.829,41.821389],[-72.819856,41.822453],[-72.819308,41.822434],[-72.820671,41.818758],[-72.824009,41.81454],[-72.820699,41.813024],[-72.819994,41.810189],[-72.822585,41.806809],[-72.82415,41.805325],[-72.829346,41.803356],[-72.830414,41.800274],[-72.830154,41.797455],[-72.832108,41.792404],[-72.832033,41.78808],[-72.832451,41.784966],[-72.830818,41.784355],[-72.825439,41.784023],[-72.823685,41.782707],[-72.823196,41.780903],[-72.821144,41.776913],[-72.821693,41.77177],[-72.824234,41.770226],[-72.824913,41.767673],[-72.824326,41.764542],[-72.82061,41.758926],[-72.820461,41.757946],[-72.827742,41.759118],[-72.853144,41.762099],[-72.857897,41.762508],[-72.860332,41.771492],[-72.862653,41.77566],[-72.863151,41.776888],[-72.86405,41.781151],[-72.864463,41.783723],[-72.863353,41.789855],[-72.865457,41.789663],[-72.867323,41.79172],[-72.86905,41.795578],[-72.871443,41.798963],[-72.871448,41.801511],[-72.875513,41.801284],[-72.873332,41.80406]]]}},{"type":"Feature","properties":{"GEOID":"09110473501","STATEFP":"09","COUNTYFP":"110","TRACTCE":"473501","NAMELSAD":"Census Tract 4735.01","NAMELSADCO":"Capitol Planning Region","STATE_NAME":"Connecticut"},"geometry":{"type":"Polygon","coordinates":[[[-72.742964,41.877352],[-72.737806,41.892376],[-72.737729,41.892608],[-72.733688,41.890766],[-72.73175,41.890766],[-72.726952,41.894249],[-72.722775,41.895375],[-72.720762,41.895315],[-72.718485,41.896057],[-72.717413,41.897111],[-72.716967,41.901606],[-72.714544,41.903917],[-72.711709,41.904784],[-72.708808,41.908122],[-72.707244,41.912227],[-72.70399,41.915147],[-72.700595,41.916059],[-72.698832,41.915433],[-72.69626,41.916042],[-72.691281,41.915362],[-72.687472,41.911669],[-72.687604,41.908019],[-72.686363,41.907108],[-72.68579,41.904463],[-72.686539,41.901164],[-72.684431,41.899984],[-72.680714,41.899726],[-72.679232,41.90106],[-72.677902,41.902195],[-72.673059,41.902475],[-72.66805,41.8999],[-72.668036,41.898468],[-72.668451,41.898568],[-72.668972,41.894321],[-72.668492,41.893018],[-72.66306,41.892041],[-72.660887,41.890502],[-72.659827,41.888577],[-72.661651,41.887019],[-72.66446,41.889813],[-72.666459,41.890029],[-72.667377,41.88846],[-72.659634,41.882564],[-72.662014,41.879169],[-72.662971,41.874011],[-72.663123,41.871782],[-72.662433,41.865102],[-72.66304,41.860299],[-72.666885,41.861797],[-72.670028,41.861905],[-72.67189,41.860235],[-72.674159,41.857678],[-72.676053,41.85674],[-72.676844,41.855643],[-72.677816,41.854852],[-72.678844,41.850835],[-72.680203,41.849128],[-72.684115,41.849743],[-72.689024,41.853197],[-72.689518,41.860146],[-72.689691,41.866244],[-72.697683,41.867506],[-72.699645,41.868021],[-72.724042,41.873227],[-72.727972,41.874323],[-72.740607,41.876812],[-72.742964,41.877352]]]}},{"type":"Feature","properties":{"GEOID":"09110473502","STATEFP":"09","COUNTYFP":"110","TRACTCE":"473502","NAMELSAD":"Census Tract 4735.02","NAMELSADCO":"Capitol Planning Region","STATE_NAME":"Connecticut"},"geometry":{"type":"Polygon","coordinates":[[[-72.737729,41.892608],[-72.729646,41.914345],[-72.729225,41.915589],[-72.722212,41.927928],[-72.713636,41.926997],[-72.703503,41.924697],[-72.695906,41.922431],[-72.69486,41.921127],[-72.693223,41.920093],[-72.686137,41.918098],[-72.677379,41.917108],[-72.674329,41.916003],[-72.66398,41.90892],[-72.662054,41.9079],[-72.654342,41.905144],[-72.652519,41.90453],[-72.642748,41.900098],[-72.641934,41.899197],[-72.640153,41.897857],[-72.642643,41.894853],[-72.643925,41.893734],[-72.648622,41.891082],[-72.655879,41.886688],[-72.659634,41.882564],[-72.667377,41.88846],[-72.666459,41.890029],[-72.66446,41.889813],[-72.661651,41.887019],[-72.659827,41.888577],[-72.660887,41.890502],[-72.66306,41.892041],[-72.668492,41.893018],[-72.668972,41.894321],[-72.668451,41.898568],[-72.668036,41.898468],[-72.66805,41.8999],[-72.673059,41.902475],[-72.677902,41.902195],[-72.679232,41.90106],[-72.680714,41.899726],[-72.684431,41.899984],[-72.686539,41.901164],[-72.68579,41.904463],[-72.686363,41.907108],[-72.687604,41.908019],[-72.687472,41.911669],[-72.691281,41.915362],[-72.69626,41.916042],[-72.698832,41.915433],[-72.700595,41.916059],[-72.70399,41.915147],[-72.707244,41.912227],[-72.708808,41.908122],[-72.711709,41.904784],[-72.714544,41.903917],[-72.716967,41.901606],[-72.717413,41.897111],[-72.718485,41.896057],[-72.720762,41.895315],[-72.722775,41.895375],[-72.726952,41.894249],[-72.73175,41.890766],[-72.733688,41.890766],[-72.737729,41.892608]]]}},{"type":"Feature","properties":{"GEOID":"09110473700","STATEFP":"09","COUNTYFP":"110","TRACTCE":"473700","NAMELSAD":"Census Tract 4737","NAMELSADCO":"Capitol Planning Region","STATE_NAME":"Connecticut"},"geometry":{"type":"Polygon","coordinates":[[[-72.665941,41.819128],[-72.665863,41.827841],[-72.665432,41.837995],[-72.665094,41.846564],[-72.658465,41.845202],[-72.65088,41.845507],[-72.647378,41.845244],[-72.647907,41.843367],[-72.64553,41.843045],[-72.644877,41.845337],[-72.643196,41.848229],[-72.640411,41.846093],[-72.639395,41.846099],[-72.636789,41.845235],[-72.6322,41.844808],[-72.631286,41.843704],[-72.629171,41.845085],[-72.625611,41.845728],[-72.629935,41.837198],[-72.637234,41.830534],[-72.638222,41.829416],[-72.638927,41.828753],[-72.640394,41.825239],[-72.644264,41.813011],[-72.651392,41.814942],[-72.656781,41.817988],[-72.661003,41.818974],[-72.665906,41.818796],[-72.665941,41.819128]]]}},{"type":"Feature","properties":{"GEOID":"09110476300","STATEFP":"09","COUNTYFP":"110","TRACTCE":"476300","NAMELSAD":"Census Tract 4763","NAMELSADCO":"Capitol Planning Region","STATE_NAME":"Connecticut"},"geometry":{"type":"Polygon","coordinates":[[[-72.695906,41.922431],[-72.69351,41.928781],[-72.689274,41.9311],[-72.686029,41.928441],[-72.681834,41.925858],[-72.674261,41.924849],[-72.670125,41.924915],[-72.670365,41.929802],[-72.662165,41.926876],[-72.660873,41.926598],[-72.655374,41.926537],[-72.647736,41.926322],[-72.633241,41.925918],[-72.633467,41.921491],[-72.637654,41.914788],[-72.637104,41.912616],[-72.635674,41.905662],[-72.634693,41.904265],[-72.635427,41.903308],[-72.639834,41.897596],[-72.640153,41.897857],[-72.641934,41.899197],[-72.642748,41.900098],[-72.652519,41.90453],[-72.654342,41.905144],[-72.662054,41.9079],[-72.66398,41.90892],[-72.674329,41.916003],[-72.677379,41.917108],[-72.686137,41.918098],[-72.693223,41.920093],[-72.69486,41.921127],[-72.695906,41.922431]]]}},{"type":"Feature","properties":{"GEOID":"09110471400","STATEFP":"09","COUNTYFP":"110","TRACTCE":"471400","NAMELSAD":"Census Tract 4714","NAMELSADCO":"Capitol Planning Region","STATE_NAME":"Connecticut"},"geometry":{"type":"Polygon","coordinates":[[[-72.798552,41.824885],[-72.78455,41.826593],[-72.783336,41.826907],[-72.784438,41.833307],[-72.783486,41.836558],[-72.784267,41.837778],[-72.785156,41.843414],[-72.78444,41.855698],[-72.772214,41.878172],[-72.770403,41.880789],[-72.771387,41.885117],[-72.766945,41.895886],[-72.766425,41.898273],[-72.765054,41.902614],[-72.760585,41.905705],[-72.76098,41.903467],[-72.755598,41.900028],[-72.749428,41.896918],[-72.743926,41.895736],[-72.737806,41.892376],[-72.742964,41.877352],[-72.740607,41.876812],[-72.740008,41.875047],[-72.739991,41.874428],[-72.739749,41.853109],[-72.740924,41.846502],[-72.740657,41.84426],[-72.738196,41.839529],[-72.742081,41.840336],[-72.742642,41.840615],[-72.745523,41.841291],[-72.749026,41.830409],[-72.748954,41.830403],[-72.749747,41.826522],[-72.752642,41.818517],[-72.751774,41.817226],[-72.748141,41.817059],[-72.747811,41.816711],[-72.749031,41.812967],[-72.749064,41.808879],[-72.750621,41.80595],[-72.753104,41.805578],[-72.767392,41.805285],[-72.770547,41.805302],[-72.797241,41.804699],[-72.798327,41.811016],[-72.797829,41.814316],[-72.798552,41.824885]]]}},{"type":"Feature","properties":{"GEOID":"09140405200","STATEFP":"09","COUNTYFP":"140","TRACTCE":"405200","NAMELSAD":"Census Tract 4052","NAMELSADCO":"Naugatuck Valley Planning Region","STATE_NAME":"Connecticut"},"geometry":{"type":"Polygon","coordinates":[[[-72.925423,41.690087],[-72.921769,41.690954],[-72.91459,41.693461],[-72.914415,41.693296],[-72.914062,41.692885],[-72.912777,41.689847],[-72.911821,41.687996],[-72.911217,41.686466],[-72.905172,41.680141],[-72.903489,41.679614],[-72.903244,41.677571],[-72.902914,41.677042],[-72.895611,41.677781],[-72.890412,41.677885],[-72.889214,41.678075],[-72.888526,41.67516],[-72.891897,41.674417],[-72.899666,41.673618],[-72.904059,41.672753],[-72.90734,41.671935],[-72.91592,41.669092],[-72.919398,41.668587],[-72.921768,41.668915],[-72.922614,41.6692],[-72.922389,41.669673],[-72.920566,41.673172],[-72.920205,41.676882],[-72.921417,41.679642],[-72.922435,41.680965],[-72.923583,41.682545],[-72.924826,41.683948],[-72.925423,41.690087]]]}},{"type":"Feature","properties":{"GEOID":"09140405500","STATEFP":"09","COUNTYFP":"140","TRACTCE":"405500","NAMELSAD":"Census Tract 4055","NAMELSADCO":"Naugatuck Valley Planning Region","STATE_NAME":"Connecticut"},"geometry":{"type":"Polygon","coordinates":[[[-72.96579,41.654653],[-72.964947,41.656394],[-72.962803,41.657682],[-72.961459,41.65982],[-72.953508,41.661825],[-72.948605,41.662623],[-72.945862,41.665592],[-72.945261,41.666315],[-72.94535,41.667822],[-72.943326,41.667944],[-72.941112,41.667708],[-72.939299,41.668026],[-72.93592,41.668782],[-72.933968,41.668697],[-72.928806,41.668086],[-72.927521,41.668242],[-72.926818,41.669573],[-72.924221,41.669293],[-72.922806,41.668662],[-72.922768,41.668076],[-72.921103,41.664938],[-72.921894,41.664718],[-72.923222,41.65178],[-72.92402,41.650585],[-72.923443,41.647345],[-72.923911,41.645492],[-72.921954,41.64114],[-72.927779,41.640725],[-72.928604,41.645454],[-72.938501,41.644311],[-72.947752,41.643222],[-72.960209,41.641969],[-72.963931,41.641318],[-72.963793,41.648084],[-72.965378,41.651362],[-72.96579,41.654653]]]}},{"type":"Feature","properties":{"GEOID":"09140405900","STATEFP":"09","COUNTYFP":"140","TRACTCE":"405900","NAMELSAD":"Census Tract 4059","NAMELSADCO":"Naugatuck Valley Planning Region","STATE_NAME":"Connecticut"},"geometry":{"type":"Polygon","coordinates":[[[-72.94809,41.717601],[-72.944088,41.718082],[-72.943081,41.718836],[-72.930485,41.719841],[-72.926951,41.720376],[-72.927333,41.715086],[-72.928696,41.70974],[-72.927507,41.703957],[-72.927918,41.702944],[-72.928577,41.698917],[-72.928491,41.697079],[-72.928589,41.696005],[-72.927348,41.689618],[-72.933548,41.687568],[-72.935416,41.687282],[-72.941902,41.682636],[-72.942276,41.682259],[-72.942408,41.686865],[-72.943238,41.689476],[-72.944089,41.692195],[-72.944808,41.695921],[-72.944988,41.699983],[-72.947223,41.703958],[-72.947821,41.706682],[-72.945112,41.711484],[-72.948068,41.717226],[-72.94809,41.717601]]]}},{"type":"Feature","properties":{"GEOID":"09140406001","STATEFP":"09","COUNTYFP":"140","TRACTCE":"406001","NAMELSAD":"Census Tract 4060.01","NAMELSADCO":"Naugatuck Valley Planning Region","STATE_NAME":"Connecticut"},"geometry":{"type":"Polygon","coordinates":[[[-72.928696,41.70974],[-72.927333,41.715086],[-72.926951,41.720376],[-72.914476,41.721513],[-72.915141,41.719962],[-72.913609,41.712306],[-72.912567,41.710497],[-72.911866,41.707321],[-72.910638,41.701237],[-72.909658,41.697608],[-72.908369,41.695815],[-72.91459,41.693461],[-72.921769,41.690954],[-72.925423,41.690087],[-72.927348,41.689618],[-72.928589,41.696005],[-72.928491,41.697079],[-72.928577,41.698917],[-72.927918,41.702944],[-72.927507,41.703957],[-72.928696,41.70974]]]}},{"type":"Feature","properties":{"GEOID":"09110464102","STATEFP":"09","COUNTYFP":"110","TRACTCE":"464102","NAMELSAD":"Census Tract 4641.02","NAMELSADCO":"Capitol Planning Region","STATE_NAME":"Connecticut"},"geometry":{"type":"Polygon","coordinates":[[[-72.939559,41.83169],[-72.937738,41.832874],[-72.935814,41.833447],[-72.929976,41.832744],[-72.927458,41.832944],[-72.926542,41.833021],[-72.916034,41.832207],[-72.908693,41.831247],[-72.904823,41.830589],[-72.90207,41.829454],[-72.898334,41.826648],[-72.8951,41.825132],[-72.891068,41.823698],[-72.887577,41.823967],[-72.887445,41.82399],[-72.884687,41.82419],[-72.874227,41.822195],[-72.870696,41.819118],[-72.870201,41.81613],[-72.874705,41.815647],[-72.885844,41.813891],[-72.887949,41.813902],[-72.914349,41.810575],[-72.915361,41.807562],[-72.917365,41.807353],[-72.91977,41.80695],[-72.921183,41.807117],[-72.924133,41.808723],[-72.925901,41.809161],[-72.949024,41.806431],[-72.939559,41.83169]]]}},{"type":"Feature","properties":{"GEOID":"09110510500","STATEFP":"09","COUNTYFP":"110","TRACTCE":"510500","NAMELSAD":"Census Tract 5105","NAMELSADCO":"Capitol Planning Region","STATE_NAME":"Connecticut"},"geometry":{"type":"Polygon","coordinates":[[[-72.620106,41.775806],[-72.618633,41.774546],[-72.613469,41.776965],[-72.60893,41.775582],[-72.605363,41.776502],[-72.603871,41.773288],[-72.602917,41.772221],[-72.602028,41.771225],[-72.600924,41.769939],[-72.60024,41.765748],[-72.599663,41.759819],[-72.601421,41.754876],[-72.605742,41.751958],[-72.605604,41.748985],[-72.605177,41.746755],[-72.611383,41.745868],[-72.612747,41.74571],[-72.613884,41.75071],[-72.612787,41.751781],[-72.61359,41.755056],[-72.609203,41.755829],[-72.609332,41.756722],[-72.610356,41.756616],[-72.611159,41.759413],[-72.614281,41.759813],[-72.615574,41.763602],[-72.61745,41.763338],[-72.618251,41.766455],[-72.619594,41.77165],[-72.620106,41.775806]]]}},{"type":"Feature","properties":{"GEOID":"09110510800","STATEFP":"09","COUNTYFP":"110","TRACTCE":"510800","NAMELSAD":"Census Tract 5108","NAMELSADCO":"Capitol Planning Region","STATE_NAME":"Connecticut"},"geometry":{"type":"Polygon","coordinates":[[[-72.649036,41.7502],[-72.643541,41.750089],[-72.642677,41.750652],[-72.641651,41.746716],[-72.640526,41.745123],[-72.639083,41.743868],[-72.634029,41.741607],[-72.630568,41.740045],[-72.627941,41.736871],[-72.6264,41.735466],[-72.622565,41.732645],[-72.613848,41.728123],[-72.616494,41.72758],[-72.627099,41.726175],[-72.630939,41.725662],[-72.63424,41.725089],[-72.636335,41.724899],[-72.647836,41.727899],[-72.642636,41.735199],[-72.642536,41.739899],[-72.644636,41.745699],[-72.649036,41.7502]]]}},{"type":"Feature","properties":{"GEOID":"09110511200","STATEFP":"09","COUNTYFP":"110","TRACTCE":"511200","NAMELSAD":"Census Tract 5112","NAMELSADCO":"Capitol Planning Region","STATE_NAME":"Connecticut"},"geometry":{"type":"Polygon","coordinates":[[[-72.605363,41.776502],[-72.601837,41.775874],[-72.600616,41.77637],[-72.600804,41.780305],[-72.596163,41.77939],[-72.596945,41.781139],[-72.594593,41.782752],[-72.591724,41.782221],[-72.589308,41.783076],[-72.587033,41.783268],[-72.582593,41.781257],[-72.579836,41.780688],[-72.578478,41.774042],[-72.580396,41.77345],[-72.582586,41.773046],[-72.59082,41.772804],[-72.602028,41.771225],[-72.602917,41.772221],[-72.603871,41.773288],[-72.605363,41.776502]]]}},{"type":"Feature","properties":{"GEOID":"09110480500","STATEFP":"09","COUNTYFP":"110","TRACTCE":"480500","NAMELSAD":"Census Tract 4805","NAMELSADCO":"Capitol Planning Region","STATE_NAME":"Connecticut"},"geometry":{"type":"Polygon","coordinates":[[[-72.606933,42.024995],[-72.590233,42.024695],[-72.5898262911392,42.024695],[-72.589491,42.023647],[-72.588208,42.021051],[-72.58739,42.018939],[-72.586616,42.014021],[-72.585577,42.006857],[-72.585095,42.00252],[-72.585894,41.99778],[-72.586967,41.993576],[-72.587812,41.990267],[-72.593795,41.990487],[-72.594453,41.99658],[-72.594333,41.998646],[-72.592478,42.005739],[-72.592917,42.007944],[-72.596821,42.006515],[-72.597504,42.007619],[-72.599058,42.007647],[-72.599012,42.009039],[-72.600048,42.011171],[-72.604905,42.011908],[-72.6069560573249,42.0251287324845],[-72.606933,42.024995]]]}},{"type":"Feature","properties":{"GEOID":"09110480800","STATEFP":"09","COUNTYFP":"110","TRACTCE":"480800","NAMELSAD":"Census Tract 4808","NAMELSADCO":"Capitol Planning Region","STATE_NAME":"Connecticut"},"geometry":{"type":"Polygon","coordinates":[[[-72.587812,41.990267],[-72.586967,41.993576],[-72.585894,41.99778],[-72.575637,41.998411],[-72.574588,41.998678],[-72.573209,41.999301],[-72.565875,42.001168],[-72.558998,42.004452],[-72.557552,41.999752],[-72.556551,41.999671],[-72.555411,41.99964],[-72.554686,41.999638],[-72.54143,42.001379],[-72.522469,42.003871],[-72.52128,41.998529],[-72.517627,41.98308],[-72.521067,41.983094],[-72.526164,41.980879],[-72.527989,41.983581],[-72.529962,41.983566],[-72.534516,41.982024],[-72.536832,41.98081],[-72.536797,41.982857],[-72.538343,41.982976],[-72.539928,41.981995],[-72.546288,41.980503],[-72.550056,41.976234],[-72.551437,41.981335],[-72.552537,41.98319],[-72.560722,41.980622],[-72.565222,41.978151],[-72.568799,41.97696],[-72.574931,41.976645],[-72.576909,41.976006],[-72.587359,41.97624],[-72.588629,41.986002],[-72.587812,41.990267]]]}},{"type":"Feature","properties":{"GEOID":"09110481100","STATEFP":"09","COUNTYFP":"110","TRACTCE":"481100","NAMELSAD":"Census Tract 4811","NAMELSADCO":"Capitol Planning Region","STATE_NAME":"Connecticut"},"geometry":{"type":"Polygon","coordinates":[[[-72.587446,41.973382],[-72.587359,41.97624],[-72.576909,41.976006],[-72.574931,41.976645],[-72.568799,41.97696],[-72.565222,41.978151],[-72.560722,41.980622],[-72.552537,41.98319],[-72.551437,41.981335],[-72.550056,41.976234],[-72.550499,41.974514],[-72.552109,41.973427],[-72.55423,41.970604],[-72.554535,41.968834],[-72.553421,41.968895],[-72.556976,41.964962],[-72.560257,41.963123],[-72.560349,41.961357],[-72.559326,41.961739],[-72.558757,41.960192],[-72.555966,41.957166],[-72.55614,41.956301],[-72.554445,41.955003],[-72.557478,41.95353],[-72.560215,41.953179],[-72.562461,41.953225],[-72.563657,41.953791],[-72.571666,41.957919],[-72.574637,41.959976],[-72.579105,41.963188],[-72.588291,41.970349],[-72.587446,41.973382]]]}},{"type":"Feature","properties":{"GEOID":"09110480600","STATEFP":"09","COUNTYFP":"110","TRACTCE":"480600","NAMELSAD":"Census Tract 4806","NAMELSADCO":"Capitol Planning Region","STATE_NAME":"Connecticut"},"geometry":{"type":"Polygon","coordinates":[[[-72.604905,42.011908],[-72.600048,42.011171],[-72.599012,42.009039],[-72.599058,42.007647],[-72.597504,42.007619],[-72.596821,42.006515],[-72.592917,42.007944],[-72.592478,42.005739],[-72.594333,41.998646],[-72.594453,41.99658],[-72.593795,41.990487],[-72.597753,41.990485],[-72.599987,41.990403],[-72.603579,41.989771],[-72.607533,41.999296],[-72.604905,42.011908]]]}},{"type":"Feature","properties":{"GEOID":"09110460302","STATEFP":"09","COUNTYFP":"110","TRACTCE":"460302","NAMELSAD":"Census Tract 4603.02","NAMELSADCO":"Capitol Planning Region","STATE_NAME":"Connecticut"},"geometry":{"type":"Polygon","coordinates":[[[-72.90848,41.776043],[-72.902985,41.775711],[-72.902158,41.77512],[-72.901077,41.771625],[-72.901217,41.768696],[-72.89594,41.76486],[-72.895237,41.764685],[-72.893898,41.764875],[-72.889797,41.765082],[-72.884191,41.765595],[-72.881054,41.765482],[-72.875453,41.764505],[-72.873218,41.764013],[-72.875123,41.762696],[-72.878249,41.761419],[-72.878973,41.760872],[-72.883188,41.755652],[-72.886834,41.756005],[-72.886765,41.753204],[-72.88597,41.750473],[-72.887085,41.747113],[-72.888153,41.74539],[-72.891176,41.741852],[-72.891314,41.741526],[-72.890936,41.736531],[-72.89983,41.732046],[-72.902002,41.739571],[-72.902625,41.743569],[-72.90289,41.745336],[-72.904246,41.750236],[-72.904927,41.75809],[-72.90848,41.776043]]]}},{"type":"Feature","properties":{"GEOID":"09110520501","STATEFP":"09","COUNTYFP":"110","TRACTCE":"520501","NAMELSAD":"Census Tract 5205.01","NAMELSADCO":"Capitol Planning Region","STATE_NAME":"Connecticut"},"geometry":{"type":"Polygon","coordinates":[[[-72.627836,41.640199],[-72.624436,41.645099],[-72.623535,41.650299],[-72.628136,41.661699],[-72.628021,41.666037],[-72.627147,41.665864],[-72.616177,41.663785],[-72.613671,41.665374],[-72.606967,41.667469],[-72.602032,41.667694],[-72.60157,41.670279],[-72.598774,41.674854],[-72.598671,41.675465],[-72.592347,41.676427],[-72.589902,41.677159],[-72.583833,41.677641],[-72.580951,41.678353],[-72.579062,41.677213],[-72.563412,41.679149],[-72.563681,41.676993],[-72.566794,41.672248],[-72.56523,41.667604],[-72.563126,41.665841],[-72.561688,41.663473],[-72.561328,41.660316],[-72.564183,41.652104],[-72.570526,41.651545],[-72.577218,41.650623],[-72.57598,41.644522],[-72.577189,41.639002],[-72.605047,41.635977],[-72.630524,41.633282],[-72.627836,41.640199]]]}},{"type":"Feature","properties":{"GEOID":"09110468102","STATEFP":"09","COUNTYFP":"110","TRACTCE":"468102","NAMELSAD":"Census Tract 4681.02","NAMELSADCO":"Capitol Planning Region","STATE_NAME":"Connecticut"},"geometry":{"type":"Polygon","coordinates":[[[-72.825152,41.922246],[-72.821458,41.926377],[-72.821459,41.929413],[-72.820071,41.934255],[-72.821269,41.937066],[-72.817839,41.944336],[-72.815822,41.946701],[-72.815544,41.950319],[-72.81372,41.951847],[-72.812124,41.953258],[-72.810609,41.957508],[-72.809604,41.960369],[-72.808131,41.962413],[-72.804936,41.968885],[-72.806148,41.970031],[-72.801289,41.970921],[-72.800343,41.970919],[-72.79846,41.970507],[-72.794792,41.969152],[-72.793565,41.96762],[-72.791197,41.966976],[-72.789502,41.967625],[-72.783253,41.968071],[-72.780618,41.972674],[-72.779392,41.975957],[-72.770464,41.987707],[-72.762939,41.985896],[-72.767266,41.974096],[-72.771528,41.960507],[-72.773532,41.954154],[-72.778698,41.9384],[-72.785362,41.918552],[-72.78544,41.917997],[-72.790854,41.918093],[-72.79317,41.918282],[-72.826429,41.918907],[-72.825152,41.922246]]]}},{"type":"Feature","properties":{"GEOID":"09110500900","STATEFP":"09","COUNTYFP":"110","TRACTCE":"500900","NAMELSAD":"Census Tract 5009","NAMELSADCO":"Capitol Planning Region","STATE_NAME":"Connecticut"},"geometry":{"type":"Polygon","coordinates":[[[-72.676789,41.775412],[-72.67642,41.778412],[-72.676135,41.781436],[-72.675887,41.782468],[-72.675338,41.783642],[-72.675034,41.784274],[-72.673861,41.786591],[-72.668766,41.787054],[-72.670375,41.783348],[-72.672897,41.776809],[-72.673401,41.776063],[-72.674579,41.774948],[-72.675048,41.774685],[-72.677022,41.773834],[-72.676789,41.775412]]]}},{"type":"Feature","properties":{"GEOID":"09110501700","STATEFP":"09","COUNTYFP":"110","TRACTCE":"501700","NAMELSAD":"Census Tract 5017","NAMELSADCO":"Capitol Planning Region","STATE_NAME":"Connecticut"},"geometry":{"type":"Polygon","coordinates":[[[-72.686659,41.778229],[-72.685597,41.777885],[-72.68108,41.776454],[-72.680594,41.776235],[-72.680286,41.775945],[-72.676789,41.775412],[-72.677022,41.773834],[-72.677539,41.773722],[-72.679236,41.773076],[-72.680684,41.772369],[-72.682291,41.773133],[-72.686546,41.775078],[-72.687668,41.77582],[-72.686659,41.778229]]]}},{"type":"Feature","properties":{"GEOID":"09110502300","STATEFP":"09","COUNTYFP":"110","TRACTCE":"502300","NAMELSAD":"Census Tract 5023","NAMELSADCO":"Capitol Planning Region","STATE_NAME":"Connecticut"},"geometry":{"type":"Polygon","coordinates":[[[-72.692789,41.735082],[-72.689758,41.735575],[-72.686082,41.736565],[-72.683197,41.74221],[-72.682725,41.743179],[-72.682565,41.742431],[-72.682533,41.740058],[-72.682511,41.73853],[-72.681739,41.736634],[-72.677385,41.737643],[-72.675309,41.737101],[-72.674667,41.733397],[-72.674526,41.732581],[-72.673757,41.727671],[-72.680379,41.726793],[-72.691492,41.72546],[-72.691841,41.725481],[-72.691013,41.727078],[-72.691168,41.727481],[-72.69184,41.731248],[-72.692789,41.735082]]]}},{"type":"Feature","properties":{"GEOID":"09130570300","STATEFP":"09","COUNTYFP":"130","TRACTCE":"570300","NAMELSAD":"Census Tract 5703","NAMELSADCO":"Lower Connecticut River Valley Planning Region","STATE_NAME":"Connecticut"},"geometry":{"type":"Polygon","coordinates":[[[-72.668673,41.593364],[-72.667024,41.596013],[-72.667627,41.600887],[-72.668163,41.604323],[-72.666927,41.608229],[-72.666867,41.610336],[-72.665433,41.61036],[-72.657417,41.612951],[-72.65244,41.613454],[-72.653879,41.618414],[-72.653917,41.618811],[-72.653535,41.623011],[-72.648844,41.634929],[-72.648764,41.637097],[-72.647136,41.637199],[-72.634036,41.639199],[-72.627836,41.640199],[-72.630524,41.633282],[-72.630773,41.627662],[-72.625523,41.619331],[-72.618919,41.614104],[-72.617638,41.61194],[-72.617456,41.607706],[-72.619471,41.604242],[-72.622331,41.602348],[-72.623945,41.601841],[-72.627454,41.600811],[-72.630356,41.599172],[-72.635846,41.596049],[-72.638135,41.59402],[-72.640776,41.589861],[-72.641682,41.587786],[-72.643767,41.584109],[-72.645644,41.582347],[-72.648925,41.575915],[-72.648802,41.575236],[-72.651546,41.573106],[-72.652562,41.573018],[-72.654034,41.572293],[-72.656101,41.573395],[-72.656229,41.576081],[-72.655137,41.577455],[-72.65789,41.578962],[-72.660246,41.578703],[-72.661135,41.580262],[-72.665453,41.581878],[-72.668097,41.583549],[-72.667898,41.586249],[-72.665377,41.587104],[-72.667293,41.589238],[-72.667999,41.5919],[-72.668673,41.593364]]]}},{"type":"Feature","properties":{"GEOID":"09130595101","STATEFP":"09","COUNTYFP":"130","TRACTCE":"595101","NAMELSAD":"Census Tract 5951.01","NAMELSADCO":"Lower Connecticut River Valley Planning Region","STATE_NAME":"Connecticut"},"geometry":{"type":"Polygon","coordinates":[[[-72.467638,41.460897],[-72.463893,41.460953],[-72.464389,41.465568],[-72.463967,41.468699],[-72.463342,41.469565],[-72.460112,41.469472],[-72.45578,41.470149],[-72.444221,41.47154],[-72.443949,41.469043],[-72.4446,41.465567],[-72.442652,41.463253],[-72.440495,41.463338],[-72.432396,41.46469],[-72.428983,41.466685],[-72.426749,41.467184],[-72.422529,41.467259],[-72.420287,41.467962],[-72.417082,41.469932],[-72.41469,41.471917],[-72.412645,41.471574],[-72.410493,41.470377],[-72.40049,41.471041],[-72.387516,41.471372],[-72.385644,41.471941],[-72.38238,41.473766],[-72.378733,41.477641],[-72.371869,41.48265],[-72.372753,41.484389],[-72.373414,41.489661],[-72.373427,41.495329],[-72.373205,41.499928],[-72.374984,41.502111],[-72.375661,41.505024],[-72.378984,41.50805],[-72.382232,41.510155],[-72.383013,41.512866],[-72.382975,41.515559],[-72.385392,41.517906],[-72.383707,41.526916],[-72.383057,41.529],[-72.381298,41.529229],[-72.374528,41.529909],[-72.361634,41.530818],[-72.358576,41.531436],[-72.344985,41.532456],[-72.344566,41.532417],[-72.323394,41.53425],[-72.322931,41.518119],[-72.321848,41.512221],[-72.315246,41.478091],[-72.312537,41.478411],[-72.305531,41.436282],[-72.385813,41.427692],[-72.386129,41.427658],[-72.399793,41.42611],[-72.403029,41.424774],[-72.409477,41.425295],[-72.427612,41.423289],[-72.43371,41.423995],[-72.43593,41.426817],[-72.437902,41.428275],[-72.445,41.431662],[-72.450983,41.433665],[-72.454228,41.435337],[-72.456369,41.437287],[-72.457196,41.43866],[-72.463077,41.450123],[-72.464891,41.452544],[-72.467638,41.460897]]]}},{"type":"Feature","properties":{"GEOID":"09130550100","STATEFP":"09","COUNTYFP":"130","TRACTCE":"550100","NAMELSAD":"Census Tract 5501","NAMELSADCO":"Lower Connecticut River Valley Planning Region","STATE_NAME":"Connecticut"},"geometry":{"type":"Polygon","coordinates":[[[-72.559213,41.566441],[-72.558397,41.568919],[-72.557674,41.578037],[-72.554087,41.581516],[-72.550409,41.58646],[-72.549601,41.588024],[-72.546549,41.592159],[-72.543528,41.595508],[-72.542945,41.597065],[-72.541908,41.601811],[-72.540796,41.605365],[-72.544489,41.615818],[-72.52929,41.617435],[-72.531228,41.621112],[-72.54423,41.642696],[-72.534583,41.643879],[-72.532132,41.643999],[-72.521832,41.645499],[-72.505431,41.646999],[-72.504875,41.645534],[-72.481842,41.60818],[-72.481537,41.607741],[-72.485574,41.603833],[-72.487315,41.601076],[-72.489165,41.597576],[-72.490647,41.592378],[-72.493948,41.586254],[-72.495645,41.585149],[-72.498841,41.584804],[-72.500244,41.584571],[-72.506168,41.582259],[-72.512008,41.578889],[-72.51752,41.574337],[-72.518332,41.573898],[-72.522451,41.572447],[-72.529463,41.569362],[-72.536387,41.567253],[-72.54099,41.564146],[-72.544468,41.562648],[-72.550725,41.5618],[-72.55464,41.562447],[-72.556198,41.562428],[-72.559523,41.562355],[-72.559213,41.566441]]]}},{"type":"Feature","properties":{"GEOID":"09130541200","STATEFP":"09","COUNTYFP":"130","TRACTCE":"541200","NAMELSAD":"Census Tract 5412","NAMELSADCO":"Lower Connecticut River Valley Planning Region","STATE_NAME":"Connecticut"},"geometry":{"type":"Polygon","coordinates":[[[-72.695565,41.597501],[-72.695101,41.598861],[-72.694301,41.601422],[-72.689215,41.60077],[-72.684072,41.601862],[-72.680956,41.600491],[-72.680325,41.597373],[-72.679511,41.597132],[-72.677099,41.597997],[-72.674342,41.599804],[-72.671812,41.597626],[-72.673195,41.594686],[-72.670357,41.591731],[-72.667999,41.5919],[-72.667293,41.589238],[-72.665377,41.587104],[-72.667898,41.586249],[-72.668097,41.583549],[-72.665453,41.581878],[-72.661135,41.580262],[-72.660246,41.578703],[-72.65789,41.578962],[-72.659799,41.578076],[-72.661505,41.57657],[-72.659998,41.576072],[-72.661193,41.57493],[-72.661472,41.573353],[-72.664107,41.572184],[-72.665862,41.56966],[-72.666359,41.566746],[-72.663002,41.566517],[-72.662064,41.565617],[-72.662483,41.564587],[-72.66655,41.563087],[-72.665621,41.56099],[-72.667698,41.561976],[-72.669913,41.564991],[-72.672621,41.56417],[-72.673376,41.56404],[-72.681595,41.563805],[-72.685211,41.563186],[-72.687805,41.563635],[-72.69003,41.563798],[-72.690311,41.564236],[-72.691515,41.57096],[-72.691424,41.57377],[-72.691242,41.575187],[-72.692706,41.581925],[-72.692337,41.586515],[-72.691424,41.591259],[-72.691622,41.591296],[-72.693493,41.591292],[-72.697555,41.59388],[-72.695565,41.597501]]]}},{"type":"Feature","properties":{"GEOID":"09130680200","STATEFP":"09","COUNTYFP":"130","TRACTCE":"680200","NAMELSAD":"Census Tract 6802","NAMELSADCO":"Lower Connecticut River Valley Planning Region","STATE_NAME":"Connecticut"},"geometry":{"type":"Polygon","coordinates":[[[-72.677896,41.49623],[-72.673056,41.502746],[-72.67177,41.506827],[-72.670022,41.51037],[-72.66907,41.516081],[-72.668274,41.519447],[-72.667366,41.520415],[-72.665648,41.524096],[-72.663952,41.526244],[-72.660149,41.531272],[-72.659594,41.531591],[-72.657805,41.531377],[-72.65066,41.53194],[-72.649016,41.532716],[-72.648547,41.532889],[-72.647392,41.533025],[-72.643776,41.532496],[-72.641979,41.532626],[-72.641899,41.53263],[-72.637631,41.533093],[-72.635222,41.53342],[-72.63376,41.533497],[-72.631993,41.53355],[-72.621523,41.53392],[-72.618412,41.534488],[-72.618852,41.535199],[-72.623713,41.539133],[-72.627154,41.542904],[-72.630621,41.547205],[-72.631481,41.550863],[-72.632895,41.553644],[-72.633912,41.557862],[-72.634913,41.559643],[-72.634259,41.560657],[-72.628924,41.560981],[-72.624536,41.561015],[-72.623848,41.560561],[-72.614017,41.562125],[-72.609901,41.562842],[-72.608089,41.562758],[-72.603151,41.560488],[-72.599307,41.55936],[-72.595211,41.558093],[-72.592633,41.55781],[-72.588696,41.558207],[-72.579846,41.55794],[-72.576457,41.557597],[-72.573467,41.557101],[-72.56573,41.55485],[-72.560802,41.554049],[-72.554393,41.550646],[-72.55247,41.547511],[-72.551585,41.545497],[-72.551128,41.542994],[-72.550945,41.538073],[-72.551341,41.535304],[-72.552974,41.531527],[-72.553798,41.530474],[-72.555858,41.524958],[-72.556194,41.51932],[-72.555736,41.514567],[-72.554912,41.51105],[-72.563542,41.510122],[-72.587721,41.506515],[-72.589334,41.506299],[-72.633701,41.500201],[-72.648322,41.498425],[-72.677595,41.494838],[-72.677896,41.49623]]]}},{"type":"Feature","properties":{"GEOID":"09130542200","STATEFP":"09","COUNTYFP":"130","TRACTCE":"542200","NAMELSAD":"Census Tract 5422","NAMELSADCO":"Lower Connecticut River Valley Planning Region","STATE_NAME":"Connecticut"},"geometry":{"type":"Polygon","coordinates":[[[-72.687362,41.536157],[-72.681092,41.539209],[-72.67867,41.539456],[-72.677691,41.536117],[-72.678435,41.531066],[-72.673945,41.531309],[-72.673099,41.530634],[-72.669745,41.531188],[-72.666161,41.530821],[-72.665506,41.531128],[-72.664504,41.525734],[-72.663952,41.526244],[-72.665648,41.524096],[-72.667366,41.520415],[-72.668274,41.519447],[-72.66907,41.516081],[-72.670022,41.51037],[-72.67177,41.506827],[-72.673056,41.502746],[-72.677896,41.49623],[-72.679054,41.507989],[-72.680459,41.514708],[-72.680313,41.5162],[-72.681269,41.516869],[-72.680863,41.522705],[-72.682575,41.531089],[-72.687362,41.536157]]]}},{"type":"Feature","properties":{"GEOID":"09130560100","STATEFP":"09","COUNTYFP":"130","TRACTCE":"560100","NAMELSAD":"Census Tract 5601","NAMELSADCO":"Lower Connecticut River Valley Planning Region","STATE_NAME":"Connecticut"},"geometry":{"type":"Polygon","coordinates":[[[-72.63175,41.569488],[-72.627092,41.576811],[-72.623393,41.585458],[-72.619882,41.589932],[-72.62455,41.590695],[-72.622084,41.593962],[-72.620052,41.598394],[-72.616368,41.601313],[-72.619657,41.600506],[-72.622876,41.600734],[-72.623945,41.601841],[-72.622331,41.602348],[-72.619471,41.604242],[-72.617456,41.607706],[-72.617638,41.61194],[-72.618919,41.614104],[-72.625523,41.619331],[-72.630773,41.627662],[-72.630524,41.633282],[-72.605047,41.635977],[-72.577189,41.639002],[-72.559926,41.640955],[-72.54423,41.642696],[-72.531228,41.621112],[-72.52929,41.617435],[-72.544489,41.615818],[-72.540796,41.605365],[-72.541908,41.601811],[-72.542945,41.597065],[-72.543528,41.595508],[-72.546549,41.592159],[-72.549601,41.588024],[-72.550409,41.58646],[-72.554087,41.581516],[-72.557674,41.578037],[-72.558397,41.568919],[-72.559213,41.566441],[-72.559523,41.562355],[-72.560844,41.560473],[-72.562035,41.559444],[-72.562767,41.558428],[-72.560802,41.554049],[-72.56573,41.55485],[-72.573467,41.557101],[-72.576457,41.557597],[-72.579846,41.55794],[-72.588696,41.558207],[-72.592633,41.55781],[-72.595211,41.558093],[-72.599307,41.55936],[-72.603151,41.560488],[-72.608089,41.562758],[-72.609901,41.562842],[-72.614017,41.562125],[-72.623848,41.560561],[-72.624536,41.561015],[-72.626253,41.566817],[-72.625669,41.568829],[-72.629095,41.568669],[-72.63175,41.569488]]]}},{"type":"Feature","properties":{"GEOID":"09110502900","STATEFP":"09","COUNTYFP":"110","TRACTCE":"502900","NAMELSAD":"Census Tract 5029","NAMELSADCO":"Capitol Planning Region","STATE_NAME":"Connecticut"},"geometry":{"type":"Polygon","coordinates":[[[-72.700584,41.754741],[-72.700552,41.758324],[-72.699804,41.76061],[-72.700405,41.76178],[-72.699961,41.761945],[-72.699373,41.762162],[-72.696976,41.762501],[-72.695781,41.762824],[-72.693592,41.763386],[-72.692724,41.76343],[-72.690398,41.763684],[-72.690479,41.761624],[-72.690573,41.758132],[-72.691922,41.758149],[-72.692155,41.756082],[-72.69343,41.753379],[-72.697531,41.752849],[-72.698738,41.752799],[-72.700975,41.753346],[-72.700584,41.754741]]]}},{"type":"Feature","properties":{"GEOID":"09110524600","STATEFP":"09","COUNTYFP":"110","TRACTCE":"524600","NAMELSAD":"Census Tract 5246","NAMELSADCO":"Capitol Planning Region","STATE_NAME":"Connecticut"},"geometry":{"type":"Polygon","coordinates":[[[-72.698032,41.778118],[-72.697769,41.77869],[-72.696047,41.777946],[-72.695658,41.777822],[-72.691585,41.776821],[-72.687668,41.77582],[-72.686546,41.775078],[-72.682291,41.773133],[-72.680684,41.772369],[-72.681697,41.770983],[-72.68176,41.7704],[-72.681831,41.76786],[-72.683586,41.76619],[-72.686447,41.765773],[-72.686614,41.763661],[-72.687882,41.763888],[-72.690398,41.763684],[-72.692724,41.76343],[-72.693592,41.763386],[-72.693759,41.763949],[-72.693773,41.767806],[-72.693829,41.769117],[-72.693701,41.770235],[-72.691995,41.769676],[-72.690514,41.769271],[-72.689517,41.772722],[-72.691083,41.772933],[-72.692808,41.773208],[-72.694535,41.773511],[-72.6998,41.774344],[-72.698032,41.778118]]]}},{"type":"Feature","properties":{"GEOID":"09110466101","STATEFP":"09","COUNTYFP":"110","TRACTCE":"466101","NAMELSAD":"Census Tract 4661.01","NAMELSADCO":"Capitol Planning Region","STATE_NAME":"Connecticut"},"geometry":{"type":"Polygon","coordinates":[[[-72.874339,41.870927],[-72.872848,41.871911],[-72.868142,41.870944],[-72.867808,41.870933],[-72.86373,41.8701],[-72.86176,41.872547],[-72.85835,41.873193],[-72.85236,41.871045],[-72.848381,41.870033],[-72.835706,41.868382],[-72.830023,41.869259],[-72.826595,41.869182],[-72.824252,41.870078],[-72.813173,41.869933],[-72.80828,41.870679],[-72.803701,41.870872],[-72.801782,41.870023],[-72.799827,41.869666],[-72.798652,41.869283],[-72.801392,41.867023],[-72.801897,41.861966],[-72.802878,41.859156],[-72.805621,41.856633],[-72.809304,41.854327],[-72.810158,41.850975],[-72.808228,41.849159],[-72.806744,41.84514],[-72.808929,41.843487],[-72.810188,41.840553],[-72.809326,41.835598],[-72.813358,41.835882],[-72.81567,41.83777],[-72.816729,41.837219],[-72.816599,41.837741],[-72.823714,41.839772],[-72.827959,41.840502],[-72.833598,41.842943],[-72.834457,41.843761],[-72.837856,41.845665],[-72.838635,41.845414],[-72.839896,41.844677],[-72.844468,41.842018],[-72.848906,41.841528],[-72.850777,41.840568],[-72.853468,41.840375],[-72.859909,41.841348],[-72.869106,41.841228],[-72.869653,41.841296],[-72.871844,41.839533],[-72.873018,41.83739],[-72.874339,41.870927]]]}},{"type":"Feature","properties":{"GEOID":"09110466102","STATEFP":"09","COUNTYFP":"110","TRACTCE":"466102","NAMELSAD":"Census Tract 4661.02","NAMELSADCO":"Capitol Planning Region","STATE_NAME":"Connecticut"},"geometry":{"type":"Polygon","coordinates":[[[-72.871844,41.839533],[-72.869653,41.841296],[-72.869106,41.841228],[-72.859909,41.841348],[-72.853468,41.840375],[-72.850777,41.840568],[-72.848906,41.841528],[-72.844468,41.842018],[-72.839896,41.844677],[-72.838635,41.845414],[-72.837856,41.845665],[-72.834457,41.843761],[-72.833598,41.842943],[-72.827959,41.840502],[-72.823714,41.839772],[-72.816599,41.837741],[-72.816729,41.837219],[-72.81567,41.83777],[-72.813358,41.835882],[-72.809326,41.835598],[-72.808703,41.833109],[-72.812363,41.828861],[-72.818558,41.825024],[-72.819308,41.822434],[-72.819856,41.822453],[-72.829,41.821389],[-72.840029,41.820216],[-72.842888,41.819458],[-72.844704,41.819342],[-72.866356,41.816488],[-72.870201,41.81613],[-72.870696,41.819118],[-72.873018,41.83739],[-72.871844,41.839533]]]}},{"type":"Feature","properties":{"GEOID":"09110466400","STATEFP":"09","COUNTYFP":"110","TRACTCE":"466400","NAMELSAD":"Census Tract 4664","NAMELSADCO":"Capitol Planning Region","STATE_NAME":"Connecticut"},"geometry":{"type":"Polygon","coordinates":[[[-72.818558,41.825024],[-72.812363,41.828861],[-72.808703,41.833109],[-72.809326,41.835598],[-72.810188,41.840553],[-72.808929,41.843487],[-72.806744,41.84514],[-72.808228,41.849159],[-72.810158,41.850975],[-72.809304,41.854327],[-72.805621,41.856633],[-72.802878,41.859156],[-72.801897,41.861966],[-72.801392,41.867023],[-72.798652,41.869283],[-72.79216,41.869656],[-72.78994,41.873169],[-72.787781,41.875713],[-72.78614,41.878662],[-72.787819,41.88224],[-72.789429,41.883469],[-72.794436,41.884293],[-72.792656,41.886421],[-72.792942,41.888543],[-72.790715,41.888354],[-72.788116,41.886132],[-72.784295,41.888651],[-72.783903,41.894614],[-72.780182,41.895897],[-72.778946,41.899311],[-72.775681,41.898438],[-72.77459,41.899368],[-72.77623,41.904032],[-72.775452,41.907017],[-72.772392,41.911652],[-72.772018,41.915005],[-72.769405,41.917829],[-72.768154,41.917719],[-72.767087,41.915049],[-72.764784,41.914964],[-72.764897,41.913243],[-72.762193,41.91183],[-72.761547,41.910488],[-72.758929,41.908145],[-72.758661,41.907064],[-72.760585,41.905705],[-72.765054,41.902614],[-72.766425,41.898273],[-72.766945,41.895886],[-72.771387,41.885117],[-72.770403,41.880789],[-72.772214,41.878172],[-72.78444,41.855698],[-72.785156,41.843414],[-72.784267,41.837778],[-72.783486,41.836558],[-72.784438,41.833307],[-72.783336,41.826907],[-72.78455,41.826593],[-72.798552,41.824885],[-72.814015,41.823176],[-72.819308,41.822434],[-72.818558,41.825024]]]}},{"type":"Feature","properties":{"GEOID":"09110430400","STATEFP":"09","COUNTYFP":"110","TRACTCE":"430400","NAMELSAD":"Census Tract 4304","NAMELSADCO":"Capitol Planning Region","STATE_NAME":"Connecticut"},"geometry":{"type":"Polygon","coordinates":[[[-72.945103,41.55969],[-72.944682,41.562862],[-72.942615,41.571126],[-72.93924,41.569641],[-72.933686,41.566263],[-72.930004,41.569226],[-72.929044,41.571642],[-72.925565,41.572756],[-72.924844,41.57386],[-72.92135,41.573389],[-72.92045,41.573578],[-72.918049,41.57401],[-72.91574,41.576476],[-72.913223,41.58039],[-72.911564,41.581709],[-72.910014,41.582556],[-72.900822,41.586005],[-72.899348,41.587032],[-72.897594,41.588176],[-72.89232,41.587668],[-72.890143,41.587341],[-72.886013,41.589056],[-72.881578,41.587374],[-72.883031,41.580777],[-72.886696,41.574693],[-72.888918,41.57105],[-72.889079,41.569861],[-72.887251,41.570305],[-72.885353,41.568002],[-72.887694,41.567141],[-72.884866,41.56644],[-72.883609,41.56734],[-72.883095,41.564827],[-72.882118,41.56395],[-72.879256,41.563152],[-72.883885,41.563812],[-72.890074,41.563204],[-72.903213,41.561747],[-72.90347,41.561708],[-72.915648,41.560396],[-72.926399,41.558919],[-72.928538,41.558891],[-72.94635,41.556797],[-72.945103,41.55969]]]}},{"type":"Feature","properties":{"GEOID":"09110487400","STATEFP":"09","COUNTYFP":"110","TRACTCE":"487400","NAMELSAD":"Census Tract 4874","NAMELSADCO":"Capitol Planning Region","STATE_NAME":"Connecticut"},"geometry":{"type":"Polygon","coordinates":[[[-72.609492,41.819446],[-72.604465,41.832716],[-72.600261,41.84404],[-72.59947,41.84775],[-72.599783,41.851041],[-72.60227,41.857976],[-72.596994,41.85639],[-72.561472,41.84583],[-72.560233,41.845181],[-72.558918,41.843244],[-72.558704,41.83824],[-72.557092,41.836615],[-72.555092,41.830802],[-72.55384,41.827686],[-72.553218,41.826789],[-72.560289,41.826802],[-72.56502,41.826828],[-72.568763,41.826004],[-72.572836,41.826121],[-72.583044,41.825095],[-72.588321,41.822319],[-72.588698,41.821782],[-72.588811,41.820034],[-72.590944,41.81431],[-72.592374,41.813514],[-72.602125,41.808957],[-72.608903,41.811236],[-72.612467,41.811422],[-72.609492,41.819446]]]}},{"type":"Feature","properties":{"GEOID":"09110477200","STATEFP":"09","COUNTYFP":"110","TRACTCE":"477200","NAMELSAD":"Census Tract 4772","NAMELSADCO":"Capitol Planning Region","STATE_NAME":"Connecticut"},"geometry":{"type":"Polygon","coordinates":[[[-72.77475938856,42.0021288326822],[-72.7706452603118,42.0025731407607],[-72.766739,42.002995],[-72.766139,42.007695],[-72.763265,42.009742],[-72.763238,42.012795],[-72.761238,42.014595],[-72.759738,42.016995],[-72.761354,42.018183],[-72.76231,42.019775],[-72.762151,42.021527],[-72.760558,42.021846],[-72.758151,42.020865],[-72.757467,42.020947],[-72.754038,42.025395],[-72.751738,42.030195],[-72.753538,42.032095],[-72.757538,42.033295],[-72.755838,42.036195],[-72.7192527914859,42.0365571209569],[-72.714557957256,42.0366035904984],[-72.7128274389607,42.0366207191951],[-72.6994029866905,42.0367535946302],[-72.695927,42.036788],[-72.6860801113328,42.0359686227736],[-72.687725,42.032249],[-72.690276,42.024522],[-72.691436,42.021673],[-72.691935,42.019404],[-72.692052,42.013745],[-72.69288,42.009359],[-72.695685,42.002387],[-72.696327,42.00005],[-72.701671,41.991393],[-72.704083,41.988502],[-72.705016,41.986987],[-72.70669,41.979728],[-72.708166,41.975754],[-72.708522,41.973829],[-72.717352,41.975874],[-72.717724,41.976039],[-72.744153,41.981817],[-72.762939,41.985896],[-72.770464,41.987707],[-72.778412,41.98944],[-72.77475938856,42.0021288326822]]]}},{"type":"Feature","properties":{"GEOID":"09110496300","STATEFP":"09","COUNTYFP":"110","TRACTCE":"496300","NAMELSAD":"Census Tract 4963","NAMELSADCO":"Capitol Planning Region","STATE_NAME":"Connecticut"},"geometry":{"type":"Polygon","coordinates":[[[-72.745827,41.749038],[-72.743569,41.753071],[-72.738523,41.754035],[-72.737879,41.754173],[-72.736266,41.754461],[-72.73522,41.749239],[-72.734888,41.742637],[-72.73325,41.741021],[-72.731134,41.736999],[-72.730311,41.736337],[-72.731285,41.732681],[-72.731392,41.732502],[-72.732114,41.732755],[-72.735248,41.732539],[-72.737272,41.73231],[-72.743362,41.73169],[-72.742933,41.73588],[-72.74377,41.738344],[-72.744271,41.739575],[-72.745405,41.746466],[-72.745827,41.749038]]]}},{"type":"Feature","properties":{"GEOID":"09110514300","STATEFP":"09","COUNTYFP":"110","TRACTCE":"514300","NAMELSAD":"Census Tract 5143","NAMELSADCO":"Capitol Planning Region","STATE_NAME":"Connecticut"},"geometry":{"type":"Polygon","coordinates":[[[-72.521518,41.794343],[-72.51344,41.794684],[-72.509081,41.793663],[-72.50636,41.790983],[-72.506068,41.790567],[-72.505686,41.789865],[-72.505609,41.789231],[-72.505825,41.784284],[-72.505624,41.781314],[-72.505997,41.778965],[-72.506704,41.778548],[-72.508023,41.778011],[-72.510962,41.777668],[-72.512851,41.777406],[-72.513409,41.777369],[-72.516938,41.776882],[-72.519214,41.776489],[-72.519061,41.779028],[-72.519664,41.783695],[-72.520581,41.787934],[-72.52149,41.792],[-72.521308,41.793138],[-72.521518,41.794343]]]}},{"type":"Feature","properties":{"GEOID":"09110514600","STATEFP":"09","COUNTYFP":"110","TRACTCE":"514600","NAMELSAD":"Census Tract 5146","NAMELSADCO":"Capitol Planning Region","STATE_NAME":"Connecticut"},"geometry":{"type":"Polygon","coordinates":[[[-72.559629,41.771133],[-72.555915,41.773303],[-72.550894,41.774271],[-72.550289,41.774281],[-72.546705,41.774229],[-72.544838,41.774123],[-72.544106,41.774006],[-72.539947,41.773264],[-72.536844,41.77258],[-72.535203,41.772423],[-72.533188,41.772636],[-72.530797,41.771819],[-72.530414,41.769203],[-72.530308,41.76755],[-72.530024,41.764894],[-72.530449,41.764853],[-72.531851,41.765304],[-72.535207,41.764397],[-72.53672,41.764311],[-72.538987,41.764381],[-72.541718,41.764491],[-72.543522,41.764611],[-72.547835,41.765422],[-72.556617,41.766613],[-72.558565,41.767299],[-72.559556,41.768316],[-72.559629,41.771133]]]}},{"type":"Feature","properties":{"GEOID":"09110415600","STATEFP":"09","COUNTYFP":"110","TRACTCE":"415600","NAMELSAD":"Census Tract 4156","NAMELSADCO":"Capitol Planning Region","STATE_NAME":"Connecticut"},"geometry":{"type":"Polygon","coordinates":[[[-72.785022,41.652025],[-72.785199,41.653327],[-72.78604,41.654641],[-72.784947,41.656567],[-72.783563,41.658348],[-72.783314,41.66004],[-72.780535,41.661151],[-72.779662,41.661196],[-72.778241,41.659342],[-72.777138,41.657285],[-72.775732,41.65417],[-72.773874,41.65186],[-72.76981,41.652455],[-72.76826,41.64945],[-72.767824,41.648901],[-72.768871,41.648879],[-72.77131,41.648393],[-72.778572,41.648244],[-72.78852,41.647625],[-72.785022,41.652025]]]}},{"type":"Feature","properties":{"GEOID":"09120071900","STATEFP":"09","COUNTYFP":"120","TRACTCE":"071900","NAMELSAD":"Census Tract 719","NAMELSADCO":"Greater Bridgeport Planning Region","STATE_NAME":"Connecticut"},"geometry":{"type":"Polygon","coordinates":[[[-73.207487,41.196604],[-73.201596,41.198578],[-73.200422,41.196786],[-73.19971,41.195768],[-73.197035,41.191726],[-73.199964,41.189116],[-73.20279,41.190334],[-73.204034,41.191699],[-73.20548,41.193582],[-73.205886,41.194105],[-73.206366,41.194692],[-73.206809,41.195272],[-73.207487,41.196604]]]}},{"type":"Feature","properties":{"GEOID":"09120072500","STATEFP":"09","COUNTYFP":"120","TRACTCE":"072500","NAMELSAD":"Census Tract 725","NAMELSADCO":"Greater Bridgeport Planning Region","STATE_NAME":"Connecticut"},"geometry":{"type":"Polygon","coordinates":[[[-73.22631,41.208455],[-73.224137,41.212413],[-73.222671,41.212672],[-73.221175,41.213611],[-73.219038,41.215429],[-73.21325,41.216088],[-73.211176,41.213143],[-73.209835,41.211339],[-73.207689,41.208355],[-73.210473,41.2073],[-73.217336,41.204674],[-73.218902,41.204062],[-73.223129,41.202441],[-73.225643,41.205315],[-73.2275,41.207507],[-73.22631,41.208455]]]}},{"type":"Feature","properties":{"GEOID":"09120072900","STATEFP":"09","COUNTYFP":"120","TRACTCE":"072900","NAMELSAD":"Census Tract 729","NAMELSADCO":"Greater Bridgeport Planning Region","STATE_NAME":"Connecticut"},"geometry":{"type":"Polygon","coordinates":[[[-73.199749,41.206413],[-73.196204,41.207773],[-73.192943,41.207382],[-73.191781,41.209317],[-73.191618,41.211804],[-73.191799,41.213242],[-73.191828,41.213496],[-73.192249,41.216877],[-73.192657,41.219794],[-73.193504,41.221947],[-73.195111,41.226177],[-73.195241,41.227254],[-73.190857,41.225032],[-73.190407,41.226103],[-73.188315,41.22754],[-73.181321,41.226879],[-73.184513,41.225939],[-73.183182,41.223695],[-73.190748,41.224182],[-73.189262,41.221974],[-73.187271,41.220526],[-73.183277,41.220699],[-73.17884,41.221975],[-73.179418,41.217994],[-73.183363,41.212737],[-73.186271,41.20745],[-73.187454,41.204448],[-73.188765,41.203158],[-73.189356,41.202696],[-73.193929,41.200683],[-73.196709,41.198639],[-73.197921,41.199366],[-73.199289,41.201316],[-73.202201,41.20548],[-73.199749,41.206413]]]}},{"type":"Feature","properties":{"GEOID":"09120073300","STATEFP":"09","COUNTYFP":"120","TRACTCE":"073300","NAMELSAD":"Census Tract 733","NAMELSADCO":"Greater Bridgeport Planning Region","STATE_NAME":"Connecticut"},"geometry":{"type":"Polygon","coordinates":[[[-73.167585,41.199233],[-73.164913,41.198446],[-73.165182,41.197551],[-73.162194,41.196851],[-73.159576,41.196212],[-73.15783,41.195836],[-73.154866,41.195663],[-73.154672,41.193393],[-73.153819,41.192533],[-73.155764,41.192563],[-73.159383,41.193247],[-73.159886,41.193371],[-73.161658,41.193607],[-73.165108,41.193487],[-73.166874,41.193489],[-73.169723,41.193356],[-73.167585,41.199233]]]}},{"type":"Feature","properties":{"GEOID":"09110860100","STATEFP":"09","COUNTYFP":"110","TRACTCE":"860100","NAMELSAD":"Census Tract 8601","NAMELSADCO":"Capitol Planning Region","STATE_NAME":"Connecticut"},"geometry":{"type":"Polygon","coordinates":[[[-72.356478,41.701497],[-72.35072,41.711881],[-72.342621,41.722328],[-72.334379,41.731458],[-72.32949,41.737437],[-72.328872,41.738819],[-72.327743,41.738105],[-72.328556,41.736382],[-72.327135,41.734484],[-72.323098,41.733617],[-72.321823,41.733809],[-72.320754,41.732377],[-72.3166,41.731971],[-72.315054,41.731148],[-72.311604,41.731658],[-72.306983,41.729039],[-72.302565,41.727701],[-72.300295,41.725209],[-72.298024,41.726153],[-72.294611,41.724994],[-72.284759,41.725112],[-72.284475,41.722599],[-72.282395,41.722917],[-72.282461,41.721989],[-72.280615,41.722378],[-72.27819,41.723881],[-72.275517,41.72159],[-72.276747,41.720659],[-72.275511,41.720368],[-72.272449,41.72113],[-72.26833,41.719952],[-72.26637,41.718043],[-72.26485,41.717571],[-72.261517,41.719497],[-72.259178,41.722174],[-72.256964,41.722186],[-72.253546,41.721006],[-72.252704,41.721921],[-72.249183,41.723186],[-72.247813,41.721936],[-72.246596,41.722901],[-72.245285,41.720486],[-72.244311,41.717145],[-72.242814,41.716446],[-72.239559,41.714191],[-72.242847,41.713257],[-72.24413,41.714381],[-72.244965,41.713878],[-72.243264,41.712253],[-72.245701,41.710951],[-72.246571,41.708268],[-72.247677,41.708766],[-72.247302,41.706928],[-72.244021,41.706529],[-72.245981,41.703719],[-72.247446,41.704108],[-72.251249,41.703324],[-72.251354,41.701223],[-72.250045,41.699653],[-72.252007,41.699078],[-72.254092,41.700499],[-72.257724,41.699789],[-72.258421,41.698439],[-72.260728,41.698645],[-72.261279,41.695346],[-72.263562,41.693261],[-72.263936,41.691834],[-72.26576,41.690891],[-72.266564,41.690673],[-72.268825,41.692391],[-72.270824,41.691453],[-72.273596,41.69293],[-72.274204,41.692217],[-72.274762,41.690682],[-72.272157,41.688618],[-72.269392,41.685708],[-72.269598,41.684737],[-72.267858,41.681532],[-72.267253,41.678047],[-72.266141,41.677273],[-72.267489,41.675594],[-72.267503,41.673685],[-72.268421,41.672209],[-72.268418,41.671137],[-72.278669,41.671975],[-72.286287,41.666423],[-72.290511,41.663302],[-72.303238,41.65427],[-72.303643,41.653982],[-72.334226,41.643598],[-72.344008,41.668712],[-72.351471,41.687161],[-72.356369,41.701507],[-72.356478,41.701497]]]}},{"type":"Feature","properties":{"GEOID":"09110850100","STATEFP":"09","COUNTYFP":"110","TRACTCE":"850100","NAMELSAD":"Census Tract 8501","NAMELSADCO":"Capitol Planning Region","STATE_NAME":"Connecticut"},"geometry":{"type":"Polygon","coordinates":[[[-72.421527,41.825498],[-72.405163,41.827019],[-72.395601,41.828223],[-72.376083,41.82996],[-72.354661,41.832482],[-72.337347,41.834312],[-72.314304,41.837384],[-72.312722,41.837596],[-72.309744,41.837772],[-72.310145,41.836059],[-72.310183,41.834924],[-72.308512,41.833142],[-72.310958,41.829395],[-72.313071,41.829406],[-72.314159,41.82792],[-72.312964,41.827133],[-72.313333,41.824135],[-72.314004,41.822462],[-72.313069,41.820425],[-72.313816,41.818521],[-72.316781,41.816359],[-72.316678,41.814497],[-72.315014,41.813164],[-72.315321,41.809289],[-72.316722,41.808222],[-72.3161,41.807742],[-72.316031,41.805556],[-72.310223,41.802925],[-72.309765,41.800621],[-72.312704,41.79928],[-72.3157,41.799361],[-72.322561,41.798241],[-72.33219,41.797864],[-72.333593,41.797817],[-72.343656,41.7994],[-72.350491,41.799406],[-72.350706,41.796182],[-72.352164,41.794502],[-72.354496,41.794084],[-72.355034,41.792124],[-72.353834,41.788379],[-72.356229,41.787807],[-72.357073,41.78539],[-72.355433,41.784583],[-72.356236,41.783258],[-72.355883,41.780093],[-72.355181,41.778536],[-72.356975,41.777025],[-72.358303,41.777393],[-72.360351,41.775712],[-72.360399,41.773776],[-72.362587,41.773185],[-72.366268,41.773459],[-72.36709,41.772418],[-72.360745,41.771093],[-72.359971,41.769959],[-72.356106,41.768523],[-72.353889,41.768499],[-72.354883,41.767127],[-72.376672,41.764384],[-72.38092,41.76386],[-72.410251,41.765505],[-72.411165,41.769922],[-72.416523,41.796953],[-72.418891,41.806559],[-72.421257,41.824238],[-72.421527,41.825498]]]}},{"type":"Feature","properties":{"GEOID":"09110535200","STATEFP":"09","COUNTYFP":"110","TRACTCE":"535200","NAMELSAD":"Census Tract 5352","NAMELSADCO":"Capitol Planning Region","STATE_NAME":"Connecticut"},"geometry":{"type":"Polygon","coordinates":[[[-72.463343,41.873202],[-72.463793,41.878035],[-72.464247,41.883391],[-72.463905,41.887564],[-72.463022,41.890308],[-72.460176,41.897248],[-72.459338,41.900374],[-72.45591,41.905906],[-72.454622,41.910375],[-72.454485,41.911032],[-72.453125,41.917419],[-72.452704,41.920724],[-72.455937,41.929173],[-72.456124,41.930194],[-72.451274,41.939841],[-72.450445,41.942154],[-72.448653,41.950658],[-72.447329,41.953106],[-72.430063,41.955001],[-72.412118,41.956883],[-72.406746,41.957164],[-72.407226,41.941397],[-72.39152,41.941698],[-72.371764,41.941804],[-72.366791,41.941501],[-72.336768,41.94121],[-72.306849,41.940601],[-72.306253,41.940707],[-72.309219,41.933536],[-72.308872,41.931092],[-72.306904,41.929627],[-72.307746,41.929379],[-72.321575,41.928145],[-72.335758,41.926389],[-72.377932,41.921243],[-72.389456,41.91999],[-72.411542,41.917648],[-72.429516,41.915022],[-72.431225,41.91448],[-72.429324,41.893694],[-72.429622,41.891898],[-72.428017,41.874598],[-72.43802,41.873299],[-72.438194,41.873279],[-72.450816,41.871699],[-72.464365,41.870117],[-72.463343,41.873202]]]}},{"type":"Feature","properties":{"GEOID":"09110526102","STATEFP":"09","COUNTYFP":"110","TRACTCE":"526102","NAMELSAD":"Census Tract 5261.02","NAMELSADCO":"Capitol Planning Region","STATE_NAME":"Connecticut"},"geometry":{"type":"Polygon","coordinates":[[[-72.453728,41.728201],[-72.43547,41.730273],[-72.422818,41.73196],[-72.421727,41.730343],[-72.419113,41.725103],[-72.415658,41.720456],[-72.413909,41.718583],[-72.412393,41.715798],[-72.398746,41.696908],[-72.388538,41.698043],[-72.356478,41.701497],[-72.356369,41.701507],[-72.351471,41.687161],[-72.344008,41.668712],[-72.345869,41.665662],[-72.350366,41.66223],[-72.35165,41.661594],[-72.357385,41.66047],[-72.366282,41.65805],[-72.373771,41.658063],[-72.377687,41.657538],[-72.380022,41.656769],[-72.385976,41.653441],[-72.391389,41.65129],[-72.395386,41.65069],[-72.397356,41.650018],[-72.402079,41.647482],[-72.403735,41.647156],[-72.411102,41.647157],[-72.42084,41.648053],[-72.427529,41.659699],[-72.429429,41.662299],[-72.437329,41.666598],[-72.448129,41.671898],[-72.451629,41.687099],[-72.452229,41.688799],[-72.452972,41.69205],[-72.460129,41.727299],[-72.453728,41.728201]]]}},{"type":"Feature","properties":{"GEOID":"09190011300","STATEFP":"09","COUNTYFP":"190","TRACTCE":"011300","NAMELSAD":"Census Tract 113","NAMELSADCO":"Western Connecticut Planning Region","STATE_NAME":"Connecticut"},"geometry":{"type":"MultiPolygon","coordinates":[[[[-73.613369,40.988883],[-73.611501,40.990011],[-73.609727,40.990786],[-73.608327,40.990786],[-73.607569,40.990397],[-73.608233,40.989659],[-73.609634,40.988742],[-73.612528,40.987474],[-73.613369,40.988883]]],[[[-73.630573,40.980707],[-73.62948,40.983646],[-73.626647,40.983049],[-73.623765,40.984696],[-73.622717,40.984559],[-73.621865,40.98247],[-73.622799,40.982047],[-73.623609,40.982138],[-73.625127,40.981213],[-73.626813,40.981906],[-73.627841,40.981483],[-73.628968,40.980685],[-73.630081,40.980144],[-73.630573,40.980707]]],[[[-73.645767,40.996001],[-73.644485,40.997605],[-73.644289,40.998289],[-73.642966,40.997833],[-73.640451,40.99464],[-73.639325,40.994028],[-73.638435,40.994092],[-73.637667,40.993249],[-73.637457,40.992196],[-73.639509,40.991329],[-73.639147,40.989542],[-73.640819,40.989236],[-73.64141,40.99061],[-73.642594,40.991597],[-73.644725,40.995606],[-73.645767,40.996001]]],[[[-73.660268,41.000484],[-73.6585172688615,41.0039992082029],[-73.6585107167126,41.0040123639452],[-73.6579245992895,41.0051892007126],[-73.654607,41.005585],[-73.647643,41.008159],[-73.645648,41.009534],[-73.64422,41.00863],[-73.644224,41.007795],[-73.648826,41.004074],[-73.646172,41.003389],[-73.645189,41.003999],[-73.6410127012996,41.0022674354848],[-73.6422681924053,41.0013204859831],[-73.643653,41.000276],[-73.6487877738617,40.996830745589],[-73.651175,40.995229],[-73.6519565485684,40.9941706558957],[-73.65676,40.987666],[-73.657783,40.9876],[-73.659005,40.988857],[-73.657228,40.990914],[-73.659639,40.994339],[-73.6595007002821,40.995525863034],[-73.659309,40.997171],[-73.660268,41.000484]]]]}},{"type":"Feature","properties":{"GEOID":"09120080600","STATEFP":"09","COUNTYFP":"120","TRACTCE":"080600","NAMELSAD":"Census Tract 806","NAMELSADCO":"Greater Bridgeport Planning Region","STATE_NAME":"Connecticut"},"geometry":{"type":"Polygon","coordinates":[[[-73.136221,41.182869],[-73.134387,41.182594],[-73.13445,41.185422],[-73.134266,41.18703],[-73.136701,41.186828],[-73.133986,41.190436],[-73.132397,41.189926],[-73.130533,41.189862],[-73.130366,41.19138],[-73.127049,41.191262],[-73.127608,41.190016],[-73.123503,41.189859],[-73.12377,41.188306],[-73.121366,41.187444],[-73.122453,41.182897],[-73.121997,41.178927],[-73.121453,41.177597],[-73.119853,41.175697],[-73.112152,41.171397],[-73.114013,41.170522],[-73.119693,41.170849],[-73.123642,41.168404],[-73.127241,41.171389],[-73.130064,41.175796],[-73.130141,41.176518],[-73.130289,41.17943],[-73.137337,41.179432],[-73.136221,41.182869]]]}},{"type":"Feature","properties":{"GEOID":"09120081100","STATEFP":"09","COUNTYFP":"120","TRACTCE":"081100","NAMELSAD":"Census Tract 811","NAMELSADCO":"Greater Bridgeport Planning Region","STATE_NAME":"Connecticut"},"geometry":{"type":"Polygon","coordinates":[[[-73.15426,41.230537],[-73.150466,41.232398],[-73.146219,41.237042],[-73.140057,41.237187],[-73.13924,41.23308],[-73.137413,41.229177],[-73.136773,41.226965],[-73.135032,41.22407],[-73.134664,41.220665],[-73.134699,41.219633],[-73.134534,41.217936],[-73.132497,41.214021],[-73.131772,41.21017],[-73.139352,41.210344],[-73.143531,41.20972],[-73.144059,41.211355],[-73.144974,41.212122],[-73.145458,41.212762],[-73.146327,41.215595],[-73.146946,41.217129],[-73.148427,41.219539],[-73.152465,41.226837],[-73.153453,41.229635],[-73.153825,41.230052],[-73.15426,41.230537]]]}},{"type":"Feature","properties":{"GEOID":"09120081300","STATEFP":"09","COUNTYFP":"120","TRACTCE":"081300","NAMELSAD":"Census Tract 813","NAMELSADCO":"Greater Bridgeport Planning Region","STATE_NAME":"Connecticut"},"geometry":{"type":"Polygon","coordinates":[[[-73.146882,41.255367],[-73.143896,41.257159],[-73.120241,41.264679],[-73.113576,41.266824],[-73.108295,41.268582],[-73.106049,41.26705],[-73.107081,41.264074],[-73.104616,41.263556],[-73.102952,41.261643],[-73.103076,41.259612],[-73.098359,41.25928],[-73.095265,41.258052],[-73.094558,41.256214],[-73.090872,41.257082],[-73.086752,41.254596],[-73.08735,41.251792],[-73.091215,41.246411],[-73.097343,41.246261],[-73.102529,41.245203],[-73.117397,41.240969],[-73.126403,41.238872],[-73.130459,41.238189],[-73.140057,41.237187],[-73.140651,41.237987],[-73.143183,41.241222],[-73.143328,41.245034],[-73.145232,41.24985],[-73.145502,41.254377],[-73.146672,41.255036],[-73.146882,41.255367]]]}},{"type":"Feature","properties":{"GEOID":"09120090300","STATEFP":"09","COUNTYFP":"120","TRACTCE":"090300","NAMELSAD":"Census Tract 903","NAMELSADCO":"Greater Bridgeport Planning Region","STATE_NAME":"Connecticut"},"geometry":{"type":"Polygon","coordinates":[[[-73.248576,41.231998],[-73.245391,41.23292],[-73.2361,41.238432],[-73.23682,41.239349],[-73.241031,41.244817],[-73.23769,41.246633],[-73.23823,41.247073],[-73.237736,41.247378],[-73.234657,41.248293],[-73.235884,41.249674],[-73.235976,41.254907],[-73.234664,41.254582],[-73.228915,41.253376],[-73.22792,41.252886],[-73.225777,41.252254],[-73.22355,41.252341],[-73.219775,41.252663],[-73.220298,41.250159],[-73.22064,41.248413],[-73.220743,41.248027],[-73.221693,41.244151],[-73.221844,41.242649],[-73.220017,41.236908],[-73.220452,41.232318],[-73.220423,41.231496],[-73.219125,41.227802],[-73.232182,41.227292],[-73.244168,41.226592],[-73.245457,41.228064],[-73.246248,41.229334],[-73.248556,41.231977],[-73.248576,41.231998]]]}},{"type":"Feature","properties":{"GEOID":"09190050100","STATEFP":"09","COUNTYFP":"190","TRACTCE":"050100","NAMELSAD":"Census Tract 501","NAMELSADCO":"Western Connecticut Planning Region","STATE_NAME":"Connecticut"},"geometry":{"type":"Polygon","coordinates":[[[-73.388086,41.156484],[-73.388448,41.157997],[-73.387588,41.162426],[-73.386813,41.166403],[-73.386769,41.169805],[-73.387073,41.170495],[-73.384866,41.174433],[-73.381474,41.182567],[-73.379568,41.185777],[-73.378157,41.184204],[-73.376548,41.18143],[-73.371603,41.174685],[-73.370454,41.175722],[-73.364752,41.179031],[-73.363826,41.179351],[-73.361403,41.178189],[-73.361918,41.17553],[-73.363947,41.173559],[-73.363273,41.172283],[-73.364152,41.171586],[-73.367243,41.16899],[-73.366307,41.165289],[-73.367137,41.1635],[-73.366404,41.159941],[-73.367437,41.153576],[-73.36536,41.150495],[-73.366349,41.148861],[-73.364862,41.147114],[-73.364263,41.146505],[-73.364679,41.144251],[-73.363232,41.140931],[-73.364484,41.140625],[-73.364562,41.140596],[-73.366346,41.138257],[-73.367793,41.137101],[-73.371565,41.135849],[-73.376901,41.130461],[-73.381126,41.128603],[-73.381471,41.131903],[-73.382904,41.139043],[-73.382888,41.139757],[-73.382767,41.139842],[-73.382684,41.141685],[-73.386684,41.146006],[-73.388769,41.148948],[-73.388086,41.156484]]]}},{"type":"Feature","properties":{"GEOID":"09190045101","STATEFP":"09","COUNTYFP":"190","TRACTCE":"045101","NAMELSAD":"Census Tract 451.01","NAMELSADCO":"Western Connecticut Planning Region","STATE_NAME":"Connecticut"},"geometry":{"type":"Polygon","coordinates":[[[-73.498359,41.238693],[-73.498096,41.239045],[-73.484935,41.245085],[-73.486003,41.242128],[-73.484173,41.237736],[-73.482026,41.238429],[-73.480196,41.237987],[-73.47744,41.239132],[-73.477729,41.237654],[-73.476162,41.237584],[-73.474487,41.238859],[-73.473306,41.234851],[-73.468197,41.235426],[-73.467345,41.235048],[-73.466959,41.232861],[-73.463103,41.232021],[-73.462596,41.231004],[-73.459735,41.229343],[-73.456026,41.229146],[-73.454875,41.229913],[-73.450077,41.230062],[-73.44755,41.231354],[-73.445247,41.23154],[-73.440369,41.231195],[-73.437391,41.231785],[-73.436464,41.229328],[-73.437319,41.226612],[-73.435614,41.223817],[-73.436875,41.2214],[-73.43801,41.221886],[-73.440157,41.221396],[-73.441772,41.222393],[-73.445162,41.219793],[-73.447144,41.216713],[-73.450737,41.216027],[-73.45423,41.214847],[-73.458349,41.212714],[-73.458881,41.210087],[-73.455153,41.20791],[-73.454561,41.205755],[-73.45256,41.2034],[-73.451978,41.200307],[-73.450851,41.198404],[-73.447419,41.195472],[-73.443994,41.191661],[-73.442091,41.191446],[-73.442192,41.190336],[-73.440354,41.184054],[-73.441473,41.181203],[-73.441212,41.178029],[-73.43956,41.175404],[-73.444806,41.174167],[-73.446732,41.172661],[-73.447327,41.169172],[-73.44797,41.168363],[-73.449761,41.168528],[-73.451709,41.170498],[-73.452376,41.173455],[-73.455925,41.172799],[-73.458825,41.171646],[-73.46174,41.16917],[-73.465428,41.170234],[-73.465396,41.176002],[-73.46847,41.177393],[-73.46999,41.17913],[-73.473006,41.180688],[-73.473501,41.181901],[-73.472208,41.182681],[-73.472819,41.184993],[-73.47014,41.18959],[-73.472852,41.191411],[-73.472033,41.19438],[-73.473108,41.195078],[-73.47569,41.199052],[-73.478718,41.205281],[-73.480261,41.207911],[-73.48378,41.208207],[-73.4849111933569,41.2117775740592],[-73.482709,41.21276],[-73.5025525269551,41.2372113413152],[-73.498359,41.238693]]]}},{"type":"Feature","properties":{"GEOID":"09110881100","STATEFP":"09","COUNTYFP":"110","TRACTCE":"881100","NAMELSAD":"Census Tract 8811","NAMELSADCO":"Capitol Planning Region","STATE_NAME":"Connecticut"},"geometry":{"type":"Polygon","coordinates":[[[-72.25829,41.835843],[-72.223722,41.835267],[-72.217719,41.835184],[-72.200292,41.835046],[-72.169019,41.834902],[-72.166006,41.834883],[-72.164498,41.834913],[-72.163211,41.822222],[-72.163218,41.822034],[-72.159342,41.781159],[-72.157856,41.765646],[-72.156719,41.753719],[-72.156321,41.753491],[-72.157626,41.751804],[-72.160801,41.750123],[-72.164859,41.750002],[-72.165811,41.751706],[-72.168484,41.752231],[-72.171648,41.748467],[-72.174126,41.751184],[-72.175955,41.749857],[-72.176037,41.751436],[-72.177986,41.752657],[-72.17787,41.75537],[-72.183197,41.756117],[-72.185142,41.755681],[-72.186977,41.755427],[-72.187656,41.755181],[-72.187985,41.753741],[-72.185886,41.75235],[-72.186654,41.751211],[-72.189404,41.750097],[-72.188771,41.747626],[-72.192581,41.744568],[-72.194293,41.744879],[-72.195792,41.745083],[-72.196491,41.745133],[-72.197368,41.744516],[-72.198392,41.744147],[-72.199233,41.743936],[-72.201351,41.74392],[-72.201972,41.743675],[-72.202796,41.743615],[-72.203659,41.743106],[-72.204725,41.742844],[-72.203739,41.744089],[-72.20478,41.745521],[-72.209748,41.748445],[-72.210005,41.750715],[-72.212373,41.754808],[-72.215407,41.755395],[-72.217203,41.756826],[-72.217394,41.757611],[-72.218972,41.757486],[-72.219922,41.758022],[-72.219513,41.759338],[-72.223031,41.760655],[-72.226506,41.763446],[-72.226526,41.764344],[-72.230261,41.766058],[-72.233754,41.765893],[-72.235035,41.767413],[-72.229972,41.772534],[-72.228706,41.775716],[-72.232572,41.777488],[-72.234113,41.779073],[-72.230188,41.782142],[-72.226311,41.784038],[-72.223902,41.787002],[-72.227442,41.789548],[-72.23541,41.794313],[-72.23594,41.794865],[-72.239003,41.799556],[-72.241017,41.801089],[-72.243843,41.804504],[-72.241183,41.806679],[-72.241872,41.808203],[-72.246734,41.809126],[-72.245839,41.810369],[-72.248323,41.810946],[-72.245984,41.812105],[-72.243444,41.814122],[-72.242907,41.816293],[-72.246748,41.820727],[-72.248806,41.820648],[-72.254756,41.817422],[-72.255391,41.818773],[-72.256935,41.824016],[-72.255643,41.826458],[-72.257567,41.830269],[-72.258545,41.833555],[-72.25829,41.835843]]]}},{"type":"Feature","properties":{"GEOID":"09110881500","STATEFP":"09","COUNTYFP":"110","TRACTCE":"881500","NAMELSAD":"Census Tract 8815","NAMELSADCO":"Capitol Planning Region","STATE_NAME":"Connecticut"},"geometry":{"type":"Polygon","coordinates":[[[-72.277318,41.777778],[-72.272921,41.780898],[-72.270141,41.784052],[-72.267516,41.783968],[-72.263038,41.78215],[-72.260978,41.781859],[-72.260786,41.783834],[-72.260973,41.786969],[-72.260362,41.787699],[-72.2627,41.791454],[-72.264087,41.792351],[-72.259766,41.794487],[-72.255701,41.794947],[-72.260742,41.798133],[-72.260952,41.799395],[-72.25617,41.799604],[-72.255349,41.80002],[-72.255763,41.802761],[-72.253375,41.80519],[-72.246473,41.797897],[-72.24432,41.799192],[-72.24127,41.799138],[-72.241017,41.801089],[-72.239003,41.799556],[-72.23594,41.794865],[-72.23541,41.794313],[-72.227442,41.789548],[-72.223902,41.787002],[-72.226311,41.784038],[-72.230188,41.782142],[-72.234113,41.779073],[-72.232572,41.777488],[-72.228706,41.775716],[-72.229972,41.772534],[-72.235035,41.767413],[-72.233754,41.765893],[-72.230261,41.766058],[-72.226526,41.764344],[-72.226506,41.763446],[-72.223031,41.760655],[-72.219513,41.759338],[-72.219922,41.758022],[-72.218972,41.757486],[-72.217394,41.757611],[-72.217203,41.756826],[-72.215407,41.755395],[-72.212373,41.754808],[-72.210005,41.750715],[-72.209748,41.748445],[-72.20478,41.745521],[-72.203739,41.744089],[-72.204725,41.742844],[-72.203659,41.743106],[-72.202796,41.743615],[-72.201972,41.743675],[-72.201351,41.74392],[-72.199233,41.743936],[-72.198392,41.744147],[-72.197368,41.744516],[-72.196491,41.745133],[-72.195792,41.745083],[-72.194293,41.744879],[-72.192581,41.744568],[-72.195644,41.739611],[-72.195689,41.73703],[-72.194002,41.734772],[-72.192505,41.734525],[-72.191289,41.733015],[-72.192104,41.730413],[-72.194969,41.72997],[-72.198917,41.731446],[-72.198126,41.728176],[-72.209542,41.728036],[-72.216443,41.728035],[-72.227342,41.728073],[-72.245091,41.728297],[-72.252643,41.728202],[-72.254003,41.729515],[-72.259701,41.729619],[-72.26135,41.732748],[-72.260678,41.734139],[-72.261722,41.736757],[-72.263065,41.73709],[-72.262502,41.738337],[-72.263637,41.739356],[-72.263535,41.740468],[-72.265771,41.743676],[-72.268431,41.744837],[-72.267841,41.745693],[-72.269467,41.745833],[-72.265986,41.750001],[-72.266131,41.753352],[-72.267904,41.756381],[-72.270872,41.759764],[-72.270898,41.760625],[-72.26886,41.762517],[-72.270897,41.764123],[-72.271117,41.766174],[-72.27241,41.767158],[-72.271982,41.771204],[-72.275188,41.773779],[-72.275362,41.776096],[-72.277318,41.777778]]]}},{"type":"Feature","properties":{"GEOID":"09120100200","STATEFP":"09","COUNTYFP":"120","TRACTCE":"100200","NAMELSAD":"Census Tract 1002","NAMELSADCO":"Greater Bridgeport Planning Region","STATE_NAME":"Connecticut"},"geometry":{"type":"Polygon","coordinates":[[[-73.251408,41.330248],[-73.249993,41.3316],[-73.247215,41.336129],[-73.246067,41.339493],[-73.246131,41.339969],[-73.238458,41.341436],[-73.234274,41.341084],[-73.227975,41.343607],[-73.226884,41.34432],[-73.224663,41.342803],[-73.221356,41.340693],[-73.218843,41.337159],[-73.214163,41.335851],[-73.209276,41.335264],[-73.207539,41.332757],[-73.206779,41.331621],[-73.206599,41.331981],[-73.206449,41.332186],[-73.203262,41.331439],[-73.200772,41.330441],[-73.196038,41.331836],[-73.192204,41.33299],[-73.184821,41.334515],[-73.178877,41.334744],[-73.180615,41.332973],[-73.184718,41.326495],[-73.188163,41.321934],[-73.189299,41.320431],[-73.189779,41.319581],[-73.20336,41.301292],[-73.2048,41.29936],[-73.221099,41.298104],[-73.221482,41.301573],[-73.223458,41.302174],[-73.226467,41.303914],[-73.228487,41.306414],[-73.230476,41.307527],[-73.233796,41.307182],[-73.234243,41.310937],[-73.235254,41.314447],[-73.23562,41.317126],[-73.236901,41.320256],[-73.240858,41.320712],[-73.24433,41.323728],[-73.245535,41.326306],[-73.250597,41.329641],[-73.250875,41.329863],[-73.251408,41.330248]]]}},{"type":"Feature","properties":{"GEOID":"09190220100","STATEFP":"09","COUNTYFP":"190","TRACTCE":"220100","NAMELSAD":"Census Tract 2201","NAMELSADCO":"Western Connecticut Planning Region","STATE_NAME":"Connecticut"},"geometry":{"type":"Polygon","coordinates":[[[-73.536969,41.441094],[-73.5362155790302,41.449644743312],[-73.536067,41.451331],[-73.535986,41.45306],[-73.5358943380151,41.4550348166263],[-73.535885,41.455236],[-73.535857,41.455709],[-73.535769,41.457159],[-73.5347598446596,41.47066366093],[-73.534369,41.475894],[-73.534269,41.476394],[-73.534269,41.476911],[-73.53415,41.47806],[-73.5340642743096,41.4788793571253],[-73.534055,41.478968],[-73.533969,41.479693],[-73.5330884632397,41.4904122149284],[-73.5324177565387,41.4985770634688],[-73.529578,41.498413],[-73.529826,41.496045],[-73.527203,41.490638],[-73.524332,41.489772],[-73.519134,41.490637],[-73.516103,41.490081],[-73.517563,41.487979],[-73.520129,41.485684],[-73.520651,41.484939],[-73.521137,41.472811],[-73.520298,41.471643],[-73.520007,41.469341],[-73.518914,41.468698],[-73.515523,41.467949],[-73.511175,41.470547],[-73.5097,41.470778],[-73.504701,41.471831],[-73.500781,41.470366],[-73.498221,41.467821],[-73.495841,41.466576],[-73.495459,41.466331],[-73.492326,41.463199],[-73.492035,41.462598],[-73.497838,41.46146],[-73.501637,41.458613],[-73.50572,41.458506],[-73.504044,41.455398],[-73.502096,41.449863],[-73.503065,41.44828],[-73.502516,41.447855],[-73.51428,41.445636],[-73.519011,41.444515],[-73.521216,41.443994],[-73.53633,41.440529],[-73.5371022733491,41.4397068909828],[-73.536969,41.441094]]]}},{"type":"Feature","properties":{"GEOID":"09190035400","STATEFP":"09","COUNTYFP":"190","TRACTCE":"035400","NAMELSAD":"Census Tract 354","NAMELSADCO":"Western Connecticut Planning Region","STATE_NAME":"Connecticut"},"geometry":{"type":"Polygon","coordinates":[[[-73.5091827930981,41.2009497104956],[-73.5039465925692,41.2032856449013],[-73.4959359310458,41.2068593009831],[-73.4940080975092,41.2077193315839],[-73.4849111933569,41.2117775740592],[-73.48378,41.208207],[-73.480261,41.207911],[-73.478718,41.205281],[-73.47569,41.199052],[-73.473108,41.195078],[-73.472033,41.19438],[-73.472852,41.191411],[-73.47014,41.18959],[-73.472819,41.184993],[-73.472208,41.182681],[-73.473501,41.181901],[-73.473006,41.180688],[-73.46999,41.17913],[-73.46847,41.177393],[-73.465396,41.176002],[-73.465428,41.170234],[-73.466834,41.165502],[-73.464073,41.162789],[-73.464294,41.161515],[-73.462619,41.161054],[-73.457043,41.160114],[-73.454888,41.159163],[-73.452874,41.159748],[-73.450402,41.157997],[-73.448906,41.153754],[-73.448898,41.153544],[-73.449498,41.1501],[-73.450615,41.148707],[-73.458823,41.134903],[-73.459505,41.134217],[-73.464065,41.135136],[-73.465828,41.135809],[-73.47603,41.14166],[-73.477999,41.142852],[-73.480004,41.145722],[-73.481079,41.14728],[-73.482791,41.148748],[-73.483865,41.149429],[-73.485698,41.150189],[-73.488913,41.151094],[-73.489591,41.15132],[-73.489278,41.151488],[-73.488662,41.151687],[-73.48828,41.152882],[-73.489597,41.156268],[-73.490398,41.157718],[-73.493212,41.157508],[-73.49405,41.158758],[-73.495299,41.163503],[-73.49458,41.169492],[-73.500072,41.180954],[-73.500415,41.182523],[-73.503689,41.185196],[-73.504965,41.187143],[-73.5091827930981,41.2009497104956]]]}},{"type":"Feature","properties":{"GEOID":"09190230100","STATEFP":"09","COUNTYFP":"190","TRACTCE":"230100","NAMELSAD":"Census Tract 2301","NAMELSADCO":"Western Connecticut Planning Region","STATE_NAME":"Connecticut"},"geometry":{"type":"Polygon","coordinates":[[[-73.378623,41.419993],[-73.374752,41.424794],[-73.364384,41.437767],[-73.359859,41.44261],[-73.331656,41.472729],[-73.326774,41.469515],[-73.312873,41.467415],[-73.310473,41.468815],[-73.305033,41.471151],[-73.302761,41.471439],[-73.300601,41.470847],[-73.299593,41.470111],[-73.298265,41.467631],[-73.298313,41.464767],[-73.299833,41.460783],[-73.29986,41.458434],[-73.300793,41.455903],[-73.300073,41.452479],[-73.298403,41.448916],[-73.29776,41.448276],[-73.293948,41.447355],[-73.291263,41.448108],[-73.287798,41.450315],[-73.283195,41.451612],[-73.278253,41.452635],[-73.273696,41.451645],[-73.270243,41.448005],[-73.267493,41.443581],[-73.265857,41.437073],[-73.263678,41.434532],[-73.259205,41.433329],[-73.25695,41.433852],[-73.25119,41.437772],[-73.247977,41.439005],[-73.246764,41.437766],[-73.246446,41.435907],[-73.248006,41.432415],[-73.259542,41.421066],[-73.266383,41.413585],[-73.267006,41.411967],[-73.2663,41.409013],[-73.266529,41.407227],[-73.269322,41.407508],[-73.272133,41.406545],[-73.277702,41.404797],[-73.280151,41.408139],[-73.283043,41.407415],[-73.283997,41.409397],[-73.289208,41.409844],[-73.291404,41.409136],[-73.291014,41.41089],[-73.291516,41.413276],[-73.293112,41.415383],[-73.296197,41.417046],[-73.300272,41.418881],[-73.308109,41.423958],[-73.308062,41.423468],[-73.314606,41.420483],[-73.315899,41.421869],[-73.320132,41.421159],[-73.324471,41.418883],[-73.330251,41.420124],[-73.331143,41.418397],[-73.346521,41.419813],[-73.350723,41.420531],[-73.352639,41.419902],[-73.35708,41.416959],[-73.359293,41.416191],[-73.364201,41.41625],[-73.367736,41.415606],[-73.374331,41.413638],[-73.375723,41.413596],[-73.378623,41.419993]]]}},{"type":"Feature","properties":{"GEOID":"09190230501","STATEFP":"09","COUNTYFP":"190","TRACTCE":"230501","NAMELSAD":"Census Tract 2305.01","NAMELSADCO":"Western Connecticut Planning Region","STATE_NAME":"Connecticut"},"geometry":{"type":"Polygon","coordinates":[[[-73.266383,41.413585],[-73.259542,41.421066],[-73.248006,41.432415],[-73.246446,41.435907],[-73.246764,41.437766],[-73.247977,41.439005],[-73.24752,41.439193],[-73.245259,41.439895],[-73.244334,41.439558],[-73.242344,41.436072],[-73.242289,41.429841],[-73.238411,41.426253],[-73.236771,41.426187],[-73.235911,41.426153],[-73.229969,41.429124],[-73.226479,41.430309],[-73.218235,41.42907],[-73.217135,41.42837],[-73.214435,41.42507],[-73.211835,41.42277],[-73.207688,41.420544],[-73.201557,41.415796],[-73.199757,41.413196],[-73.196757,41.411396],[-73.190257,41.410296],[-73.186557,41.408596],[-73.184857,41.406296],[-73.185357,41.402196],[-73.187557,41.399596],[-73.187957,41.397296],[-73.183269,41.391711],[-73.187733,41.388926],[-73.190426,41.388258],[-73.191748,41.388934],[-73.194898,41.388529],[-73.198011,41.382734],[-73.201075,41.38102],[-73.202947,41.382229],[-73.204607,41.385009],[-73.210019,41.388341],[-73.21531,41.389054],[-73.225158,41.392149],[-73.227559,41.392758],[-73.231512,41.394852],[-73.234247,41.39598],[-73.237118,41.395754],[-73.24159,41.396479],[-73.242016,41.396905],[-73.243512,41.399929],[-73.247515,41.401069],[-73.250603,41.403716],[-73.255924,41.407136],[-73.259168,41.408626],[-73.263552,41.407982],[-73.2663,41.409013],[-73.267006,41.411967],[-73.266383,41.413585]]]}},{"type":"Feature","properties":{"GEOID":"09190042700","STATEFP":"09","COUNTYFP":"190","TRACTCE":"042700","NAMELSAD":"Census Tract 427","NAMELSADCO":"Western Connecticut Planning Region","STATE_NAME":"Connecticut"},"geometry":{"type":"Polygon","coordinates":[[[-73.431673,41.14755],[-73.431184,41.148978],[-73.426786,41.155502],[-73.424774,41.155398],[-73.424266,41.156736],[-73.422233,41.160029],[-73.418978,41.160802],[-73.42025,41.158296],[-73.419916,41.156205],[-73.41527,41.155984],[-73.413221,41.155477],[-73.412434,41.151306],[-73.411302,41.149021],[-73.410144,41.14509],[-73.40691,41.138896],[-73.407239,41.137174],[-73.407173,41.136028],[-73.412271,41.137241],[-73.414993,41.136167],[-73.414674,41.135695],[-73.417369,41.134641],[-73.419053,41.134296],[-73.421875,41.131862],[-73.421337,41.130216],[-73.422974,41.129949],[-73.423536,41.131204],[-73.424194,41.133375],[-73.424636,41.135719],[-73.42547,41.135622],[-73.427524,41.134614],[-73.42882,41.132707],[-73.430882,41.141529],[-73.431702,41.14474],[-73.431673,41.14755]]]}},{"type":"Feature","properties":{"GEOID":"09190043000","STATEFP":"09","COUNTYFP":"190","TRACTCE":"043000","NAMELSAD":"Census Tract 430","NAMELSADCO":"Western Connecticut Planning Region","STATE_NAME":"Connecticut"},"geometry":{"type":"Polygon","coordinates":[[[-73.456522,41.133763],[-73.454466,41.13478],[-73.440881,41.138652],[-73.430882,41.141529],[-73.42882,41.132707],[-73.428451,41.131369],[-73.427866,41.129449],[-73.426248,41.126306],[-73.429553,41.12625],[-73.429435,41.126177],[-73.432133,41.126825],[-73.434523,41.126478],[-73.436385,41.125765],[-73.439284,41.125788],[-73.441501,41.1261],[-73.447996,41.125017],[-73.452471,41.126574],[-73.456182,41.129915],[-73.458202,41.132752],[-73.456522,41.133763]]]}},{"type":"Feature","properties":{"GEOID":"09190200301","STATEFP":"09","COUNTYFP":"190","TRACTCE":"200301","NAMELSAD":"Census Tract 2003.01","NAMELSADCO":"Western Connecticut Planning Region","STATE_NAME":"Connecticut"},"geometry":{"type":"Polygon","coordinates":[[[-73.408293,41.391774],[-73.407154,41.394717],[-73.407293,41.395742],[-73.404898,41.401031],[-73.40481,41.402417],[-73.401176,41.402854],[-73.400825,41.403449],[-73.402114,41.405598],[-73.405807,41.414773],[-73.406019,41.415442],[-73.40611,41.416061],[-73.405965,41.428194],[-73.385241,41.424021],[-73.380138,41.422934],[-73.378623,41.419993],[-73.375723,41.413596],[-73.37408,41.409972],[-73.368213,41.397106],[-73.369514,41.397051],[-73.378015,41.395631],[-73.385358,41.392128],[-73.387197,41.391722],[-73.390922,41.391736],[-73.391761,41.391416],[-73.395322,41.389042],[-73.398343,41.38594],[-73.401311,41.386638],[-73.40747,41.389713],[-73.408293,41.391774]]]}},{"type":"Feature","properties":{"GEOID":"09190043300","STATEFP":"09","COUNTYFP":"190","TRACTCE":"043300","NAMELSAD":"Census Tract 433","NAMELSADCO":"Western Connecticut Planning Region","STATE_NAME":"Connecticut"},"geometry":{"type":"Polygon","coordinates":[[[-73.439493,41.119262],[-73.43719,41.121779],[-73.439284,41.125788],[-73.436385,41.125765],[-73.434523,41.126478],[-73.432133,41.126825],[-73.429435,41.126177],[-73.429553,41.12625],[-73.426248,41.126306],[-73.421206,41.120545],[-73.420564,41.119642],[-73.419801,41.118389],[-73.418998,41.116148],[-73.419959,41.116742],[-73.422463,41.117249],[-73.423838,41.117701],[-73.425789,41.117318],[-73.426882,41.116955],[-73.428994,41.116792],[-73.431298,41.117738],[-73.432168,41.118632],[-73.43591,41.118731],[-73.437599,41.117773],[-73.438476,41.118152],[-73.439493,41.119262]]]}},{"type":"Feature","properties":{"GEOID":"09190043400","STATEFP":"09","COUNTYFP":"190","TRACTCE":"043400","NAMELSAD":"Census Tract 434","NAMELSADCO":"Western Connecticut Planning Region","STATE_NAME":"Connecticut"},"geometry":{"type":"Polygon","coordinates":[[[-73.42882,41.132707],[-73.427524,41.134614],[-73.42547,41.135622],[-73.424636,41.135719],[-73.424194,41.133375],[-73.423536,41.131204],[-73.422974,41.129949],[-73.421337,41.130216],[-73.419831,41.130359],[-73.416547,41.128838],[-73.41128,41.12557],[-73.410373,41.125708],[-73.409674,41.123183],[-73.408686,41.121382],[-73.412176,41.122074],[-73.413665,41.121604],[-73.417344,41.119684],[-73.420564,41.119642],[-73.421206,41.120545],[-73.426248,41.126306],[-73.427866,41.129449],[-73.428451,41.131369],[-73.42882,41.132707]]]}},{"type":"Feature","properties":{"GEOID":"09190043900","STATEFP":"09","COUNTYFP":"190","TRACTCE":"043900","NAMELSAD":"Census Tract 439","NAMELSADCO":"Western Connecticut Planning Region","STATE_NAME":"Connecticut"},"geometry":{"type":"Polygon","coordinates":[[[-73.45358,41.089616],[-73.449439,41.091188],[-73.441607,41.097835],[-73.436121,41.10099],[-73.430085,41.10393],[-73.428617,41.100004],[-73.430416,41.098336],[-73.431761,41.098227],[-73.431374,41.094868],[-73.43127,41.094863],[-73.429827,41.091178],[-73.430095,41.088137],[-73.429623,41.086873],[-73.428854,41.085888],[-73.431683,41.081065],[-73.433737,41.079758],[-73.436413,41.07875],[-73.445331,41.077397],[-73.446226,41.077276],[-73.44747,41.08501],[-73.448188,41.086037],[-73.45022,41.086515],[-73.450671,41.088151],[-73.453841,41.087739],[-73.45358,41.089616]]]}},{"type":"Feature","properties":{"GEOID":"09190044200","STATEFP":"09","COUNTYFP":"190","TRACTCE":"044200","NAMELSAD":"Census Tract 442","NAMELSADCO":"Western Connecticut Planning Region","STATE_NAME":"Connecticut"},"geometry":{"type":"Polygon","coordinates":[[[-73.415385,41.103106],[-73.414365,41.104312],[-73.410478,41.105745],[-73.410575,41.107436],[-73.406137,41.108457],[-73.401298,41.110392],[-73.398545,41.111227],[-73.39844,41.110861],[-73.398539,41.109772],[-73.401167,41.10578],[-73.400929,41.10531],[-73.400595,41.104731],[-73.39986,41.103444],[-73.402863,41.102698],[-73.401317,41.101404],[-73.399181,41.095265],[-73.403939,41.094118],[-73.409463,41.093496],[-73.410736,41.094501],[-73.411364,41.094977],[-73.414472,41.098949],[-73.415055,41.100566],[-73.415385,41.103106]]]}},{"type":"Feature","properties":{"GEOID":"09190044400","STATEFP":"09","COUNTYFP":"190","TRACTCE":"044400","NAMELSAD":"Census Tract 444","NAMELSADCO":"Western Connecticut Planning Region","STATE_NAME":"Connecticut"},"geometry":{"type":"MultiPolygon","coordinates":[[[[-73.394189,41.067379],[-73.392281,41.07083],[-73.388181,41.073275],[-73.383662,41.0725002937718],[-73.383662,41.071596],[-73.383562,41.070296],[-73.3835825294851,41.0694191474177],[-73.383889,41.069248],[-73.386655,41.066301],[-73.389993,41.064287],[-73.38799,41.061052],[-73.385797,41.059757],[-73.386178,41.058391],[-73.387227,41.058247],[-73.391805,41.061411],[-73.395238,41.064431],[-73.394189,41.067379]]],[[[-73.416886,41.053932],[-73.404774,41.06213],[-73.399815,41.062418],[-73.399148,41.06098],[-73.401055,41.0576],[-73.401532,41.053717],[-73.406077,41.052361],[-73.409542,41.052998],[-73.422165,41.047562],[-73.416886,41.053932]]],[[[-73.423491,41.079325],[-73.421151,41.085288],[-73.42076,41.08691],[-73.420356,41.088265],[-73.419554,41.090159],[-73.417043,41.091669],[-73.414864,41.092053],[-73.412159,41.092877],[-73.409463,41.093496],[-73.406171,41.090512],[-73.404151,41.087913],[-73.4025953212994,41.085912130154],[-73.405632,41.082261],[-73.40785,41.081115],[-73.407228,41.075488],[-73.408416,41.071008],[-73.412932,41.071008],[-73.4219963591711,41.0642269064179],[-73.420363,41.068396],[-73.420363,41.075396],[-73.420898,41.077226],[-73.422725,41.077689],[-73.424018,41.078667],[-73.423491,41.079325]]]]}},{"type":"Feature","properties":{"GEOID":"09190044500","STATEFP":"09","COUNTYFP":"190","TRACTCE":"044500","NAMELSAD":"Census Tract 445","NAMELSADCO":"Western Connecticut Planning Region","STATE_NAME":"Connecticut"},"geometry":{"type":"Polygon","coordinates":[[[-73.433737,41.079758],[-73.431683,41.081065],[-73.428854,41.085888],[-73.428709,41.08628],[-73.428406,41.087017],[-73.426864,41.090131],[-73.424485,41.092851],[-73.423469,41.093956],[-73.422196,41.094686],[-73.420334,41.09489],[-73.42055,41.090376],[-73.419554,41.090159],[-73.420356,41.088265],[-73.42076,41.08691],[-73.421151,41.085288],[-73.423491,41.079325],[-73.424018,41.078667],[-73.430781,41.073722],[-73.431733,41.074431],[-73.431551,41.075969],[-73.43331,41.077349],[-73.433737,41.079758]]]}},{"type":"Feature","properties":{"GEOID":"09190245100","STATEFP":"09","COUNTYFP":"190","TRACTCE":"245100","NAMELSAD":"Census Tract 2451","NAMELSADCO":"Western Connecticut Planning Region","STATE_NAME":"Connecticut"},"geometry":{"type":"Polygon","coordinates":[[[-73.532423,41.335865],[-73.529846,41.336817],[-73.525427,41.336664],[-73.52135,41.337742],[-73.518612,41.340125],[-73.516746,41.340402],[-73.512633,41.341203],[-73.510357,41.338318],[-73.506778,41.338923],[-73.503679,41.339869],[-73.502112,41.33988],[-73.500749,41.340186],[-73.499257,41.340077],[-73.497237,41.339387],[-73.494672,41.335868],[-73.494673,41.332177],[-73.493478,41.331096],[-73.492947,41.328186],[-73.491405,41.326366],[-73.491801,41.323309],[-73.491519,41.320703],[-73.490179,41.320331],[-73.490011,41.316573],[-73.488293,41.314117],[-73.489469,41.312376],[-73.487161,41.310222],[-73.487312,41.308715],[-73.488955,41.307315],[-73.489846,41.305392],[-73.492019,41.301959],[-73.49233,41.298265],[-73.492789,41.295163],[-73.495576,41.29543],[-73.499599,41.29444],[-73.499472,41.293791],[-73.502732,41.293192],[-73.503991,41.29324],[-73.504108,41.293501],[-73.505005,41.29821],[-73.505779,41.299853],[-73.506104,41.300513],[-73.506224,41.301639],[-73.506402,41.302293],[-73.506635,41.302939],[-73.507207,41.303978],[-73.507398,41.304175],[-73.507845,41.30461],[-73.510025,41.31099],[-73.512573,41.313115],[-73.512911,41.316175],[-73.514077,41.317972],[-73.514663,41.318087],[-73.515454,41.318204],[-73.518142,41.319127],[-73.522065,41.323018],[-73.525731,41.323339],[-73.527716,41.325059],[-73.527644,41.327569],[-73.526803,41.331276],[-73.531455,41.334188],[-73.531828,41.334757],[-73.532423,41.335865]]]}},{"type":"Feature","properties":{"GEOID":"09190021000","STATEFP":"09","COUNTYFP":"190","TRACTCE":"021000","NAMELSAD":"Census Tract 210","NAMELSADCO":"Western Connecticut Planning Region","STATE_NAME":"Connecticut"},"geometry":{"type":"Polygon","coordinates":[[[-73.534504,41.085889],[-73.533806,41.090106],[-73.531523,41.090282],[-73.529454,41.091947],[-73.527383,41.091305],[-73.526628,41.088359],[-73.524681,41.088336],[-73.52268,41.089801],[-73.520497,41.089974],[-73.518417,41.088836],[-73.514591,41.0927],[-73.515229,41.088965],[-73.514496,41.088284],[-73.516975,41.081168],[-73.518011,41.079977],[-73.515585,41.075377],[-73.516733,41.074687],[-73.518758,41.076924],[-73.5203,41.077207],[-73.521593,41.080069],[-73.522069,41.078218],[-73.522531,41.077618],[-73.526965,41.079226],[-73.528903,41.078542],[-73.533882,41.078416],[-73.53393,41.082857],[-73.534504,41.085889]]]}},{"type":"Feature","properties":{"GEOID":"09190021200","STATEFP":"09","COUNTYFP":"190","TRACTCE":"021200","NAMELSAD":"Census Tract 212","NAMELSADCO":"Western Connecticut Planning Region","STATE_NAME":"Connecticut"},"geometry":{"type":"Polygon","coordinates":[[[-73.549973,41.079086],[-73.549097,41.082867],[-73.549084,41.083296],[-73.542707,41.082214],[-73.539382,41.082935],[-73.534791,41.083088],[-73.53393,41.082857],[-73.533882,41.078416],[-73.533816,41.077044],[-73.533547,41.074975],[-73.53433,41.072482],[-73.534535,41.071544],[-73.534266,41.070145],[-73.534255,41.070077],[-73.533915,41.068806],[-73.533118,41.065518],[-73.535495,41.065431],[-73.537224,41.06526],[-73.538903,41.065306],[-73.541192,41.064909],[-73.543081,41.067334],[-73.545103,41.066501],[-73.545777,41.06693],[-73.549274,41.069591],[-73.549217,41.071692],[-73.548856,41.073833],[-73.54959,41.076596],[-73.549852,41.077239],[-73.549973,41.079086]]]}},{"type":"Feature","properties":{"GEOID":"09190021300","STATEFP":"09","COUNTYFP":"190","TRACTCE":"021300","NAMELSAD":"Census Tract 213","NAMELSADCO":"Western Connecticut Planning Region","STATE_NAME":"Connecticut"},"geometry":{"type":"Polygon","coordinates":[[[-73.559918,41.058892],[-73.558393,41.063598],[-73.55845,41.064427],[-73.55831,41.066115],[-73.557635,41.066111],[-73.55671,41.072684],[-73.555722,41.076195],[-73.556566,41.077278],[-73.556896,41.078488],[-73.555498,41.08342],[-73.556618,41.085519],[-73.554218,41.082585],[-73.553869,41.080532],[-73.553577,41.078709],[-73.552412,41.078832],[-73.551922,41.078863],[-73.549973,41.079086],[-73.549852,41.077239],[-73.54959,41.076596],[-73.548856,41.073833],[-73.549217,41.071692],[-73.549274,41.069591],[-73.545777,41.06693],[-73.548667,41.066115],[-73.546824,41.065422],[-73.545346,41.064097],[-73.544615,41.063398],[-73.5443,41.062889],[-73.544066,41.062169],[-73.544177,41.062136],[-73.546646,41.060213],[-73.546457,41.059081],[-73.545409,41.056613],[-73.543594,41.055589],[-73.549943,41.055922],[-73.555045,41.05592],[-73.557741,41.056444],[-73.558288,41.056908],[-73.559914,41.057672],[-73.559918,41.058892]]]}},{"type":"Feature","properties":{"GEOID":"09190021900","STATEFP":"09","COUNTYFP":"190","TRACTCE":"021900","NAMELSAD":"Census Tract 219","NAMELSADCO":"Western Connecticut Planning Region","STATE_NAME":"Connecticut"},"geometry":{"type":"Polygon","coordinates":[[[-73.521121,41.041766],[-73.519486,41.040538],[-73.51825,41.041592],[-73.516945,41.042715],[-73.516865,41.043717],[-73.519568,41.044997],[-73.52009,41.046022],[-73.517338,41.046443],[-73.518111,41.049661],[-73.516617,41.049102],[-73.514883,41.04892],[-73.511723,41.048917],[-73.511681,41.048914],[-73.509046,41.048948],[-73.509608,41.054786],[-73.511585,41.05879],[-73.512204,41.058615],[-73.510024,41.061091],[-73.508467,41.062834],[-73.508143,41.06208],[-73.507327,41.06092],[-73.506318,41.058885],[-73.50248,41.055977],[-73.49787,41.049389],[-73.495857,41.048646],[-73.495756326505,41.0476796800875],[-73.500582,41.046716],[-73.501063,41.044886],[-73.505968,41.042801],[-73.507958,41.038503],[-73.517279,41.039891],[-73.5211989186167,41.0377872951312],[-73.521121,41.041766]]]}},{"type":"Feature","properties":{"GEOID":"09190022400","STATEFP":"09","COUNTYFP":"190","TRACTCE":"022400","NAMELSAD":"Census Tract 224","NAMELSADCO":"Western Connecticut Planning Region","STATE_NAME":"Connecticut"},"geometry":{"type":"Polygon","coordinates":[[[-73.5344100876717,41.0318290994976],[-73.532366,41.032697],[-73.531269,41.034661],[-73.527383,41.035496],[-73.527693,41.036314],[-73.527264,41.03862],[-73.523526,41.038063],[-73.5222799218801,41.0372071525183],[-73.523292,41.036664],[-73.5228495523387,41.0356634320862],[-73.52115,41.03182],[-73.5200458969165,41.0316365375057],[-73.518496,41.031379],[-73.517013,41.030054],[-73.518262,41.028964],[-73.519238,41.024312],[-73.52306,41.020047],[-73.5241672407343,41.0201659597483],[-73.524391,41.02019],[-73.526967,41.019718],[-73.5270328089261,41.0196357232774],[-73.529081,41.017075],[-73.5292497062395,41.0171023219224],[-73.530353,41.017281],[-73.531215,41.02245],[-73.530189,41.028776],[-73.532786,41.03167],[-73.5344100876717,41.0318290994976]]]}},{"type":"Feature","properties":{"GEOID":"09120080400","STATEFP":"09","COUNTYFP":"120","TRACTCE":"080400","NAMELSAD":"Census Tract 804","NAMELSADCO":"Greater Bridgeport Planning Region","STATE_NAME":"Connecticut"},"geometry":{"type":"Polygon","coordinates":[[[-73.158783,41.174325],[-73.155618,41.177726],[-73.155319,41.179431],[-73.154231,41.18303],[-73.154613,41.183554],[-73.154486,41.183683],[-73.153805,41.184019],[-73.142964,41.184901],[-73.139475,41.186722],[-73.136701,41.186828],[-73.134266,41.18703],[-73.13445,41.185422],[-73.134387,41.182594],[-73.136221,41.182869],[-73.137337,41.179432],[-73.130289,41.17943],[-73.130141,41.176518],[-73.130064,41.175796],[-73.127241,41.171389],[-73.130661,41.168899],[-73.134499,41.169003],[-73.141653,41.166705],[-73.142998,41.166602],[-73.14401,41.166872],[-73.148938,41.169118],[-73.157831,41.173208],[-73.158783,41.174325]]]}},{"type":"Feature","properties":{"GEOID":"09190245300","STATEFP":"09","COUNTYFP":"190","TRACTCE":"245300","NAMELSAD":"Census Tract 2453","NAMELSADCO":"Western Connecticut Planning Region","STATE_NAME":"Connecticut"},"geometry":{"type":"Polygon","coordinates":[[[-73.503991,41.29324],[-73.502732,41.293192],[-73.499472,41.293791],[-73.499599,41.29444],[-73.495576,41.29543],[-73.492789,41.295163],[-73.49233,41.298265],[-73.492019,41.301959],[-73.489846,41.305392],[-73.488955,41.307315],[-73.487312,41.308715],[-73.487276,41.308743],[-73.483338,41.309442],[-73.478929,41.308078],[-73.47752,41.302509],[-73.478961,41.301636],[-73.477954,41.298043],[-73.476049,41.295487],[-73.477049,41.295234],[-73.477801,41.292201],[-73.475168,41.289545],[-73.474496,41.287659],[-73.473332,41.28719],[-73.469218,41.287638],[-73.46538,41.28938],[-73.462891,41.291203],[-73.463689,41.294722],[-73.460176,41.29594],[-73.46005,41.296809],[-73.456166,41.298541],[-73.454074,41.300116],[-73.450269,41.300397],[-73.44957,41.293594],[-73.448535,41.287234],[-73.447138,41.278475],[-73.444989,41.275266],[-73.444112,41.274154],[-73.43819,41.265187],[-73.440067,41.264453],[-73.441609,41.267491],[-73.446665,41.268749],[-73.452605,41.270269],[-73.455516,41.270029],[-73.459449,41.271834],[-73.463499,41.271989],[-73.466402,41.2738],[-73.467734,41.273569],[-73.468486,41.271706],[-73.470479,41.269806],[-73.475042,41.269186],[-73.479823,41.269354],[-73.480098,41.265978],[-73.487477,41.266521],[-73.488764,41.266361],[-73.491432,41.267696],[-73.494978,41.2689],[-73.495222,41.269218],[-73.497187,41.272512],[-73.498269,41.279472],[-73.498515,41.283239],[-73.498767,41.284961],[-73.499928,41.288149],[-73.499821,41.289129],[-73.500502,41.29042],[-73.503785,41.292532],[-73.503991,41.29324]]]}},{"type":"Feature","properties":{"GEOID":"09120090600","STATEFP":"09","COUNTYFP":"120","TRACTCE":"090600","NAMELSAD":"Census Tract 906","NAMELSADCO":"Greater Bridgeport Planning Region","STATE_NAME":"Connecticut"},"geometry":{"type":"Polygon","coordinates":[[[-73.201977,41.253064],[-73.199349,41.253673],[-73.198369,41.254118],[-73.197361,41.255034],[-73.197586,41.257239],[-73.199186,41.259423],[-73.199,41.264172],[-73.19399,41.265253],[-73.189956,41.265438],[-73.185104,41.267122],[-73.180336,41.265692],[-73.175564,41.266936],[-73.174166,41.265965],[-73.1727,41.265995],[-73.172628,41.266848],[-73.173596,41.268606],[-73.164912,41.268795],[-73.156881,41.269106],[-73.155573,41.269096],[-73.155266,41.269087],[-73.147367,41.256222],[-73.147599,41.256047],[-73.151591,41.252658],[-73.15163,41.252624],[-73.151686,41.252578],[-73.15175,41.252524],[-73.15179,41.252491],[-73.157139,41.250474],[-73.158357,41.249198],[-73.162345,41.248084],[-73.162694,41.250799],[-73.163992,41.252738],[-73.165687,41.253168],[-73.169145,41.252997],[-73.170045,41.251086],[-73.170191,41.250562],[-73.176577,41.25142],[-73.176881,41.249957],[-73.182329,41.246555],[-73.183055,41.245195],[-73.186095,41.244328],[-73.188025,41.245359],[-73.189538,41.245404],[-73.193665,41.245091],[-73.197363,41.246754],[-73.200341,41.247936],[-73.20131,41.250678],[-73.202843,41.251734],[-73.201977,41.253064]]]}},{"type":"Feature","properties":{"GEOID":"09140110500","STATEFP":"09","COUNTYFP":"140","TRACTCE":"110500","NAMELSAD":"Census Tract 1105","NAMELSADCO":"Naugatuck Valley Planning Region","STATE_NAME":"Connecticut"},"geometry":{"type":"Polygon","coordinates":[[[-73.20336,41.301292],[-73.189779,41.319581],[-73.189299,41.320431],[-73.188163,41.321934],[-73.184718,41.326495],[-73.180615,41.332973],[-73.178877,41.334744],[-73.176814,41.337587],[-73.175225,41.335633],[-73.173976,41.334654],[-73.168444,41.331826],[-73.168456,41.330648],[-73.170439,41.328381],[-73.171599,41.325473],[-73.171172,41.322901],[-73.165695,41.321035],[-73.163353,41.319424],[-73.157188,41.319253],[-73.153988,41.318502],[-73.152112,41.318068],[-73.149944,41.318365],[-73.149343,41.31858],[-73.145294,41.320719],[-73.141223,41.318635],[-73.14102,41.316924],[-73.138675,41.316671],[-73.137224,41.317278],[-73.134521,41.317617],[-73.132778,41.315741],[-73.131734,41.311496],[-73.12855,41.307026],[-73.126854,41.306843],[-73.130119,41.304503],[-73.132528,41.301835],[-73.137886,41.300808],[-73.14033,41.299078],[-73.144531,41.297699],[-73.145164,41.297405],[-73.145397,41.297281],[-73.145972,41.296827],[-73.14628,41.296574],[-73.147313,41.296427],[-73.148803,41.296832],[-73.153383,41.297402],[-73.155016,41.297814],[-73.158938,41.302343],[-73.16304,41.30115],[-73.163674,41.302559],[-73.165812,41.304945],[-73.168601,41.303607],[-73.172419,41.303852],[-73.17651,41.304251],[-73.178563,41.304283],[-73.184652,41.302423],[-73.193614,41.301362],[-73.202676,41.299389],[-73.2048,41.29936],[-73.20336,41.301292]]]}},{"type":"Feature","properties":{"GEOID":"09190257100","STATEFP":"09","COUNTYFP":"190","TRACTCE":"257100","NAMELSAD":"Census Tract 2571","NAMELSADCO":"Western Connecticut Planning Region","STATE_NAME":"Connecticut"},"geometry":{"type":"Polygon","coordinates":[[[-73.530067,41.527194],[-73.5274208272509,41.5543355939442],[-73.5274190937751,41.5543533740742],[-73.521041,41.619773],[-73.5210383249554,41.619828966949],[-73.5200737332017,41.6400100350447],[-73.520017,41.641197],[-73.5182376035525,41.6667339816894],[-73.516019,41.665964],[-73.510379,41.666498],[-73.506923,41.665802],[-73.506929,41.664029],[-73.503952,41.661773],[-73.497952,41.658893],[-73.494864,41.661214],[-73.493968,41.661118],[-73.49115,41.654606],[-73.49032,41.653278],[-73.484686,41.64743],[-73.486728,41.647053],[-73.488074,41.645648],[-73.490029,41.646414],[-73.49411,41.644487],[-73.496289,41.642498],[-73.49598,41.640395],[-73.496762,41.638514],[-73.49781,41.638145],[-73.495016,41.631785],[-73.467272,41.573588],[-73.455163,41.547195],[-73.454017,41.542687],[-73.450368,41.534678],[-73.464563,41.532022],[-73.470662,41.530867],[-73.480223,41.528882],[-73.485936,41.527931],[-73.5306605365111,41.5199685828257],[-73.530067,41.527194]]]}},{"type":"Feature","properties":{"GEOID":"09190020200","STATEFP":"09","COUNTYFP":"190","TRACTCE":"020200","NAMELSAD":"Census Tract 202","NAMELSADCO":"Western Connecticut Planning Region","STATE_NAME":"Connecticut"},"geometry":{"type":"Polygon","coordinates":[[[-73.633975019844,41.1440908044972],[-73.632153,41.144921],[-73.6288148586472,41.1464233424058],[-73.614464558521,41.1528817460914],[-73.5970698847306,41.1607102809882],[-73.596149,41.158771],[-73.596072,41.1556],[-73.591235,41.149619],[-73.591155,41.143053],[-73.590903,41.139145],[-73.589596,41.135847],[-73.588722,41.135005],[-73.587475,41.134285],[-73.578532,41.127461],[-73.57395,41.125537],[-73.57345,41.124604],[-73.572088,41.119351],[-73.572154,41.117822],[-73.572024,41.115744],[-73.570952,41.113217],[-73.569905,41.108573],[-73.566035,41.103089],[-73.566001,41.10305],[-73.569161,41.101565],[-73.582188,41.100543],[-73.588764,41.1006],[-73.588677,41.097098],[-73.592448,41.090614],[-73.596475,41.0954],[-73.599163,41.099018],[-73.606346,41.108427],[-73.607055,41.109609],[-73.613785,41.117654],[-73.617587,41.12275],[-73.62137,41.127487],[-73.626427,41.134607],[-73.632448,41.142424],[-73.633975019844,41.1440908044972]]]}},{"type":"Feature","properties":{"GEOID":"09190020700","STATEFP":"09","COUNTYFP":"190","TRACTCE":"020700","NAMELSAD":"Census Tract 207","NAMELSADCO":"Western Connecticut Planning Region","STATE_NAME":"Connecticut"},"geometry":{"type":"Polygon","coordinates":[[[-73.54839,41.105261],[-73.546434,41.112006],[-73.535111,41.116235],[-73.528076,41.118668],[-73.5225,41.118888],[-73.52206,41.11727],[-73.521948,41.115069],[-73.522328,41.114546],[-73.510813,41.114496],[-73.50784,41.114196],[-73.500756,41.114414],[-73.5068,41.109527],[-73.508084,41.110022],[-73.511469,41.107229],[-73.511398,41.105648],[-73.509445,41.104808],[-73.509769,41.102954],[-73.513239,41.102497],[-73.516255,41.103112],[-73.516356,41.102074],[-73.516709,41.10062],[-73.520169,41.098279],[-73.520215,41.097752],[-73.524051,41.097795],[-73.526228,41.098761],[-73.529226,41.098588],[-73.531294,41.098451],[-73.531661,41.096631],[-73.531807,41.094771],[-73.536143,41.096721],[-73.536677,41.097254],[-73.538476,41.100201],[-73.543186,41.100639],[-73.546234,41.102143],[-73.54797,41.10199],[-73.548182,41.103092],[-73.54839,41.105261]]]}},{"type":"Feature","properties":{"GEOID":"09120105100","STATEFP":"09","COUNTYFP":"120","TRACTCE":"105100","NAMELSAD":"Census Tract 1051","NAMELSADCO":"Greater Bridgeport Planning Region","STATE_NAME":"Connecticut"},"geometry":{"type":"Polygon","coordinates":[[[-73.368811,41.274975],[-73.342143,41.284769],[-73.341164,41.281282],[-73.340174,41.279316],[-73.338333,41.277395],[-73.333604,41.273636],[-73.332876,41.272434],[-73.332518,41.268928],[-73.329588,41.266657],[-73.325962,41.26149],[-73.325637,41.260172],[-73.323203,41.254299],[-73.32319,41.251429],[-73.322584,41.249544],[-73.320632,41.246825],[-73.31786,41.247593],[-73.31522,41.248782],[-73.311113,41.248082],[-73.309433,41.248585],[-73.305068,41.249107],[-73.301524,41.250197],[-73.296564,41.253304],[-73.295218,41.253625],[-73.290584,41.252447],[-73.285521,41.250499],[-73.283852,41.249257],[-73.280577,41.248259],[-73.277882,41.24847],[-73.276471,41.246953],[-73.273228,41.249867],[-73.268831,41.250382],[-73.266012,41.24994],[-73.262992,41.248564],[-73.260784,41.248142],[-73.258625,41.246836],[-73.257422,41.245394],[-73.25666,41.242685],[-73.255221,41.241567],[-73.253248,41.240949],[-73.253217,41.243309],[-73.251615,41.246099],[-73.250023,41.246833],[-73.247357,41.246969],[-73.24434,41.248097],[-73.243834,41.247488],[-73.241031,41.244817],[-73.23682,41.239349],[-73.2361,41.238432],[-73.245391,41.23292],[-73.248576,41.231998],[-73.248556,41.231977],[-73.251349,41.230178],[-73.25256,41.226665],[-73.255651,41.22219],[-73.256559,41.219296],[-73.260191,41.21543],[-73.260405,41.215234],[-73.261289,41.214354],[-73.262098,41.212876],[-73.272044,41.222957],[-73.272239,41.223262],[-73.273133,41.224211],[-73.274267,41.225657],[-73.276386,41.22782],[-73.279256,41.231551],[-73.282351,41.229102],[-73.284605,41.225118],[-73.288257,41.223855],[-73.288924,41.22235],[-73.290774,41.220089],[-73.29484,41.218022],[-73.299824,41.213794],[-73.301863,41.212729],[-73.307418,41.212891],[-73.318313,41.212742],[-73.329014,41.213425],[-73.325674,41.216213],[-73.325916,41.218151],[-73.325341,41.220296],[-73.323638,41.222221],[-73.325845,41.224659],[-73.326746,41.226733],[-73.32581,41.227228],[-73.331364,41.233466],[-73.332666,41.234505],[-73.336789,41.240163],[-73.341432,41.245625],[-73.347528,41.251965],[-73.368811,41.274975]]]}},{"type":"Feature","properties":{"GEOID":"09120060300","STATEFP":"09","COUNTYFP":"120","TRACTCE":"060300","NAMELSAD":"Census Tract 603","NAMELSADCO":"Greater Bridgeport Planning Region","STATE_NAME":"Connecticut"},"geometry":{"type":"Polygon","coordinates":[[[-73.299824,41.213794],[-73.29484,41.218022],[-73.290774,41.220089],[-73.288924,41.22235],[-73.288257,41.223855],[-73.284605,41.225118],[-73.282351,41.229102],[-73.279256,41.231551],[-73.276386,41.22782],[-73.274267,41.225657],[-73.273133,41.224211],[-73.272239,41.223262],[-73.272044,41.222957],[-73.262098,41.212876],[-73.261289,41.214354],[-73.260405,41.215234],[-73.260191,41.21543],[-73.259349,41.214811],[-73.257088,41.212548],[-73.256232,41.210379],[-73.256867,41.207656],[-73.254908,41.204706],[-73.254714,41.202727],[-73.25488,41.202637],[-73.25534,41.200222],[-73.2581,41.193575],[-73.259263,41.193466],[-73.260042,41.192345],[-73.259902,41.186225],[-73.258578,41.187076],[-73.258222,41.187339],[-73.259504,41.183843],[-73.261632,41.180773],[-73.263293,41.178513],[-73.266313,41.176851],[-73.26834,41.17431],[-73.268471,41.173805],[-73.269159,41.174696],[-73.276441,41.183249],[-73.276651,41.183452],[-73.280469,41.188027],[-73.28169,41.189196],[-73.281932,41.189454],[-73.286012,41.194344],[-73.290224,41.199138],[-73.297459,41.207812],[-73.29775,41.208263],[-73.301863,41.212729],[-73.299824,41.213794]]]}},{"type":"Feature","properties":{"GEOID":"09120060700","STATEFP":"09","COUNTYFP":"120","TRACTCE":"060700","NAMELSAD":"Census Tract 607","NAMELSADCO":"Greater Bridgeport Planning Region","STATE_NAME":"Connecticut"},"geometry":{"type":"Polygon","coordinates":[[[-73.274646,41.142317],[-73.274591,41.142401],[-73.273655,41.143756],[-73.272696,41.145007],[-73.272448,41.145864],[-73.272012,41.1461],[-73.271707,41.146555],[-73.271953,41.147626],[-73.27271,41.147959],[-73.273113,41.149046],[-73.27267,41.150525],[-73.272553,41.153116],[-73.270662,41.155445],[-73.274221,41.157131],[-73.274684,41.158675],[-73.27113,41.161517],[-73.272505,41.163167],[-73.270039,41.165428],[-73.268687,41.16795],[-73.272408,41.170815],[-73.272097,41.172487],[-73.268471,41.173805],[-73.267621,41.17243],[-73.267065,41.171953],[-73.265774,41.173468],[-73.263148,41.173228],[-73.259594,41.175275],[-73.25854,41.175246],[-73.25818,41.173313],[-73.258666,41.170451],[-73.258172,41.169356],[-73.256249,41.166017],[-73.255698,41.165122],[-73.255092,41.16334],[-73.252055,41.157409],[-73.251708,41.155489],[-73.251629,41.154841],[-73.250865,41.148868],[-73.250208,41.147648],[-73.25489,41.144207],[-73.257582,41.142993],[-73.263254,41.141543],[-73.275276,41.14096],[-73.274646,41.142317]]]}},{"type":"Feature","properties":{"GEOID":"09120061000","STATEFP":"09","COUNTYFP":"120","TRACTCE":"061000","NAMELSAD":"Census Tract 610","NAMELSADCO":"Greater Bridgeport Planning Region","STATE_NAME":"Connecticut"},"geometry":{"type":"Polygon","coordinates":[[[-73.26834,41.17431],[-73.266313,41.176851],[-73.263293,41.178513],[-73.261632,41.180773],[-73.260799,41.180317],[-73.255886,41.183975],[-73.254966,41.183022],[-73.25492,41.183639],[-73.251581,41.186624],[-73.247323,41.189815],[-73.246274,41.190256],[-73.244713,41.191197],[-73.24362,41.192653],[-73.23817,41.196406],[-73.234835,41.193359],[-73.234476,41.190673],[-73.232471,41.187056],[-73.231888,41.186309],[-73.235112,41.183334],[-73.236102,41.178592],[-73.236092,41.178333],[-73.241053,41.177179],[-73.24245,41.177907],[-73.245966,41.176297],[-73.24695,41.17582],[-73.249114,41.175741],[-73.253871,41.178159],[-73.255269,41.177394],[-73.256168,41.176555],[-73.257672,41.175277],[-73.25854,41.175246],[-73.259594,41.175275],[-73.263148,41.173228],[-73.265774,41.173468],[-73.267065,41.171953],[-73.267621,41.17243],[-73.268471,41.173805],[-73.26834,41.17431]]]}},{"type":"Feature","properties":{"GEOID":"09120061400","STATEFP":"09","COUNTYFP":"120","TRACTCE":"061400","NAMELSAD":"Census Tract 614","NAMELSADCO":"Greater Bridgeport Planning Region","STATE_NAME":"Connecticut"},"geometry":{"type":"Polygon","coordinates":[[[-73.244599,41.159311],[-73.242693,41.161399],[-73.242888,41.163562],[-73.241794,41.166399],[-73.240022,41.168167],[-73.240193,41.169026],[-73.237615,41.17006],[-73.236976,41.170506],[-73.235519,41.171034],[-73.234717,41.170882],[-73.229165,41.172488],[-73.22874,41.173556],[-73.225682,41.173051],[-73.227633,41.169433],[-73.223701,41.170156],[-73.222269,41.168928],[-73.224417,41.166297],[-73.227543,41.165414],[-73.229599,41.164435],[-73.241014,41.155944],[-73.241151,41.156296],[-73.241777,41.157029],[-73.243925,41.159083],[-73.244599,41.159311]]]}},{"type":"Feature","properties":{"GEOID":"09120074300","STATEFP":"09","COUNTYFP":"120","TRACTCE":"074300","NAMELSAD":"Census Tract 743","NAMELSADCO":"Greater Bridgeport Planning Region","STATE_NAME":"Connecticut"},"geometry":{"type":"Polygon","coordinates":[[[-73.175824,41.178038],[-73.171068,41.185695],[-73.170894,41.186648],[-73.167295,41.186462],[-73.165608,41.186368],[-73.162093,41.187537],[-73.158942,41.188653],[-73.155115,41.189992],[-73.155024,41.186557],[-73.15446,41.183834],[-73.154486,41.183683],[-73.154613,41.183554],[-73.159203,41.180613],[-73.16154,41.179767],[-73.162674,41.179359],[-73.170734,41.176798],[-73.173248,41.177407],[-73.173663,41.177256],[-73.17531,41.176564],[-73.176595,41.176733],[-73.175824,41.178038]]]}},{"type":"Feature","properties":{"GEOID":"09120090400","STATEFP":"09","COUNTYFP":"120","TRACTCE":"090400","NAMELSAD":"Census Tract 904","NAMELSADCO":"Greater Bridgeport Planning Region","STATE_NAME":"Connecticut"},"geometry":{"type":"Polygon","coordinates":[[[-73.221693,41.244151],[-73.220743,41.248027],[-73.22064,41.248413],[-73.220298,41.250159],[-73.214355,41.248441],[-73.213793,41.248276],[-73.211076,41.251255],[-73.21084,41.251133],[-73.207704,41.252457],[-73.206958,41.25451],[-73.206474,41.253801],[-73.202843,41.251734],[-73.20131,41.250678],[-73.200341,41.247936],[-73.197363,41.246754],[-73.193665,41.245091],[-73.189538,41.245404],[-73.18804,41.245215],[-73.188856,41.244269],[-73.187695,41.24107],[-73.185872,41.23972],[-73.186028,41.236426],[-73.185955,41.236361],[-73.183726,41.234945],[-73.183041,41.231385],[-73.181661,41.230563],[-73.181665,41.228926],[-73.180179,41.227275],[-73.178553,41.226457],[-73.17884,41.221975],[-73.183277,41.220699],[-73.187271,41.220526],[-73.189262,41.221974],[-73.190748,41.224182],[-73.183182,41.223695],[-73.184513,41.225939],[-73.181321,41.226879],[-73.188315,41.22754],[-73.190407,41.226103],[-73.190857,41.225032],[-73.195241,41.227254],[-73.196405,41.227719],[-73.201072,41.228295],[-73.201415,41.229466],[-73.207293,41.22775],[-73.208474,41.227794],[-73.212438,41.228466],[-73.219125,41.227802],[-73.220423,41.231496],[-73.220452,41.232318],[-73.220017,41.236908],[-73.221844,41.242649],[-73.221693,41.244151]]]}},{"type":"Feature","properties":{"GEOID":"09190205300","STATEFP":"09","COUNTYFP":"190","TRACTCE":"205300","NAMELSAD":"Census Tract 2053","NAMELSADCO":"Western Connecticut Planning Region","STATE_NAME":"Connecticut"},"geometry":{"type":"Polygon","coordinates":[[[-73.420857,41.455681],[-73.419236,41.455771],[-73.420659,41.459035],[-73.422023,41.464799],[-73.419209,41.465356],[-73.417998,41.467215],[-73.417158,41.466316],[-73.409995,41.466451],[-73.403223,41.467753],[-73.401655,41.468065],[-73.397318,41.467912],[-73.393578,41.467246],[-73.391794,41.467325],[-73.390627,41.466949],[-73.389759,41.466808],[-73.387839,41.466048],[-73.385007,41.462783],[-73.38423,41.45853],[-73.381964,41.456594],[-73.381685,41.456089],[-73.376741,41.449196],[-73.375828,41.446695],[-73.373971,41.443474],[-73.368838,41.439708],[-73.364384,41.437767],[-73.374752,41.424794],[-73.378623,41.419993],[-73.380138,41.422934],[-73.385241,41.424021],[-73.405965,41.428194],[-73.409665,41.428994],[-73.411924,41.429532],[-73.415787,41.430337],[-73.418273,41.437914],[-73.423783,41.454862],[-73.420857,41.455681]]]}},{"type":"Feature","properties":{"GEOID":"09190210702","STATEFP":"09","COUNTYFP":"190","TRACTCE":"210702","NAMELSAD":"Census Tract 2107.02","NAMELSADCO":"Western Connecticut Planning Region","STATE_NAME":"Connecticut"},"geometry":{"type":"Polygon","coordinates":[[[-73.478108,41.394263],[-73.476521,41.393807],[-73.470933,41.394349],[-73.469279,41.393152],[-73.466355,41.394446],[-73.464924,41.394627],[-73.464391,41.392535],[-73.463231,41.393086],[-73.463376,41.389891],[-73.465269,41.387127],[-73.466881,41.382655],[-73.468644,41.381827],[-73.470078,41.381482],[-73.474342,41.382167],[-73.47515,41.382359],[-73.475661,41.384097],[-73.475822,41.387398],[-73.47586,41.388317],[-73.477961,41.39317],[-73.478108,41.394263]]]}},{"type":"Feature","properties":{"GEOID":"09190211100","STATEFP":"09","COUNTYFP":"190","TRACTCE":"211100","NAMELSAD":"Census Tract 2111","NAMELSADCO":"Western Connecticut Planning Region","STATE_NAME":"Connecticut"},"geometry":{"type":"Polygon","coordinates":[[[-73.473173,41.440983],[-73.46998,41.440697],[-73.464798,41.442505],[-73.46391,41.445912],[-73.467049,41.447054],[-73.465082,41.448225],[-73.46482,41.447316],[-73.456591,41.446866],[-73.457449,41.443257],[-73.461429,41.442628],[-73.457889,41.440022],[-73.459026,41.439023],[-73.462082,41.438765],[-73.463212,41.437936],[-73.463681,41.435169],[-73.461133,41.434215],[-73.461709,41.431338],[-73.466193,41.431054],[-73.468031,41.430316],[-73.468259,41.429188],[-73.468987,41.42967],[-73.47128,41.4287],[-73.471223,41.429383],[-73.473107,41.432488],[-73.473557,41.432966],[-73.473173,41.440983]]]}},{"type":"Feature","properties":{"GEOID":"09190211300","STATEFP":"09","COUNTYFP":"190","TRACTCE":"211300","NAMELSAD":"Census Tract 2113","NAMELSADCO":"Western Connecticut Planning Region","STATE_NAME":"Connecticut"},"geometry":{"type":"Polygon","coordinates":[[[-73.454073,41.438587],[-73.452511,41.439282],[-73.452154,41.440741],[-73.453008,41.442162],[-73.451856,41.442133],[-73.450601,41.445264],[-73.447398,41.445743],[-73.446523,41.450537],[-73.445407,41.450864],[-73.444232,41.453636],[-73.445064,41.458439],[-73.44463,41.458678],[-73.445051,41.45999],[-73.44191,41.460545],[-73.439366,41.460994],[-73.434515,41.454566],[-73.430251,41.449163],[-73.427692,41.444092],[-73.428691,41.443358],[-73.430618,41.442602],[-73.431804,41.441817],[-73.432252,41.441012],[-73.433,41.439123],[-73.431867,41.43646],[-73.43016,41.433623],[-73.429936,41.431339],[-73.432403,41.429234],[-73.43621,41.427289],[-73.439655,41.426496],[-73.440608,41.427888],[-73.44407,41.426112],[-73.445585,41.426478],[-73.448055,41.427833],[-73.45019,41.427816],[-73.4521,41.429053],[-73.453976,41.432947],[-73.454502,41.437161],[-73.454073,41.438587]]]}},{"type":"Feature","properties":{"GEOID":"09190220300","STATEFP":"09","COUNTYFP":"190","TRACTCE":"220300","NAMELSAD":"Census Tract 2203","NAMELSADCO":"Western Connecticut Planning Region","STATE_NAME":"Connecticut"},"geometry":{"type":"Polygon","coordinates":[[[-73.485936,41.527931],[-73.480223,41.528882],[-73.470662,41.530867],[-73.464563,41.532022],[-73.450368,41.534678],[-73.44593,41.525254],[-73.445086,41.522574],[-73.442766,41.514094],[-73.445266,41.509494],[-73.443616,41.503681],[-73.444066,41.501794],[-73.442879,41.498978],[-73.44226,41.49561],[-73.441466,41.491294],[-73.438574,41.486289],[-73.437027,41.483613],[-73.442095,41.485573],[-73.44262,41.48545],[-73.443416,41.478529],[-73.444409,41.477561],[-73.44425,41.476758],[-73.443335,41.472593],[-73.442145,41.470591],[-73.44016,41.469825],[-73.439284,41.468048],[-73.437065,41.465397],[-73.43562,41.466233],[-73.434846,41.467938],[-73.43543,41.470864],[-73.437805,41.472749],[-73.438291,41.47406],[-73.434934,41.471898],[-73.433379,41.472111],[-73.431533,41.469014],[-73.429716,41.469735],[-73.426942,41.463834],[-73.439366,41.460994],[-73.44191,41.460545],[-73.445051,41.45999],[-73.450576,41.459001],[-73.456052,41.457986],[-73.466003,41.455739],[-73.468988,41.455506],[-73.475696,41.453846],[-73.480607,41.461288],[-73.482021,41.464592],[-73.483533,41.465573],[-73.485678,41.466113],[-73.48239,41.468907],[-73.479347,41.468811],[-73.474321,41.469748],[-73.47292,41.468852],[-73.472152,41.468982],[-73.467761,41.475361],[-73.467236,41.477668],[-73.464413,41.481882],[-73.464354,41.484323],[-73.464773,41.487454],[-73.468901,41.494795],[-73.469564,41.49701],[-73.470092,41.500769],[-73.468951,41.50346],[-73.470337,41.5074],[-73.471122,41.508809],[-73.471495,41.509359],[-73.470821,41.510611],[-73.472307,41.51014],[-73.47572,41.512622],[-73.479341,41.510652],[-73.480233,41.511222],[-73.480774,41.513044],[-73.482982,41.516514],[-73.484694,41.520338],[-73.485515,41.524852],[-73.486386,41.525944],[-73.485936,41.527931]]]}},{"type":"Feature","properties":{"GEOID":"09190030300","STATEFP":"09","COUNTYFP":"190","TRACTCE":"030300","NAMELSAD":"Census Tract 303","NAMELSADCO":"Western Connecticut Planning Region","STATE_NAME":"Connecticut"},"geometry":{"type":"Polygon","coordinates":[[[-73.506335,41.060797],[-73.502359,41.059276],[-73.498754,41.058572],[-73.49562,41.058577],[-73.489155,41.059965],[-73.487192,41.060445],[-73.482549,41.062387],[-73.480707,41.064831],[-73.48006,41.065672],[-73.475025,41.072392],[-73.469839,41.073774],[-73.467603,41.074525],[-73.464947,41.0766],[-73.464288,41.077587],[-73.456732,41.077209],[-73.449859,41.076926],[-73.446226,41.077276],[-73.445933,41.076503],[-73.44675,41.076199],[-73.4475,41.072916],[-73.447619,41.071907],[-73.444824,41.070024],[-73.444046,41.06835],[-73.445269,41.065911],[-73.445515,41.06539],[-73.4465190115365,41.0580763361426],[-73.450482,41.05699],[-73.451394,41.057916],[-73.453641,41.057149],[-73.454202,41.05437],[-73.459572,41.052544],[-73.461713,41.053629],[-73.461502,41.054476],[-73.458905,41.05654],[-73.457817,41.058975],[-73.459397,41.059637],[-73.4616766897471,41.0588556668412],[-73.4625825461822,41.0585451966684],[-73.4630913969339,41.0583707948816],[-73.46319,41.058337],[-73.46483,41.058104],[-73.4650247726817,41.0584566350885],[-73.465173,41.058725],[-73.463959,41.059904],[-73.464661,41.060748],[-73.466731,41.061128],[-73.468977,41.060079],[-73.470474,41.056181],[-73.471508,41.055079],[-73.470487,41.054105],[-73.468311,41.05482],[-73.467258,41.054767],[-73.467153,41.052359],[-73.469575,41.050744],[-73.474032,41.05085],[-73.474383,41.049262],[-73.470028,41.048331],[-73.470242,41.047197],[-73.475998,41.043915],[-73.477366,41.036397],[-73.479086,41.036582],[-73.482823,41.046216],[-73.4842486854369,41.0461768376531],[-73.486063,41.046127],[-73.486804,41.042242],[-73.4886,41.040799],[-73.49141,41.042742],[-73.490473,41.044126],[-73.490743997702,41.0444313989647],[-73.493947,41.048041],[-73.495756326505,41.0476796800875],[-73.495857,41.048646],[-73.49787,41.049389],[-73.50248,41.055977],[-73.506318,41.058885],[-73.507327,41.06092],[-73.506335,41.060797]]]}},{"type":"Feature","properties":{"GEOID":"09190010300","STATEFP":"09","COUNTYFP":"190","TRACTCE":"010300","NAMELSAD":"Census Tract 103","NAMELSADCO":"Western Connecticut Planning Region","STATE_NAME":"Connecticut"},"geometry":{"type":"Polygon","coordinates":[[[-73.663358,41.041688],[-73.662211,41.043951],[-73.661912,41.044929],[-73.661218,41.045233],[-73.658742,41.044957],[-73.657923,41.047792],[-73.654864,41.052861],[-73.652523,41.055379],[-73.650693,41.056939],[-73.648078,41.062168],[-73.646709,41.060217],[-73.645794,41.056733],[-73.641332,41.051914],[-73.640007,41.049726],[-73.637661,41.049345],[-73.637041,41.048485],[-73.635923,41.048592],[-73.627483,41.047569],[-73.626965,41.047064],[-73.624891,41.049759],[-73.622852,41.049895],[-73.622407,41.048236],[-73.618539,41.048094],[-73.616318,41.051528],[-73.616479,41.048946],[-73.615479,41.045705],[-73.617486,41.039619],[-73.617254,41.036987],[-73.621366,41.035891],[-73.622882,41.03492],[-73.623197,41.034619],[-73.624614,41.033128],[-73.626474,41.035538],[-73.629237,41.033287],[-73.632352,41.032568],[-73.632667,41.032053],[-73.631471,41.030889],[-73.629417,41.028095],[-73.629981,41.027564],[-73.636178,41.024],[-73.638764,41.02277],[-73.645958,41.018251],[-73.648725,41.016701],[-73.650111,41.01743],[-73.650387,41.021898],[-73.650734,41.02269],[-73.651954,41.027545],[-73.653998,41.029824],[-73.656535,41.031302],[-73.657855,41.032997],[-73.662116,41.037632],[-73.664888,41.038548],[-73.663358,41.041688]]]}},{"type":"Feature","properties":{"GEOID":"09190010500","STATEFP":"09","COUNTYFP":"190","TRACTCE":"010500","NAMELSAD":"Census Tract 105","NAMELSADCO":"Western Connecticut Planning Region","STATE_NAME":"Connecticut"},"geometry":{"type":"Polygon","coordinates":[[[-73.656065,41.008923],[-73.655241,41.011852],[-73.655255,41.012246],[-73.6556623079508,41.0126660658565],[-73.654295,41.013272],[-73.652564,41.014461],[-73.648789,41.016666],[-73.648725,41.016701],[-73.645958,41.018251],[-73.638764,41.02277],[-73.636178,41.024],[-73.629981,41.027564],[-73.629417,41.028095],[-73.629273,41.028232],[-73.628608,41.026527],[-73.630857,41.023634],[-73.627316,41.022074],[-73.627204,41.02118],[-73.63055,41.020748],[-73.632535,41.020243],[-73.634364,41.019283],[-73.645648,41.009534],[-73.647643,41.008159],[-73.654607,41.005585],[-73.6579245992895,41.0051892007126],[-73.656065,41.008923]]]}},{"type":"Feature","properties":{"GEOID":"09190011100","STATEFP":"09","COUNTYFP":"190","TRACTCE":"011100","NAMELSAD":"Census Tract 111","NAMELSADCO":"Western Connecticut Planning Region","STATE_NAME":"Connecticut"},"geometry":{"type":"Polygon","coordinates":[[[-73.596612,41.016768],[-73.595441,41.019321],[-73.594555,41.023102],[-73.594627,41.030812],[-73.589565,41.040879],[-73.589298,41.042206],[-73.585127,41.04074],[-73.583144,41.041027],[-73.576638,41.041904],[-73.574811,41.042908],[-73.573826,41.04136],[-73.570244,41.03826],[-73.573153,41.033434],[-73.57324,41.032087],[-73.572157,41.03133],[-73.57392,41.026417],[-73.575328,41.025393],[-73.572988,41.020113],[-73.571968,41.017597],[-73.5876450291519,41.0076409654007],[-73.5876581088922,41.0076522198727],[-73.593191,41.012413],[-73.595699,41.015995],[-73.5967420568665,41.0158760715483],[-73.596612,41.016768]]]}},{"type":"Feature","properties":{"GEOID":"09170175100","STATEFP":"09","COUNTYFP":"170","TRACTCE":"175100","NAMELSAD":"Census Tract 1751","NAMELSADCO":"South Central Connecticut Planning Region","STATE_NAME":"Connecticut"},"geometry":{"type":"Polygon","coordinates":[[[-72.824014,41.45688],[-72.821115,41.461933],[-72.81672,41.469644],[-72.811851,41.467826],[-72.807058,41.467149],[-72.808282,41.466263],[-72.809867,41.464278],[-72.810384,41.460089],[-72.81148,41.458252],[-72.815371,41.453081],[-72.818485,41.454495],[-72.821222,41.455466],[-72.824014,41.45688]]]}},{"type":"Feature","properties":{"GEOID":"09140348125","STATEFP":"09","COUNTYFP":"140","TRACTCE":"348125","NAMELSAD":"Census Tract 3481.25","NAMELSADCO":"Naugatuck Valley Planning Region","STATE_NAME":"Connecticut"},"geometry":{"type":"Polygon","coordinates":[[[-73.261157,41.489973],[-73.260468,41.493413],[-73.257987,41.497397],[-73.254025,41.501993],[-73.252261,41.505372],[-73.248379,41.507818],[-73.247058,41.509891],[-73.250065,41.510583],[-73.252265,41.512134],[-73.249559,41.512498],[-73.242247,41.512952],[-73.219724,41.510225],[-73.220901,41.503984],[-73.223228,41.502468],[-73.225314,41.502146],[-73.22554,41.502205],[-73.226913,41.501297],[-73.228551,41.499494],[-73.228514,41.493725],[-73.226604,41.491755],[-73.225499,41.490565],[-73.225051,41.487467],[-73.228337,41.483326],[-73.230883,41.483347],[-73.231991,41.482626],[-73.233699,41.482497],[-73.237839,41.480521],[-73.241143,41.473131],[-73.243855,41.467701],[-73.248357,41.469257],[-73.249845,41.470526],[-73.251035,41.470303],[-73.251567,41.471024],[-73.254566,41.47782],[-73.257075,41.481057],[-73.257767,41.484564],[-73.258484,41.48651],[-73.260625,41.488711],[-73.261157,41.489973]]]}},{"type":"Feature","properties":{"GEOID":"09180693500","STATEFP":"09","COUNTYFP":"180","TRACTCE":"693500","NAMELSAD":"Census Tract 6935","NAMELSADCO":"Southeastern Connecticut Planning Region","STATE_NAME":"Connecticut"},"geometry":{"type":"Polygon","coordinates":[[[-72.154249,41.316179],[-72.153422,41.316586],[-72.15039,41.316398],[-72.1489,41.319368],[-72.147638,41.325559],[-72.145508,41.330334],[-72.143332,41.33271],[-72.136169,41.335669],[-72.134068,41.33645],[-72.132522,41.336702],[-72.130841,41.336726],[-72.123839,41.33571],[-72.114313,41.334267],[-72.109793,41.334037],[-72.109017,41.332091],[-72.108636,41.32856],[-72.105097,41.321856],[-72.105334,41.320619],[-72.103434,41.317366],[-72.100582,41.313151],[-72.101989,41.309336],[-72.101684,41.306807],[-72.103905,41.305153],[-72.1011122448683,41.304096793875],[-72.101358,41.303771],[-72.107782,41.302861],[-72.11182,41.299098],[-72.123044,41.301751],[-72.1254987519934,41.3012342216659],[-72.134221,41.299398],[-72.144041,41.30291],[-72.149665,41.310857],[-72.1559882169118,41.3130622872205],[-72.154249,41.316179]]]}},{"type":"Feature","properties":{"GEOID":"09180870704","STATEFP":"09","COUNTYFP":"180","TRACTCE":"870704","NAMELSAD":"Census Tract 8707.04","NAMELSADCO":"Southeastern Connecticut Planning Region","STATE_NAME":"Connecticut"},"geometry":{"type":"Polygon","coordinates":[[[-72.2237757595202,41.3019597214395],[-72.221527,41.304277],[-72.219872,41.307354],[-72.220922,41.307731],[-72.220871,41.30927],[-72.219105,41.312947],[-72.216785,41.315975],[-72.215314,41.315363],[-72.212352,41.316602],[-72.212127,41.318083],[-72.21145,41.318071],[-72.210394,41.317212],[-72.207774,41.318864],[-72.207868,41.319524],[-72.206348,41.320779],[-72.206047,41.321956],[-72.206618,41.323047],[-72.205345,41.323421],[-72.204668,41.324954],[-72.205505,41.326996],[-72.206962,41.335161],[-72.205058,41.333965],[-72.197975,41.332679],[-72.194822,41.333291],[-72.194002,41.334293],[-72.192651,41.334203],[-72.192169,41.333504],[-72.191441,41.334592],[-72.191092,41.338128],[-72.188471,41.338622],[-72.187007,41.337956],[-72.184808,41.339001],[-72.184827,41.342197],[-72.184901,41.34472],[-72.182922,41.344197],[-72.181122,41.342697],[-72.1793,41.334623],[-72.180491,41.328056],[-72.179852,41.325732],[-72.176199,41.324],[-72.176566,41.323128],[-72.1774650579298,41.3222891577989],[-72.177622,41.322497],[-72.184122,41.323997],[-72.191022,41.323197],[-72.1915159517901,41.3228407847668],[-72.201422,41.315697],[-72.203022,41.313197],[-72.2035779661765,41.3053578769112],[-72.204022,41.299097],[-72.202294,41.294107],[-72.203684,41.287222],[-72.205788,41.285883],[-72.210387,41.285963],[-72.212348,41.288642],[-72.213132,41.291964],[-72.219763,41.293544],[-72.219977,41.29491],[-72.218857,41.296123],[-72.219763,41.29716],[-72.221582,41.296571],[-72.222936,41.29933],[-72.221689,41.300589],[-72.221724,41.301124],[-72.2237757595202,41.3019597214395]]]}},{"type":"Feature","properties":{"GEOID":"09180714104","STATEFP":"09","COUNTYFP":"180","TRACTCE":"714104","NAMELSAD":"Census Tract 7141.04","NAMELSADCO":"Southeastern Connecticut Planning Region","STATE_NAME":"Connecticut"},"geometry":{"type":"Polygon","coordinates":[[[-72.343348,41.599325],[-72.328095,41.605471],[-72.32451,41.61857],[-72.313125,41.609522],[-72.309505,41.611514],[-72.29289,41.598124],[-72.291971,41.597697],[-72.289678,41.595952],[-72.287115,41.594142],[-72.261957,41.574001],[-72.253229,41.566125],[-72.249516,41.562715],[-72.247409,41.560367],[-72.231038,41.548745],[-72.227823,41.546203],[-72.21911,41.538815],[-72.252228,41.531985],[-72.263949,41.529578],[-72.295832,41.522934],[-72.303771,41.521307],[-72.306466,41.527894],[-72.311447,41.537297],[-72.319517,41.554596],[-72.322022,41.558891],[-72.319837,41.560257],[-72.315772,41.561517],[-72.313194,41.564026],[-72.306357,41.568152],[-72.311684,41.569684],[-72.313254,41.570941],[-72.314746,41.572665],[-72.318268,41.572693],[-72.316098,41.575055],[-72.317929,41.575506],[-72.322752,41.579465],[-72.326463,41.579943],[-72.328037,41.578833],[-72.331927,41.581459],[-72.335173,41.585591],[-72.336051,41.587669],[-72.334232,41.591243],[-72.336277,41.594364],[-72.335987,41.594688],[-72.336382,41.595544],[-72.336799,41.595869],[-72.336755,41.596197],[-72.337041,41.596694],[-72.337545,41.596593],[-72.338087,41.596907],[-72.338539,41.597021],[-72.33911,41.596841],[-72.339854,41.596304],[-72.340798,41.596155],[-72.341352,41.596665],[-72.342316,41.597649],[-72.343348,41.599325]]]}},{"type":"Feature","properties":{"GEOID":"09110520100","STATEFP":"09","COUNTYFP":"110","TRACTCE":"520100","NAMELSAD":"Census Tract 5201","NAMELSADCO":"Capitol Planning Region","STATE_NAME":"Connecticut"},"geometry":{"type":"Polygon","coordinates":[[[-72.579511,41.728928],[-72.574346,41.732439],[-72.574059,41.733483],[-72.571233,41.733799],[-72.567664,41.734347],[-72.549234,41.736108],[-72.536391,41.737716],[-72.531898,41.738335],[-72.519664,41.73947],[-72.518136,41.740022],[-72.517132,41.739935],[-72.5182,41.737387],[-72.517516,41.733056],[-72.51799,41.730229],[-72.522489,41.729602],[-72.526621,41.726719],[-72.526119,41.722642],[-72.526215,41.720449],[-72.526882,41.718982],[-72.525556,41.715751],[-72.526546,41.714174],[-72.526747,41.712123],[-72.529942,41.705798],[-72.531517,41.703644],[-72.531095,41.701339],[-72.536886,41.700662],[-72.543232,41.700556],[-72.546322,41.700076],[-72.550598,41.700449],[-72.554844,41.698545],[-72.556554,41.698841],[-72.557889,41.699575],[-72.55954,41.702715],[-72.561465,41.703606],[-72.558417,41.708688],[-72.560463,41.717686],[-72.56609,41.718169],[-72.5756,41.716927],[-72.576213,41.718421],[-72.579033,41.720429],[-72.581536,41.726806],[-72.579511,41.728928]]]}},{"type":"Feature","properties":{"GEOID":"09110514101","STATEFP":"09","COUNTYFP":"110","TRACTCE":"514101","NAMELSAD":"Census Tract 5141.01","NAMELSADCO":"Capitol Planning Region","STATE_NAME":"Connecticut"},"geometry":{"type":"Polygon","coordinates":[[[-72.507658,41.800546],[-72.502559,41.810176],[-72.491959,41.811353],[-72.487364,41.811751],[-72.485404,41.812233],[-72.476029,41.812997],[-72.47364,41.799141],[-72.481559,41.797979],[-72.484902,41.795891],[-72.490501,41.7955],[-72.490473,41.795278],[-72.490442,41.795036],[-72.496645,41.795008],[-72.506401,41.793873],[-72.506649,41.795095],[-72.505062,41.798528],[-72.507658,41.800546]]]}},{"type":"Feature","properties":{"GEOID":"09160330100","STATEFP":"09","COUNTYFP":"160","TRACTCE":"330100","NAMELSAD":"Census Tract 3301","NAMELSADCO":"Northwest Hills Planning Region","STATE_NAME":"Connecticut"},"geometry":{"type":"Polygon","coordinates":[[[-73.020539,42.000094],[-73.0087643066587,42.038860282198],[-72.999549,42.038653],[-72.9789786343673,42.0385101754816],[-72.9242297429858,42.0381300420321],[-72.863733,42.03771],[-72.8636384107871,42.0377091702701],[-72.863819,42.035383],[-72.873001,42.011628],[-72.874543,42.008822],[-72.87762,42.000161],[-72.877615,41.998991],[-72.878714,41.995878],[-72.879489,41.99421],[-72.886558,41.974725],[-72.88661,41.974527],[-72.88706,41.973121],[-72.957767,41.970548],[-72.958743,41.970497],[-73.001401,41.968372],[-73.004875,41.968173],[-73.029537,41.966606],[-73.020539,42.000094]]]}},{"type":"Feature","properties":{"GEOID":"09110462202","STATEFP":"09","COUNTYFP":"110","TRACTCE":"462202","NAMELSAD":"Census Tract 4622.02","NAMELSADCO":"Capitol Planning Region","STATE_NAME":"Connecticut"},"geometry":{"type":"Polygon","coordinates":[[[-72.832033,41.78808],[-72.832108,41.792404],[-72.830154,41.797455],[-72.830414,41.800274],[-72.829346,41.803356],[-72.82415,41.805325],[-72.822585,41.806809],[-72.819994,41.810189],[-72.820699,41.813024],[-72.824009,41.81454],[-72.820671,41.818758],[-72.819308,41.822434],[-72.814015,41.823176],[-72.798552,41.824885],[-72.797829,41.814316],[-72.798327,41.811016],[-72.797241,41.804699],[-72.797943,41.796674],[-72.798942,41.791926],[-72.800042,41.791827],[-72.796742,41.758799],[-72.804126,41.758694],[-72.820461,41.757946],[-72.82061,41.758926],[-72.824326,41.764542],[-72.824913,41.767673],[-72.824234,41.770226],[-72.821693,41.77177],[-72.821144,41.776913],[-72.823196,41.780903],[-72.823685,41.782707],[-72.825439,41.784023],[-72.830818,41.784355],[-72.832451,41.784966],[-72.832033,41.78808]]]}},{"type":"Feature","properties":{"GEOID":"09120105200","STATEFP":"09","COUNTYFP":"120","TRACTCE":"105200","NAMELSAD":"Census Tract 1052","NAMELSADCO":"Greater Bridgeport Planning Region","STATE_NAME":"Connecticut"},"geometry":{"type":"Polygon","coordinates":[[[-73.342143,41.284769],[-73.327644,41.290159],[-73.309872,41.295981],[-73.304798,41.297764],[-73.305871,41.298897],[-73.314218,41.308199],[-73.31547,41.308429],[-73.315997,41.31092],[-73.317935,41.311928],[-73.318692,41.313905],[-73.320372,41.315387],[-73.325287,41.322474],[-73.305999,41.332358],[-73.297754,41.328701],[-73.273399,41.318786],[-73.272568,41.318082],[-73.273093,41.316221],[-73.270723,41.309973],[-73.271185,41.306202],[-73.271345,41.305817],[-73.273094,41.302958],[-73.276152,41.301546],[-73.275956,41.300911],[-73.278091,41.298145],[-73.274371,41.293806],[-73.275248,41.291628],[-73.274492,41.283893],[-73.25371,41.259135],[-73.24854,41.253405],[-73.247746,41.252081],[-73.24434,41.248097],[-73.247357,41.246969],[-73.250023,41.246833],[-73.251615,41.246099],[-73.253217,41.243309],[-73.253248,41.240949],[-73.255221,41.241567],[-73.25666,41.242685],[-73.257422,41.245394],[-73.258625,41.246836],[-73.260784,41.248142],[-73.262992,41.248564],[-73.266012,41.24994],[-73.268831,41.250382],[-73.273228,41.249867],[-73.276471,41.246953],[-73.277882,41.24847],[-73.280577,41.248259],[-73.283852,41.249257],[-73.285521,41.250499],[-73.290584,41.252447],[-73.295218,41.253625],[-73.296564,41.253304],[-73.301524,41.250197],[-73.305068,41.249107],[-73.309433,41.248585],[-73.311113,41.248082],[-73.31522,41.248782],[-73.31786,41.247593],[-73.320632,41.246825],[-73.322584,41.249544],[-73.32319,41.251429],[-73.323203,41.254299],[-73.325637,41.260172],[-73.325962,41.26149],[-73.329588,41.266657],[-73.332518,41.268928],[-73.332876,41.272434],[-73.333604,41.273636],[-73.338333,41.277395],[-73.340174,41.279316],[-73.341164,41.281282],[-73.342143,41.284769]]]}},{"type":"Feature","properties":{"GEOID":"09170361401","STATEFP":"09","COUNTYFP":"170","TRACTCE":"361401","NAMELSAD":"Census Tract 3614.01","NAMELSADCO":"South Central Connecticut Planning Region","STATE_NAME":"Connecticut"},"geometry":{"type":"Polygon","coordinates":[[[-72.935553,41.30929],[-72.934468,41.310621],[-72.9328,41.312863],[-72.932172,41.312906],[-72.932127,41.312825],[-72.931401,41.31205],[-72.929998,41.310664],[-72.924142,41.308201],[-72.925758,41.306044],[-72.93033,41.307922],[-72.931895,41.305711],[-72.933237,41.306268],[-72.93372,41.305568],[-72.93549,41.306275],[-72.937233,41.306951],[-72.935553,41.30929]]]}},{"type":"Feature","properties":{"GEOID":"09150904102","STATEFP":"09","COUNTYFP":"150","TRACTCE":"904102","NAMELSAD":"Census Tract 9041.02","NAMELSADCO":"Northeastern Connecticut Planning Region","STATE_NAME":"Connecticut"},"geometry":{"type":"Polygon","coordinates":[[[-71.876536,41.794277],[-71.872628,41.801823],[-71.872552,41.804196],[-71.872496,41.807466],[-71.872007,41.809375],[-71.868065,41.809145],[-71.864349,41.807847],[-71.861844,41.805599],[-71.857367,41.80309],[-71.853597,41.80202],[-71.847678,41.798951],[-71.845985,41.798759],[-71.843673,41.800446],[-71.839788,41.802079],[-71.838522,41.801851],[-71.834394,41.802989],[-71.838698,41.8082],[-71.839617,41.810068],[-71.837849,41.813193],[-71.838142,41.819074],[-71.837574,41.823388],[-71.836333,41.825638],[-71.836276,41.825777],[-71.835323,41.831728],[-71.837249,41.838088],[-71.835619,41.842952],[-71.836519,41.844285],[-71.831147,41.845339],[-71.825292,41.846893],[-71.821034,41.848946],[-71.813728,41.849001],[-71.808881,41.848661],[-71.803945,41.848753],[-71.80081,41.849113],[-71.796538,41.848827],[-71.7944823560536,41.8491578858595],[-71.794161,41.841101],[-71.794161,41.840141],[-71.793157336947,41.8171691600425],[-71.792786,41.80867],[-71.792767,41.807001],[-71.7926566350564,41.8046235902365],[-71.7926270381587,41.8039860331338],[-71.791258063576,41.774496473912],[-71.838705,41.768833],[-71.8717,41.764848],[-71.872205,41.770184],[-71.871677,41.783084],[-71.872166,41.785322],[-71.876084,41.79094],[-71.876566,41.792345],[-71.876536,41.794277]]]}},{"type":"Feature","properties":{"GEOID":"09150903102","STATEFP":"09","COUNTYFP":"150","TRACTCE":"903102","NAMELSAD":"Census Tract 9031.02","NAMELSADCO":"Northeastern Connecticut Planning Region","STATE_NAME":"Connecticut"},"geometry":{"type":"Polygon","coordinates":[[[-71.912988,41.911061],[-71.912732,41.911015],[-71.910922,41.913305],[-71.910382,41.91515],[-71.910852,41.91512],[-71.911979,41.916593],[-71.910207,41.918455],[-71.907903,41.922393],[-71.907343,41.922864],[-71.90456,41.924698],[-71.904689,41.927737],[-71.902559,41.929804],[-71.899469,41.929265],[-71.897257,41.9319],[-71.896761,41.931893],[-71.894727,41.931919],[-71.892289,41.93193],[-71.879274,41.931974],[-71.885386,41.922607],[-71.886503,41.920602],[-71.889997,41.912632],[-71.891397,41.90938],[-71.89246,41.907153],[-71.893903,41.905682],[-71.89835,41.901818],[-71.898915,41.899398],[-71.901123,41.900902],[-71.902327,41.902515],[-71.903061,41.902189],[-71.90371,41.903834],[-71.90804,41.907989],[-71.911435,41.908437],[-71.913052,41.909377],[-71.912988,41.911061]]]}},{"type":"Feature","properties":{"GEOID":"09150901102","STATEFP":"09","COUNTYFP":"150","TRACTCE":"901102","NAMELSAD":"Census Tract 9011.02","NAMELSADCO":"Northeastern Connecticut Planning Region","STATE_NAME":"Connecticut"},"geometry":{"type":"Polygon","coordinates":[[[-72.1021687771907,42.028899460948],[-72.0997252597077,42.0288013695839],[-72.063496,42.027347],[-72.0345788233465,42.0271697081331],[-72.0100444151492,42.0270192871192],[-72.0100396989336,42.027019258204],[-71.9931020771696,42.0269154132603],[-71.987326,42.02688],[-71.9630193086355,42.0262475718444],[-71.953522,42.000098],[-71.951392,41.993567],[-71.946961,41.979435],[-71.931984,41.932285],[-71.931792,41.931574],[-71.930681,41.92806],[-71.927355,41.917049],[-71.928085,41.917029],[-71.933847,41.916861],[-71.955945,41.916165],[-71.956837,41.922319],[-71.956706,41.927643],[-71.957199,41.934179],[-71.960564,41.938991],[-71.965111,41.93708],[-71.970732,41.937609],[-71.975698,41.937562],[-71.980594,41.936977],[-71.984389,41.937333],[-71.991565,41.938484],[-72.000315,41.939343],[-72.002098,41.940127],[-72.003587,41.941571],[-72.004954,41.944178],[-72.011155,41.949123],[-72.01715,41.948177],[-72.021355,41.947204],[-72.025073,41.948485],[-72.030994,41.952486],[-72.031955,41.952791],[-72.046147,41.954726],[-72.046501,41.955118],[-72.04948,41.956962],[-72.055463,41.957948],[-72.058956,41.961041],[-72.06071,41.961906],[-72.061904,41.961869],[-72.062624,41.961926],[-72.063459,41.961815],[-72.064043,41.961578],[-72.064838,41.961158],[-72.066292,41.960276],[-72.071311,41.95998],[-72.075824,41.960027],[-72.078839,41.958454],[-72.079362,41.963688],[-72.081276,41.968436],[-72.087474,41.967003],[-72.089661,41.966039],[-72.091288,41.966252],[-72.096552,41.964623],[-72.099525,41.966038],[-72.10188,42.016804],[-72.1021687771907,42.028899460948]]]}},{"type":"Feature","properties":{"GEOID":"09150904101","STATEFP":"09","COUNTYFP":"150","TRACTCE":"904101","NAMELSAD":"Census Tract 9041.01","NAMELSADCO":"Northeastern Connecticut Planning Region","STATE_NAME":"Connecticut"},"geometry":{"type":"Polygon","coordinates":[[[-71.896004,41.881201],[-71.892342,41.881935],[-71.867986,41.88782],[-71.824772,41.898096],[-71.796828,41.904446],[-71.7966877946775,41.9044515922139],[-71.7946917826635,41.854408530038],[-71.7944823560536,41.8491578858595],[-71.796538,41.848827],[-71.80081,41.849113],[-71.803945,41.848753],[-71.808881,41.848661],[-71.813728,41.849001],[-71.821034,41.848946],[-71.825292,41.846893],[-71.831147,41.845339],[-71.836519,41.844285],[-71.835619,41.842952],[-71.837249,41.838088],[-71.835323,41.831728],[-71.836276,41.825777],[-71.836333,41.825638],[-71.837574,41.823388],[-71.838142,41.819074],[-71.837849,41.813193],[-71.839617,41.810068],[-71.838698,41.8082],[-71.834394,41.802989],[-71.838522,41.801851],[-71.839788,41.802079],[-71.843673,41.800446],[-71.845985,41.798759],[-71.847678,41.798951],[-71.853597,41.80202],[-71.857367,41.80309],[-71.861844,41.805599],[-71.864349,41.807847],[-71.868065,41.809145],[-71.872007,41.809375],[-71.87003,41.815402],[-71.869669,41.818272],[-71.870572,41.821569],[-71.874121,41.828285],[-71.874758,41.832193],[-71.874882,41.833157],[-71.875347,41.835824],[-71.878145,41.840208],[-71.878885,41.842629],[-71.879898,41.850677],[-71.88191,41.855168],[-71.895255,41.878919],[-71.896004,41.881201]]]}},{"type":"Feature","properties":{"GEOID":"09140110602","STATEFP":"09","COUNTYFP":"140","TRACTCE":"110602","NAMELSAD":"Census Tract 1106.02","NAMELSADCO":"Naugatuck Valley Planning Region","STATE_NAME":"Connecticut"},"geometry":{"type":"Polygon","coordinates":[[[-73.17058,41.357898],[-73.159442,41.372914],[-73.15965,41.374905],[-73.157055,41.376696],[-73.150955,41.370196],[-73.147555,41.367696],[-73.139573,41.361211],[-73.138155,41.353896],[-73.136054,41.351196],[-73.126154,41.346596],[-73.124654,41.345296],[-73.123527,41.343699],[-73.122854,41.341396],[-73.120854,41.338496],[-73.115754,41.332196],[-73.114754,41.331596],[-73.096853,41.322596],[-73.097953,41.322136],[-73.099355,41.32075],[-73.098394,41.31927],[-73.099202,41.319093],[-73.103907,41.319361],[-73.109057,41.318926],[-73.113012,41.317802],[-73.114501,41.318953],[-73.117601,41.322016],[-73.125043,41.326762],[-73.129938,41.329584],[-73.130617,41.330594],[-73.134376,41.330616],[-73.138136,41.330286],[-73.138883,41.331238],[-73.139278,41.332379],[-73.139951,41.334644],[-73.144402,41.337831],[-73.146796,41.339092],[-73.147548,41.340798],[-73.147941,41.344189],[-73.151271,41.346423],[-73.15456,41.351581],[-73.15604,41.352979],[-73.161168,41.355814],[-73.167037,41.357325],[-73.17058,41.357898]]]}},{"type":"Feature","properties":{"GEOID":"09190210502","STATEFP":"09","COUNTYFP":"190","TRACTCE":"210502","NAMELSAD":"Census Tract 2105.02","NAMELSADCO":"Western Connecticut Planning Region","STATE_NAME":"Connecticut"},"geometry":{"type":"Polygon","coordinates":[[[-73.543425,41.376622],[-73.5434148559124,41.3767540709835],[-73.5424697738594,41.3890585701244],[-73.538365,41.390146],[-73.53264,41.392371],[-73.52887,41.392695],[-73.527197,41.392549],[-73.522394,41.390896],[-73.520679,41.390479],[-73.516723,41.39015],[-73.506763,41.389501],[-73.497147,41.387135],[-73.491425,41.385784],[-73.48539,41.383508],[-73.481913,41.383901],[-73.476683,41.385578],[-73.475822,41.387398],[-73.475661,41.384097],[-73.47515,41.382359],[-73.474458,41.380689],[-73.473214,41.376935],[-73.473629,41.371375],[-73.474061,41.366243],[-73.473115,41.362146],[-73.471498,41.357276],[-73.469453,41.35443],[-73.469547,41.349787],[-73.468813,41.34578],[-73.469645,41.342076],[-73.469627,41.340244],[-73.470463,41.337566],[-73.471832,41.335319],[-73.472831,41.332085],[-73.474163,41.334591],[-73.475859,41.337436],[-73.485401,41.356617],[-73.487054,41.357262],[-73.501608,41.362138],[-73.502177,41.363789],[-73.504813,41.373282],[-73.506444,41.377409],[-73.51073,41.37725],[-73.534286,41.375704],[-73.534924,41.375604],[-73.5436192944484,41.3750940374418],[-73.543425,41.376622]]]}},{"type":"Feature","properties":{"GEOID":"09190210202","STATEFP":"09","COUNTYFP":"190","TRACTCE":"210202","NAMELSAD":"Census Tract 2102.02","NAMELSADCO":"Western Connecticut Planning Region","STATE_NAME":"Connecticut"},"geometry":{"type":"Polygon","coordinates":[[[-73.460818,41.405249],[-73.458157,41.407779],[-73.455394,41.409721],[-73.453523,41.410701],[-73.451218,41.411631],[-73.45069,41.411799],[-73.447553,41.406857],[-73.447955,41.405577],[-73.447447,41.404827],[-73.446743,41.402088],[-73.443292,41.402996],[-73.440426,41.399492],[-73.440948,41.399485],[-73.447714,41.39925],[-73.450431,41.398212],[-73.452601,41.398629],[-73.453832,41.399593],[-73.45547,41.401514],[-73.45604,41.402697],[-73.456969,41.40254],[-73.457502,41.403919],[-73.459428,41.403609],[-73.459669,41.404579],[-73.460818,41.405249]]]}},{"type":"Feature","properties":{"GEOID":"09190210401","STATEFP":"09","COUNTYFP":"190","TRACTCE":"210401","NAMELSAD":"Census Tract 2104.01","NAMELSADCO":"Western Connecticut Planning Region","STATE_NAME":"Connecticut"},"geometry":{"type":"Polygon","coordinates":[[[-73.440806,41.38777],[-73.438375,41.389869],[-73.434997,41.391641],[-73.43493,41.392202],[-73.435691,41.393625],[-73.433918,41.397234],[-73.431057,41.399085],[-73.428381,41.393349],[-73.426542,41.390881],[-73.425635,41.390973],[-73.423806,41.390222],[-73.422605,41.387603],[-73.423293,41.386229],[-73.422363,41.385853],[-73.420973,41.384668],[-73.423934,41.382346],[-73.424717,41.38216],[-73.429582,41.380002],[-73.432646,41.378476],[-73.435266,41.380222],[-73.435692,41.381761],[-73.438424,41.386035],[-73.439887,41.387501],[-73.440806,41.38777]]]}},{"type":"Feature","properties":{"GEOID":"09190020101","STATEFP":"09","COUNTYFP":"190","TRACTCE":"020101","NAMELSAD":"Census Tract 201.01","NAMELSADCO":"Western Connecticut Planning Region","STATE_NAME":"Connecticut"},"geometry":{"type":"Polygon","coordinates":[[[-73.546457,41.059081],[-73.545174,41.05886],[-73.543522,41.058592],[-73.537414,41.059608],[-73.535276,41.059139],[-73.537853,41.057126],[-73.53608,41.056671],[-73.53607,41.055218],[-73.537356,41.055193],[-73.538996,41.055275],[-73.543159,41.055605],[-73.543235,41.055604],[-73.543594,41.055589],[-73.545409,41.056613],[-73.546457,41.059081]]]}},{"type":"Feature","properties":{"GEOID":"09190021501","STATEFP":"09","COUNTYFP":"190","TRACTCE":"021501","NAMELSAD":"Census Tract 215.01","NAMELSADCO":"Western Connecticut Planning Region","STATE_NAME":"Connecticut"},"geometry":{"type":"Polygon","coordinates":[[[-73.554338,41.048116],[-73.553928,41.052439],[-73.551327,41.051941],[-73.55039,41.051833],[-73.55048,41.053937],[-73.549943,41.055922],[-73.543594,41.055589],[-73.545575,41.053697],[-73.545638,41.052221],[-73.545511,41.05072],[-73.546879,41.05058],[-73.551405,41.048725],[-73.553454,41.048056],[-73.554227,41.048099],[-73.554338,41.048116]]]}},{"type":"Feature","properties":{"GEOID":"09130680102","STATEFP":"09","COUNTYFP":"130","TRACTCE":"680102","NAMELSAD":"Census Tract 6801.02","NAMELSADCO":"Lower Connecticut River Valley Planning Region","STATE_NAME":"Connecticut"},"geometry":{"type":"Polygon","coordinates":[[[-72.494213,41.292049],[-72.487984,41.294036],[-72.482875,41.294161],[-72.481437,41.29394],[-72.471463,41.291628],[-72.467013,41.290913],[-72.462475,41.290926],[-72.456037,41.29158],[-72.452272,41.291961],[-72.446912,41.291873],[-72.423999,41.290405],[-72.423269,41.288381],[-72.421475,41.283569],[-72.4166552242223,41.2782926471396],[-72.417699,41.278435],[-72.421679,41.275074],[-72.426161,41.274128],[-72.4311009477311,41.2760566928499],[-72.437966,41.278737],[-72.451925,41.278885],[-72.462256,41.274484],[-72.468102,41.269012],[-72.471024063245,41.2697304969574],[-72.4719379680289,41.2699552141355],[-72.472539,41.270103],[-72.485693,41.270881],[-72.4862274061012,41.2706873690053],[-72.487234,41.2737],[-72.492555,41.287157],[-72.494213,41.292049]]]}},{"type":"Feature","properties":{"GEOID":"09130541301","STATEFP":"09","COUNTYFP":"130","TRACTCE":"541301","NAMELSAD":"Census Tract 5413.01","NAMELSADCO":"Lower Connecticut River Valley Planning Region","STATE_NAME":"Connecticut"},"geometry":{"type":"Polygon","coordinates":[[[-72.711723,41.587112],[-72.709366,41.594854],[-72.70845,41.597852],[-72.705171,41.603251],[-72.696511,41.600339],[-72.694301,41.601422],[-72.695101,41.598861],[-72.69606,41.598988],[-72.699908,41.597521],[-72.701389,41.596931],[-72.70331,41.595353],[-72.704917,41.591473],[-72.707254,41.589699],[-72.709141,41.586398],[-72.709457,41.584129],[-72.714094,41.583733],[-72.711723,41.587112]]]}},{"type":"Feature","properties":{"GEOID":"09110533104","STATEFP":"09","COUNTYFP":"110","TRACTCE":"533104","NAMELSAD":"Census Tract 5331.04","NAMELSADCO":"Capitol Planning Region","STATE_NAME":"Connecticut"},"geometry":{"type":"Polygon","coordinates":[[[-72.391844,41.898309],[-72.388997,41.899338],[-72.386892,41.902797],[-72.385335,41.908143],[-72.380811,41.913298],[-72.378964,41.916428],[-72.377932,41.921243],[-72.335758,41.926389],[-72.321575,41.928145],[-72.307746,41.929379],[-72.306904,41.929627],[-72.306279,41.925957],[-72.305201,41.92421],[-72.30325,41.922855],[-72.301721,41.92055],[-72.299051,41.919471],[-72.297467,41.915927],[-72.297661,41.914488],[-72.296822,41.911091],[-72.293805,41.908919],[-72.293007,41.90699],[-72.291717,41.906769],[-72.29095,41.905559],[-72.291402,41.903102],[-72.292677,41.900519],[-72.291088,41.896975],[-72.293038,41.895592],[-72.299221,41.893988],[-72.301258,41.892959],[-72.302962,41.8905],[-72.347278,41.87026],[-72.356421,41.866098],[-72.355083,41.867664],[-72.35537,41.870095],[-72.35761,41.870786],[-72.359527,41.872376],[-72.363375,41.873017],[-72.364418,41.875572],[-72.365749,41.87626],[-72.370723,41.875164],[-72.370812,41.875808],[-72.377272,41.876052],[-72.380465,41.877888],[-72.382186,41.881426],[-72.387066,41.884514],[-72.386537,41.88697],[-72.38684,41.890044],[-72.390172,41.894424],[-72.391844,41.898309]]]}},{"type":"Feature","properties":{"GEOID":"09170167101","STATEFP":"09","COUNTYFP":"170","TRACTCE":"167101","NAMELSAD":"Census Tract 1671.01","NAMELSADCO":"South Central Connecticut Planning Region","STATE_NAME":"Connecticut"},"geometry":{"type":"Polygon","coordinates":[[[-72.893981,41.3633],[-72.884158,41.37926],[-72.880281,41.385575],[-72.876597,41.392851],[-72.883184,41.394149],[-72.887136,41.391985],[-72.887411,41.393355],[-72.887524,41.39683],[-72.886374,41.40043],[-72.885813,41.405038],[-72.88637,41.411295],[-72.884568,41.411406],[-72.883152,41.423309],[-72.881776,41.423133],[-72.877345,41.424481],[-72.874213,41.426306],[-72.864094,41.426574],[-72.861782,41.425927],[-72.85831,41.42953],[-72.85436,41.430843],[-72.85136,41.434382],[-72.850086,41.433971],[-72.85095,41.432378],[-72.849639,41.428716],[-72.847901,41.426078],[-72.84924,41.424372],[-72.847511,41.424157],[-72.849251,41.423365],[-72.848932,41.421819],[-72.851433,41.420444],[-72.851562,41.419056],[-72.852821,41.418995],[-72.852005,41.417618],[-72.853203,41.416149],[-72.852288,41.411981],[-72.853809,41.412054],[-72.851821,41.409332],[-72.852752,41.407775],[-72.854405,41.406699],[-72.856923,41.407442],[-72.858665,41.407089],[-72.859985,41.4053],[-72.859909,41.401976],[-72.863441,41.400921],[-72.864914,41.398834],[-72.866608,41.399307],[-72.868675,41.397026],[-72.868332,41.394245],[-72.869995,41.394711],[-72.870567,41.393223],[-72.868294,41.393688],[-72.868567,41.392203],[-72.870377,41.392117],[-72.870178,41.390816],[-72.871527,41.389914],[-72.872697,41.387263],[-72.871828,41.382866],[-72.874847,41.381798],[-72.871452,41.379536],[-72.874046,41.379448],[-72.872247,41.376423],[-72.871907,41.375582],[-72.873089,41.373427],[-72.872838,41.369028],[-72.874623,41.367473],[-72.875167,41.366008],[-72.874818,41.363628],[-72.876023,41.362896],[-72.879328,41.364551],[-72.881756,41.363699],[-72.881745,41.360897],[-72.887702,41.362221],[-72.893981,41.3633]]]}},{"type":"Feature","properties":{"GEOID":"09170175502","STATEFP":"09","COUNTYFP":"170","TRACTCE":"175502","NAMELSAD":"Census Tract 1755.02","NAMELSADCO":"South Central Connecticut Planning Region","STATE_NAME":"Connecticut"},"geometry":{"type":"Polygon","coordinates":[[[-72.869927,41.443331],[-72.867538,41.443823],[-72.86743,41.447016],[-72.863689,41.454751],[-72.864504,41.455088],[-72.859614,41.458557],[-72.856292,41.463007],[-72.855886,41.463416],[-72.853626,41.464109],[-72.852212,41.468126],[-72.849343,41.469549],[-72.847743,41.471355],[-72.845333,41.472371],[-72.843251,41.474362],[-72.837963,41.476569],[-72.83107,41.476043],[-72.830006,41.475343],[-72.830124,41.475065],[-72.828514,41.475411],[-72.825825,41.47541],[-72.82549,41.475092],[-72.824559,41.474386],[-72.825069,41.468681],[-72.824278,41.468241],[-72.827218,41.464462],[-72.831974,41.460625],[-72.832565,41.459557],[-72.835818,41.458312],[-72.838583,41.455707],[-72.838854,41.454196],[-72.837227,41.453183],[-72.840062,41.452337],[-72.840985,41.450522],[-72.839094,41.448304],[-72.83991,41.444564],[-72.84151,41.445044],[-72.842495,41.443222],[-72.844622,41.443471],[-72.844999,41.441755],[-72.846252,41.441346],[-72.848358,41.435692],[-72.848151,41.434065],[-72.850086,41.433971],[-72.85136,41.434382],[-72.85546,41.435825],[-72.87061,41.441751],[-72.869927,41.443331]]]}},{"type":"Feature","properties":{"GEOID":"09140130202","STATEFP":"09","COUNTYFP":"140","TRACTCE":"130202","NAMELSAD":"Census Tract 1302.02","NAMELSADCO":"Naugatuck Valley Planning Region","STATE_NAME":"Connecticut"},"geometry":{"type":"Polygon","coordinates":[[[-73.115833,41.386264],[-73.114262,41.388186],[-73.11213,41.393419],[-73.110526,41.398104],[-73.107541,41.398615],[-73.093444,41.399156],[-73.088725,41.399688],[-73.087985,41.400015],[-73.083585,41.403766],[-73.081865,41.40559],[-73.075888,41.410399],[-73.074304,41.410528],[-73.073695,41.410553],[-73.071869,41.406429],[-73.068825,41.404259],[-73.068542,41.402935],[-73.070908,41.398117],[-73.07205,41.397234],[-73.076253,41.396016],[-73.076155,41.393182],[-73.074805,41.392256],[-73.073753,41.391376],[-73.074974,41.388657],[-73.075829,41.384777],[-73.081794,41.375465],[-73.08505,41.376738],[-73.087835,41.380262],[-73.089906,41.381661],[-73.092142,41.379439],[-73.095421,41.380401],[-73.096815,41.377713],[-73.097264,41.377156],[-73.098871,41.378013],[-73.107638,41.381291],[-73.108765,41.380723],[-73.120029,41.383991],[-73.115833,41.386264]]]}},{"type":"Feature","properties":{"GEOID":"09170167102","STATEFP":"09","COUNTYFP":"170","TRACTCE":"167102","NAMELSAD":"Census Tract 1671.02","NAMELSADCO":"South Central Connecticut Planning Region","STATE_NAME":"Connecticut"},"geometry":{"type":"Polygon","coordinates":[[[-72.906296,41.371047],[-72.904545,41.37592],[-72.903786,41.378107],[-72.899609,41.380246],[-72.896496,41.382879],[-72.895382,41.383836],[-72.893495,41.386144],[-72.892842,41.389473],[-72.890814,41.393367],[-72.887411,41.393355],[-72.887136,41.391985],[-72.883184,41.394149],[-72.876597,41.392851],[-72.880281,41.385575],[-72.884158,41.37926],[-72.893981,41.3633],[-72.899624,41.364726],[-72.899655,41.364618],[-72.901806,41.364961],[-72.908024,41.366518],[-72.906296,41.371047]]]}},{"type":"Feature","properties":{"GEOID":"09170175501","STATEFP":"09","COUNTYFP":"170","TRACTCE":"175501","NAMELSAD":"Census Tract 1755.01","NAMELSADCO":"South Central Connecticut Planning Region","STATE_NAME":"Connecticut"},"geometry":{"type":"Polygon","coordinates":[[[-72.879647,41.45627],[-72.878127,41.457515],[-72.876644,41.459675],[-72.87738,41.461182],[-72.87351,41.46603],[-72.871264,41.469466],[-72.864812,41.47816],[-72.863235,41.476425],[-72.859726,41.474739],[-72.855606,41.47345],[-72.856331,41.469352],[-72.852212,41.468126],[-72.853626,41.464109],[-72.855886,41.463416],[-72.856292,41.463007],[-72.859614,41.458557],[-72.864504,41.455088],[-72.863689,41.454751],[-72.86743,41.447016],[-72.867538,41.443823],[-72.869927,41.443331],[-72.87061,41.441751],[-72.886667,41.447957],[-72.879647,41.45627]]]}},{"type":"Feature","properties":{"GEOID":"09170194101","STATEFP":"09","COUNTYFP":"170","TRACTCE":"194101","NAMELSAD":"Census Tract 1941.01","NAMELSADCO":"South Central Connecticut Planning Region","STATE_NAME":"Connecticut"},"geometry":{"type":"Polygon","coordinates":[[[-72.586737,41.273578],[-72.586235,41.275996],[-72.587985,41.27836],[-72.585544,41.282401],[-72.582753,41.283326],[-72.581191,41.28597],[-72.581649,41.286386],[-72.569412,41.289441],[-72.567109,41.289731],[-72.564628,41.289519],[-72.563934,41.288698],[-72.561132,41.2875],[-72.559139,41.284731],[-72.557434,41.283695],[-72.557236,41.281992],[-72.555028,41.280608],[-72.551128,41.280583],[-72.548894,41.281855],[-72.545986,41.280335],[-72.548046,41.277415],[-72.546253,41.275977],[-72.544339,41.273697],[-72.547035,41.2716],[-72.54636,41.267398],[-72.547655,41.264323],[-72.547235,41.262499],[-72.545837,41.260304],[-72.5363300022319,41.2548110883025],[-72.536759,41.250897],[-72.543941,41.248704],[-72.5469155277365,41.2508252719589],[-72.5706046900754,41.2677190985594],[-72.5710754110575,41.2680547912502],[-72.571136,41.268098],[-72.583336,41.271698],[-72.5851726267595,41.2713231782123],[-72.588165,41.27244],[-72.586737,41.273578]]]}},{"type":"Feature","properties":{"GEOID":"09170194102","STATEFP":"09","COUNTYFP":"170","TRACTCE":"194102","NAMELSAD":"Census Tract 1941.02","NAMELSADCO":"South Central Connecticut Planning Region","STATE_NAME":"Connecticut"},"geometry":{"type":"Polygon","coordinates":[[[-72.656563,41.269875],[-72.654266,41.271252],[-72.65436,41.273988],[-72.652155,41.274792],[-72.649689,41.27441],[-72.647987,41.275902],[-72.649277,41.279556],[-72.646847,41.281122],[-72.646141,41.280453],[-72.644412,41.28163],[-72.625867,41.283936],[-72.621308,41.283956],[-72.607674,41.283781],[-72.600644,41.283693],[-72.592446,41.283812],[-72.585486,41.285447],[-72.581649,41.286386],[-72.581191,41.28597],[-72.582753,41.283326],[-72.585544,41.282401],[-72.587985,41.27836],[-72.586235,41.275996],[-72.586737,41.273578],[-72.588165,41.27244],[-72.5851726267595,41.2713231782123],[-72.5909667135432,41.2701407115218],[-72.598036,41.268698],[-72.601192,41.269517],[-72.60408,41.270771],[-72.6078132585328,41.2704473738733],[-72.607956,41.270435],[-72.610358532227,41.2708396070327],[-72.617237,41.271998],[-72.6175211803484,41.2719395290835],[-72.6192148372338,41.271591054353],[-72.631362962314,41.2690915429994],[-72.641538,41.266998],[-72.653838,41.265897],[-72.6545317521677,41.2657632719328],[-72.656563,41.269875]]]}},{"type":"Feature","properties":{"GEOID":"09160425602","STATEFP":"09","COUNTYFP":"160","TRACTCE":"425602","NAMELSAD":"Census Tract 4256.02","NAMELSADCO":"Northwest Hills Planning Region","STATE_NAME":"Connecticut"},"geometry":{"type":"Polygon","coordinates":[[[-73.372424,41.982158],[-73.369987,41.983428],[-73.367074,41.982152],[-73.366256,41.984592],[-73.367997,41.987469],[-73.366737,41.992456],[-73.367476,41.994755],[-73.365073,41.998315],[-73.36886,41.998788],[-73.36537,42.000483],[-73.364956,41.998427],[-73.363976,41.998988],[-73.363236,42.001176],[-73.358622,42.001469],[-73.357357,42.002577],[-73.356647,42.00259],[-73.328209,42.000802],[-73.243605,41.994021],[-73.248771,41.970374],[-73.248919,41.966427],[-73.263041,41.916185],[-73.273621,41.916405],[-73.341093,41.91821],[-73.342587,41.918307],[-73.354987,41.918192],[-73.361779,41.918351],[-73.36252,41.91925],[-73.362072,41.922235],[-73.35743,41.92465],[-73.356679,41.9261],[-73.358241,41.928116],[-73.361519,41.930482],[-73.361801,41.93442],[-73.365681,41.935318],[-73.366414,41.937624],[-73.36467,41.94022],[-73.363336,41.941406],[-73.365184,41.942012],[-73.366458,41.943213],[-73.36627,41.946283],[-73.367158,41.948336],[-73.369631,41.950609],[-73.369999,41.952757],[-73.369786,41.953973],[-73.369917,41.955197],[-73.369761,41.957321],[-73.372942,41.959921],[-73.372907,41.961807],[-73.367854,41.966359],[-73.367249,41.968618],[-73.367135,41.971162],[-73.368451,41.973506],[-73.371636,41.976512],[-73.372982,41.980564],[-73.372424,41.982158]]]}},{"type":"Feature","properties":{"GEOID":"09160320101","STATEFP":"09","COUNTYFP":"160","TRACTCE":"320101","NAMELSAD":"Census Tract 3201.01","NAMELSADCO":"Northwest Hills Planning Region","STATE_NAME":"Connecticut"},"geometry":{"type":"Polygon","coordinates":[[[-73.077177,41.926921],[-73.076095,41.926915],[-73.069523,41.92602],[-73.068385,41.926439],[-73.067642,41.926632],[-73.06329,41.925765],[-73.064684,41.920632],[-73.067191,41.921082],[-73.070671,41.920799],[-73.073262,41.920805],[-73.076609,41.924172],[-73.076923,41.926365],[-73.077177,41.926921]]]}},{"type":"Feature","properties":{"GEOID":"09110400102","STATEFP":"09","COUNTYFP":"110","TRACTCE":"400102","NAMELSAD":"Census Tract 4001.02","NAMELSADCO":"Capitol Planning Region","STATE_NAME":"Connecticut"},"geometry":{"type":"Polygon","coordinates":[[[-72.768871,41.648879],[-72.767824,41.648901],[-72.766336,41.647773],[-72.759251,41.645004],[-72.75629,41.642881],[-72.754488,41.640468],[-72.752124,41.633479],[-72.75075,41.629814],[-72.748688,41.62795],[-72.74335,41.625726],[-72.741086,41.625071],[-72.738202,41.62401],[-72.733213,41.621156],[-72.728571,41.616569],[-72.739375,41.615015],[-72.743029,41.614712],[-72.743754,41.61525],[-72.746932,41.610785],[-72.751059,41.605188],[-72.751311,41.605192],[-72.757042,41.605045],[-72.761216,41.604405],[-72.761721,41.604723],[-72.764554,41.607848],[-72.765132,41.613943],[-72.768115,41.613663],[-72.768846,41.613769],[-72.770265,41.622019],[-72.77059,41.62792],[-72.770207,41.629019],[-72.768567,41.631832],[-72.768386,41.632578],[-72.768775,41.635491],[-72.768792,41.635849],[-72.77131,41.648393],[-72.768871,41.648879]]]}},{"type":"Feature","properties":{"GEOID":"09110514104","STATEFP":"09","COUNTYFP":"110","TRACTCE":"514104","NAMELSAD":"Census Tract 5141.04","NAMELSADCO":"Capitol Planning Region","STATE_NAME":"Connecticut"},"geometry":{"type":"Polygon","coordinates":[[[-72.540541,41.811741],[-72.535564,41.812972],[-72.528878,41.814511],[-72.521077,41.816545],[-72.516687,41.817205],[-72.50543,41.820298],[-72.506428,41.815506],[-72.507531,41.809698],[-72.502559,41.810176],[-72.507658,41.800546],[-72.505062,41.798528],[-72.506649,41.795095],[-72.506401,41.793873],[-72.509081,41.793663],[-72.51344,41.794684],[-72.521518,41.794343],[-72.521537,41.794527],[-72.52146,41.795388],[-72.518398,41.802677],[-72.517054,41.81047],[-72.519492,41.810957],[-72.522754,41.810477],[-72.524089,41.810045],[-72.53037,41.805059],[-72.533963,41.803121],[-72.534467,41.805944],[-72.535811,41.805433],[-72.537882,41.80971],[-72.540541,41.811741]]]}},{"type":"Feature","properties":{"GEOID":"09110477104","STATEFP":"09","COUNTYFP":"110","TRACTCE":"477104","NAMELSAD":"Census Tract 4771.04","NAMELSADCO":"Capitol Planning Region","STATE_NAME":"Connecticut"},"geometry":{"type":"Polygon","coordinates":[[[-72.671549,41.947],[-72.66976,41.949747],[-72.667387,41.951687],[-72.665004,41.955469],[-72.665752,41.956066],[-72.664533,41.956189],[-72.663117,41.959166],[-72.660219,41.97126],[-72.659492,41.972205],[-72.656998,41.973003],[-72.654519,41.973438],[-72.653956,41.973949],[-72.651282,41.981315],[-72.642341,41.979842],[-72.635172,41.978752],[-72.628918,41.977825],[-72.613866,41.976193],[-72.613448,41.981523],[-72.613322,41.98793],[-72.611334,41.988169],[-72.603579,41.989771],[-72.607033,41.973796],[-72.609533,41.964895],[-72.611634,41.960787],[-72.612233,41.955896],[-72.613101,41.946971],[-72.613964,41.943468],[-72.616852,41.943501],[-72.628925,41.94418],[-72.637678,41.944717],[-72.651744,41.946083],[-72.659512,41.946307],[-72.669771,41.946889],[-72.671549,41.947]]]}},{"type":"Feature","properties":{"GEOID":"09110477103","STATEFP":"09","COUNTYFP":"110","TRACTCE":"477103","NAMELSAD":"Census Tract 4771.03","NAMELSADCO":"Capitol Planning Region","STATE_NAME":"Connecticut"},"geometry":{"type":"Polygon","coordinates":[[[-72.65106,41.982026],[-72.649537,41.986493],[-72.646458,41.992889],[-72.645713,41.996616],[-72.640838,41.996369],[-72.639947,41.996626],[-72.637003,41.997563],[-72.635341,41.998575],[-72.63466,41.999163],[-72.630089,42.006004],[-72.628138,42.011304],[-72.626505,42.014182],[-72.623442,42.015049],[-72.617441,42.019513],[-72.616942,42.020375],[-72.616762,42.02126],[-72.617143,42.025718],[-72.61690464073,42.0312027902664],[-72.6169036025419,42.0312027430774],[-72.6079909707697,42.0307976349601],[-72.607933,42.030795],[-72.6069560573249,42.0251287324845],[-72.604905,42.011908],[-72.607533,41.999296],[-72.603579,41.989771],[-72.611334,41.988169],[-72.613322,41.98793],[-72.613448,41.981523],[-72.613866,41.976193],[-72.628918,41.977825],[-72.635172,41.978752],[-72.642341,41.979842],[-72.651282,41.981315],[-72.65106,41.982026]]]}},{"type":"Feature","properties":{"GEOID":"09110514103","STATEFP":"09","COUNTYFP":"110","TRACTCE":"514103","NAMELSAD":"Census Tract 5141.03","NAMELSADCO":"Capitol Planning Region","STATE_NAME":"Connecticut"},"geometry":{"type":"Polygon","coordinates":[[[-72.583489,41.800644],[-72.580539,41.801567],[-72.579588,41.80208],[-72.575916,41.802894],[-72.555338,41.808089],[-72.540541,41.811741],[-72.537882,41.80971],[-72.535811,41.805433],[-72.534467,41.805944],[-72.533963,41.803121],[-72.534651,41.802761],[-72.537689,41.799897],[-72.542548,41.797522],[-72.545848,41.796312],[-72.548085,41.795988],[-72.550334,41.796119],[-72.551177,41.796305],[-72.552346,41.793566],[-72.551751,41.789495],[-72.550905,41.787557],[-72.550413,41.785415],[-72.55351,41.784443],[-72.555484,41.784477],[-72.556731,41.782303],[-72.559634,41.781213],[-72.562524,41.780705],[-72.566813,41.780141],[-72.571984,41.780068],[-72.573566,41.780239],[-72.579949,41.782189],[-72.581458,41.788799],[-72.581515,41.789777],[-72.583489,41.800644]]]}},{"type":"Feature","properties":{"GEOID":"09110980002","STATEFP":"09","COUNTYFP":"110","TRACTCE":"980002","NAMELSAD":"Census Tract 9800.02","NAMELSADCO":"Capitol Planning Region","STATE_NAME":"Connecticut"},"geometry":{"type":"Polygon","coordinates":[[[-72.69343,41.929595],[-72.688195,41.946196],[-72.687636,41.948096],[-72.682192,41.947767],[-72.671549,41.947],[-72.669771,41.946889],[-72.671153,41.94476],[-72.670902,41.939841],[-72.670519,41.932603],[-72.670365,41.929802],[-72.670125,41.924915],[-72.674261,41.924849],[-72.681834,41.925858],[-72.686029,41.928441],[-72.689274,41.9311],[-72.69351,41.928781],[-72.69343,41.929595]]]}},{"type":"Feature","properties":{"GEOID":"09110980001","STATEFP":"09","COUNTYFP":"110","TRACTCE":"980001","NAMELSAD":"Census Tract 9800.01","NAMELSADCO":"Capitol Planning Region","STATE_NAME":"Connecticut"},"geometry":{"type":"Polygon","coordinates":[[[-72.706553,41.936514],[-72.704171,41.935946],[-72.702655,41.939068],[-72.699087,41.940335],[-72.69755,41.945118],[-72.693557,41.946502],[-72.688195,41.946196],[-72.69343,41.929595],[-72.69351,41.928781],[-72.698001,41.925071],[-72.700589,41.924836],[-72.705119,41.926132],[-72.709291,41.929102],[-72.706553,41.936514]]]}},{"type":"Feature","properties":{"GEOID":"09180870703","STATEFP":"09","COUNTYFP":"180","TRACTCE":"870703","NAMELSAD":"Census Tract 8707.03","NAMELSADCO":"Southeastern Connecticut Planning Region","STATE_NAME":"Connecticut"},"geometry":{"type":"MultiPolygon","coordinates":[[[[-72.225931,41.293839],[-72.225226,41.295258],[-72.223756,41.294857],[-72.223899,41.293464],[-72.225325,41.293303],[-72.225931,41.293839]]],[[[-72.254139,41.309787],[-72.251578,41.313798],[-72.249265,41.315181],[-72.245604,41.316503],[-72.239184,41.317768],[-72.23607,41.318943],[-72.230293,41.319166],[-72.22157,41.317899],[-72.217798,41.320259],[-72.212074,41.320172],[-72.208965,41.321474],[-72.206047,41.321956],[-72.206348,41.320779],[-72.207868,41.319524],[-72.207774,41.318864],[-72.210394,41.317212],[-72.21145,41.318071],[-72.212127,41.318083],[-72.212352,41.316602],[-72.215314,41.315363],[-72.216785,41.315975],[-72.219105,41.312947],[-72.220871,41.30927],[-72.220922,41.307731],[-72.219872,41.307354],[-72.221527,41.304277],[-72.2237757595202,41.3019597214395],[-72.223828,41.301981],[-72.225183,41.301446],[-72.227536,41.298419],[-72.22996,41.298526],[-72.230209,41.297133],[-72.2316,41.29641],[-72.233133,41.298874],[-72.235735,41.30083],[-72.243971,41.299624],[-72.244827,41.298365],[-72.246823,41.297669],[-72.248161,41.299488],[-72.2488103721913,41.2993370479212],[-72.25062,41.304718],[-72.25328,41.309535],[-72.254139,41.309787]]]]}},{"type":"Feature","properties":{"GEOID":"09140352400","STATEFP":"09","COUNTYFP":"140","TRACTCE":"352400","NAMELSAD":"Census Tract 3524","NAMELSADCO":"Naugatuck Valley Planning Region","STATE_NAME":"Connecticut"},"geometry":{"type":"Polygon","coordinates":[[[-73.0455,41.602898],[-73.044621,41.604233],[-73.039951,41.607597],[-73.036276,41.611697],[-73.034777,41.615134],[-73.01865,41.614097],[-73.017443,41.609813],[-73.016985,41.606122],[-73.016114,41.601998],[-73.014931,41.596304],[-73.023851,41.596058],[-73.026396,41.595483],[-73.026712,41.593302],[-73.027629,41.591476],[-73.029388,41.593753],[-73.03021,41.595511],[-73.031937,41.595081],[-73.037648,41.595593],[-73.038145,41.595119],[-73.045178,41.598001],[-73.045784,41.599137],[-73.0455,41.602898]]]}},{"type":"Feature","properties":{"GEOID":"09170170900","STATEFP":"09","COUNTYFP":"170","TRACTCE":"170900","NAMELSAD":"Census Tract 1709","NAMELSADCO":"South Central Connecticut Planning Region","STATE_NAME":"Connecticut"},"geometry":{"type":"Polygon","coordinates":[[[-72.814282,41.533583],[-72.81032,41.534935],[-72.811388,41.536558],[-72.810251,41.53898],[-72.807931,41.538357],[-72.807799,41.535866],[-72.802423,41.537542],[-72.804101,41.534822],[-72.804824,41.533203],[-72.807444,41.526341],[-72.809588,41.524419],[-72.808424,41.527214],[-72.80887,41.528124],[-72.812557,41.528344],[-72.811375,41.530428],[-72.815147,41.531035],[-72.814282,41.533583]]]}},{"type":"Feature","properties":{"GEOID":"09110500400","STATEFP":"09","COUNTYFP":"110","TRACTCE":"500400","NAMELSAD":"Census Tract 5004","NAMELSADCO":"Capitol Planning Region","STATE_NAME":"Connecticut"},"geometry":{"type":"Polygon","coordinates":[[[-72.675134,41.755818],[-72.670071,41.757493],[-72.669509,41.758728],[-72.665789,41.758105],[-72.664245,41.757869],[-72.659568,41.7537],[-72.659293,41.753176],[-72.659073,41.752075],[-72.659866,41.751699],[-72.661623,41.750696],[-72.662059,41.750606],[-72.66413,41.750431],[-72.673718,41.749463],[-72.674076,41.751886],[-72.674403,41.752948],[-72.675134,41.755818]]]}},{"type":"Feature","properties":{"GEOID":"09110528100","STATEFP":"09","COUNTYFP":"110","TRACTCE":"528100","NAMELSAD":"Census Tract 5281","NAMELSADCO":"Capitol Planning Region","STATE_NAME":"Connecticut"},"geometry":{"type":"Polygon","coordinates":[[[-72.422818,41.73196],[-72.418418,41.732106],[-72.403622,41.733992],[-72.405105,41.738801],[-72.405333,41.742595],[-72.410251,41.765505],[-72.38092,41.76386],[-72.376672,41.764384],[-72.354883,41.767127],[-72.353271,41.765844],[-72.328872,41.738819],[-72.32949,41.737437],[-72.334379,41.731458],[-72.342621,41.722328],[-72.35072,41.711881],[-72.356478,41.701497],[-72.388538,41.698043],[-72.398746,41.696908],[-72.412393,41.715798],[-72.413909,41.718583],[-72.415658,41.720456],[-72.419113,41.725103],[-72.421727,41.730343],[-72.422818,41.73196]]]}},{"type":"Feature","properties":{"GEOID":"09110538100","STATEFP":"09","COUNTYFP":"110","TRACTCE":"538100","NAMELSAD":"Census Tract 5381","NAMELSADCO":"Capitol Planning Region","STATE_NAME":"Connecticut"},"geometry":{"type":"Polygon","coordinates":[[[-72.508637,42.031135],[-72.504983,42.025955],[-72.501881,42.025807],[-72.501424,42.027745],[-72.49512,42.025955],[-72.492574,42.025857],[-72.492505,42.021743],[-72.491933,42.017774],[-72.494411,42.016838],[-72.493882,42.015745],[-72.496189,42.0148],[-72.496162,42.013756],[-72.50539,42.013567],[-72.505935,42.016478],[-72.508637,42.031135]]]}},{"type":"Feature","properties":{"GEOID":"09110890100","STATEFP":"09","COUNTYFP":"110","TRACTCE":"890100","NAMELSAD":"Census Tract 8901","NAMELSADCO":"Capitol Planning Region","STATE_NAME":"Connecticut"},"geometry":{"type":"Polygon","coordinates":[[[-72.326821,41.952653],[-72.325212,41.953395],[-72.321223,41.953744],[-72.317916,41.9536],[-72.317933,41.953966],[-72.315136,41.956195],[-72.321605,41.962419],[-72.319987,41.962958],[-72.319428,41.964571],[-72.315493,41.962384],[-72.314792,41.972473],[-72.314124,41.975442],[-72.309461,41.97415],[-72.304776,41.976653],[-72.296983,41.982668],[-72.295895,41.983458],[-72.294216,41.9841],[-72.291271,41.984929],[-72.289828,41.984527],[-72.28999,41.984307],[-72.291027,41.978655],[-72.291192,41.975307],[-72.290438,41.970928],[-72.294742,41.965198],[-72.295959,41.962583],[-72.297033,41.955116],[-72.294691,41.956136],[-72.296703,41.951843],[-72.301222,41.952096],[-72.300331,41.949381],[-72.301372,41.945762],[-72.300987,41.940735],[-72.306253,41.940707],[-72.306849,41.940601],[-72.336768,41.94121],[-72.326821,41.952653]]]}},{"type":"Feature","properties":{"GEOID":"09110530400","STATEFP":"09","COUNTYFP":"110","TRACTCE":"530400","NAMELSAD":"Census Tract 5304","NAMELSADCO":"Capitol Planning Region","STATE_NAME":"Connecticut"},"geometry":{"type":"Polygon","coordinates":[[[-72.467226,41.83705],[-72.464747,41.839503],[-72.464272,41.842909],[-72.466195,41.847096],[-72.467161,41.850494],[-72.466264,41.854095],[-72.46113,41.85584],[-72.4537,41.855772],[-72.449572,41.855251],[-72.448357,41.855886],[-72.445836,41.856562],[-72.445147,41.856691],[-72.442577,41.857042],[-72.435846,41.85767],[-72.43241,41.859452],[-72.429404,41.854735],[-72.431924,41.853804],[-72.433682,41.852742],[-72.44351,41.844944],[-72.445894,41.843423],[-72.452191,41.840133],[-72.466715,41.832498],[-72.467705,41.835054],[-72.467226,41.83705]]]}},{"type":"Feature","properties":{"GEOID":"09180713100","STATEFP":"09","COUNTYFP":"180","TRACTCE":"713100","NAMELSAD":"Census Tract 7131","NAMELSADCO":"Southeastern Connecticut Planning Region","STATE_NAME":"Connecticut"},"geometry":{"type":"Polygon","coordinates":[[[-72.227124,41.522498],[-72.226446,41.5253],[-72.224123,41.530298],[-72.21911,41.538815],[-72.218423,41.540698],[-72.20429,41.570557],[-72.202243,41.575194],[-72.195947,41.587407],[-72.194024,41.590399],[-72.13871,41.57641],[-72.135844,41.573514],[-72.134981,41.569529],[-72.135557,41.569352],[-72.132123,41.564842],[-72.132179,41.563653],[-72.132136,41.560103],[-72.132581,41.555042],[-72.13268,41.548465],[-72.133882,41.546385],[-72.136202,41.543726],[-72.140656,41.536287],[-72.139058,41.529732],[-72.133556,41.512362],[-72.132884,41.508908],[-72.135416,41.504006],[-72.136129,41.504852],[-72.142451,41.50418],[-72.144049,41.50497],[-72.153551,41.50733],[-72.161982,41.510117],[-72.165719,41.510551],[-72.168376,41.51218],[-72.171164,41.513943],[-72.178296,41.515903],[-72.180603,41.516326],[-72.182238,41.51626],[-72.18237,41.512896],[-72.186721,41.512913],[-72.187517,41.513467],[-72.191058,41.514153],[-72.193488,41.511981],[-72.199522,41.513037],[-72.227624,41.518698],[-72.227124,41.522498]]]}},{"type":"Feature","properties":{"GEOID":"09180690500","STATEFP":"09","COUNTYFP":"180","TRACTCE":"690500","NAMELSAD":"Census Tract 6905","NAMELSADCO":"Southeastern Connecticut Planning Region","STATE_NAME":"Connecticut"},"geometry":{"type":"Polygon","coordinates":[[[-72.105991,41.357075],[-72.104204,41.358483],[-72.10295,41.361254],[-72.103083,41.363707],[-72.099951,41.360866],[-72.099354,41.35734],[-72.096247,41.357274],[-72.0963,41.357909],[-72.095452,41.358177],[-72.09408,41.358694],[-72.091228,41.355451],[-72.08682,41.355698],[-72.08612,41.352598],[-72.08592,41.349498],[-72.096286,41.350759],[-72.09634,41.350766],[-72.096905,41.350099],[-72.09756,41.351283],[-72.098355,41.350921],[-72.105054,41.349343],[-72.103068,41.351144],[-72.105773,41.353418],[-72.105046,41.35527],[-72.105991,41.357075]]]}},{"type":"Feature","properties":{"GEOID":"09180696600","STATEFP":"09","COUNTYFP":"180","TRACTCE":"696600","NAMELSAD":"Census Tract 6966","NAMELSADCO":"Southeastern Connecticut Planning Region","STATE_NAME":"Connecticut"},"geometry":{"type":"Polygon","coordinates":[[[-72.119003,41.520671],[-72.114236,41.533835],[-72.113126,41.536479],[-72.108835,41.546296],[-72.099075,41.544578],[-72.095612,41.544472],[-72.090201,41.544394],[-72.090226,41.544284],[-72.0928,41.542193],[-72.092149,41.539923],[-72.093841,41.538081],[-72.094607,41.535435],[-72.094241,41.534386],[-72.090106,41.53397],[-72.089875,41.533319],[-72.091738,41.532015],[-72.092484,41.526823],[-72.090724,41.525322],[-72.089584,41.522644],[-72.097129,41.517683],[-72.099137,41.51676],[-72.104525,41.51461],[-72.104529,41.510502],[-72.10366,41.506],[-72.102311,41.502974],[-72.102131,41.497974],[-72.106529,41.499587],[-72.106521,41.50161],[-72.107982,41.502828],[-72.111682,41.502036],[-72.112177,41.500988],[-72.115426,41.500872],[-72.114699,41.503711],[-72.114665,41.505679],[-72.115181,41.507915],[-72.116313,41.509952],[-72.117947,41.512295],[-72.118995,41.514697],[-72.119465,41.517623],[-72.119003,41.520671]]]}},{"type":"Feature","properties":{"GEOID":"09180705400","STATEFP":"09","COUNTYFP":"180","TRACTCE":"705400","NAMELSAD":"Census Tract 7054","NAMELSADCO":"Southeastern Connecticut Planning Region","STATE_NAME":"Connecticut"},"geometry":{"type":"Polygon","coordinates":[[[-71.964528,41.375065],[-71.963529,41.379112],[-71.964219,41.382593],[-71.961218,41.38678],[-71.958632,41.388115],[-71.960287,41.389438],[-71.960843,41.394704],[-71.95882,41.397518],[-71.961295,41.397899],[-71.962666,41.399471],[-71.962965,41.400393],[-71.96204,41.401323],[-71.963675,41.407022],[-71.962994,41.409295],[-71.962816,41.411449],[-71.96101,41.412517],[-71.958269,41.412737],[-71.956871,41.413839],[-71.956463,41.415661],[-71.953563,41.418566],[-71.953386,41.420281],[-71.950772,41.424517],[-71.947288,41.42687],[-71.943242,41.429067],[-71.942834,41.430268],[-71.94327,41.433646],[-71.893545,41.420731],[-71.869033,41.414375],[-71.855511,41.411556],[-71.864719,41.399159],[-71.868105,41.395703],[-71.873265,41.391656],[-71.878648,41.387932],[-71.883177,41.386144],[-71.8908,41.384253],[-71.894369,41.383062],[-71.911,41.37582],[-71.916761,41.374338],[-71.926633,41.372432],[-71.930186,41.372073],[-71.935478,41.372151],[-71.948084,41.37387],[-71.955967,41.37501],[-71.958844,41.37504],[-71.966027,41.372995],[-71.964528,41.375065]]]}},{"type":"Feature","properties":{"GEOID":"09180693700","STATEFP":"09","COUNTYFP":"180","TRACTCE":"693700","NAMELSAD":"Census Tract 6937","NAMELSADCO":"Southeastern Connecticut Planning Region","STATE_NAME":"Connecticut"},"geometry":{"type":"Polygon","coordinates":[[[-72.219307,41.412123],[-72.169817,41.418587],[-72.13309,41.423566],[-72.12786,41.424283],[-72.13158,41.420521],[-72.131358,41.419998],[-72.131253,41.418442],[-72.127006,41.412924],[-72.131161,41.408219],[-72.1263,41.405447],[-72.125835,41.404395],[-72.122844,41.401916],[-72.123885,41.400343],[-72.12341,41.399455],[-72.125062,41.397104],[-72.122605,41.38385],[-72.119532,41.378865],[-72.118995,41.375353],[-72.118404,41.374666],[-72.121915,41.37135],[-72.122306,41.370636],[-72.12577,41.371309],[-72.138481,41.369847],[-72.150405,41.368004],[-72.152959,41.367832],[-72.161794,41.36779],[-72.164112,41.367944],[-72.167908,41.368644],[-72.187423,41.374386],[-72.192363,41.374739],[-72.192764,41.375549],[-72.219307,41.412123]]]}},{"type":"Feature","properties":{"GEOID":"09190043500","STATEFP":"09","COUNTYFP":"190","TRACTCE":"043500","NAMELSAD":"Census Tract 435","NAMELSADCO":"Western Connecticut Planning Region","STATE_NAME":"Connecticut"},"geometry":{"type":"Polygon","coordinates":[[[-73.398569,41.111397],[-73.398469,41.113256],[-73.397295,41.11561],[-73.39525,41.117277],[-73.395001,41.117591],[-73.395985,41.119394],[-73.398541,41.124149],[-73.395671,41.124859],[-73.384287,41.127594],[-73.381126,41.128603],[-73.380798,41.127096],[-73.380374,41.123415],[-73.380173,41.121139],[-73.381404,41.118312],[-73.390681,41.113471],[-73.398545,41.111227],[-73.398569,41.111397]]]}},{"type":"Feature","properties":{"GEOID":"09120080500","STATEFP":"09","COUNTYFP":"120","TRACTCE":"080500","NAMELSAD":"Census Tract 805","NAMELSADCO":"Greater Bridgeport Planning Region","STATE_NAME":"Connecticut"},"geometry":{"type":"Polygon","coordinates":[[[-73.158754,41.173663],[-73.158783,41.174325],[-73.157831,41.173208],[-73.148938,41.169118],[-73.14401,41.166872],[-73.142998,41.166602],[-73.141653,41.166705],[-73.134499,41.169003],[-73.130661,41.168899],[-73.127241,41.171389],[-73.123642,41.168404],[-73.119693,41.170849],[-73.114013,41.170522],[-73.112152,41.171397],[-73.1080084493287,41.1687516729814],[-73.110352,41.159697],[-73.1089092629466,41.1578819296594],[-73.107039,41.155529],[-73.10109,41.154141],[-73.10302,41.151412],[-73.111052,41.150797],[-73.1131343452713,41.1503632006622],[-73.130253,41.146797],[-73.1378606558334,41.1490238123565],[-73.1647956314162,41.1569078620246],[-73.158754,41.173663]]]}},{"type":"Feature","properties":{"GEOID":"09140110202","STATEFP":"09","COUNTYFP":"140","TRACTCE":"110202","NAMELSAD":"Census Tract 1102.02","NAMELSADCO":"Naugatuck Valley Planning Region","STATE_NAME":"Connecticut"},"geometry":{"type":"Polygon","coordinates":[[[-73.120421,41.278413],[-73.119468,41.279545],[-73.116239,41.283692],[-73.11222,41.289824],[-73.108892,41.295515],[-73.107074,41.294388],[-73.105387,41.294417],[-73.10211,41.294066],[-73.100715,41.294241],[-73.10144,41.297473],[-73.100707,41.299952],[-73.098764,41.302646],[-73.097514,41.303745],[-73.096453,41.301958],[-73.093477,41.3004],[-73.090357,41.297589],[-73.081191,41.299328],[-73.078366,41.294693],[-73.078047,41.292974],[-73.07438,41.292431],[-73.07578,41.289948],[-73.073362,41.289269],[-73.075451,41.285749],[-73.078852,41.284496],[-73.08153,41.282856],[-73.083752,41.281496],[-73.086852,41.276596],[-73.088652,41.271696],[-73.087752,41.265296],[-73.087852,41.260096],[-73.086752,41.254596],[-73.090872,41.257082],[-73.094558,41.256214],[-73.095265,41.258052],[-73.098359,41.25928],[-73.103076,41.259612],[-73.102952,41.261643],[-73.104616,41.263556],[-73.107081,41.264074],[-73.106049,41.26705],[-73.108295,41.268582],[-73.113576,41.266824],[-73.114625,41.268905],[-73.114274,41.272428],[-73.114772,41.273222],[-73.11881,41.27576],[-73.121978,41.277014],[-73.120421,41.278413]]]}},{"type":"Feature","properties":{"GEOID":"09190020600","STATEFP":"09","COUNTYFP":"190","TRACTCE":"020600","NAMELSAD":"Census Tract 206","NAMELSADCO":"Western Connecticut Planning Region","STATE_NAME":"Connecticut"},"geometry":{"type":"Polygon","coordinates":[[[-73.566001,41.10305],[-73.56323,41.10433],[-73.559314,41.10656],[-73.558137,41.107295],[-73.546434,41.112006],[-73.54839,41.105261],[-73.548182,41.103092],[-73.54797,41.10199],[-73.547701,41.100522],[-73.547627,41.095786],[-73.547688,41.092503],[-73.547744,41.091966],[-73.548956,41.08669],[-73.549084,41.083296],[-73.549097,41.082867],[-73.549973,41.079086],[-73.551922,41.078863],[-73.552412,41.078832],[-73.553577,41.078709],[-73.553869,41.080532],[-73.554218,41.082585],[-73.556618,41.085519],[-73.559268,41.088237],[-73.559655,41.088798],[-73.564096,41.096627],[-73.565014,41.101441],[-73.566001,41.10305]]]}},{"type":"Feature","properties":{"GEOID":"09120061200","STATEFP":"09","COUNTYFP":"120","TRACTCE":"061200","NAMELSAD":"Census Tract 612","NAMELSADCO":"Greater Bridgeport Planning Region","STATE_NAME":"Connecticut"},"geometry":{"type":"Polygon","coordinates":[[[-73.235112,41.183334],[-73.231888,41.186309],[-73.229584,41.184461],[-73.228348,41.183108],[-73.226089,41.181141],[-73.22369,41.182191],[-73.221729,41.180657],[-73.218012,41.183284],[-73.219647,41.18148],[-73.219268,41.179367],[-73.223072,41.176385],[-73.227415,41.178052],[-73.231146,41.17815],[-73.234541,41.178613],[-73.236102,41.178592],[-73.235112,41.183334]]]}},{"type":"Feature","properties":{"GEOID":"09120100300","STATEFP":"09","COUNTYFP":"120","TRACTCE":"100300","NAMELSAD":"Census Tract 1003","NAMELSADCO":"Greater Bridgeport Planning Region","STATE_NAME":"Connecticut"},"geometry":{"type":"Polygon","coordinates":[[[-73.256445,41.351334],[-73.256172,41.357441],[-73.229007,41.370303],[-73.228117,41.368813],[-73.229488,41.36721],[-73.227776,41.365051],[-73.225336,41.365342],[-73.223326,41.36422],[-73.21903,41.364495],[-73.213294,41.367919],[-73.211199,41.367721],[-73.206614,41.370166],[-73.204828,41.370475],[-73.202136,41.372237],[-73.201311,41.373941],[-73.202029,41.375179],[-73.202294,41.378005],[-73.203578,41.379162],[-73.201075,41.38102],[-73.198011,41.382734],[-73.194898,41.388529],[-73.191748,41.388934],[-73.190426,41.388258],[-73.187733,41.388926],[-73.183269,41.391711],[-73.181168,41.389611],[-73.173356,41.383596],[-73.172662,41.383442],[-73.171588,41.383887],[-73.166556,41.383196],[-73.161253,41.383853],[-73.158656,41.383396],[-73.158832,41.379684],[-73.157055,41.376696],[-73.15965,41.374905],[-73.159442,41.372914],[-73.17058,41.357898],[-73.170657,41.357934],[-73.176814,41.337587],[-73.178877,41.334744],[-73.184821,41.334515],[-73.192204,41.33299],[-73.196038,41.331836],[-73.200772,41.330441],[-73.203262,41.331439],[-73.206449,41.332186],[-73.206599,41.331981],[-73.206779,41.331621],[-73.207539,41.332757],[-73.209276,41.335264],[-73.214163,41.335851],[-73.218843,41.337159],[-73.221356,41.340693],[-73.224663,41.342803],[-73.226884,41.34432],[-73.227975,41.343607],[-73.234274,41.341084],[-73.238458,41.341436],[-73.246131,41.339969],[-73.251309,41.346362],[-73.253651,41.347351],[-73.256313,41.350771],[-73.256445,41.351334]]]}},{"type":"Feature","properties":{"GEOID":"09190220200","STATEFP":"09","COUNTYFP":"190","TRACTCE":"220200","NAMELSAD":"Census Tract 2202","NAMELSADCO":"Western Connecticut Planning Region","STATE_NAME":"Connecticut"},"geometry":{"type":"Polygon","coordinates":[[[-73.532406621006,41.4987126218851],[-73.5308863930724,41.5172191178032],[-73.5306605365111,41.5199685828257],[-73.485936,41.527931],[-73.486386,41.525944],[-73.485515,41.524852],[-73.484694,41.520338],[-73.482982,41.516514],[-73.480774,41.513044],[-73.480233,41.511222],[-73.479341,41.510652],[-73.47572,41.512622],[-73.472307,41.51014],[-73.470821,41.510611],[-73.471495,41.509359],[-73.471122,41.508809],[-73.470337,41.5074],[-73.468951,41.50346],[-73.470092,41.500769],[-73.469564,41.49701],[-73.468901,41.494795],[-73.464773,41.487454],[-73.464354,41.484323],[-73.464413,41.481882],[-73.467236,41.477668],[-73.467761,41.475361],[-73.472152,41.468982],[-73.47292,41.468852],[-73.474321,41.469748],[-73.479347,41.468811],[-73.48239,41.468907],[-73.485678,41.466113],[-73.483533,41.465573],[-73.482021,41.464592],[-73.480607,41.461288],[-73.475696,41.453846],[-73.485357,41.451263],[-73.494364,41.449683],[-73.502516,41.447855],[-73.503065,41.44828],[-73.502096,41.449863],[-73.504044,41.455398],[-73.50572,41.458506],[-73.501637,41.458613],[-73.497838,41.46146],[-73.492035,41.462598],[-73.492326,41.463199],[-73.495459,41.466331],[-73.495841,41.466576],[-73.498221,41.467821],[-73.500781,41.470366],[-73.504701,41.471831],[-73.5097,41.470778],[-73.511175,41.470547],[-73.515523,41.467949],[-73.518914,41.468698],[-73.520007,41.469341],[-73.520298,41.471643],[-73.521137,41.472811],[-73.520651,41.484939],[-73.520129,41.485684],[-73.517563,41.487979],[-73.516103,41.490081],[-73.519134,41.490637],[-73.524332,41.489772],[-73.527203,41.490638],[-73.529826,41.496045],[-73.529578,41.498413],[-73.5324177565387,41.4985770634688],[-73.532406621006,41.4987126218851]]]}},{"type":"Feature","properties":{"GEOID":"09120071100","STATEFP":"09","COUNTYFP":"120","TRACTCE":"071100","NAMELSAD":"Census Tract 711","NAMELSADCO":"Greater Bridgeport Planning Region","STATE_NAME":"Connecticut"},"geometry":{"type":"Polygon","coordinates":[[[-73.217097,41.177988],[-73.214793,41.178991],[-73.210898,41.180961],[-73.208314,41.178738],[-73.207019,41.177618],[-73.205728,41.177224],[-73.205449,41.17411],[-73.205319,41.17163],[-73.208834,41.170524],[-73.210925,41.172439],[-73.214482,41.174839],[-73.215969,41.175862],[-73.218219,41.177476],[-73.217097,41.177988]]]}},{"type":"Feature","properties":{"GEOID":"09120071400","STATEFP":"09","COUNTYFP":"120","TRACTCE":"071400","NAMELSAD":"Census Tract 714","NAMELSADCO":"Greater Bridgeport Planning Region","STATE_NAME":"Connecticut"},"geometry":{"type":"Polygon","coordinates":[[[-73.206688,41.183099],[-73.20398,41.185651],[-73.201748,41.187746],[-73.199964,41.189116],[-73.197035,41.191726],[-73.193387,41.185971],[-73.19634,41.186257],[-73.19724,41.184147],[-73.197524,41.183459],[-73.198518,41.18107],[-73.201093,41.181736],[-73.206186,41.182609],[-73.206688,41.183099]]]}},{"type":"Feature","properties":{"GEOID":"09120072600","STATEFP":"09","COUNTYFP":"120","TRACTCE":"072600","NAMELSAD":"Census Tract 726","NAMELSADCO":"Greater Bridgeport Planning Region","STATE_NAME":"Connecticut"},"geometry":{"type":"Polygon","coordinates":[[[-73.244168,41.226592],[-73.232182,41.227292],[-73.219125,41.227802],[-73.217847,41.221426],[-73.21602,41.219358],[-73.215023,41.218276],[-73.213783,41.216888],[-73.21325,41.216088],[-73.219038,41.215429],[-73.221175,41.213611],[-73.222671,41.212672],[-73.224137,41.212413],[-73.22631,41.208455],[-73.2275,41.207507],[-73.231584,41.212142],[-73.23287,41.21348],[-73.233172,41.213918],[-73.239026,41.220669],[-73.242431,41.224659],[-73.243418,41.225822],[-73.244168,41.226592]]]}},{"type":"Feature","properties":{"GEOID":"09120073200","STATEFP":"09","COUNTYFP":"120","TRACTCE":"073200","NAMELSAD":"Census Tract 732","NAMELSADCO":"Greater Bridgeport Planning Region","STATE_NAME":"Connecticut"},"geometry":{"type":"Polygon","coordinates":[[[-73.168151,41.203199],[-73.165859,41.204511],[-73.161443,41.205537],[-73.157988,41.20543],[-73.15676,41.20127],[-73.15646,41.200492],[-73.154866,41.195663],[-73.15783,41.195836],[-73.159576,41.196212],[-73.162194,41.196851],[-73.165182,41.197551],[-73.164913,41.198446],[-73.167585,41.199233],[-73.170221,41.199765],[-73.168151,41.203199]]]}},{"type":"Feature","properties":{"GEOID":"09190045400","STATEFP":"09","COUNTYFP":"190","TRACTCE":"045400","NAMELSAD":"Census Tract 454","NAMELSADCO":"Western Connecticut Planning Region","STATE_NAME":"Connecticut"},"geometry":{"type":"Polygon","coordinates":[[[-73.422479,41.182379],[-73.420589,41.183319],[-73.419444,41.184101],[-73.416945,41.182111],[-73.414854,41.180893],[-73.412267,41.180284],[-73.410398,41.181337],[-73.410188,41.185307],[-73.406875,41.187747],[-73.39755,41.188684],[-73.397678,41.192559],[-73.398723,41.195119],[-73.393831,41.198069],[-73.393484,41.198484],[-73.389158,41.199246],[-73.382494,41.189467],[-73.381786,41.18876],[-73.379568,41.185777],[-73.381474,41.182567],[-73.384866,41.174433],[-73.387073,41.170495],[-73.394836,41.171768],[-73.413677,41.16359],[-73.415402,41.162886],[-73.418978,41.160802],[-73.422233,41.160029],[-73.420234,41.163856],[-73.420235,41.176319],[-73.421738,41.18142],[-73.422479,41.182379]]]}},{"type":"Feature","properties":{"GEOID":"09140342100","STATEFP":"09","COUNTYFP":"140","TRACTCE":"342100","NAMELSAD":"Census Tract 3421","NAMELSADCO":"Naugatuck Valley Planning Region","STATE_NAME":"Connecticut"},"geometry":{"type":"Polygon","coordinates":[[[-73.261446,41.664641],[-73.232462,41.665998],[-73.231631,41.666183],[-73.224726,41.666527],[-73.207988,41.667363],[-73.195295,41.668197],[-73.184279,41.66856],[-73.170756,41.669196],[-73.169183,41.66157],[-73.165794,41.648722],[-73.165557,41.646586],[-73.161609,41.629914],[-73.157756,41.612696],[-73.179619,41.611091],[-73.188469,41.610142],[-73.195549,41.609639],[-73.210932,41.608248],[-73.253509,41.604532],[-73.259172,41.647036],[-73.261446,41.664641]]]}},{"type":"Feature","properties":{"GEOID":"09160303100","STATEFP":"09","COUNTYFP":"160","TRACTCE":"303100","NAMELSAD":"Census Tract 3031","NAMELSADCO":"Northwest Hills Planning Region","STATE_NAME":"Connecticut"},"geometry":{"type":"Polygon","coordinates":[[[-73.276313,41.707847],[-73.271034,41.708151],[-73.260344,41.708481],[-73.253976,41.708996],[-73.222342,41.710576],[-73.216811,41.71082],[-73.200604,41.711611],[-73.189405,41.712579],[-73.182632,41.713494],[-73.173303,41.714119],[-73.166343,41.714897],[-73.1568,41.715857],[-73.155819,41.713399],[-73.154772,41.709846],[-73.152301,41.704108],[-73.142074,41.674809],[-73.141354,41.672749],[-73.141531,41.672709],[-73.142031,41.672294],[-73.167122,41.669661],[-73.170756,41.669196],[-73.184279,41.66856],[-73.195295,41.668197],[-73.207988,41.667363],[-73.224726,41.666527],[-73.231631,41.666183],[-73.232462,41.665998],[-73.261446,41.664641],[-73.260825,41.673481],[-73.260557,41.683823],[-73.266833,41.688367],[-73.27549,41.69522],[-73.276313,41.707847]]]}},{"type":"Feature","properties":{"GEOID":"09190253500","STATEFP":"09","COUNTYFP":"190","TRACTCE":"253500","NAMELSAD":"Census Tract 2535","NAMELSADCO":"Western Connecticut Planning Region","STATE_NAME":"Connecticut"},"geometry":{"type":"Polygon","coordinates":[[[-73.506923,41.665802],[-73.504075,41.669103],[-73.469463,41.673249],[-73.45666,41.674983],[-73.453239,41.675002],[-73.382124,41.683327],[-73.380507,41.671646],[-73.377858,41.658984],[-73.37613,41.658197],[-73.374194,41.657461],[-73.370412,41.655286],[-73.359384,41.646951],[-73.359079,41.646521],[-73.35694,41.63383],[-73.365178,41.629524],[-73.36928,41.625488],[-73.37147,41.624244],[-73.373999,41.62162],[-73.37743,41.619532],[-73.380907,41.618103],[-73.383701,41.617346],[-73.386373,41.613738],[-73.388702,41.611612],[-73.390587,41.608768],[-73.391997,41.607517],[-73.395393,41.606779],[-73.400478,41.60384],[-73.401365,41.603623],[-73.40227,41.603366],[-73.403257,41.601808],[-73.40567,41.60278],[-73.404976,41.603765],[-73.403973,41.605526],[-73.40236,41.610707],[-73.397915,41.617082],[-73.397691,41.619881],[-73.397677,41.619934],[-73.397268,41.621032],[-73.394265,41.624338],[-73.39834,41.62394],[-73.398966,41.62344],[-73.400548,41.622629],[-73.401251,41.621983],[-73.401566,41.621113],[-73.40251,41.620389],[-73.404582,41.619227],[-73.406428,41.617545],[-73.409107,41.613623],[-73.4094,41.611732],[-73.411155,41.610587],[-73.41273,41.607365],[-73.41159,41.604741],[-73.414079,41.600367],[-73.413202,41.599575],[-73.415219,41.597762],[-73.415324,41.596542],[-73.417985,41.595836],[-73.419792,41.59401],[-73.421511,41.594002],[-73.420801,41.593218],[-73.421337,41.590811],[-73.423735,41.588592],[-73.423655,41.587736],[-73.422105,41.587737],[-73.422881,41.586536],[-73.420255,41.585392],[-73.420012,41.583115],[-73.424635,41.584948],[-73.424675,41.586545],[-73.426053,41.589403],[-73.428408,41.589899],[-73.430697,41.592322],[-73.431106,41.595363],[-73.430491,41.596575],[-73.430981,41.599513],[-73.429145,41.603073],[-73.428806,41.604746],[-73.42962,41.605653],[-73.43018,41.608277],[-73.432264,41.608173],[-73.433108,41.61098],[-73.435465,41.611385],[-73.437246,41.612658],[-73.439756,41.612498],[-73.441981,41.610222],[-73.446067,41.609476],[-73.449195,41.609909],[-73.449791,41.610194],[-73.449032,41.611778],[-73.449354,41.612971],[-73.451791,41.614774],[-73.455917,41.616802],[-73.457446,41.617093],[-73.460116,41.618606],[-73.461207,41.619832],[-73.463113,41.624063],[-73.463861,41.626906],[-73.469446,41.631169],[-73.473054,41.632995],[-73.477603,41.63919],[-73.477963,41.641261],[-73.483893,41.647167],[-73.484686,41.64743],[-73.49032,41.653278],[-73.49115,41.654606],[-73.493968,41.661118],[-73.494864,41.661214],[-73.497952,41.658893],[-73.503952,41.661773],[-73.506929,41.664029],[-73.506923,41.665802]]]}},{"type":"Feature","properties":{"GEOID":"09160262100","STATEFP":"09","COUNTYFP":"160","TRACTCE":"262100","NAMELSAD":"Census Tract 2621","NAMELSADCO":"Northwest Hills Planning Region","STATE_NAME":"Connecticut"},"geometry":{"type":"Polygon","coordinates":[[[-73.505008,41.823773],[-73.5049921230769,41.8239000153846],[-73.504944,41.824285],[-73.501984,41.858717],[-73.5009108171378,41.868571326657],[-73.5009100939961,41.8685779667874],[-73.4994594107714,41.8818986289734],[-73.498304,41.892508],[-73.4965646487039,41.921747111939],[-73.403781,41.919369],[-73.390807,41.918871],[-73.361779,41.918351],[-73.361104,41.91756],[-73.360868,41.914658],[-73.361271,41.911673],[-73.360586,41.906283],[-73.359692,41.902398],[-73.361066,41.899032],[-73.360651,41.897055],[-73.359189,41.895991],[-73.358671,41.894407],[-73.358719,41.891903],[-73.357791,41.88818],[-73.358409,41.887052],[-73.360457,41.885853],[-73.362951,41.885401],[-73.365384,41.884276],[-73.365816,41.881941],[-73.36512,41.879443],[-73.365421,41.875],[-73.363831,41.871597],[-73.363684,41.869193],[-73.368291,41.868375],[-73.36905,41.867555],[-73.369455,41.865301],[-73.37115,41.864196],[-73.373307,41.861681],[-73.374327,41.859839],[-73.374389,41.857022],[-73.373738,41.85426],[-73.374302,41.85258],[-73.375571,41.851501],[-73.37575,41.850308],[-73.374038,41.848027],[-73.374181,41.845531],[-73.377606,41.839555],[-73.378628,41.836649],[-73.382273,41.833815],[-73.384116,41.830979],[-73.383932,41.830102],[-73.382949,41.828976],[-73.378637,41.825652],[-73.376729,41.824844],[-73.373868,41.825066],[-73.371895,41.82282],[-73.371609,41.821535],[-73.372943,41.819811],[-73.373958,41.81682],[-73.377661,41.813512],[-73.381117,41.812139],[-73.386447,41.808242],[-73.388703,41.807195],[-73.389992,41.807062],[-73.391979,41.807332],[-73.394873,41.80505],[-73.399581,41.798766],[-73.403426,41.79539],[-73.407694,41.792162],[-73.410129,41.788286],[-73.482141,41.790638],[-73.482427,41.790671],[-73.5079601692712,41.7915267620213],[-73.505008,41.823773]]]}},{"type":"Feature","properties":{"GEOID":"09140360300","STATEFP":"09","COUNTYFP":"140","TRACTCE":"360300","NAMELSAD":"Census Tract 3603","NAMELSADCO":"Naugatuck Valley Planning Region","STATE_NAME":"Connecticut"},"geometry":{"type":"Polygon","coordinates":[[[-73.091419,41.608329],[-73.086565,41.610196],[-73.084189,41.610552],[-73.082776,41.610434],[-73.079223,41.609414],[-73.075589,41.609847],[-73.068886,41.609603],[-73.065187,41.610655],[-73.062145,41.614613],[-73.058074,41.615574],[-73.058669,41.610919],[-73.058597,41.606796],[-73.058024,41.60674],[-73.059469,41.606179],[-73.059097,41.602243],[-73.0607,41.600811],[-73.06015,41.593484],[-73.057424,41.589324],[-73.05801,41.588647],[-73.058389,41.588625],[-73.064209,41.588491],[-73.077593,41.587499],[-73.078203,41.586145],[-73.078261,41.586166],[-73.080401,41.586711],[-73.08318,41.586591],[-73.083872,41.592136],[-73.083168,41.593706],[-73.083304,41.59439],[-73.085249,41.597947],[-73.086698,41.601292],[-73.091007,41.607709],[-73.091419,41.608329]]]}},{"type":"Feature","properties":{"GEOID":"09190211400","STATEFP":"09","COUNTYFP":"190","TRACTCE":"211400","NAMELSAD":"Census Tract 2114","NAMELSADCO":"Western Connecticut Planning Region","STATE_NAME":"Connecticut"},"geometry":{"type":"Polygon","coordinates":[[[-73.439655,41.426496],[-73.43621,41.427289],[-73.432403,41.429234],[-73.429936,41.431339],[-73.43016,41.433623],[-73.431867,41.43646],[-73.433,41.439123],[-73.432252,41.441012],[-73.431804,41.441817],[-73.430618,41.442602],[-73.428691,41.443358],[-73.427692,41.444092],[-73.430251,41.449163],[-73.434515,41.454566],[-73.439366,41.460994],[-73.426942,41.463834],[-73.424855,41.459554],[-73.423783,41.454862],[-73.418273,41.437914],[-73.415787,41.430337],[-73.411924,41.429532],[-73.409665,41.428994],[-73.405965,41.428194],[-73.40611,41.416061],[-73.406019,41.415442],[-73.408408,41.414235],[-73.410243,41.413807],[-73.41276,41.413798],[-73.414438,41.414174],[-73.420854,41.417253],[-73.423933,41.417813],[-73.427122,41.417361],[-73.43738,41.414738],[-73.435541,41.417873],[-73.439536,41.420052],[-73.440577,41.423498],[-73.439655,41.426496]]]}},{"type":"Feature","properties":{"GEOID":"09110466300","STATEFP":"09","COUNTYFP":"110","TRACTCE":"466300","NAMELSAD":"Census Tract 4663","NAMELSADCO":"Capitol Planning Region","STATE_NAME":"Connecticut"},"geometry":{"type":"Polygon","coordinates":[[[-72.833424,41.898949],[-72.831426,41.901974],[-72.829325,41.901853],[-72.825636,41.904957],[-72.822497,41.902914],[-72.821213,41.902342],[-72.818692,41.903635],[-72.814701,41.903285],[-72.803737,41.902654],[-72.798302,41.901461],[-72.795492,41.90004],[-72.789144,41.899623],[-72.786589,41.899104],[-72.78672,41.898636],[-72.787781,41.896106],[-72.786064,41.895635],[-72.783903,41.894614],[-72.784295,41.888651],[-72.788116,41.886132],[-72.790715,41.888354],[-72.792942,41.888543],[-72.792656,41.886421],[-72.794436,41.884293],[-72.789429,41.883469],[-72.787819,41.88224],[-72.78614,41.878662],[-72.787781,41.875713],[-72.78994,41.873169],[-72.79216,41.869656],[-72.798652,41.869283],[-72.799827,41.869666],[-72.801782,41.870023],[-72.803701,41.870872],[-72.80828,41.870679],[-72.813133,41.873955],[-72.816295,41.87697],[-72.817353,41.881188],[-72.818248,41.881984],[-72.823995,41.884666],[-72.827938,41.887016],[-72.829584,41.889478],[-72.832016,41.892018],[-72.832673,41.894614],[-72.832263,41.897588],[-72.833424,41.898949]]]}},{"type":"Feature","properties":{"GEOID":"09110417500","STATEFP":"09","COUNTYFP":"110","TRACTCE":"417500","NAMELSAD":"Census Tract 4175","NAMELSADCO":"Capitol Planning Region","STATE_NAME":"Connecticut"},"geometry":{"type":"Polygon","coordinates":[[[-72.79595,41.703399],[-72.792604,41.705622],[-72.782992,41.71284],[-72.778195,41.713622],[-72.776812,41.712481],[-72.775634,41.706729],[-72.775978,41.705029],[-72.774713,41.70071],[-72.773893,41.696661],[-72.772274,41.695594],[-72.771354,41.692349],[-72.773109,41.691489],[-72.781711,41.690647],[-72.782685,41.690199],[-72.78343,41.686893],[-72.784293,41.685566],[-72.788055,41.682468],[-72.788574,41.685517],[-72.789216,41.688276],[-72.790424,41.69258],[-72.791069,41.694032],[-72.791151,41.697185],[-72.791375,41.698064],[-72.791983,41.699284],[-72.793139,41.700508],[-72.79595,41.703399]]]}},{"type":"Feature","properties":{"GEOID":"09110520302","STATEFP":"09","COUNTYFP":"110","TRACTCE":"520302","NAMELSAD":"Census Tract 5203.02","NAMELSADCO":"Capitol Planning Region","STATE_NAME":"Connecticut"},"geometry":{"type":"Polygon","coordinates":[[[-72.648868,41.723096],[-72.636335,41.724899],[-72.63424,41.725089],[-72.630939,41.725662],[-72.627099,41.726175],[-72.616494,41.72758],[-72.613848,41.728123],[-72.61105,41.726569],[-72.607638,41.723092],[-72.60539,41.720678],[-72.599777,41.715962],[-72.597709,41.714982],[-72.591106,41.713001],[-72.589095,41.712316],[-72.583191,41.709033],[-72.580298,41.707688],[-72.572857,41.705128],[-72.570279,41.703222],[-72.5743,41.702727],[-72.579344,41.704348],[-72.579705,41.704364],[-72.588444,41.702867],[-72.590367,41.702918],[-72.600788,41.70153],[-72.607911,41.700229],[-72.607999,41.703469],[-72.611896,41.702725],[-72.61838,41.701815],[-72.618466,41.703394],[-72.617612,41.704029],[-72.615937,41.707101],[-72.622035,41.712199],[-72.638309,41.714102],[-72.640573,41.714526],[-72.648868,41.723096]]]}},{"type":"Feature","properties":{"GEOID":"09190200200","STATEFP":"09","COUNTYFP":"190","TRACTCE":"200200","NAMELSAD":"Census Tract 2002","NAMELSADCO":"Western Connecticut Planning Region","STATE_NAME":"Connecticut"},"geometry":{"type":"Polygon","coordinates":[[[-73.420973,41.384668],[-73.41519,41.389204],[-73.407293,41.395742],[-73.407154,41.394717],[-73.408293,41.391774],[-73.40747,41.389713],[-73.401311,41.386638],[-73.398343,41.38594],[-73.395306,41.384978],[-73.393075,41.385667],[-73.390372,41.383932],[-73.389647,41.379161],[-73.391222,41.377976],[-73.390931,41.375183],[-73.393807,41.375649],[-73.395353,41.375468],[-73.391842,41.372764],[-73.390156,41.366477],[-73.390986,41.367705],[-73.392947,41.369305],[-73.396359,41.371034],[-73.405242,41.371351],[-73.407433,41.371748],[-73.407368,41.371223],[-73.406507,41.369409],[-73.403387,41.366342],[-73.401188,41.360247],[-73.400891,41.358306],[-73.404277,41.356768],[-73.407227,41.358239],[-73.409606,41.36067],[-73.410672,41.364557],[-73.412636,41.366937],[-73.413931,41.366736],[-73.415321,41.3687],[-73.414882,41.369885],[-73.414693,41.371231],[-73.415008,41.372515],[-73.423934,41.382346],[-73.420973,41.384668]]]}},{"type":"Feature","properties":{"GEOID":"09120081000","STATEFP":"09","COUNTYFP":"120","TRACTCE":"081000","NAMELSAD":"Census Tract 810","NAMELSADCO":"Greater Bridgeport Planning Region","STATE_NAME":"Connecticut"},"geometry":{"type":"Polygon","coordinates":[[[-73.162827,41.220225],[-73.161087,41.224566],[-73.159084,41.225934],[-73.157636,41.228377],[-73.157157,41.228822],[-73.153825,41.230052],[-73.153453,41.229635],[-73.152465,41.226837],[-73.148427,41.219539],[-73.146946,41.217129],[-73.146327,41.215595],[-73.145458,41.212762],[-73.144974,41.212122],[-73.145918,41.209309],[-73.146966,41.209915],[-73.148722,41.208859],[-73.148199,41.20623],[-73.149149,41.205914],[-73.148121,41.204117],[-73.150332,41.203448],[-73.151787,41.203422],[-73.155505,41.203867],[-73.15646,41.200492],[-73.15676,41.20127],[-73.157988,41.20543],[-73.161944,41.217572],[-73.162827,41.220225]]]}},{"type":"Feature","properties":{"GEOID":"09130660101","STATEFP":"09","COUNTYFP":"130","TRACTCE":"660101","NAMELSAD":"Census Tract 6601.01","NAMELSADCO":"Lower Connecticut River Valley Planning Region","STATE_NAME":"Connecticut"},"geometry":{"type":"Polygon","coordinates":[[[-72.366958,41.343235],[-72.362969,41.343667],[-72.360262,41.344952],[-72.35427,41.346184],[-72.354615,41.348742],[-72.354033,41.349999],[-72.350132,41.350933],[-72.339128,41.353119],[-72.338012,41.350869],[-72.336668,41.353121],[-72.334182,41.355598],[-72.333904,41.355722],[-72.331117,41.356342],[-72.32613,41.356941],[-72.310359,41.359807],[-72.304511,41.361172],[-72.299145,41.362166],[-72.296359,41.362438],[-72.276725,41.366297],[-72.274504,41.356092],[-72.270718,41.350446],[-72.266311,41.342211],[-72.268475,41.343257],[-72.270941,41.34837],[-72.272652,41.349521],[-72.278648,41.348925],[-72.2845,41.349526],[-72.289424,41.350645],[-72.292121,41.350534],[-72.295981,41.349682],[-72.300064,41.348107],[-72.305682,41.344599],[-72.306616,41.343459],[-72.30805,41.340181],[-72.310288,41.337488],[-72.302583,41.336658],[-72.299845,41.336958],[-72.301047,41.331641],[-72.300349,41.32893],[-72.29746,41.325209],[-72.299601,41.322531],[-72.299514,41.320978],[-72.300555,41.319919],[-72.300653,41.318247],[-72.299945,41.314229],[-72.303744,41.311263],[-72.307491,41.306408],[-72.307526,41.304697],[-72.308629,41.303399],[-72.309917,41.303397],[-72.309767,41.302031],[-72.311272,41.300355],[-72.311037,41.298601],[-72.308741,41.297475],[-72.308469,41.295662],[-72.30952,41.293023],[-72.312042,41.289852],[-72.315131,41.288238],[-72.321891,41.282864],[-72.323743,41.280224],[-72.325301,41.279754],[-72.3292852900993,41.2796557346694],[-72.333894,41.282916],[-72.34171,41.296394],[-72.346463,41.311214],[-72.3490378627189,41.3115555309125],[-72.347439,41.318803],[-72.347916,41.321784],[-72.349121,41.324492],[-72.351242,41.326369],[-72.353379,41.329833],[-72.357834,41.335135],[-72.362489,41.338942],[-72.366058,41.341079],[-72.369147,41.342337],[-72.366958,41.343235]]]}},{"type":"Feature","properties":{"GEOID":"09150905101","STATEFP":"09","COUNTYFP":"150","TRACTCE":"905101","NAMELSAD":"Census Tract 9051.01","NAMELSADCO":"Northeastern Connecticut Planning Region","STATE_NAME":"Connecticut"},"geometry":{"type":"Polygon","coordinates":[[[-71.957658,41.754884],[-71.956522,41.765284],[-71.954811,41.771338],[-71.950729,41.781464],[-71.948794,41.780595],[-71.945279,41.779136],[-71.942939,41.776576],[-71.939322,41.774926],[-71.938284,41.773228],[-71.935336,41.775502],[-71.935264,41.775587],[-71.936556,41.780772],[-71.934325,41.786277],[-71.933359,41.78797],[-71.932652,41.791159],[-71.930938,41.79411],[-71.92905,41.794689],[-71.927865,41.795785],[-71.926797,41.798006],[-71.9247,41.800252],[-71.922937,41.820876],[-71.922533,41.821904],[-71.921919,41.826856],[-71.906181,41.826817],[-71.907385,41.825796],[-71.907937,41.823264],[-71.906865,41.821081],[-71.908892,41.816975],[-71.914395,41.815718],[-71.911396,41.814809],[-71.909018,41.815469],[-71.907627,41.815682],[-71.907086,41.815539],[-71.906799,41.815499],[-71.906213,41.815448],[-71.905758,41.815575],[-71.905115,41.815922],[-71.902013,41.816649],[-71.899553,41.816466],[-71.8952,41.812222],[-71.895132,41.810066],[-71.899013,41.807541],[-71.887703,41.80204],[-71.887249,41.801814],[-71.886474,41.800719],[-71.885723,41.79717],[-71.886079,41.795582],[-71.890121,41.792776],[-71.889184,41.788488],[-71.888643,41.786428],[-71.888964,41.784878],[-71.890601,41.783793],[-71.902641,41.780618],[-71.903997,41.779909],[-71.905809,41.776472],[-71.9057,41.773119],[-71.906694,41.771664],[-71.908427,41.771017],[-71.910794,41.768108],[-71.913516,41.766022],[-71.913961,41.764093],[-71.9156,41.761458],[-71.917241,41.759714],[-71.91803,41.757216],[-71.916407,41.7561],[-71.913264,41.753042],[-71.912947,41.751065],[-71.914054,41.748142],[-71.915323,41.746568],[-71.913943,41.74233],[-71.920964,41.743405],[-71.960571,41.749505],[-71.957658,41.754884]]]}},{"type":"Feature","properties":{"GEOID":"09170184101","STATEFP":"09","COUNTYFP":"170","TRACTCE":"184101","NAMELSAD":"Census Tract 1841.01","NAMELSADCO":"South Central Connecticut Planning Region","STATE_NAME":"Connecticut"},"geometry":{"type":"Polygon","coordinates":[[[-72.830226,41.275236],[-72.829417,41.275652],[-72.828674,41.276073],[-72.827324,41.277107],[-72.827126,41.277328],[-72.826904,41.277649],[-72.826689,41.277906],[-72.819758,41.284699],[-72.818045,41.285732],[-72.819554,41.288012],[-72.81963,41.288261],[-72.81549,41.288976],[-72.808421,41.291361],[-72.796784,41.293321],[-72.795465,41.293529],[-72.792905,41.293237],[-72.792573,41.292555],[-72.794025,41.290827],[-72.794043,41.289523],[-72.795241,41.289885],[-72.796539,41.288593],[-72.79908,41.285023],[-72.80128,41.285711],[-72.803429,41.284222],[-72.802116,41.283421],[-72.802811,41.281975],[-72.804436,41.281796],[-72.802803,41.279652],[-72.804062,41.277978],[-72.803042,41.276866],[-72.803364,41.275947],[-72.804511,41.274821],[-72.807195,41.275928],[-72.810317,41.275616],[-72.812059,41.274542],[-72.813736,41.271809],[-72.817186,41.270583],[-72.818315,41.267808],[-72.820651,41.268215],[-72.822796,41.267218],[-72.824931,41.267581],[-72.825825,41.270009],[-72.827374,41.270484],[-72.827753,41.271955],[-72.829864,41.272154],[-72.829706,41.272654],[-72.830226,41.275236]]]}},{"type":"Feature","properties":{"GEOID":"09170141301","STATEFP":"09","COUNTYFP":"170","TRACTCE":"141301","NAMELSAD":"Census Tract 1413.01","NAMELSADCO":"South Central Connecticut Planning Region","STATE_NAME":"Connecticut"},"geometry":{"type":"Polygon","coordinates":[[[-72.972909,41.347396],[-72.967832,41.347906],[-72.967669,41.347284],[-72.96684,41.345435],[-72.96446,41.343788],[-72.964187,41.346419],[-72.96206,41.346297],[-72.961255,41.349007],[-72.958643,41.349079],[-72.957745,41.35039],[-72.95533,41.35024],[-72.954669,41.350162],[-72.952808,41.349078],[-72.953532,41.347284],[-72.951482,41.347107],[-72.951358,41.343947],[-72.95518,41.342346],[-72.956991,41.339847],[-72.952753,41.337234],[-72.946848,41.336597],[-72.943109,41.336266],[-72.940553,41.335846],[-72.939233,41.33529],[-72.939702,41.332035],[-72.941013,41.329859],[-72.942364,41.32899],[-72.945358,41.330944],[-72.948257,41.330986],[-72.949712,41.331483],[-72.951723,41.328429],[-72.948518,41.327269],[-72.95084,41.32394],[-72.951518,41.323497],[-72.953436,41.322173],[-72.955987,41.324353],[-72.957476,41.325242],[-72.958992,41.326089],[-72.960034,41.326236],[-72.964859,41.326858],[-72.965252,41.326876],[-72.965246,41.328853],[-72.964356,41.329973],[-72.964212,41.330434],[-72.966405,41.330688],[-72.965843,41.331355],[-72.968287,41.33772],[-72.971025,41.340954],[-72.970186,41.342897],[-72.972909,41.347396]]]}},{"type":"Feature","properties":{"GEOID":"09190205100","STATEFP":"09","COUNTYFP":"190","TRACTCE":"205100","NAMELSAD":"Census Tract 2051","NAMELSADCO":"Western Connecticut Planning Region","STATE_NAME":"Connecticut"},"geometry":{"type":"Polygon","coordinates":[[[-73.444409,41.477561],[-73.443416,41.478529],[-73.44262,41.48545],[-73.442095,41.485573],[-73.437027,41.483613],[-73.438574,41.486289],[-73.441466,41.491294],[-73.439497,41.492529],[-73.435354,41.49514],[-73.430888,41.497919],[-73.425465,41.499294],[-73.417723,41.501987],[-73.414559,41.503496],[-73.414898,41.501905],[-73.415959,41.501251],[-73.414721,41.499638],[-73.412352,41.494898],[-73.413228,41.493335],[-73.411424,41.492864],[-73.410469,41.491267],[-73.4105,41.489255],[-73.409124,41.486279],[-73.409317,41.484585],[-73.408462,41.482406],[-73.407416,41.481207],[-73.407373,41.477734],[-73.405768,41.476311],[-73.404783,41.471407],[-73.403354,41.471571],[-73.403917,41.469466],[-73.403223,41.467753],[-73.409995,41.466451],[-73.417158,41.466316],[-73.417998,41.467215],[-73.419209,41.465356],[-73.422023,41.464799],[-73.420659,41.459035],[-73.419236,41.455771],[-73.420857,41.455681],[-73.423783,41.454862],[-73.424855,41.459554],[-73.426942,41.463834],[-73.429716,41.469735],[-73.431533,41.469014],[-73.433379,41.472111],[-73.434934,41.471898],[-73.438291,41.47406],[-73.437805,41.472749],[-73.43543,41.470864],[-73.434846,41.467938],[-73.43562,41.466233],[-73.437065,41.465397],[-73.439284,41.468048],[-73.44016,41.469825],[-73.442145,41.470591],[-73.443335,41.472593],[-73.44425,41.476758],[-73.444409,41.477561]]]}},{"type":"Feature","properties":{"GEOID":"09190022300","STATEFP":"09","COUNTYFP":"190","TRACTCE":"022300","NAMELSAD":"Census Tract 223","NAMELSADCO":"Western Connecticut Planning Region","STATE_NAME":"Connecticut"},"geometry":{"type":"Polygon","coordinates":[[[-73.564444,41.044916],[-73.561597,41.044798],[-73.558415,41.044436],[-73.555228,41.044165],[-73.553633,41.044262],[-73.551284,41.044698],[-73.545029,41.046638],[-73.545137,41.045721],[-73.544851,41.044081],[-73.544915,41.042808],[-73.544889,41.041339],[-73.544457,41.039565],[-73.542853,41.033996],[-73.539295,41.030465],[-73.5388063444217,41.0297011643238],[-73.5399030967674,41.0289995289219],[-73.544845,41.025838],[-73.547436,41.022881],[-73.551494,41.024336],[-73.552870490795,41.0233452383279],[-73.555149,41.02515],[-73.555689,41.028431],[-73.560087,41.035095],[-73.563154,41.040232],[-73.564444,41.044916]]]}},{"type":"Feature","properties":{"GEOID":"09190030100","STATEFP":"09","COUNTYFP":"190","TRACTCE":"030100","NAMELSAD":"Census Tract 301","NAMELSADCO":"Western Connecticut Planning Region","STATE_NAME":"Connecticut"},"geometry":{"type":"Polygon","coordinates":[[[-73.510486,41.102134],[-73.509769,41.102954],[-73.509445,41.104808],[-73.511398,41.105648],[-73.511469,41.107229],[-73.508084,41.110022],[-73.5068,41.109527],[-73.500756,41.114414],[-73.495812,41.114141],[-73.493416,41.114472],[-73.486209,41.114198],[-73.48561,41.113916],[-73.479027,41.114607],[-73.474565,41.114696],[-73.472947,41.112866],[-73.469086,41.108288],[-73.46752,41.106846],[-73.462138,41.101133],[-73.455805,41.093389],[-73.458206,41.092439],[-73.463096,41.092146],[-73.464402,41.094761],[-73.468418,41.094168],[-73.475561,41.093847],[-73.476931,41.093325],[-73.473743,41.089461],[-73.472623,41.084989],[-73.475948,41.083403],[-73.478893,41.084316],[-73.485493,41.082213],[-73.485542,41.082162],[-73.486351,41.081226],[-73.48698,41.080067],[-73.488007,41.082277],[-73.49124,41.081733],[-73.498015,41.082153],[-73.496777,41.085679],[-73.497676,41.087816],[-73.500221,41.087417],[-73.501089,41.08882],[-73.50142,41.091191],[-73.501475,41.093732],[-73.506429,41.094313],[-73.508412,41.095078],[-73.514432,41.09528],[-73.510486,41.102134]]]}},{"type":"Feature","properties":{"GEOID":"09190010400","STATEFP":"09","COUNTYFP":"190","TRACTCE":"010400","NAMELSAD":"Census Tract 104","NAMELSADCO":"Western Connecticut Planning Region","STATE_NAME":"Connecticut"},"geometry":{"type":"Polygon","coordinates":[[[-73.6722427528981,41.0322775924543],[-73.668544,41.03616],[-73.666914,41.038638],[-73.665274,41.038598],[-73.664888,41.038548],[-73.662116,41.037632],[-73.657855,41.032997],[-73.656535,41.031302],[-73.653998,41.029824],[-73.651954,41.027545],[-73.650734,41.02269],[-73.650387,41.021898],[-73.650111,41.01743],[-73.648725,41.016701],[-73.648789,41.016666],[-73.652564,41.014461],[-73.654295,41.013272],[-73.6556623079508,41.0126660658565],[-73.6556679291872,41.0126718631641],[-73.656117,41.013135],[-73.658679,41.016706],[-73.6604129558331,41.0183522375566],[-73.662672,41.020497],[-73.6664391407287,41.0251334808969],[-73.6665544729412,41.0252754282353],[-73.6665587203838,41.025280655857],[-73.670472,41.030097],[-73.6722427528981,41.0322775924543]]]}},{"type":"Feature","properties":{"GEOID":"09130630102","STATEFP":"09","COUNTYFP":"130","TRACTCE":"630102","NAMELSAD":"Census Tract 6301.02","NAMELSADCO":"Lower Connecticut River Valley Planning Region","STATE_NAME":"Connecticut"},"geometry":{"type":"Polygon","coordinates":[[[-72.42523,41.364498],[-72.424303,41.365034],[-72.412938,41.374105],[-72.409028,41.375098],[-72.398542,41.377511],[-72.394152,41.37822],[-72.382594,41.38248],[-72.381601,41.380606],[-72.376004,41.376255],[-72.375093,41.374507],[-72.374909,41.373305],[-72.376428,41.369098],[-72.377366,41.364478],[-72.378393,41.35591],[-72.379397,41.349746],[-72.378771,41.347998],[-72.377687,41.346465],[-72.372158,41.343433],[-72.369147,41.342337],[-72.374528,41.337598],[-72.381208,41.333843],[-72.383875,41.331984],[-72.390619,41.332233],[-72.39456,41.336335],[-72.402822,41.350741],[-72.40454,41.352608],[-72.408286,41.354353],[-72.409436,41.354732],[-72.414545,41.356602],[-72.42713,41.363717],[-72.42523,41.364498]]]}},{"type":"Feature","properties":{"GEOID":"09190050302","STATEFP":"09","COUNTYFP":"190","TRACTCE":"050302","NAMELSAD":"Census Tract 503.02","NAMELSADCO":"Western Connecticut Planning Region","STATE_NAME":"Connecticut"},"geometry":{"type":"Polygon","coordinates":[[[-73.361729,41.180896],[-73.354653,41.185059],[-73.345524,41.19028],[-73.342096,41.19273],[-73.338457,41.194539],[-73.328644,41.180986],[-73.32441,41.175477],[-73.323295,41.17372],[-73.342227,41.168456],[-73.337443,41.161961],[-73.324571,41.144714],[-73.32791,41.143104],[-73.325801,41.13892],[-73.327993,41.138961],[-73.335591,41.138077],[-73.340817,41.137415],[-73.341614,41.137624],[-73.338199,41.142211],[-73.342148,41.148045],[-73.342127,41.148884],[-73.349607,41.159124],[-73.353066,41.1588],[-73.353884,41.158262],[-73.356529,41.161955],[-73.361745,41.169276],[-73.360714,41.172249],[-73.361918,41.17553],[-73.361403,41.178189],[-73.363826,41.179351],[-73.361729,41.180896]]]}},{"type":"Feature","properties":{"GEOID":"09190210101","STATEFP":"09","COUNTYFP":"190","TRACTCE":"210101","NAMELSAD":"Census Tract 2101.01","NAMELSADCO":"Western Connecticut Planning Region","STATE_NAME":"Connecticut"},"geometry":{"type":"Polygon","coordinates":[[[-73.462783,41.403448],[-73.460818,41.405249],[-73.459669,41.404579],[-73.459428,41.403609],[-73.457502,41.403919],[-73.456969,41.40254],[-73.45604,41.402697],[-73.45547,41.401514],[-73.453832,41.399593],[-73.452601,41.398629],[-73.450431,41.398212],[-73.450843,41.397928],[-73.450872,41.39649],[-73.449599,41.395123],[-73.451487,41.393707],[-73.452153,41.393259],[-73.454667,41.392429],[-73.457528,41.396007],[-73.460257,41.397388],[-73.458566,41.398464],[-73.457592,41.399242],[-73.457836,41.399463],[-73.461526,41.399283],[-73.462443,41.403084],[-73.464523,41.402389],[-73.462783,41.403448]]]}},{"type":"Feature","properties":{"GEOID":"09190022202","STATEFP":"09","COUNTYFP":"190","TRACTCE":"022202","NAMELSAD":"Census Tract 222.02","NAMELSADCO":"Western Connecticut Planning Region","STATE_NAME":"Connecticut"},"geometry":{"type":"Polygon","coordinates":[[[-73.544915,41.042808],[-73.544851,41.044081],[-73.542802,41.044129],[-73.542561,41.04207],[-73.541845,41.042616],[-73.538704,41.04193],[-73.538399,41.041836],[-73.538049,41.042509],[-73.537674,41.044358],[-73.532225,41.043923],[-73.530497,41.042247],[-73.530993,41.040881],[-73.53499,41.037351],[-73.534222,41.036901],[-73.536544,41.034405],[-73.5369334391699,41.0308993351181],[-73.5388063444217,41.0297011643238],[-73.539295,41.030465],[-73.542853,41.033996],[-73.544457,41.039565],[-73.544889,41.041339],[-73.544915,41.042808]]]}},{"type":"Feature","properties":{"GEOID":"09190020302","STATEFP":"09","COUNTYFP":"190","TRACTCE":"020302","NAMELSAD":"Census Tract 203.02","NAMELSADCO":"Western Connecticut Planning Region","STATE_NAME":"Connecticut"},"geometry":{"type":"Polygon","coordinates":[[[-73.5970698847306,41.1607102809882],[-73.5874541111645,41.1650378941317],[-73.58491,41.160629],[-73.58106,41.162754],[-73.577999,41.163283],[-73.575106,41.160626],[-73.57491,41.156977],[-73.574006,41.154608],[-73.572704,41.153781],[-73.572415,41.153738],[-73.572068,41.153504],[-73.571716,41.153009],[-73.571605,41.152927],[-73.571607,41.15258],[-73.571503,41.151958],[-73.57122,41.151526],[-73.570523,41.150595],[-73.570702,41.147927],[-73.567981,41.147602],[-73.564247,41.143795],[-73.56389,41.141071],[-73.561575,41.140147],[-73.558588,41.137868],[-73.558361,41.132003],[-73.558288,41.130537],[-73.560467,41.130246],[-73.565511,41.130604],[-73.565762,41.128754],[-73.569367,41.126575],[-73.570306,41.126578],[-73.57345,41.124604],[-73.57395,41.125537],[-73.578532,41.127461],[-73.587475,41.134285],[-73.588722,41.135005],[-73.589596,41.135847],[-73.590903,41.139145],[-73.591155,41.143053],[-73.591235,41.149619],[-73.596072,41.1556],[-73.596149,41.158771],[-73.5970698847306,41.1607102809882]]]}},{"type":"Feature","properties":{"GEOID":"09110890202","STATEFP":"09","COUNTYFP":"110","TRACTCE":"890202","NAMELSAD":"Census Tract 8902.02","NAMELSADCO":"Capitol Planning Region","STATE_NAME":"Connecticut"},"geometry":{"type":"Polygon","coordinates":[[[-72.406746,41.957164],[-72.404424,41.979069],[-72.40449,41.979801],[-72.3974333745419,42.0331107167355],[-72.3669917600491,42.0326543063241],[-72.3218210714148,42.03197706325],[-72.3212667983303,42.0319687530467],[-72.317148,42.031907],[-72.2706561367986,42.0317138138475],[-72.249523,42.031626],[-72.2412901545176,42.0315261233387],[-72.241927,42.027835],[-72.243571,42.026786],[-72.247295,42.022974],[-72.250105,42.023413],[-72.253893,42.020524],[-72.259003,42.019205],[-72.262257,42.017466],[-72.263861,42.014808],[-72.272557,42.006943],[-72.276877,41.999115],[-72.277318,41.99408],[-72.27685,41.993061],[-72.278119,41.99282],[-72.289828,41.984527],[-72.291271,41.984929],[-72.294216,41.9841],[-72.295895,41.983458],[-72.296983,41.982668],[-72.304776,41.976653],[-72.309461,41.97415],[-72.314124,41.975442],[-72.314792,41.972473],[-72.315493,41.962384],[-72.319428,41.964571],[-72.319987,41.962958],[-72.321605,41.962419],[-72.315136,41.956195],[-72.317933,41.953966],[-72.317916,41.9536],[-72.321223,41.953744],[-72.325212,41.953395],[-72.326821,41.952653],[-72.336768,41.94121],[-72.366791,41.941501],[-72.371764,41.941804],[-72.39152,41.941698],[-72.407226,41.941397],[-72.406746,41.957164]]]}},{"type":"Feature","properties":{"GEOID":"09190210402","STATEFP":"09","COUNTYFP":"190","TRACTCE":"210402","NAMELSAD":"Census Tract 2104.02","NAMELSADCO":"Western Connecticut Planning Region","STATE_NAME":"Connecticut"},"geometry":{"type":"Polygon","coordinates":[[[-73.435644,41.399487],[-73.43023,41.403913],[-73.429296,41.408055],[-73.427512,41.410738],[-73.420854,41.417253],[-73.414438,41.414174],[-73.41276,41.413798],[-73.410243,41.413807],[-73.408408,41.414235],[-73.406019,41.415442],[-73.405807,41.414773],[-73.402114,41.405598],[-73.400825,41.403449],[-73.401176,41.402854],[-73.40481,41.402417],[-73.404898,41.401031],[-73.407293,41.395742],[-73.41519,41.389204],[-73.420973,41.384668],[-73.422363,41.385853],[-73.423293,41.386229],[-73.422605,41.387603],[-73.423806,41.390222],[-73.425635,41.390973],[-73.426542,41.390881],[-73.428381,41.393349],[-73.431057,41.399085],[-73.430684,41.399449],[-73.431299,41.399286],[-73.435127,41.399454],[-73.435644,41.399487]]]}},{"type":"Feature","properties":{"GEOID":"09170142500","STATEFP":"09","COUNTYFP":"170","TRACTCE":"142500","NAMELSAD":"Census Tract 1425","NAMELSADCO":"South Central Connecticut Planning Region","STATE_NAME":"Connecticut"},"geometry":{"type":"Polygon","coordinates":[[[-72.908528,41.33085],[-72.902541,41.327195],[-72.897752,41.328098],[-72.89331,41.328897],[-72.891692,41.328471],[-72.889471,41.324999],[-72.891629,41.322419],[-72.890299,41.320984],[-72.889619,41.320507],[-72.884305,41.317915],[-72.88448,41.316912],[-72.885151,41.312207],[-72.887869,41.308973],[-72.888493,41.309228],[-72.888792,41.309343],[-72.890607,41.309414],[-72.895476,41.308985],[-72.896251,41.312156],[-72.896506,41.313161],[-72.896998,41.315144],[-72.898018,41.320055],[-72.9001,41.321727],[-72.901314,41.324178],[-72.902859,41.32511],[-72.904415,41.324949],[-72.907919,41.327043],[-72.908771,41.329119],[-72.908528,41.33085]]]}},{"type":"Feature","properties":{"GEOID":"09170184500","STATEFP":"09","COUNTYFP":"170","TRACTCE":"184500","NAMELSAD":"Census Tract 1845","NAMELSADCO":"South Central Connecticut Planning Region","STATE_NAME":"Connecticut"},"geometry":{"type":"Polygon","coordinates":[[[-72.802811,41.281975],[-72.802116,41.283421],[-72.803429,41.284222],[-72.80128,41.285711],[-72.79908,41.285023],[-72.796539,41.288593],[-72.795241,41.289885],[-72.794043,41.289523],[-72.794025,41.290827],[-72.792573,41.292555],[-72.792905,41.293237],[-72.795465,41.293529],[-72.787121,41.294514],[-72.783434,41.294002],[-72.779048,41.293441],[-72.772942,41.29415],[-72.772157,41.292766],[-72.769844,41.284925],[-72.768562,41.282364],[-72.767782,41.280706],[-72.767341,41.278896],[-72.768548,41.2774],[-72.77205,41.27725],[-72.777978,41.274959],[-72.787276,41.274258],[-72.791462,41.274322],[-72.799829,41.275041],[-72.803364,41.275947],[-72.803042,41.276866],[-72.804062,41.277978],[-72.802803,41.279652],[-72.804436,41.281796],[-72.802811,41.281975]]]}},{"type":"Feature","properties":{"GEOID":"09170165600","STATEFP":"09","COUNTYFP":"170","TRACTCE":"165600","NAMELSAD":"Census Tract 1656","NAMELSADCO":"South Central Connecticut Planning Region","STATE_NAME":"Connecticut"},"geometry":{"type":"Polygon","coordinates":[[[-72.943725,41.350681],[-72.941782,41.354034],[-72.941555,41.357003],[-72.942316,41.357],[-72.943518,41.357411],[-72.942091,41.357974],[-72.9371,41.359999],[-72.932696,41.36182],[-72.929174,41.363992],[-72.928575,41.364368],[-72.92566,41.365576],[-72.921801,41.365797],[-72.920155,41.365872],[-72.918999,41.366189],[-72.923879,41.358259],[-72.925033,41.356459],[-72.926549,41.354273],[-72.927148,41.353149],[-72.928413,41.351149],[-72.932016,41.345216],[-72.933852,41.3463],[-72.934098,41.346506],[-72.936346,41.34703],[-72.937115,41.347256],[-72.93977,41.348304],[-72.94426,41.349811],[-72.943725,41.350681]]]}},{"type":"Feature","properties":{"GEOID":"09140344100","STATEFP":"09","COUNTYFP":"140","TRACTCE":"344100","NAMELSAD":"Census Tract 3441","NAMELSADCO":"Naugatuck Valley Planning Region","STATE_NAME":"Connecticut"},"geometry":{"type":"Polygon","coordinates":[[[-73.130878,41.560917],[-73.116488,41.564288],[-73.1009,41.568361],[-73.098529,41.568976],[-73.093853,41.570196],[-73.091269,41.555744],[-73.090377,41.551475],[-73.08829,41.542862],[-73.088159,41.541199],[-73.087561,41.539116],[-73.086324,41.536177],[-73.083727,41.531487],[-73.080485,41.526407],[-73.077884,41.523527],[-73.072266,41.5183],[-73.070114,41.514301],[-73.077256,41.51407],[-73.079858,41.514091],[-73.093843,41.513907],[-73.094685,41.513805],[-73.094747,41.511511],[-73.096049,41.508049],[-73.095314,41.501569],[-73.097384,41.500665],[-73.099592,41.498036],[-73.101868,41.496955],[-73.102718,41.498419],[-73.104667,41.499698],[-73.107808,41.5007],[-73.110487,41.503099],[-73.111404,41.504607],[-73.110885,41.507523],[-73.114958,41.508541],[-73.121013,41.51108],[-73.12207,41.513678],[-73.12369,41.51998],[-73.124482,41.525805],[-73.124029,41.527289],[-73.12928,41.527772],[-73.123708,41.53369],[-73.121882,41.53674],[-73.119222,41.538064],[-73.117086,41.542464],[-73.117941,41.542585],[-73.121163,41.543613],[-73.12068,41.544719],[-73.123952,41.547348],[-73.125777,41.547407],[-73.126978,41.550925],[-73.128218,41.551414],[-73.129586,41.554195],[-73.128602,41.556402],[-73.130878,41.560917]]]}},{"type":"Feature","properties":{"GEOID":"09130660104","STATEFP":"09","COUNTYFP":"130","TRACTCE":"660104","NAMELSAD":"Census Tract 6601.04","NAMELSADCO":"Lower Connecticut River Valley Planning Region","STATE_NAME":"Connecticut"},"geometry":{"type":"Polygon","coordinates":[[[-72.3292852900993,41.2796557346694],[-72.325301,41.279754],[-72.323743,41.280224],[-72.321891,41.282864],[-72.315131,41.288238],[-72.312042,41.289852],[-72.30952,41.293023],[-72.308469,41.295662],[-72.308741,41.297475],[-72.311037,41.298601],[-72.311272,41.300355],[-72.309767,41.302031],[-72.309917,41.303397],[-72.308629,41.303399],[-72.307526,41.304697],[-72.304583,41.304856],[-72.299778,41.307042],[-72.297672,41.306822],[-72.294116,41.307313],[-72.29299,41.306495],[-72.291824,41.304167],[-72.289417,41.302331],[-72.286478,41.297661],[-72.285688,41.297151],[-72.281598,41.296177],[-72.278234,41.297436],[-72.276104,41.298965],[-72.271818,41.300237],[-72.270049,41.300258],[-72.268832,41.298458],[-72.267133,41.293622],[-72.261474,41.295681],[-72.257735,41.291093],[-72.254278,41.29106],[-72.252801,41.291614],[-72.251259356024,41.2903427096669],[-72.251323,41.289997],[-72.261487,41.282926],[-72.268805,41.28443],[-72.27798,41.284062],[-72.2801917116802,41.2829879661633],[-72.284687,41.280805],[-72.298804,41.27892],[-72.31776,41.277782],[-72.327595,41.27846],[-72.3292852900993,41.2796557346694]]]}},{"type":"Feature","properties":{"GEOID":"09150907300","STATEFP":"09","COUNTYFP":"150","TRACTCE":"907300","NAMELSAD":"Census Tract 9073","NAMELSADCO":"Northeastern Connecticut Planning Region","STATE_NAME":"Connecticut"},"geometry":{"type":"Polygon","coordinates":[[[-71.956143,41.682691],[-71.954635,41.686161],[-71.954489,41.688843],[-71.955701,41.691447],[-71.954894,41.691993],[-71.950546,41.688898],[-71.941493,41.686482],[-71.935467,41.686443],[-71.930506,41.687855],[-71.916303,41.686718],[-71.908068,41.68457],[-71.907864,41.684507],[-71.899553,41.681875],[-71.889076,41.680407],[-71.886308,41.678861],[-71.880623,41.677904],[-71.873549,41.680167],[-71.866005,41.681682],[-71.861667,41.681972],[-71.858619,41.684733],[-71.857586,41.686388],[-71.856097,41.687461],[-71.850814,41.688759],[-71.855705,41.657192],[-71.855986,41.656158],[-71.857917,41.644227],[-71.874516,41.642129],[-71.884279,41.641219],[-71.884422,41.641204],[-71.909061,41.638666],[-71.936549,41.635883],[-71.951936,41.634328],[-71.954983,41.634799],[-71.949762,41.667003],[-71.948423,41.674769],[-71.953508,41.675284],[-71.953307,41.677061],[-71.955653,41.679772],[-71.956143,41.682691]]]}},{"type":"Feature","properties":{"GEOID":"09110524501","STATEFP":"09","COUNTYFP":"110","TRACTCE":"524501","NAMELSAD":"Census Tract 5245.01","NAMELSADCO":"Capitol Planning Region","STATE_NAME":"Connecticut"},"geometry":{"type":"Polygon","coordinates":[[[-72.716151,41.765624],[-72.711028,41.766226],[-72.709967,41.762917],[-72.709663,41.761426],[-72.709451,41.760399],[-72.709031,41.756729],[-72.710762,41.75646],[-72.713015,41.756186],[-72.714782,41.756428],[-72.714968,41.757502],[-72.715352,41.760159],[-72.715384,41.760492],[-72.715685,41.762513],[-72.716151,41.765624]]]}},{"type":"Feature","properties":{"GEOID":"09190253400","STATEFP":"09","COUNTYFP":"190","TRACTCE":"253400","NAMELSAD":"Census Tract 2534","NAMELSADCO":"Western Connecticut Planning Region","STATE_NAME":"Connecticut"},"geometry":{"type":"Polygon","coordinates":[[[-73.496762,41.638514],[-73.49598,41.640395],[-73.496289,41.642498],[-73.49411,41.644487],[-73.490029,41.646414],[-73.488074,41.645648],[-73.486728,41.647053],[-73.484686,41.64743],[-73.483893,41.647167],[-73.477963,41.641261],[-73.477603,41.63919],[-73.473054,41.632995],[-73.469446,41.631169],[-73.463861,41.626906],[-73.463113,41.624063],[-73.461207,41.619832],[-73.460116,41.618606],[-73.457446,41.617093],[-73.455917,41.616802],[-73.451791,41.614774],[-73.449354,41.612971],[-73.449032,41.611778],[-73.449791,41.610194],[-73.45116,41.608478],[-73.454922,41.607353],[-73.457307,41.604351],[-73.458236,41.602486],[-73.457785,41.600823],[-73.454607,41.597619],[-73.453823,41.595947],[-73.451196,41.594466],[-73.449792,41.593168],[-73.448512,41.591515],[-73.441704,41.586229],[-73.439912,41.583829],[-73.439068,41.583444],[-73.434517,41.583251],[-73.430049,41.583229],[-73.430418,41.581758],[-73.432156,41.579918],[-73.432696,41.57845],[-73.439997,41.567799],[-73.440131,41.56727],[-73.439506,41.563632],[-73.437788,41.560179],[-73.437151,41.556528],[-73.437753,41.554107],[-73.437364,41.550969],[-73.436847,41.550473],[-73.436564,41.546873],[-73.437254,41.544281],[-73.435574,41.540432],[-73.435568,41.538667],[-73.4363,41.536819],[-73.434956,41.534155],[-73.433795,41.534467],[-73.431779,41.533754],[-73.430621,41.534264],[-73.427093,41.534423],[-73.425075,41.533723],[-73.42351,41.534279],[-73.423131,41.535314],[-73.415527,41.538801],[-73.416132,41.540303],[-73.410844,41.541829],[-73.407304,41.544555],[-73.404753,41.5405],[-73.403545,41.540576],[-73.404738,41.53702],[-73.404638,41.534346],[-73.40452,41.531214],[-73.402599,41.525106],[-73.39978,41.5201],[-73.397412,41.518274],[-73.393921,41.516873],[-73.386964,41.514794],[-73.402671,41.508998],[-73.414559,41.503496],[-73.417723,41.501987],[-73.425465,41.499294],[-73.430888,41.497919],[-73.435354,41.49514],[-73.439497,41.492529],[-73.441466,41.491294],[-73.44226,41.49561],[-73.442879,41.498978],[-73.444066,41.501794],[-73.443616,41.503681],[-73.445266,41.509494],[-73.442766,41.514094],[-73.445086,41.522574],[-73.44593,41.525254],[-73.450368,41.534678],[-73.454017,41.542687],[-73.455163,41.547195],[-73.467272,41.573588],[-73.495016,41.631785],[-73.49781,41.638145],[-73.496762,41.638514]]]}},{"type":"Feature","properties":{"GEOID":"09160310801","STATEFP":"09","COUNTYFP":"160","TRACTCE":"310801","NAMELSAD":"Census Tract 3108.01","NAMELSADCO":"Northwest Hills Planning Region","STATE_NAME":"Connecticut"},"geometry":{"type":"Polygon","coordinates":[[[-73.148086,41.785827],[-73.145072,41.7864],[-73.140568,41.785534],[-73.13512,41.789233],[-73.129542,41.7895],[-73.125598,41.790935],[-73.124368,41.79498],[-73.12063,41.79564],[-73.114832,41.795637],[-73.111341,41.796175],[-73.108198,41.791361],[-73.107828,41.790454],[-73.110284,41.78791],[-73.112093,41.784943],[-73.11247,41.782222],[-73.117155,41.781366],[-73.118297,41.777278],[-73.119771,41.775642],[-73.122119,41.776592],[-73.124554,41.776835],[-73.154138,41.783705],[-73.148086,41.785827]]]}},{"type":"Feature","properties":{"GEOID":"09140345201","STATEFP":"09","COUNTYFP":"140","TRACTCE":"345201","NAMELSAD":"Census Tract 3452.01","NAMELSADCO":"Naugatuck Valley Planning Region","STATE_NAME":"Connecticut"},"geometry":{"type":"Polygon","coordinates":[[[-73.053919,41.486193],[-73.05241,41.489848],[-73.051437,41.493168],[-73.052032,41.494336],[-73.051085,41.494875],[-73.049117,41.493861],[-73.049022,41.495508],[-73.04713,41.498406],[-73.0441,41.499752],[-73.043122,41.499256],[-73.040754,41.49871],[-73.039354,41.498104],[-73.03248,41.492986],[-73.032598,41.49238],[-73.030153,41.491614],[-73.026752,41.491578],[-73.016957,41.497032],[-73.015464,41.497421],[-73.013969,41.495994],[-73.014226,41.493055],[-73.015316,41.489582],[-73.014988,41.487758],[-73.015843,41.485717],[-73.01596,41.485264],[-73.015949,41.481945],[-73.019844,41.476081],[-73.021175,41.472891],[-73.024919,41.468579],[-73.027869,41.469083],[-73.027175,41.467953],[-73.029136,41.466973],[-73.030471,41.465907],[-73.032349,41.46533],[-73.034259,41.466401],[-73.037208,41.466144],[-73.039188,41.466387],[-73.041437,41.468875],[-73.043303,41.468162],[-73.04792,41.468715],[-73.050138,41.468286],[-73.052117,41.46896],[-73.050015,41.475723],[-73.049605,41.479868],[-73.04996,41.481958],[-73.053567,41.484625],[-73.053919,41.486193]]]}},{"type":"Feature","properties":{"GEOID":"09170175600","STATEFP":"09","COUNTYFP":"170","TRACTCE":"175600","NAMELSAD":"Census Tract 1756","NAMELSADCO":"South Central Connecticut Planning Region","STATE_NAME":"Connecticut"},"geometry":{"type":"Polygon","coordinates":[[[-72.864812,41.47816],[-72.857451,41.488037],[-72.852701,41.494347],[-72.850679,41.493891],[-72.845768,41.493489],[-72.841294,41.493926],[-72.831604,41.492628],[-72.828768,41.492481],[-72.828037,41.492443],[-72.826928,41.49236],[-72.816991,41.490996],[-72.817135,41.489952],[-72.823417,41.483719],[-72.824936,41.481406],[-72.82596,41.478525],[-72.825825,41.47541],[-72.828514,41.475411],[-72.830124,41.475065],[-72.830006,41.475343],[-72.83107,41.476043],[-72.837963,41.476569],[-72.843251,41.474362],[-72.845333,41.472371],[-72.847743,41.471355],[-72.849343,41.469549],[-72.852212,41.468126],[-72.856331,41.469352],[-72.855606,41.47345],[-72.859726,41.474739],[-72.863235,41.476425],[-72.864812,41.47816]]]}},{"type":"Feature","properties":{"GEOID":"09140351500","STATEFP":"09","COUNTYFP":"140","TRACTCE":"351500","NAMELSAD":"Census Tract 3515","NAMELSADCO":"Naugatuck Valley Planning Region","STATE_NAME":"Connecticut"},"geometry":{"type":"Polygon","coordinates":[[[-73.040947,41.522644],[-73.040668,41.523462],[-73.040788,41.526179],[-73.04029,41.527458],[-73.039384,41.529793],[-73.038502,41.531822],[-73.037192,41.533181],[-73.03664,41.534255],[-73.035812,41.537991],[-73.036262,41.539181],[-73.035647,41.539109],[-73.033508,41.538775],[-73.02877,41.537569],[-73.027507,41.538053],[-73.026864,41.537438],[-73.024132,41.535498],[-73.02259,41.534422],[-73.021675,41.531759],[-73.021652,41.530684],[-73.022171,41.529676],[-73.025298,41.528426],[-73.026605,41.528437],[-73.02777,41.526473],[-73.027464,41.524479],[-73.027925,41.517923],[-73.039504,41.516586],[-73.047552,41.515204],[-73.040947,41.522644]]]}},{"type":"Feature","properties":{"GEOID":"09140110601","STATEFP":"09","COUNTYFP":"140","TRACTCE":"110601","NAMELSAD":"Census Tract 1106.01","NAMELSADCO":"Naugatuck Valley Planning Region","STATE_NAME":"Connecticut"},"geometry":{"type":"Polygon","coordinates":[[[-73.176814,41.337587],[-73.170657,41.357934],[-73.17058,41.357898],[-73.167037,41.357325],[-73.161168,41.355814],[-73.15604,41.352979],[-73.15456,41.351581],[-73.151271,41.346423],[-73.147941,41.344189],[-73.147548,41.340798],[-73.146796,41.339092],[-73.144402,41.337831],[-73.139951,41.334644],[-73.139278,41.332379],[-73.138883,41.331238],[-73.138136,41.330286],[-73.134376,41.330616],[-73.130617,41.330594],[-73.129938,41.329584],[-73.125043,41.326762],[-73.117601,41.322016],[-73.114501,41.318953],[-73.113012,41.317802],[-73.114726,41.317005],[-73.119398,41.311767],[-73.120261,41.311063],[-73.124348,41.308568],[-73.126854,41.306843],[-73.12855,41.307026],[-73.131734,41.311496],[-73.132778,41.315741],[-73.134521,41.317617],[-73.137224,41.317278],[-73.138675,41.316671],[-73.14102,41.316924],[-73.141223,41.318635],[-73.145294,41.320719],[-73.149343,41.31858],[-73.149944,41.318365],[-73.152112,41.318068],[-73.153988,41.318502],[-73.157188,41.319253],[-73.163353,41.319424],[-73.165695,41.321035],[-73.171172,41.322901],[-73.171599,41.325473],[-73.170439,41.328381],[-73.168456,41.330648],[-73.168444,41.331826],[-73.173976,41.334654],[-73.175225,41.335633],[-73.176814,41.337587]]]}},{"type":"Feature","properties":{"GEOID":"09190211201","STATEFP":"09","COUNTYFP":"190","TRACTCE":"211201","NAMELSAD":"Census Tract 2112.01","NAMELSADCO":"Western Connecticut Planning Region","STATE_NAME":"Connecticut"},"geometry":{"type":"Polygon","coordinates":[[[-73.459674,41.419304],[-73.458,41.419544],[-73.455043,41.421329],[-73.452932,41.422952],[-73.452268,41.423697],[-73.44993,41.42446],[-73.448055,41.427833],[-73.445585,41.426478],[-73.44407,41.426112],[-73.440608,41.427888],[-73.439655,41.426496],[-73.440577,41.423498],[-73.439536,41.420052],[-73.435541,41.417873],[-73.43738,41.414738],[-73.45069,41.411799],[-73.451218,41.411631],[-73.453523,41.410701],[-73.455394,41.409721],[-73.455331,41.409931],[-73.455267,41.410445],[-73.456029,41.411841],[-73.456458,41.412057],[-73.457275,41.412527],[-73.460951,41.41574],[-73.459674,41.419304]]]}},{"type":"Feature","properties":{"GEOID":"09170142200","STATEFP":"09","COUNTYFP":"170","TRACTCE":"142200","NAMELSAD":"Census Tract 1422","NAMELSADCO":"South Central Connecticut Planning Region","STATE_NAME":"Connecticut"},"geometry":{"type":"Polygon","coordinates":[[[-72.920269,41.30391],[-72.919205,41.307368],[-72.914588,41.308148],[-72.914292,41.308196],[-72.909798,41.308885],[-72.907749,41.308787],[-72.908134,41.306046],[-72.905656,41.303555],[-72.904523,41.299185],[-72.907966,41.301665],[-72.909613,41.302041],[-72.911902,41.301939],[-72.914937,41.300822],[-72.916406,41.29963],[-72.918325,41.300836],[-72.920755,41.301284],[-72.920269,41.30391]]]}},{"type":"Feature","properties":{"GEOID":"09170186200","STATEFP":"09","COUNTYFP":"170","TRACTCE":"186200","NAMELSAD":"Census Tract 1862","NAMELSADCO":"South Central Connecticut Planning Region","STATE_NAME":"Connecticut"},"geometry":{"type":"Polygon","coordinates":[[[-72.817069,41.359727],[-72.817003,41.363877],[-72.817453,41.377526],[-72.817722,41.399449],[-72.802753,41.403921],[-72.798628,41.405129],[-72.79253,41.407478],[-72.782417,41.410905],[-72.779389,41.412193],[-72.776493,41.413367],[-72.77372,41.414284],[-72.746141,41.423297],[-72.73801,41.424669],[-72.72064,41.427397],[-72.721455,41.423717],[-72.722159,41.422923],[-72.723374,41.419144],[-72.728198,41.417637],[-72.731306,41.414188],[-72.732817,41.412002],[-72.740804,41.404338],[-72.742744,41.403004],[-72.74464,41.399628],[-72.745971,41.396901],[-72.749297,41.39809],[-72.746824,41.382556],[-72.745915,41.372234],[-72.747242,41.370784],[-72.747292,41.368839],[-72.748799,41.36818],[-72.74949,41.36627],[-72.751489,41.365508],[-72.754196,41.362102],[-72.756848,41.361213],[-72.758227,41.358668],[-72.759401,41.357745],[-72.762163,41.357331],[-72.764813,41.357711],[-72.76612,41.355021],[-72.766086,41.351444],[-72.76549,41.349028],[-72.765495,41.344088],[-72.766573,41.342852],[-72.764725,41.341542],[-72.768843,41.338258],[-72.772714,41.336656],[-72.77443,41.334648],[-72.7737,41.330708],[-72.770785,41.329694],[-72.769392,41.327807],[-72.770449,41.326376],[-72.7723,41.325582],[-72.774268,41.325375],[-72.779439,41.326711],[-72.7883,41.330289],[-72.790675,41.330682],[-72.791098,41.330804],[-72.794023,41.332492],[-72.794077,41.334544],[-72.797953,41.336905],[-72.798955,41.339004],[-72.809817,41.339597],[-72.816462,41.338995],[-72.816613,41.339613],[-72.817752,41.339982],[-72.817069,41.359727]]]}},{"type":"Feature","properties":{"GEOID":"09140347100","STATEFP":"09","COUNTYFP":"140","TRACTCE":"347100","NAMELSAD":"Census Tract 3471","NAMELSADCO":"Naugatuck Valley Planning Region","STATE_NAME":"Connecticut"},"geometry":{"type":"Polygon","coordinates":[[[-72.999551,41.525927],[-72.979835,41.53317],[-72.977629,41.533817],[-72.969365,41.530234],[-72.967249,41.529238],[-72.959271,41.526365],[-72.95322,41.523932],[-72.948962,41.522682],[-72.948362,41.522135],[-72.940649,41.514171],[-72.938613,41.511464],[-72.937606,41.510327],[-72.935057,41.507562],[-72.934647,41.501246],[-72.937621,41.497135],[-72.941241,41.495178],[-72.941907,41.490982],[-72.943648,41.488455],[-72.943735,41.483272],[-72.944357,41.479426],[-72.94725,41.478222],[-72.9491,41.472907],[-72.949956,41.471754],[-72.950068,41.469119],[-72.952392,41.464589],[-72.966192,41.46625],[-72.971301,41.483589],[-72.974692,41.491514],[-72.976653,41.497528],[-72.979036,41.500853],[-72.979063,41.502661],[-72.979066,41.50382],[-72.981042,41.507575],[-72.984688,41.513369],[-72.991898,41.52016],[-72.996282,41.524755],[-72.999551,41.525927]]]}},{"type":"Feature","properties":{"GEOID":"09170161100","STATEFP":"09","COUNTYFP":"170","TRACTCE":"161100","NAMELSAD":"Census Tract 1611","NAMELSADCO":"South Central Connecticut Planning Region","STATE_NAME":"Connecticut"},"geometry":{"type":"Polygon","coordinates":[[[-73.046409,41.401691],[-73.041651,41.420896],[-73.029459,41.419492],[-73.02522,41.434567],[-73.024956,41.438292],[-73.02497,41.451232],[-73.025751,41.459596],[-73.004229,41.462557],[-73.003347,41.462718],[-73.001954,41.466748],[-73.000856,41.469923],[-73.0013,41.471062],[-72.989758,41.468871],[-72.985445,41.469043],[-72.966192,41.46625],[-72.952392,41.464589],[-72.949746,41.464395],[-72.948048,41.464097],[-72.947448,41.460097],[-72.949048,41.455797],[-72.952548,41.452897],[-72.957148,41.450097],[-72.958139,41.448837],[-72.957824,41.446603],[-72.95792,41.445198],[-72.963238,41.439405],[-72.963487,41.437542],[-72.96158,41.432434],[-72.955248,41.428925],[-72.950713,41.427813],[-72.95256,41.419374],[-72.949732,41.417517],[-72.940152,41.411224],[-72.93893,41.408584],[-72.942564,41.407128],[-72.944732,41.40623],[-72.95352,41.399743],[-72.95291,41.396946],[-72.954873,41.394475],[-72.965604,41.393608],[-72.97245,41.392783],[-73.00056,41.390504],[-73.010559,41.389796],[-73.029978,41.388532],[-73.031388,41.389345],[-73.034255,41.391788],[-73.037944,41.391915],[-73.039146,41.393535],[-73.042958,41.395567],[-73.043935,41.394925],[-73.047543,41.395834],[-73.046409,41.401691]]]}},{"type":"Feature","properties":{"GEOID":"09170190200","STATEFP":"09","COUNTYFP":"170","TRACTCE":"190200","NAMELSAD":"Census Tract 1902","NAMELSADCO":"South Central Connecticut Planning Region","STATE_NAME":"Connecticut"},"geometry":{"type":"Polygon","coordinates":[[[-72.741992,41.297065],[-72.713337,41.297442],[-72.70399,41.296726],[-72.690636,41.295636],[-72.690468,41.292416],[-72.690642,41.291433],[-72.691277,41.290603],[-72.691327,41.290276],[-72.691233,41.29008],[-72.691277,41.289721],[-72.691327,41.28947],[-72.690999,41.289211],[-72.690485,41.288226],[-72.687661,41.283353],[-72.689728,41.283517],[-72.691514,41.282298],[-72.687868,41.279119],[-72.689189,41.278921],[-72.686442,41.275334],[-72.686244,41.273688],[-72.684822,41.274126],[-72.684195,41.273679],[-72.68048,41.270139],[-72.6748184875006,41.2660935957322],[-72.67964,41.261501],[-72.677052,41.258266],[-72.677477,41.254767],[-72.684114,41.258394],[-72.685071,41.258028],[-72.6852493225171,41.2554632802079],[-72.685539,41.251297],[-72.6902367263958,41.246886889506],[-72.690439,41.246697],[-72.6934409177529,41.2454927463509],[-72.694744,41.24497],[-72.699081,41.247087],[-72.706139,41.243851],[-72.708973,41.244586],[-72.709224,41.247172],[-72.712397,41.247078],[-72.713242,41.248802],[-72.702618,41.255916],[-72.705788,41.259908],[-72.717256,41.255859],[-72.718567,41.256147],[-72.718863,41.256881],[-72.715387,41.25896],[-72.714789,41.261363],[-72.717385,41.262911],[-72.722674,41.259259],[-72.725688,41.259783],[-72.726955,41.258305],[-72.729276,41.258305],[-72.732442,41.255122],[-72.737041,41.257343],[-72.735307,41.261028],[-72.7367380560945,41.2613949602796],[-72.734956,41.262632],[-72.732178,41.262632],[-72.73225,41.26557],[-72.728049,41.267995],[-72.72847,41.269133],[-72.735822,41.284068],[-72.738134,41.286286],[-72.741992,41.297065]]]}},{"type":"Feature","properties":{"GEOID":"09170166002","STATEFP":"09","COUNTYFP":"170","TRACTCE":"166002","NAMELSAD":"Census Tract 1660.02","NAMELSADCO":"South Central Connecticut Planning Region","STATE_NAME":"Connecticut"},"geometry":{"type":"Polygon","coordinates":[[[-72.916619,41.459558],[-72.908387,41.456253],[-72.902143,41.45398],[-72.900098,41.452988],[-72.887675,41.44826],[-72.886667,41.447957],[-72.87061,41.441751],[-72.85546,41.435825],[-72.85136,41.434382],[-72.85436,41.430843],[-72.85831,41.42953],[-72.861782,41.425927],[-72.864094,41.426574],[-72.874213,41.426306],[-72.877345,41.424481],[-72.881776,41.423133],[-72.883152,41.423309],[-72.884568,41.411406],[-72.88637,41.411295],[-72.885813,41.405038],[-72.886374,41.40043],[-72.887524,41.39683],[-72.887411,41.393355],[-72.890814,41.393367],[-72.892842,41.389473],[-72.893495,41.386144],[-72.895382,41.383836],[-72.896496,41.382879],[-72.899073,41.383142],[-72.897843,41.388144],[-72.897344,41.392747],[-72.904424,41.39391],[-72.902878,41.402275],[-72.901778,41.408221],[-72.907392,41.408842],[-72.907932,41.408987],[-72.908513,41.409348],[-72.906749,41.411735],[-72.904357,41.413464],[-72.903574,41.415558],[-72.905247,41.420733],[-72.905046,41.421418],[-72.906565,41.424426],[-72.90884,41.4261],[-72.909546,41.42821],[-72.908167,41.431981],[-72.90925,41.43425],[-72.909376,41.436736],[-72.910926,41.4386],[-72.912752,41.4411],[-72.913445,41.443993],[-72.915745,41.449796],[-72.915448,41.4519],[-72.916347,41.4558],[-72.917991,41.459863],[-72.916619,41.459558]]]}},{"type":"Feature","properties":{"GEOID":"09140352200","STATEFP":"09","COUNTYFP":"140","TRACTCE":"352200","NAMELSAD":"Census Tract 3522","NAMELSADCO":"Naugatuck Valley Planning Region","STATE_NAME":"Connecticut"},"geometry":{"type":"Polygon","coordinates":[[[-73.077593,41.587499],[-73.064209,41.588491],[-73.058389,41.588625],[-73.056482,41.585835],[-73.054477,41.584016],[-73.053065,41.58206],[-73.053071,41.58161],[-73.054263,41.578643],[-73.058337,41.576342],[-73.06224,41.576662],[-73.064381,41.576095],[-73.066587,41.574197],[-73.067544,41.574509],[-73.069532,41.575525],[-73.070782,41.577796],[-73.071925,41.581479],[-73.072711,41.582518],[-73.072916,41.58273],[-73.078203,41.586145],[-73.077593,41.587499]]]}},{"type":"Feature","properties":{"GEOID":"09170154800","STATEFP":"09","COUNTYFP":"170","TRACTCE":"154800","NAMELSAD":"Census Tract 1548","NAMELSADCO":"South Central Connecticut Planning Region","STATE_NAME":"Connecticut"},"geometry":{"type":"Polygon","coordinates":[[[-72.979909,41.245944],[-72.974214,41.252139],[-72.973904,41.252486],[-72.969943,41.256593],[-72.968947,41.257582],[-72.966125,41.259658],[-72.964313,41.260454],[-72.963772,41.260859],[-72.963976,41.259982],[-72.961373,41.256849],[-72.96213,41.253038],[-72.961545,41.252546],[-72.959922,41.253412],[-72.9600273351967,41.2521452848861],[-72.962062,41.251938],[-72.963482,41.247999],[-72.9682143849687,41.2444411966484],[-72.968901,41.243925],[-72.9692621506414,41.2431474557892],[-72.9704236943858,41.2406466943051],[-72.9709799299225,41.2394491394019],[-72.973114,41.239914],[-72.976196,41.241594],[-72.981545,41.243858],[-72.979909,41.245944]]]}},{"type":"Feature","properties":{"GEOID":"09110515000","STATEFP":"09","COUNTYFP":"110","TRACTCE":"515000","NAMELSAD":"Census Tract 5150","NAMELSADCO":"Capitol Planning Region","STATE_NAME":"Connecticut"},"geometry":{"type":"Polygon","coordinates":[[[-72.506704,41.778548],[-72.505997,41.778965],[-72.503853,41.780002],[-72.50179,41.781541],[-72.501533,41.78191],[-72.500274,41.784161],[-72.499524,41.784736],[-72.498682,41.784929],[-72.497722,41.784969],[-72.497373,41.784999],[-72.493082,41.785395],[-72.482802,41.786318],[-72.471062,41.784371],[-72.470335,41.779834],[-72.468724,41.770475],[-72.47189,41.77],[-72.475985,41.767973],[-72.478335,41.767675],[-72.482236,41.768258],[-72.49018,41.76602],[-72.492761,41.765027],[-72.496081,41.764939],[-72.496784,41.764916],[-72.500541,41.764796],[-72.502178,41.764722],[-72.504453,41.764624],[-72.504515,41.764825],[-72.505185,41.766459],[-72.50554,41.770757],[-72.504895,41.773335],[-72.505142,41.776361],[-72.5061,41.776778],[-72.506704,41.778548]]]}},{"type":"Feature","properties":{"GEOID":"09110430201","STATEFP":"09","COUNTYFP":"110","TRACTCE":"430201","NAMELSAD":"Census Tract 4302.01","NAMELSADCO":"Capitol Planning Region","STATE_NAME":"Connecticut"},"geometry":{"type":"Polygon","coordinates":[[[-72.874029,41.644246],[-72.871881,41.648111],[-72.870588,41.650695],[-72.866206,41.651094],[-72.855054,41.652457],[-72.846766,41.653409],[-72.846688,41.650404],[-72.848304,41.650027],[-72.847083,41.637561],[-72.84637,41.634775],[-72.847524,41.63448],[-72.860169,41.633033],[-72.860226,41.631198],[-72.859836,41.629097],[-72.85927,41.625097],[-72.859512,41.620239],[-72.860347,41.618808],[-72.863301,41.618622],[-72.864393,41.618329],[-72.869378,41.616676],[-72.873855,41.617485],[-72.873219,41.621764],[-72.8731,41.622939],[-72.873578,41.627412],[-72.873624,41.631806],[-72.874029,41.644246]]]}},{"type":"Feature","properties":{"GEOID":"09110430302","STATEFP":"09","COUNTYFP":"110","TRACTCE":"430302","NAMELSAD":"Census Tract 4303.02","NAMELSADCO":"Capitol Planning Region","STATE_NAME":"Connecticut"},"geometry":{"type":"Polygon","coordinates":[[[-72.888918,41.57105],[-72.886696,41.574693],[-72.883031,41.580777],[-72.881578,41.587374],[-72.879744,41.586801],[-72.87228,41.587601],[-72.869389,41.584985],[-72.869311,41.582418],[-72.869222,41.581635],[-72.865449,41.581732],[-72.862287,41.582015],[-72.860988,41.582367],[-72.860918,41.579689],[-72.864931,41.575795],[-72.862078,41.572879],[-72.857137,41.570113],[-72.855056,41.567177],[-72.874055,41.564961],[-72.87391,41.563006],[-72.879256,41.563152],[-72.882118,41.56395],[-72.883095,41.564827],[-72.883609,41.56734],[-72.884866,41.56644],[-72.887694,41.567141],[-72.885353,41.568002],[-72.887251,41.570305],[-72.889079,41.569861],[-72.888918,41.57105]]]}},{"type":"Feature","properties":{"GEOID":"09110477101","STATEFP":"09","COUNTYFP":"110","TRACTCE":"477101","NAMELSAD":"Census Tract 4771.01","NAMELSADCO":"Capitol Planning Region","STATE_NAME":"Connecticut"},"geometry":{"type":"Polygon","coordinates":[[[-72.711836,41.960819],[-72.707622,41.973353],[-72.708522,41.973829],[-72.708166,41.975754],[-72.70669,41.979728],[-72.705016,41.986987],[-72.704083,41.988502],[-72.701671,41.991393],[-72.696327,42.00005],[-72.695685,42.002387],[-72.69288,42.009359],[-72.692052,42.013745],[-72.691935,42.019404],[-72.691436,42.021673],[-72.690276,42.024522],[-72.687725,42.032249],[-72.6860801113328,42.0359686227736],[-72.6729633546716,42.0348771539801],[-72.643134,42.032395],[-72.61690464073,42.0312027902664],[-72.617143,42.025718],[-72.616762,42.02126],[-72.616942,42.020375],[-72.617441,42.019513],[-72.623442,42.015049],[-72.626505,42.014182],[-72.628138,42.011304],[-72.630089,42.006004],[-72.63466,41.999163],[-72.635341,41.998575],[-72.637003,41.997563],[-72.639947,41.996626],[-72.640838,41.996369],[-72.645713,41.996616],[-72.646458,41.992889],[-72.649537,41.986493],[-72.65106,41.982026],[-72.651282,41.981315],[-72.653956,41.973949],[-72.654519,41.973438],[-72.656998,41.973003],[-72.659492,41.972205],[-72.660219,41.97126],[-72.663117,41.959166],[-72.664533,41.956189],[-72.665752,41.956066],[-72.670799,41.954266],[-72.675615,41.950667],[-72.681273,41.950381],[-72.682522,41.949625],[-72.682192,41.947767],[-72.687636,41.948096],[-72.704318,41.949265],[-72.70964,41.949498],[-72.716169,41.949804],[-72.711836,41.960819]]]}},{"type":"Feature","properties":{"GEOID":"09110416800","STATEFP":"09","COUNTYFP":"110","TRACTCE":"416800","NAMELSAD":"Census Tract 4168","NAMELSADCO":"Capitol Planning Region","STATE_NAME":"Connecticut"},"geometry":{"type":"Polygon","coordinates":[[[-72.788055,41.682468],[-72.784293,41.685566],[-72.78343,41.686893],[-72.782685,41.690199],[-72.781711,41.690647],[-72.773109,41.691489],[-72.771354,41.692349],[-72.77038,41.688449],[-72.767805,41.684955],[-72.76754,41.683821],[-72.767616,41.683559],[-72.773531,41.682938],[-72.774044,41.682896],[-72.776213,41.68266],[-72.78278,41.68197],[-72.787922,41.681784],[-72.788055,41.682468]]]}},{"type":"Feature","properties":{"GEOID":"09110494600","STATEFP":"09","COUNTYFP":"110","TRACTCE":"494600","NAMELSAD":"Census Tract 4946","NAMELSADCO":"Capitol Planning Region","STATE_NAME":"Connecticut"},"geometry":{"type":"Polygon","coordinates":[[[-72.762179,41.718341],[-72.759455,41.718382],[-72.742833,41.720695],[-72.740518,41.721056],[-72.736509,41.721261],[-72.733435,41.721503],[-72.731639,41.7218],[-72.737131,41.714937],[-72.736441,41.710364],[-72.735071,41.703752],[-72.73356,41.696717],[-72.742912,41.695724],[-72.745171,41.695292],[-72.746097,41.695111],[-72.749031,41.694714],[-72.757104,41.693759],[-72.758241,41.693436],[-72.759063,41.698758],[-72.761969,41.715795],[-72.762234,41.717524],[-72.762179,41.718341]]]}},{"type":"Feature","properties":{"GEOID":"09110400200","STATEFP":"09","COUNTYFP":"110","TRACTCE":"400200","NAMELSAD":"Census Tract 4002","NAMELSADCO":"Capitol Planning Region","STATE_NAME":"Connecticut"},"geometry":{"type":"Polygon","coordinates":[[[-72.836535,41.580535],[-72.833874,41.583244],[-72.826457,41.586864],[-72.824077,41.597013],[-72.82346,41.604333],[-72.820199,41.606895],[-72.818326,41.606866],[-72.818929,41.611976],[-72.81671,41.611795],[-72.812331,41.614176],[-72.806693,41.613951],[-72.804364,41.613234],[-72.79747,41.613893],[-72.795223,41.613603],[-72.793331,41.61434],[-72.793321,41.612812],[-72.793812,41.611261],[-72.784678,41.612312],[-72.779492,41.612406],[-72.777529,41.612968],[-72.768846,41.613769],[-72.768115,41.613663],[-72.765132,41.613943],[-72.764554,41.607848],[-72.761721,41.604723],[-72.761216,41.604405],[-72.757042,41.605045],[-72.751311,41.605192],[-72.751059,41.605188],[-72.746932,41.610785],[-72.743754,41.61525],[-72.743029,41.614712],[-72.739375,41.615015],[-72.728571,41.616569],[-72.7198,41.609468],[-72.716428,41.608477],[-72.7151,41.608074],[-72.715924,41.606424],[-72.714538,41.60431],[-72.727041,41.602398],[-72.727297,41.601804],[-72.72994,41.601498],[-72.73167,41.595803],[-72.74284,41.594398],[-72.752941,41.592497],[-72.752181,41.578894],[-72.767821,41.577339],[-72.768079,41.577313],[-72.779721,41.575936],[-72.801243,41.573098],[-72.805243,41.566598],[-72.809243,41.561997],[-72.80996,41.562284],[-72.819145,41.554298],[-72.821243,41.554195],[-72.825142,41.555397],[-72.826141,41.555897],[-72.825743,41.564298],[-72.829644,41.562397],[-72.827644,41.570999],[-72.840244,41.569098],[-72.836535,41.580535]]]}},{"type":"Feature","properties":{"GEOID":"09110511100","STATEFP":"09","COUNTYFP":"110","TRACTCE":"511100","NAMELSAD":"Census Tract 5111","NAMELSADCO":"Capitol Planning Region","STATE_NAME":"Connecticut"},"geometry":{"type":"Polygon","coordinates":[[[-72.605742,41.751958],[-72.601421,41.754876],[-72.599663,41.759819],[-72.60024,41.765748],[-72.600924,41.769939],[-72.602028,41.771225],[-72.59082,41.772804],[-72.582586,41.773046],[-72.580396,41.77345],[-72.578478,41.774042],[-72.577684,41.769421],[-72.577093,41.765943],[-72.575625,41.757063],[-72.577891,41.756731],[-72.589526,41.755072],[-72.590745,41.754495],[-72.594441,41.752736],[-72.595894,41.752039],[-72.605604,41.748985],[-72.605742,41.751958]]]}},{"type":"Feature","properties":{"GEOID":"09110480300","STATEFP":"09","COUNTYFP":"110","TRACTCE":"480300","NAMELSAD":"Census Tract 4803","NAMELSADCO":"Capitol Planning Region","STATE_NAME":"Connecticut"},"geometry":{"type":"Polygon","coordinates":[[[-72.5898262911392,42.024695],[-72.582332,42.024695],[-72.5741893219163,42.0295675442087],[-72.573231,42.030141],[-72.5634267784983,42.031044031843],[-72.5609752476445,42.0312698335984],[-72.560958712171,42.0312713566218],[-72.559706,42.025601],[-72.559661,42.024555],[-72.559901,42.023345],[-72.561928,42.022381],[-72.56416,42.021363],[-72.571831,42.016729],[-72.57435,42.015651],[-72.579452,42.014383],[-72.586616,42.014021],[-72.58739,42.018939],[-72.588208,42.021051],[-72.589491,42.023647],[-72.5898262911392,42.024695]]]}},{"type":"Feature","properties":{"GEOID":"09140361100","STATEFP":"09","COUNTYFP":"140","TRACTCE":"361100","NAMELSAD":"Census Tract 3611","NAMELSADCO":"Naugatuck Valley Planning Region","STATE_NAME":"Connecticut"},"geometry":{"type":"Polygon","coordinates":[[[-73.001813,41.57414],[-72.997649,41.578456],[-72.995687,41.579784],[-72.994268,41.582464],[-72.993088,41.586753],[-72.988232,41.588337],[-72.986166,41.588576],[-72.983921,41.591091],[-72.98395,41.594478],[-72.980486,41.598364],[-72.976761,41.59933],[-72.975351,41.601468],[-72.97119,41.601755],[-72.969472,41.60376],[-72.964772,41.607137],[-72.962784,41.611047],[-72.960154,41.612595],[-72.959964,41.61357],[-72.955902,41.615421],[-72.954716,41.616359],[-72.953825,41.617906],[-72.935207,41.619419],[-72.933644,41.607794],[-72.93376,41.607108],[-72.938046,41.590597],[-72.942615,41.571126],[-72.944682,41.562862],[-72.945103,41.55969],[-72.94635,41.556797],[-72.956788,41.555295],[-72.956906,41.555279],[-72.964216,41.554429],[-72.968068,41.553865],[-72.969369,41.553803],[-72.972812,41.553807],[-72.975285,41.553609],[-72.979853,41.553349],[-72.982887,41.556576],[-72.991409,41.564358],[-72.991859,41.56495],[-72.996379,41.569336],[-72.997994,41.570853],[-72.998615,41.571123],[-73.001813,41.57414]]]}},{"type":"Feature","properties":{"GEOID":"09170160200","STATEFP":"09","COUNTYFP":"170","TRACTCE":"160200","NAMELSAD":"Census Tract 1602","NAMELSADCO":"South Central Connecticut Planning Region","STATE_NAME":"Connecticut"},"geometry":{"type":"Polygon","coordinates":[[[-73.048203,41.391499],[-73.047608,41.395611],[-73.047543,41.395834],[-73.043935,41.394925],[-73.042958,41.395567],[-73.039146,41.393535],[-73.037944,41.391915],[-73.034255,41.391788],[-73.031388,41.389345],[-73.029978,41.388532],[-73.010559,41.389796],[-73.00056,41.390504],[-72.97245,41.392783],[-72.965604,41.393608],[-72.954873,41.394475],[-72.957034,41.392973],[-72.961132,41.387937],[-72.967348,41.377737],[-72.968666,41.375111],[-72.974108,41.365274],[-72.974656,41.363558],[-72.975396,41.359937],[-72.975225,41.355449],[-72.974329,41.350481],[-72.972909,41.347396],[-72.970186,41.342897],[-72.974068,41.341594],[-72.977248,41.339992],[-72.98047,41.338751],[-72.98331,41.337307],[-72.985015,41.333017],[-72.987296,41.33124],[-72.988841,41.331514],[-72.994924,41.331116],[-72.996454,41.332396],[-72.996516,41.33459],[-72.995312,41.337796],[-72.997395,41.337862],[-72.998081,41.3438],[-72.997527,41.35373],[-73.00683,41.352893],[-73.009673,41.352899],[-73.018419,41.353123],[-73.026884,41.352596],[-73.026878,41.352296],[-73.033257,41.352285],[-73.035137,41.35379],[-73.035642,41.353221],[-73.038854,41.35282],[-73.042606,41.353332],[-73.046445,41.352086],[-73.047162,41.360531],[-73.04907,41.381053],[-73.048203,41.391499]]]}},{"type":"Feature","properties":{"GEOID":"09160310804","STATEFP":"09","COUNTYFP":"160","TRACTCE":"310804","NAMELSAD":"Census Tract 3108.04","NAMELSADCO":"Northwest Hills Planning Region","STATE_NAME":"Connecticut"},"geometry":{"type":"Polygon","coordinates":[[[-73.201836,41.790014],[-73.192566,41.820979],[-73.191576,41.823773],[-73.190064,41.829463],[-73.181048,41.82754],[-73.177713,41.825849],[-73.170342,41.823995],[-73.164578,41.82312],[-73.160091,41.823693],[-73.155143,41.821129],[-73.151512,41.819056],[-73.149202,41.819209],[-73.145056,41.818303],[-73.143842,41.815708],[-73.141959,41.814238],[-73.137131,41.812005],[-73.135715,41.809387],[-73.13563,41.809223],[-73.132677,41.806514],[-73.131897,41.804539],[-73.138565,41.80377],[-73.140367,41.803603],[-73.140445,41.803594],[-73.143511,41.803281],[-73.14364,41.803269],[-73.145404,41.802918],[-73.151757,41.80216],[-73.165048,41.801088],[-73.168937,41.800563],[-73.167618,41.794338],[-73.167775,41.793518],[-73.193997,41.790786],[-73.200427,41.790165],[-73.201836,41.790014]]]}},{"type":"Feature","properties":{"GEOID":"09110460100","STATEFP":"09","COUNTYFP":"110","TRACTCE":"460100","NAMELSAD":"Census Tract 4601","NAMELSADCO":"Capitol Planning Region","STATE_NAME":"Connecticut"},"geometry":{"type":"Polygon","coordinates":[[[-72.809107,41.711547],[-72.804412,41.723646],[-72.803629,41.725236],[-72.801468,41.726402],[-72.802837,41.727486],[-72.801153,41.729506],[-72.798778,41.731467],[-72.793396,41.737913],[-72.791935,41.739047],[-72.781228,41.746086],[-72.779064,41.730222],[-72.777638,41.731089],[-72.772828,41.736847],[-72.769206,41.739347],[-72.768932,41.739576],[-72.768774,41.737571],[-72.762471,41.737702],[-72.762738,41.734069],[-72.762346,41.726854],[-72.762179,41.718341],[-72.762234,41.717524],[-72.761969,41.715795],[-72.763389,41.715615],[-72.778195,41.713622],[-72.782992,41.71284],[-72.792604,41.705622],[-72.79595,41.703399],[-72.7994,41.706138],[-72.802375,41.706928],[-72.806761,41.708341],[-72.809284,41.71115],[-72.809107,41.711547]]]}},{"type":"Feature","properties":{"GEOID":"09110520400","STATEFP":"09","COUNTYFP":"110","TRACTCE":"520400","NAMELSAD":"Census Tract 5204","NAMELSADCO":"Capitol Planning Region","STATE_NAME":"Connecticut"},"geometry":{"type":"Polygon","coordinates":[[[-72.63667,41.69288],[-72.635326,41.698655],[-72.626888,41.701039],[-72.619716,41.702469],[-72.618466,41.703394],[-72.61838,41.701815],[-72.611896,41.702725],[-72.607999,41.703469],[-72.607911,41.700229],[-72.600788,41.70153],[-72.590367,41.702918],[-72.588444,41.702867],[-72.579705,41.704364],[-72.579344,41.704348],[-72.5743,41.702727],[-72.570279,41.703222],[-72.568906,41.702056],[-72.56698,41.700849],[-72.564746,41.700035],[-72.554827,41.697541],[-72.545511,41.695945],[-72.541854,41.693388],[-72.540135,41.689958],[-72.541068,41.683864],[-72.546011,41.681236],[-72.548891,41.68077],[-72.548932,41.680825],[-72.550695,41.680666],[-72.553318,41.680782],[-72.555852,41.680114],[-72.563412,41.679149],[-72.579062,41.677213],[-72.580951,41.678353],[-72.583833,41.677641],[-72.589902,41.677159],[-72.592347,41.676427],[-72.598671,41.675465],[-72.598774,41.674854],[-72.60157,41.670279],[-72.602032,41.667694],[-72.606967,41.667469],[-72.613671,41.665374],[-72.616177,41.663785],[-72.627147,41.665864],[-72.628021,41.666037],[-72.624797,41.669301],[-72.612016,41.6725],[-72.609522,41.6746],[-72.60863,41.681275],[-72.610729,41.684198],[-72.615735,41.688099],[-72.629735,41.689399],[-72.632682,41.689861],[-72.635664,41.691543],[-72.63667,41.69288]]]}},{"type":"Feature","properties":{"GEOID":"09110473400","STATEFP":"09","COUNTYFP":"110","TRACTCE":"473400","NAMELSAD":"Census Tract 4734","NAMELSADCO":"Capitol Planning Region","STATE_NAME":"Connecticut"},"geometry":{"type":"Polygon","coordinates":[[[-72.664495,41.852417],[-72.658418,41.851718],[-72.652882,41.852188],[-72.652602,41.854148],[-72.649582,41.856028],[-72.650751,41.857864],[-72.648328,41.858353],[-72.641362,41.8579],[-72.638147,41.856709],[-72.635835,41.853398],[-72.636695,41.8509],[-72.63826,41.84964],[-72.639395,41.846099],[-72.640411,41.846093],[-72.643196,41.848229],[-72.644877,41.845337],[-72.64553,41.843045],[-72.647907,41.843367],[-72.647378,41.845244],[-72.65088,41.845507],[-72.658465,41.845202],[-72.665094,41.846564],[-72.664495,41.852417]]]}},{"type":"Feature","properties":{"GEOID":"09130585100","STATEFP":"09","COUNTYFP":"130","TRACTCE":"585100","NAMELSAD":"Census Tract 5851","NAMELSADCO":"Lower Connecticut River Valley Planning Region","STATE_NAME":"Connecticut"},"geometry":{"type":"Polygon","coordinates":[[[-72.740241,41.436497],[-72.73912,41.438294],[-72.735437,41.473273],[-72.735399,41.473564],[-72.733886,41.485368],[-72.731036,41.485993],[-72.722758,41.487481],[-72.699134,41.491701],[-72.694962,41.492425],[-72.690104,41.493318],[-72.679162,41.494593],[-72.677896,41.49623],[-72.677595,41.494838],[-72.648322,41.498425],[-72.633701,41.500201],[-72.632951,41.497782],[-72.629496,41.488723],[-72.627903,41.485415],[-72.637039,41.463829],[-72.63136,41.459679],[-72.623455,41.45497],[-72.622647,41.45461],[-72.619174,41.451455],[-72.60896,41.44309],[-72.614791,41.441745],[-72.623701,41.44104],[-72.62689,41.440544],[-72.638379,41.439583],[-72.645026,41.439202],[-72.65308,41.438206],[-72.653672,41.438125],[-72.666833,41.435694],[-72.671092,41.435364],[-72.678739,41.433797],[-72.682666,41.433776],[-72.690555,41.432569],[-72.708343,41.429443],[-72.71042,41.429073],[-72.72064,41.427397],[-72.73801,41.424669],[-72.746141,41.423297],[-72.740241,41.436497]]]}},{"type":"Feature","properties":{"GEOID":"09130541500","STATEFP":"09","COUNTYFP":"130","TRACTCE":"541500","NAMELSAD":"Census Tract 5415","NAMELSADCO":"Lower Connecticut River Valley Planning Region","STATE_NAME":"Connecticut"},"geometry":{"type":"Polygon","coordinates":[[[-72.666281,41.553452],[-72.664785,41.557921],[-72.663872,41.558281],[-72.661176,41.55895],[-72.658255,41.559858],[-72.658386,41.560055],[-72.6595,41.5619],[-72.655253,41.563157],[-72.654325,41.561174],[-72.652231,41.55795],[-72.652156,41.55652],[-72.654647,41.555584],[-72.654272,41.554169],[-72.653071,41.551923],[-72.652242,41.552128],[-72.652069,41.550604],[-72.651818,41.549295],[-72.653145,41.548858],[-72.653162,41.548638],[-72.653547,41.547516],[-72.657882,41.547333],[-72.659281,41.54614],[-72.659292,41.548275],[-72.659238,41.548631],[-72.658423,41.55104],[-72.658429,41.553573],[-72.662192,41.551716],[-72.663558,41.55125],[-72.66446,41.550947],[-72.665877,41.551183],[-72.667047,41.552165],[-72.666281,41.553452]]]}},{"type":"Feature","properties":{"GEOID":"09130670200","STATEFP":"09","COUNTYFP":"130","TRACTCE":"670200","NAMELSAD":"Census Tract 6702","NAMELSADCO":"Lower Connecticut River Valley Planning Region","STATE_NAME":"Connecticut"},"geometry":{"type":"Polygon","coordinates":[[[-72.395491,41.278787],[-72.394515,41.279983],[-72.394991,41.282173],[-72.393625,41.282638],[-72.394039,41.285378],[-72.392345,41.286859],[-72.392822,41.287594],[-72.389809,41.290527],[-72.388641,41.290546],[-72.388611,41.293991],[-72.387611,41.294968],[-72.388573,41.294781],[-72.38897,41.295912],[-72.388736,41.297345],[-72.392579,41.298759],[-72.384028,41.303409],[-72.379722,41.305136],[-72.369251,41.309074],[-72.36317,41.313233],[-72.361969,41.314071],[-72.359035,41.316151],[-72.356091,41.317469],[-72.347439,41.318803],[-72.3490378627189,41.3115555309125],[-72.350504,41.31175],[-72.356208,41.299609],[-72.3562145842289,41.299376809104],[-72.356446,41.291216],[-72.349316,41.284608],[-72.3477368421903,41.2808994913494],[-72.3456680545462,41.276041131515],[-72.345513,41.275677],[-72.3439719887267,41.2720508725429],[-72.34261,41.268846],[-72.348101,41.270141],[-72.359063,41.268114],[-72.3599756709937,41.2676248023724],[-72.3640138656714,41.2654603035885],[-72.367617,41.263529],[-72.378573,41.264575],[-72.386629,41.261798],[-72.3889710665866,41.2649781142955],[-72.3945701218396,41.2725806460735],[-72.3981541706389,41.2774471536646],[-72.395491,41.278787]]]}},{"type":"Feature","properties":{"GEOID":"09180714103","STATEFP":"09","COUNTYFP":"180","TRACTCE":"714103","NAMELSAD":"Census Tract 7141.03","NAMELSADCO":"Southeastern Connecticut Planning Region","STATE_NAME":"Connecticut"},"geometry":{"type":"Polygon","coordinates":[[[-72.46673,41.583899],[-72.420029,41.590098],[-72.417229,41.590598],[-72.415331,41.59373],[-72.410629,41.601798],[-72.410367,41.602581],[-72.408479,41.602325],[-72.406057,41.598789],[-72.401274,41.595631],[-72.397283,41.594743],[-72.393324,41.592608],[-72.393137,41.592509],[-72.385582,41.589591],[-72.38415,41.588652],[-72.381933,41.586862],[-72.37749,41.585897],[-72.378168,41.583894],[-72.374528,41.583361],[-72.363388,41.583011],[-72.358507,41.581885],[-72.347644,41.575047],[-72.338249,41.570347],[-72.339676,41.569387],[-72.341347,41.568534],[-72.341091,41.567767],[-72.341108,41.566944],[-72.336863,41.560275],[-72.334993,41.560332],[-72.332383,41.561426],[-72.328715,41.559413],[-72.325975,41.560088],[-72.325591,41.561305],[-72.322022,41.558891],[-72.319517,41.554596],[-72.311447,41.537297],[-72.306466,41.527894],[-72.303771,41.521307],[-72.314401,41.519157],[-72.322931,41.518119],[-72.323394,41.53425],[-72.344566,41.532417],[-72.344985,41.532456],[-72.358576,41.531436],[-72.361634,41.530818],[-72.374528,41.529909],[-72.381298,41.529229],[-72.383057,41.529],[-72.430767,41.524567],[-72.432675,41.527946],[-72.443946,41.546422],[-72.446853,41.550377],[-72.446554,41.550657],[-72.447945,41.552864],[-72.448737,41.553534],[-72.449059,41.553937],[-72.45185,41.558567],[-72.46673,41.583899]]]}},{"type":"Feature","properties":{"GEOID":"09140130102","STATEFP":"09","COUNTYFP":"140","TRACTCE":"130102","NAMELSAD":"Census Tract 1301.02","NAMELSADCO":"Naugatuck Valley Planning Region","STATE_NAME":"Connecticut"},"geometry":{"type":"Polygon","coordinates":[[[-73.09005,41.363091],[-73.084366,41.369023],[-73.081794,41.375465],[-73.075829,41.384777],[-73.074974,41.388657],[-73.073753,41.391376],[-73.074805,41.392256],[-73.073174,41.392283],[-73.073082,41.391544],[-73.071072,41.3886],[-73.070026,41.388641],[-73.068427,41.38913],[-73.067619,41.389393],[-73.067321,41.388961],[-73.067287,41.388672],[-73.067187,41.388563],[-73.06654,41.388252],[-73.065632,41.387445],[-73.064266,41.388911],[-73.060819,41.386929],[-73.060176,41.386083],[-73.058362,41.38645],[-73.056434,41.38558],[-73.05572,41.383633],[-73.057076,41.380844],[-73.058777,41.378516],[-73.056875,41.377384],[-73.054835,41.377326],[-73.052537,41.379267],[-73.04907,41.381053],[-73.047162,41.360531],[-73.049934,41.36021],[-73.064908,41.360295],[-73.072254,41.360621],[-73.073877,41.361194],[-73.080662,41.36289],[-73.085857,41.362939],[-73.088424,41.36168],[-73.091169,41.360543],[-73.09005,41.363091]]]}},{"type":"Feature","properties":{"GEOID":"09140348124","STATEFP":"09","COUNTYFP":"140","TRACTCE":"348124","NAMELSAD":"Census Tract 3481.24","NAMELSADCO":"Naugatuck Valley Planning Region","STATE_NAME":"Connecticut"},"geometry":{"type":"Polygon","coordinates":[[[-73.249845,41.470526],[-73.248357,41.469257],[-73.243855,41.467701],[-73.241143,41.473131],[-73.237839,41.480521],[-73.233699,41.482497],[-73.231991,41.482626],[-73.230883,41.483347],[-73.228337,41.483326],[-73.225051,41.487467],[-73.225499,41.490565],[-73.226604,41.491755],[-73.228514,41.493725],[-73.228551,41.499494],[-73.226913,41.501297],[-73.22554,41.502205],[-73.225314,41.502146],[-73.223228,41.502468],[-73.220901,41.503984],[-73.219724,41.510225],[-73.208006,41.509007],[-73.20684,41.508803],[-73.21117,41.50369],[-73.213087,41.499133],[-73.213079,41.488887],[-73.212685,41.485634],[-73.213361,41.479324],[-73.212214,41.477303],[-73.21131,41.476636],[-73.214491,41.474549],[-73.217537,41.471462],[-73.22082,41.466942],[-73.222307,41.465476],[-73.231361,41.460461],[-73.234357,41.457968],[-73.235684,41.459861],[-73.244346,41.463543],[-73.247387,41.465847],[-73.251035,41.470303],[-73.249845,41.470526]]]}},{"type":"Feature","properties":{"GEOID":"09140351100","STATEFP":"09","COUNTYFP":"140","TRACTCE":"351100","NAMELSAD":"Census Tract 3511","NAMELSADCO":"Naugatuck Valley Planning Region","STATE_NAME":"Connecticut"},"geometry":{"type":"Polygon","coordinates":[[[-73.027382,41.566548],[-73.02594,41.568638],[-73.026556,41.574986],[-73.026278,41.576543],[-73.026401,41.576685],[-73.020294,41.58176],[-73.019218,41.583961],[-73.014518,41.588069],[-73.013214,41.588686],[-73.01206,41.583822],[-73.001813,41.57414],[-72.998615,41.571123],[-72.997994,41.570853],[-73.000935,41.567165],[-73.00299,41.563065],[-73.004747,41.562255],[-73.002925,41.55991],[-73.005486,41.560826],[-73.008825,41.565004],[-73.009498,41.564036],[-73.01272,41.563904],[-73.017782,41.562619],[-73.019897,41.562061],[-73.023231,41.562361],[-73.023588,41.565635],[-73.024538,41.564072],[-73.029386,41.565812],[-73.027382,41.566548]]]}},{"type":"Feature","properties":{"GEOID":"09170141000","STATEFP":"09","COUNTYFP":"170","TRACTCE":"141000","NAMELSAD":"Census Tract 1410","NAMELSADCO":"South Central Connecticut Planning Region","STATE_NAME":"Connecticut"},"geometry":{"type":"Polygon","coordinates":[[[-72.971004,41.317562],[-72.970027,41.320236],[-72.969444,41.323761],[-72.968906,41.324423],[-72.968134,41.327246],[-72.965252,41.326876],[-72.964859,41.326858],[-72.960034,41.326236],[-72.958992,41.326089],[-72.957476,41.325242],[-72.95765,41.324757],[-72.956809,41.316696],[-72.956535,41.314012],[-72.956047,41.312096],[-72.956296,41.310459],[-72.958147,41.310701],[-72.963708,41.310905],[-72.970176,41.311613],[-72.971004,41.317562]]]}},{"type":"Feature","properties":{"GEOID":"09170142601","STATEFP":"09","COUNTYFP":"170","TRACTCE":"142601","NAMELSAD":"Census Tract 1426.01","NAMELSADCO":"South Central Connecticut Planning Region","STATE_NAME":"Connecticut"},"geometry":{"type":"Polygon","coordinates":[[[-72.892645,41.330297],[-72.888845,41.332597],[-72.879183,41.334093],[-72.876169,41.334007],[-72.869937,41.334775],[-72.866205,41.33601],[-72.860309,41.336639],[-72.862585,41.331574],[-72.867571,41.320433],[-72.870135,41.3201],[-72.871724,41.320232],[-72.874003,41.320885],[-72.878669,41.313867],[-72.87994,41.312573],[-72.884836,41.30941],[-72.886242,41.308242],[-72.887869,41.308973],[-72.885151,41.312207],[-72.88448,41.316912],[-72.884305,41.317915],[-72.889619,41.320507],[-72.890299,41.320984],[-72.891629,41.322419],[-72.889471,41.324999],[-72.891692,41.328471],[-72.892645,41.330297]]]}},{"type":"Feature","properties":{"GEOID":"09170167201","STATEFP":"09","COUNTYFP":"170","TRACTCE":"167201","NAMELSAD":"Census Tract 1672.01","NAMELSADCO":"South Central Connecticut Planning Region","STATE_NAME":"Connecticut"},"geometry":{"type":"Polygon","coordinates":[[[-72.889252,41.334107],[-72.887972,41.339665],[-72.886773,41.34115],[-72.882853,41.343701],[-72.880157,41.343384],[-72.878763,41.34463],[-72.88115,41.3465],[-72.879642,41.347488],[-72.87724,41.346614],[-72.874942,41.347401],[-72.873252,41.349399],[-72.874456,41.351683],[-72.87697,41.353476],[-72.882904,41.353115],[-72.883825,41.353508],[-72.884466,41.354736],[-72.883922,41.357158],[-72.881881,41.358878],[-72.881745,41.360897],[-72.881756,41.363699],[-72.879328,41.364551],[-72.876023,41.362896],[-72.874818,41.363628],[-72.875167,41.366008],[-72.874623,41.367473],[-72.872838,41.369028],[-72.873089,41.373427],[-72.871907,41.375582],[-72.872247,41.376423],[-72.874046,41.379448],[-72.871452,41.379536],[-72.874847,41.381798],[-72.871828,41.382866],[-72.872697,41.387263],[-72.871527,41.389914],[-72.860886,41.388647],[-72.859606,41.390902],[-72.855023,41.38917],[-72.848217,41.389194],[-72.843385,41.390134],[-72.838217,41.391881],[-72.836614,41.392172],[-72.833142,41.392172],[-72.838384,41.385316],[-72.846905,41.375327],[-72.858158,41.361853],[-72.859293,41.361004],[-72.862578,41.359789],[-72.865344,41.357865],[-72.86796,41.35458],[-72.867308,41.350731],[-72.867466,41.348936],[-72.869627,41.342567],[-72.876169,41.334007],[-72.879183,41.334093],[-72.888845,41.332597],[-72.889252,41.334107]]]}},{"type":"Feature","properties":{"GEOID":"09140346101","STATEFP":"09","COUNTYFP":"140","TRACTCE":"346101","NAMELSAD":"Census Tract 3461.01","NAMELSADCO":"Naugatuck Valley Planning Region","STATE_NAME":"Connecticut"},"geometry":{"type":"Polygon","coordinates":[[[-73.170108,41.384419],[-73.163816,41.384364],[-73.164225,41.385139],[-73.162894,41.387404],[-73.161641,41.387359],[-73.159284,41.389988],[-73.156652,41.390956],[-73.155335,41.392426],[-73.155187,41.394904],[-73.154073,41.398471],[-73.14965,41.397322],[-73.144856,41.399515],[-73.140923,41.400738],[-73.140825,41.402275],[-73.142195,41.406094],[-73.137139,41.407139],[-73.136405,41.409419],[-73.133706,41.410791],[-73.133425,41.41269],[-73.13168,41.414967],[-73.129699,41.421248],[-73.129644,41.422462],[-73.126416,41.422486],[-73.123518,41.423633],[-73.121646,41.425858],[-73.121645,41.428325],[-73.120484,41.429344],[-73.118446,41.433295],[-73.116772,41.434471],[-73.117139,41.434816],[-73.115092,41.435991],[-73.11593,41.439341],[-73.114306,41.443168],[-73.115405,41.447046],[-73.114533,41.450329],[-73.114465,41.452362],[-73.113182,41.461215],[-73.114753,41.469328],[-73.11466,41.472856],[-73.117641,41.475419],[-73.117668,41.478772],[-73.11538,41.480599],[-73.113959,41.482295],[-73.111589,41.483011],[-73.110736,41.484836],[-73.109878,41.485077],[-73.107599,41.484189],[-73.103305,41.481385],[-73.103355,41.481737],[-73.096446,41.477623],[-73.083417,41.469167],[-73.077366,41.465189],[-73.078613,41.457784],[-73.083455,41.439135],[-73.085241,41.436484],[-73.086402,41.433728],[-73.092698,41.41345],[-73.088719,41.408967],[-73.083585,41.403766],[-73.087985,41.400015],[-73.088725,41.399688],[-73.093444,41.399156],[-73.107541,41.398615],[-73.110526,41.398104],[-73.11213,41.393419],[-73.114262,41.388186],[-73.115833,41.386264],[-73.120029,41.383991],[-73.12395,41.381682],[-73.126941,41.379406],[-73.146486,41.368275],[-73.147555,41.367696],[-73.150955,41.370196],[-73.157055,41.376696],[-73.158832,41.379684],[-73.158656,41.383396],[-73.161253,41.383853],[-73.166556,41.383196],[-73.171588,41.383887],[-73.170108,41.384419]]]}},{"type":"Feature","properties":{"GEOID":"09170175800","STATEFP":"09","COUNTYFP":"170","TRACTCE":"175800","NAMELSAD":"Census Tract 1758","NAMELSADCO":"South Central Connecticut Planning Region","STATE_NAME":"Connecticut"},"geometry":{"type":"Polygon","coordinates":[[[-72.811734,41.468734],[-72.809372,41.473129],[-72.808113,41.478744],[-72.804623,41.48832],[-72.803823,41.491842],[-72.802187,41.496651],[-72.792627,41.503567],[-72.777049,41.498236],[-72.772648,41.49675],[-72.768038,41.497015],[-72.767324,41.492002],[-72.76743,41.486596],[-72.768059,41.484058],[-72.778423,41.457863],[-72.78041,41.454821],[-72.782996,41.454722],[-72.783609,41.454769],[-72.784689,41.454918],[-72.787559,41.456441],[-72.788783,41.456531],[-72.792631,41.454229],[-72.795803,41.453989],[-72.801436,41.455985],[-72.807608,41.456842],[-72.81148,41.458252],[-72.810384,41.460089],[-72.809867,41.464278],[-72.808282,41.466263],[-72.807058,41.467149],[-72.811851,41.467826],[-72.811734,41.468734]]]}},{"type":"Feature","properties":{"GEOID":"09140352500","STATEFP":"09","COUNTYFP":"140","TRACTCE":"352500","NAMELSAD":"Census Tract 3525","NAMELSADCO":"Naugatuck Valley Planning Region","STATE_NAME":"Connecticut"},"geometry":{"type":"Polygon","coordinates":[[[-73.041962,41.587995],[-73.039531,41.588401],[-73.039639,41.593285],[-73.038145,41.595119],[-73.037648,41.595593],[-73.031937,41.595081],[-73.03021,41.595511],[-73.029388,41.593753],[-73.027629,41.591476],[-73.026712,41.593302],[-73.026396,41.595483],[-73.023851,41.596058],[-73.014931,41.596304],[-73.013214,41.588686],[-73.014518,41.588069],[-73.019218,41.583961],[-73.020294,41.58176],[-73.026401,41.576685],[-73.027921,41.578081],[-73.029412,41.579003],[-73.03057,41.579537],[-73.034647,41.581488],[-73.034859,41.581593],[-73.040831,41.584745],[-73.042385,41.585229],[-73.041962,41.587995]]]}},{"type":"Feature","properties":{"GEOID":"09150902200","STATEFP":"09","COUNTYFP":"150","TRACTCE":"902200","NAMELSAD":"Census Tract 9022","NAMELSADCO":"Northeastern Connecticut Planning Region","STATE_NAME":"Connecticut"},"geometry":{"type":"Polygon","coordinates":[[[-72.151654,41.959302],[-72.123632,41.95898],[-72.099229,41.958948],[-72.097377,41.917703],[-72.097024,41.914994],[-72.067943,41.914652],[-72.055507,41.914509],[-72.050059,41.914746],[-72.043952,41.914552],[-72.044513,41.863119],[-72.044738,41.831548],[-72.049528,41.831487],[-72.092446,41.83167],[-72.093275,41.831643],[-72.096671,41.831663],[-72.113995,41.83169],[-72.112442,41.86278],[-72.112953,41.877842],[-72.112917,41.879322],[-72.122163,41.894418],[-72.125088,41.898612],[-72.12757,41.9027],[-72.132831,41.91041],[-72.135361,41.91339],[-72.139392,41.916184],[-72.139809,41.918374],[-72.13875,41.920431],[-72.13996,41.923186],[-72.141135,41.923718],[-72.144746,41.928817],[-72.145038,41.930617],[-72.14439,41.93325],[-72.145218,41.935478],[-72.145378,41.938331],[-72.146634,41.939067],[-72.147236,41.940851],[-72.147043,41.942529],[-72.148374,41.943518],[-72.149019,41.943787],[-72.150677,41.949461],[-72.150697,41.952456],[-72.152718,41.953033],[-72.151654,41.959302]]]}},{"type":"Feature","properties":{"GEOID":"09150902500","STATEFP":"09","COUNTYFP":"150","TRACTCE":"902500","NAMELSAD":"Census Tract 9025","NAMELSADCO":"Northeastern Connecticut Planning Region","STATE_NAME":"Connecticut"},"geometry":{"type":"Polygon","coordinates":[[[-72.044513,41.863119],[-72.043952,41.914552],[-72.005217,41.914404],[-71.999424,41.91481],[-71.989131,41.915056],[-71.980877,41.915289],[-71.957007,41.915978],[-71.955945,41.916165],[-71.933847,41.916861],[-71.932208,41.906054],[-71.929098,41.902346],[-71.927171,41.90075],[-71.92663,41.899561],[-71.925659,41.897574],[-71.924038,41.892444],[-71.922507,41.888652],[-71.92123,41.886755],[-71.923474,41.883498],[-71.923062,41.881477],[-71.923726,41.878025],[-71.924965,41.874534],[-71.923204,41.870481],[-71.91736,41.869241],[-71.919187,41.867809],[-71.921887,41.864408],[-71.923234,41.862094],[-71.923489,41.859082],[-71.926156,41.856355],[-71.927131,41.853393],[-71.927003,41.850248],[-71.92515,41.849511],[-71.922882,41.850174],[-71.920873,41.849313],[-71.919735,41.846911],[-71.918356,41.845635],[-71.91607,41.844892],[-71.914264,41.840714],[-71.91086,41.838309],[-71.910147,41.835805],[-71.907287,41.832666],[-71.904298,41.831278],[-71.905114,41.828048],[-71.906181,41.826817],[-71.921919,41.826856],[-71.936638,41.82689],[-71.958701,41.826823],[-71.976605,41.826768],[-71.976661,41.824179],[-71.978058,41.820888],[-71.977629,41.818307],[-71.992262,41.818523],[-71.991969,41.806133],[-72.014491,41.804989],[-72.016318,41.812662],[-72.021401,41.828199],[-72.031799,41.831717],[-72.044738,41.831548],[-72.044513,41.863119]]]}},{"type":"Feature","properties":{"GEOID":"09150900200","STATEFP":"09","COUNTYFP":"150","TRACTCE":"900200","NAMELSAD":"Census Tract 9002","NAMELSADCO":"Northeastern Connecticut Planning Region","STATE_NAME":"Connecticut"},"geometry":{"type":"Polygon","coordinates":[[[-71.9630193086355,42.0262475718444],[-71.9523269561765,42.0259693708896],[-71.9209864169382,42.0251539312591],[-71.9208828863063,42.0251512375282],[-71.9010880693507,42.0246362024134],[-71.89078,42.024368],[-71.883947767419,42.0243074324439],[-71.882803750428,42.0242972907644],[-71.881275,42.022529],[-71.880892,42.021073],[-71.881254,42.020232],[-71.885731,42.013953],[-71.885876,42.013229],[-71.889711,42.006285],[-71.890424,42.004629],[-71.891432,42.000097],[-71.893048,41.996508],[-71.894181,41.99097],[-71.895196,41.987714],[-71.887904,41.976801],[-71.886056,41.97497],[-71.879711,41.970728],[-71.877694,41.969377],[-71.874125,41.96695],[-71.87239,41.965819],[-71.879616,41.953258],[-71.880594,41.951164],[-71.880951,41.948019],[-71.880323,41.945561],[-71.878092,41.940617],[-71.877655,41.936793],[-71.878141,41.934406],[-71.879274,41.931974],[-71.892289,41.93193],[-71.894727,41.931919],[-71.896761,41.931893],[-71.897257,41.9319],[-71.914088,41.931739],[-71.931792,41.931574],[-71.931984,41.932285],[-71.946961,41.979435],[-71.951392,41.993567],[-71.953522,42.000098],[-71.9630193086355,42.0262475718444]]]}},{"type":"Feature","properties":{"GEOID":"09180696200","STATEFP":"09","COUNTYFP":"180","TRACTCE":"696200","NAMELSAD":"Census Tract 6962","NAMELSADCO":"Southeastern Connecticut Planning Region","STATE_NAME":"Connecticut"},"geometry":{"type":"Polygon","coordinates":[[[-72.140656,41.536287],[-72.136202,41.543726],[-72.133882,41.546385],[-72.13268,41.548465],[-72.132581,41.555042],[-72.132136,41.560103],[-72.132179,41.563653],[-72.132123,41.564842],[-72.135557,41.569352],[-72.134981,41.569529],[-72.126088,41.564012],[-72.125195,41.563345],[-72.123349,41.566855],[-72.118743,41.574378],[-72.104121,41.600798],[-72.103654,41.600884],[-72.088,41.603777],[-72.066776,41.607511],[-72.065267,41.608028],[-72.063937,41.608298],[-72.063094,41.608122],[-72.058074,41.605919],[-72.059619,41.605973],[-72.062227,41.603273],[-72.063302,41.603937],[-72.066555,41.601721],[-72.065159,41.600058],[-72.066709,41.597941],[-72.069055,41.593869],[-72.06828,41.591439],[-72.068799,41.590884],[-72.068024,41.586852],[-72.070297,41.585222],[-72.07111,41.583423],[-72.069253,41.581066],[-72.091525,41.570119],[-72.09336,41.56892],[-72.103583,41.557735],[-72.105741,41.553394],[-72.108835,41.546296],[-72.113126,41.536479],[-72.114236,41.533835],[-72.119003,41.520671],[-72.119465,41.517623],[-72.118995,41.514697],[-72.117947,41.512295],[-72.116313,41.509952],[-72.115181,41.507915],[-72.114665,41.505679],[-72.114699,41.503711],[-72.115426,41.500872],[-72.118295,41.502478],[-72.121076,41.502723],[-72.121893,41.501905],[-72.125416,41.502866],[-72.129518,41.503285],[-72.133591,41.502815],[-72.135416,41.504006],[-72.132884,41.508908],[-72.133556,41.512362],[-72.139058,41.529732],[-72.140656,41.536287]]]}},{"type":"Feature","properties":{"GEOID":"09180700100","STATEFP":"09","COUNTYFP":"180","TRACTCE":"700100","NAMELSAD":"Census Tract 7001","NAMELSADCO":"Southeastern Connecticut Planning Region","STATE_NAME":"Connecticut"},"geometry":{"type":"Polygon","coordinates":[[[-72.08102,41.492099],[-72.07802,41.490706],[-72.072871,41.491819],[-72.07203,41.494002],[-72.071721,41.497898],[-72.067703,41.517534],[-72.058641,41.512078],[-72.056415,41.513797],[-72.051902,41.517442],[-72.040317,41.531096],[-72.04352,41.532508],[-72.04412,41.532927],[-72.046904,41.535165],[-72.045066,41.540563],[-72.050264,41.541802],[-72.04892,41.546298],[-72.04672,41.548098],[-72.04582,41.549298],[-72.04612,41.555998],[-72.041414,41.555584],[-72.036842,41.553938],[-72.035222,41.553712],[-72.032132,41.554944],[-72.029543,41.555276],[-72.026781,41.55494],[-72.022691,41.553427],[-72.019159,41.553963],[-72.015777,41.557301],[-72.012685,41.564742],[-72.011941,41.567916],[-72.01072,41.569398],[-72.007027,41.568687],[-72.00332,41.566601],[-72.000038,41.565654],[-71.993055,41.566418],[-71.991149,41.564907],[-71.989233,41.565641],[-71.980767,41.565936],[-71.95458,41.56653],[-71.940003,41.553461],[-71.90286,41.520262],[-71.967227,41.528666],[-71.965922,41.523103],[-71.963899,41.514473],[-71.961009,41.501994],[-71.959419,41.497298],[-71.956618,41.487398],[-71.97141,41.486495],[-71.974219,41.486301],[-72.005915,41.484797],[-72.008137,41.484598],[-72.011711,41.4844],[-72.018747,41.48388],[-72.023631,41.483101],[-72.033826,41.484797],[-72.039684,41.482944],[-72.039924,41.484449],[-72.042005,41.484557],[-72.046728,41.485223],[-72.050076,41.484942],[-72.05507,41.483645],[-72.058417,41.479896],[-72.058711,41.478294],[-72.058092,41.473586],[-72.060282,41.471482],[-72.064915,41.465696],[-72.066348,41.465269],[-72.069221,41.463798],[-72.070021,41.463598],[-72.069921,41.465811],[-72.071323,41.471143],[-72.073624,41.474968],[-72.073424,41.478388],[-72.074425,41.481808],[-72.077613,41.485086],[-72.080498,41.489174],[-72.08102,41.492099]]]}},{"type":"Feature","properties":{"GEOID":"09180705300","STATEFP":"09","COUNTYFP":"180","TRACTCE":"705300","NAMELSAD":"Census Tract 7053","NAMELSADCO":"Southeastern Connecticut Planning Region","STATE_NAME":"Connecticut"},"geometry":{"type":"Polygon","coordinates":[[[-71.979917,41.330398],[-71.976117,41.332998],[-71.975059,41.33715],[-71.973259,41.340319],[-71.969133,41.34519],[-71.970187,41.348993],[-71.971121,41.351366],[-71.968733,41.354726],[-71.967074,41.358061],[-71.967632,41.361792],[-71.966921,41.365666],[-71.967324,41.369736],[-71.966027,41.372995],[-71.958844,41.37504],[-71.955967,41.37501],[-71.948084,41.37387],[-71.935478,41.372151],[-71.930186,41.372073],[-71.931302,41.371719],[-71.935412,41.364774],[-71.935256,41.36464],[-71.933997,41.361348],[-71.934055,41.360129],[-71.934856,41.357782],[-71.935964,41.357492],[-71.93762,41.354403],[-71.935672,41.351603],[-71.935928,41.347892],[-71.936918,41.342119],[-71.937322,41.338667],[-71.9375554403829,41.3379372845366],[-71.945652,41.337799],[-71.95413,41.327913],[-71.96244,41.321535],[-71.969266,41.321033],[-71.979447,41.329987],[-71.9802752216186,41.3299490109487],[-71.979917,41.330398]]]}},{"type":"Feature","properties":{"GEOID":"09180693600","STATEFP":"09","COUNTYFP":"180","TRACTCE":"693600","NAMELSAD":"Census Tract 6936","NAMELSADCO":"Southeastern Connecticut Planning Region","STATE_NAME":"Connecticut"},"geometry":{"type":"Polygon","coordinates":[[[-72.13158,41.420521],[-72.12786,41.424283],[-72.121122,41.425186],[-72.110223,41.426651],[-72.106374,41.427186],[-72.104434,41.427451],[-72.101668,41.426455],[-72.095621,41.425298],[-72.093021,41.415798],[-72.093921,41.413898],[-72.095021,41.411598],[-72.096021,41.408798],[-72.095521,41.402198],[-72.095821,41.400398],[-72.09648,41.398997],[-72.097221,41.396198],[-72.094221,41.392698],[-72.092921,41.388898],[-72.092921,41.386998],[-72.098359,41.385493],[-72.109698,41.382959],[-72.117761,41.375282],[-72.118404,41.374666],[-72.118995,41.375353],[-72.119532,41.378865],[-72.122605,41.38385],[-72.125062,41.397104],[-72.12341,41.399455],[-72.123885,41.400343],[-72.122844,41.401916],[-72.125835,41.404395],[-72.1263,41.405447],[-72.131161,41.408219],[-72.127006,41.412924],[-72.131253,41.418442],[-72.131358,41.419998],[-72.13158,41.420521]]]}},{"type":"Feature","properties":{"GEOID":"09140425500","STATEFP":"09","COUNTYFP":"140","TRACTCE":"425500","NAMELSAD":"Census Tract 4255","NAMELSADCO":"Naugatuck Valley Planning Region","STATE_NAME":"Connecticut"},"geometry":{"type":"Polygon","coordinates":[[[-73.011158,41.678431],[-73.01066,41.678359],[-73.005954,41.682427],[-73.004751,41.686491],[-73.001801,41.689631],[-73.004153,41.690619],[-73.004777,41.691993],[-72.998393,41.692639],[-72.997783,41.69319],[-72.99354,41.690123],[-72.99138,41.679924],[-72.989473,41.66958],[-72.989283,41.66873],[-72.987636,41.660433],[-72.990512,41.661848],[-72.995577,41.660634],[-73.002364,41.661603],[-73.002661,41.662202],[-73.00712,41.663898],[-73.008295,41.667623],[-73.009889,41.671701],[-73.009386,41.675532],[-73.01163,41.676939],[-73.011158,41.678431]]]}},{"type":"Feature","properties":{"GEOID":"09120073000","STATEFP":"09","COUNTYFP":"120","TRACTCE":"073000","NAMELSAD":"Census Tract 730","NAMELSADCO":"Greater Bridgeport Planning Region","STATE_NAME":"Connecticut"},"geometry":{"type":"Polygon","coordinates":[[[-73.186271,41.20745],[-73.183363,41.212737],[-73.179418,41.217994],[-73.17884,41.221975],[-73.177264,41.222342],[-73.171201,41.222569],[-73.169545,41.222764],[-73.164684,41.225647],[-73.167259,41.223977],[-73.17303,41.215722],[-73.174744,41.214134],[-73.178909,41.210139],[-73.178861,41.206145],[-73.183838,41.206223],[-73.185554,41.206996],[-73.187454,41.204448],[-73.186271,41.20745]]]}},{"type":"Feature","properties":{"GEOID":"09190050600","STATEFP":"09","COUNTYFP":"190","TRACTCE":"050600","NAMELSAD":"Census Tract 506","NAMELSADCO":"Western Connecticut Planning Region","STATE_NAME":"Connecticut"},"geometry":{"type":"Polygon","coordinates":[[[-73.347485,41.108252],[-73.346896,41.108226],[-73.34606,41.108924],[-73.346636,41.112143],[-73.346076,41.114153],[-73.346502,41.116665],[-73.345576,41.11936],[-73.346113,41.122615],[-73.346042,41.12299],[-73.345303,41.126869],[-73.345894,41.129366],[-73.341841,41.136539],[-73.341614,41.137624],[-73.340817,41.137415],[-73.335591,41.138077],[-73.327993,41.138961],[-73.325801,41.13892],[-73.320762,41.138855],[-73.297866,41.138293],[-73.296786,41.136355],[-73.297193,41.135967],[-73.296127,41.133675],[-73.297182,41.132141],[-73.296534,41.129695],[-73.297251,41.12604],[-73.2987463453292,41.1247855952212],[-73.299003,41.124719],[-73.29861,41.120207],[-73.30664,41.116522],[-73.308513,41.115507],[-73.309101,41.114804],[-73.309602,41.114947],[-73.310792,41.115748],[-73.311267,41.116475],[-73.31363,41.116769],[-73.31546,41.116605],[-73.317665,41.116196],[-73.319286,41.11538],[-73.319537770502,41.1153617787239],[-73.320875,41.115265],[-73.32497,41.113433],[-73.33066,41.109996],[-73.330957221598,41.1100872499775],[-73.3310755801918,41.1101235872393],[-73.336409,41.111761],[-73.3470345062531,41.1076577346387],[-73.3472202648725,41.1075859999947],[-73.347485,41.108252]]]}},{"type":"Feature","properties":{"GEOID":"09110510400","STATEFP":"09","COUNTYFP":"110","TRACTCE":"510400","NAMELSAD":"Census Tract 5104","NAMELSADCO":"Capitol Planning Region","STATE_NAME":"Connecticut"},"geometry":{"type":"Polygon","coordinates":[[[-72.645323,41.766764],[-72.643732,41.769359],[-72.642007,41.772157],[-72.640953,41.773657],[-72.640662,41.774039],[-72.638998,41.7761],[-72.635378,41.776603],[-72.634815,41.776705],[-72.61258,41.782931],[-72.610731,41.779229],[-72.607419,41.779698],[-72.607212,41.778547],[-72.605363,41.776502],[-72.60893,41.775582],[-72.613469,41.776965],[-72.618633,41.774546],[-72.620106,41.775806],[-72.622007,41.772132],[-72.620906,41.770872],[-72.625434,41.768804],[-72.627147,41.769655],[-72.630928,41.767941],[-72.631355,41.766899],[-72.632683,41.768021],[-72.633308,41.767315],[-72.639084,41.766315],[-72.642853,41.765247],[-72.643582,41.76293],[-72.645297,41.761409],[-72.646463,41.763804],[-72.645323,41.766764]]]}},{"type":"Feature","properties":{"GEOID":"09190245600","STATEFP":"09","COUNTYFP":"190","TRACTCE":"245600","NAMELSAD":"Census Tract 2456","NAMELSADCO":"Western Connecticut Planning Region","STATE_NAME":"Connecticut"},"geometry":{"type":"Polygon","coordinates":[[[-73.5499011747021,41.3017726067059],[-73.5493781244406,41.3049067897691],[-73.548929,41.307598],[-73.549574,41.315931],[-73.5495265913116,41.3167487012713],[-73.548973,41.326297],[-73.5485869686171,41.3299416091314],[-73.5481110375857,41.3344349810691],[-73.5452425041353,41.3615174507099],[-73.544728,41.366375],[-73.5447070189854,41.3665399980477],[-73.5437226736843,41.3742810466284],[-73.5436192944484,41.3750940374418],[-73.534924,41.375604],[-73.534286,41.375704],[-73.51073,41.37725],[-73.506444,41.377409],[-73.504813,41.373282],[-73.502177,41.363789],[-73.508393,41.36283],[-73.524615,41.360755],[-73.525294,41.356751],[-73.526433,41.352997],[-73.527652,41.350317],[-73.527914,41.347655],[-73.52921,41.34365],[-73.53061,41.341712],[-73.529846,41.336817],[-73.532423,41.335865],[-73.531828,41.334757],[-73.531455,41.334188],[-73.526803,41.331276],[-73.527644,41.327569],[-73.527716,41.325059],[-73.525731,41.323339],[-73.522065,41.323018],[-73.518142,41.319127],[-73.515454,41.318204],[-73.514663,41.318087],[-73.514077,41.317972],[-73.512911,41.316175],[-73.512573,41.313115],[-73.510025,41.31099],[-73.507845,41.30461],[-73.507398,41.304175],[-73.507207,41.303978],[-73.506635,41.302939],[-73.506402,41.302293],[-73.506224,41.301639],[-73.506104,41.300513],[-73.505779,41.299853],[-73.505005,41.29821],[-73.504108,41.293501],[-73.503991,41.29324],[-73.503785,41.292532],[-73.500502,41.29042],[-73.499821,41.289129],[-73.499928,41.288149],[-73.498767,41.284961],[-73.503599,41.28495],[-73.504096,41.282606],[-73.506899,41.282249],[-73.512845,41.282645],[-73.514586,41.28326],[-73.517047,41.284889],[-73.519035,41.290003],[-73.519789,41.290663],[-73.520718,41.290906],[-73.521878,41.290243],[-73.523542,41.289925],[-73.524536,41.290238],[-73.527548,41.286716],[-73.53257,41.285875],[-73.533763,41.286428],[-73.5405370946926,41.2830379128492],[-73.5481483879656,41.292080485325],[-73.5488750069246,41.2929437426406],[-73.550961,41.295422],[-73.5499011747021,41.3017726067059]]]}},{"type":"Feature","properties":{"GEOID":"09140110400","STATEFP":"09","COUNTYFP":"140","TRACTCE":"110400","NAMELSAD":"Census Tract 1104","NAMELSADCO":"Naugatuck Valley Planning Region","STATE_NAME":"Connecticut"},"geometry":{"type":"Polygon","coordinates":[[[-73.202676,41.299389],[-73.193614,41.301362],[-73.184652,41.302423],[-73.178563,41.304283],[-73.17651,41.304251],[-73.172419,41.303852],[-73.168601,41.303607],[-73.165812,41.304945],[-73.163674,41.302559],[-73.16304,41.30115],[-73.158938,41.302343],[-73.155016,41.297814],[-73.153383,41.297402],[-73.148803,41.296832],[-73.147313,41.296427],[-73.14673,41.294926],[-73.148119,41.29374],[-73.148795,41.292656],[-73.150922,41.289304],[-73.154627,41.284962],[-73.155471,41.283824],[-73.158673,41.279325],[-73.162408,41.273402],[-73.163511,41.270637],[-73.164912,41.268795],[-73.173596,41.268606],[-73.178639,41.272636],[-73.179032,41.273731],[-73.190988,41.285799],[-73.198299,41.293093],[-73.200807,41.294944],[-73.2048,41.29936],[-73.202676,41.299389]]]}},{"type":"Feature","properties":{"GEOID":"09190030400","STATEFP":"09","COUNTYFP":"190","TRACTCE":"030400","NAMELSAD":"Census Tract 304","NAMELSADCO":"Western Connecticut Planning Region","STATE_NAME":"Connecticut"},"geometry":{"type":"Polygon","coordinates":[[[-73.510005,41.070409],[-73.499212,41.069173],[-73.493563,41.068671],[-73.491106,41.069036],[-73.488427,41.070043],[-73.481813,41.074358],[-73.479999,41.075339],[-73.478433,41.075985],[-73.476072,41.076534],[-73.470245,41.077166],[-73.464288,41.077587],[-73.464947,41.0766],[-73.467603,41.074525],[-73.469839,41.073774],[-73.475025,41.072392],[-73.48006,41.065672],[-73.480707,41.064831],[-73.482549,41.062387],[-73.487192,41.060445],[-73.489155,41.059965],[-73.49562,41.058577],[-73.498754,41.058572],[-73.502359,41.059276],[-73.506335,41.060797],[-73.507327,41.06092],[-73.508143,41.06208],[-73.508467,41.062834],[-73.509952,41.066799],[-73.509895,41.068711],[-73.510005,41.070409]]]}},{"type":"Feature","properties":{"GEOID":"09120061100","STATEFP":"09","COUNTYFP":"120","TRACTCE":"061100","NAMELSAD":"Census Tract 611","NAMELSADCO":"Greater Bridgeport Planning Region","STATE_NAME":"Connecticut"},"geometry":{"type":"Polygon","coordinates":[[[-73.23661,41.197721],[-73.233572,41.19931],[-73.231485,41.201733],[-73.225643,41.205315],[-73.223129,41.202441],[-73.222927,41.202088],[-73.219366,41.198181],[-73.219139,41.197759],[-73.219403,41.195315],[-73.219772,41.191592],[-73.220371,41.187949],[-73.219789,41.186743],[-73.218692,41.184554],[-73.218012,41.183284],[-73.221729,41.180657],[-73.22369,41.182191],[-73.226089,41.181141],[-73.228348,41.183108],[-73.229584,41.184461],[-73.231888,41.186309],[-73.232471,41.187056],[-73.234476,41.190673],[-73.234835,41.193359],[-73.23817,41.196406],[-73.23661,41.197721]]]}},{"type":"Feature","properties":{"GEOID":"09120080800","STATEFP":"09","COUNTYFP":"120","TRACTCE":"080800","NAMELSAD":"Census Tract 808","NAMELSADCO":"Greater Bridgeport Planning Region","STATE_NAME":"Connecticut"},"geometry":{"type":"Polygon","coordinates":[[[-73.13187,41.206906],[-73.131708,41.207197],[-73.129694,41.209961],[-73.127274,41.212882],[-73.126938,41.213432],[-73.124189,41.217524],[-73.123244,41.218144],[-73.12183,41.218763],[-73.119634,41.219079],[-73.118294,41.219941],[-73.117388,41.221909],[-73.114296,41.225295],[-73.110453,41.225296],[-73.108353,41.218296],[-73.110253,41.213996],[-73.11034,41.213294],[-73.110653,41.207797],[-73.109453,41.204797],[-73.109253,41.204097],[-73.110572,41.20027],[-73.112269,41.200595],[-73.115827,41.200653],[-73.116099,41.200674],[-73.118526,41.199271],[-73.123736,41.198539],[-73.131699,41.199041],[-73.131334,41.200879],[-73.131186,41.202284],[-73.131404,41.203187],[-73.132015,41.206323],[-73.13187,41.206906]]]}},{"type":"Feature","properties":{"GEOID":"09120090100","STATEFP":"09","COUNTYFP":"120","TRACTCE":"090100","NAMELSAD":"Census Tract 901","NAMELSADCO":"Greater Bridgeport Planning Region","STATE_NAME":"Connecticut"},"geometry":{"type":"Polygon","coordinates":[[[-73.275248,41.291628],[-73.274371,41.293806],[-73.263719,41.294907],[-73.257827,41.295397],[-73.246112,41.295848],[-73.243755,41.295833],[-73.234289,41.296724],[-73.230724,41.297423],[-73.227371,41.297604],[-73.234428,41.29079],[-73.23471,41.28945],[-73.235251,41.287517],[-73.237643,41.288006],[-73.240383,41.285865],[-73.240005,41.284571],[-73.245659,41.280977],[-73.24309,41.278291],[-73.242591,41.275576],[-73.244278,41.275496],[-73.245963,41.275359],[-73.249602,41.273597],[-73.24828,41.271969],[-73.249064,41.270071],[-73.248246,41.26416],[-73.247029,41.260645],[-73.246032,41.258079],[-73.245907,41.254543],[-73.247061,41.252061],[-73.247746,41.252081],[-73.24854,41.253405],[-73.25371,41.259135],[-73.274492,41.283893],[-73.275248,41.291628]]]}},{"type":"Feature","properties":{"GEOID":"09190050400","STATEFP":"09","COUNTYFP":"190","TRACTCE":"050400","NAMELSAD":"Census Tract 504","NAMELSADCO":"Western Connecticut Planning Region","STATE_NAME":"Connecticut"},"geometry":{"type":"MultiPolygon","coordinates":[[[[-73.364244,41.088945],[-73.361764,41.087508],[-73.360334,41.085711],[-73.358808,41.086645],[-73.356901,41.087077],[-73.353754,41.087508],[-73.354231,41.085639],[-73.355089,41.083483],[-73.357664,41.081973],[-73.360141,41.08202],[-73.363767,41.083626],[-73.369775,41.088802],[-73.364244,41.088945]]],[[[-73.383662,41.0725002937718],[-73.381887,41.072196],[-73.381314,41.070686],[-73.3835825294851,41.0694191474177],[-73.383562,41.070296],[-73.383662,41.071596],[-73.383662,41.0725002937718]]],[[[-73.383433,41.104616],[-73.384311,41.107313],[-73.382562,41.114596],[-73.38203,41.116734],[-73.381404,41.118312],[-73.380173,41.121139],[-73.380374,41.123415],[-73.380798,41.127096],[-73.381126,41.128603],[-73.376901,41.130461],[-73.371565,41.135849],[-73.367793,41.137101],[-73.366346,41.138257],[-73.364562,41.140596],[-73.364484,41.140625],[-73.363232,41.140931],[-73.362382,41.138744],[-73.362624,41.134317],[-73.366322,41.132752],[-73.367986,41.130491],[-73.369658,41.123806],[-73.369209,41.122734],[-73.368532,41.120759],[-73.368505,41.118695],[-73.372621,41.109285],[-73.370262,41.104196],[-73.3680613466089,41.1028164721535],[-73.368011,41.101642],[-73.365396,41.097343],[-73.369199,41.095552],[-73.3722143912961,41.095518268805],[-73.3794821100463,41.0954369696256],[-73.3822797808682,41.0954056739261],[-73.382787,41.0954],[-73.3826494939678,41.0951802303396],[-73.379693,41.090455],[-73.381028,41.088802],[-73.383662,41.089798000895],[-73.38328,41.09562],[-73.383255,41.095683],[-73.382936,41.099925],[-73.384443,41.102894],[-73.383433,41.104616]]]]}},{"type":"Feature","properties":{"GEOID":"09110484100","STATEFP":"09","COUNTYFP":"110","TRACTCE":"484100","NAMELSAD":"Census Tract 4841","NAMELSADCO":"Capitol Planning Region","STATE_NAME":"Connecticut"},"geometry":{"type":"Polygon","coordinates":[[[-72.623434,41.934297],[-72.607763,41.935891],[-72.606932,41.936097],[-72.577367,41.938657],[-72.559891,41.940335],[-72.548002,41.941801],[-72.547413,41.940688],[-72.548356,41.939146],[-72.547113,41.939019],[-72.549248,41.936869],[-72.548348,41.93445],[-72.546608,41.933769],[-72.548598,41.933401],[-72.546831,41.932777],[-72.548556,41.927952],[-72.547195,41.927876],[-72.546786,41.92634],[-72.548564,41.926761],[-72.550239,41.925968],[-72.549308,41.923844],[-72.550416,41.923051],[-72.550976,41.921012],[-72.553524,41.921023],[-72.55281,41.919601],[-72.556142,41.917383],[-72.556087,41.914795],[-72.559106,41.915384],[-72.558214,41.912508],[-72.562616,41.913631],[-72.562346,41.912222],[-72.564332,41.911134],[-72.566455,41.910002],[-72.567685,41.908434],[-72.568147,41.906033],[-72.57154,41.904205],[-72.57252,41.902628],[-72.57059,41.901939],[-72.572851,41.899101],[-72.571611,41.898147],[-72.573134,41.896329],[-72.572833,41.894155],[-72.574063,41.886561],[-72.577945,41.886787],[-72.578754,41.885905],[-72.578871,41.883323],[-72.577808,41.882775],[-72.580509,41.880882],[-72.58182,41.880021],[-72.585058,41.880784],[-72.587988,41.880129],[-72.589932,41.87727],[-72.585941,41.874046],[-72.588078,41.872394],[-72.587988,41.868313],[-72.605601,41.868038],[-72.616603,41.868596],[-72.619264,41.868296],[-72.619401,41.876525],[-72.619693,41.882841],[-72.620448,41.88714],[-72.620441,41.890404],[-72.621331,41.892168],[-72.620685,41.897712],[-72.621734,41.904597],[-72.622678,41.917109],[-72.62409,41.929195],[-72.623434,41.934297]]]}},{"type":"Feature","properties":{"GEOID":"09110480700","STATEFP":"09","COUNTYFP":"110","TRACTCE":"480700","NAMELSAD":"Census Tract 4807","NAMELSADCO":"Capitol Planning Region","STATE_NAME":"Connecticut"},"geometry":{"type":"Polygon","coordinates":[[[-72.607033,41.973796],[-72.603579,41.989771],[-72.599987,41.990403],[-72.597753,41.990485],[-72.593795,41.990487],[-72.587812,41.990267],[-72.588629,41.986002],[-72.587359,41.97624],[-72.587446,41.973382],[-72.588291,41.970349],[-72.592513,41.971952],[-72.592321,41.973323],[-72.60393,41.974758],[-72.604576,41.97363],[-72.607033,41.973796]]]}},{"type":"Feature","properties":{"GEOID":"09110520202","STATEFP":"09","COUNTYFP":"110","TRACTCE":"520202","NAMELSAD":"Census Tract 5202.02","NAMELSADCO":"Capitol Planning Region","STATE_NAME":"Connecticut"},"geometry":{"type":"Polygon","coordinates":[[[-72.577218,41.650623],[-72.570526,41.651545],[-72.564183,41.652104],[-72.561328,41.660316],[-72.561688,41.663473],[-72.563126,41.665841],[-72.56523,41.667604],[-72.566794,41.672248],[-72.563681,41.676993],[-72.563412,41.679149],[-72.555852,41.680114],[-72.553318,41.680782],[-72.550695,41.680666],[-72.548932,41.680825],[-72.548891,41.68077],[-72.546011,41.681236],[-72.541068,41.683864],[-72.540135,41.689958],[-72.541854,41.693388],[-72.545511,41.695945],[-72.554827,41.697541],[-72.554844,41.698545],[-72.550598,41.700449],[-72.546322,41.700076],[-72.543232,41.700556],[-72.536886,41.700662],[-72.531095,41.701339],[-72.530794,41.699668],[-72.527832,41.6993],[-72.523461,41.696324],[-72.521221,41.696371],[-72.520559,41.692596],[-72.516315,41.693007],[-72.51268,41.692232],[-72.507151,41.69327],[-72.50354,41.693168],[-72.502154,41.691827],[-72.499289,41.690659],[-72.498477,41.689867],[-72.496677,41.68976],[-72.489757,41.692046],[-72.48867,41.693885],[-72.484728,41.696965],[-72.483392,41.697084],[-72.480677,41.698879],[-72.478066,41.698757],[-72.471207,41.699625],[-72.471209,41.694806],[-72.469875,41.68679],[-72.476798,41.686094],[-72.482725,41.681292],[-72.478945,41.673454],[-72.477319,41.668756],[-72.485997,41.666245],[-72.497307,41.662399],[-72.501913,41.654163],[-72.505431,41.646999],[-72.521832,41.645499],[-72.532132,41.643999],[-72.534583,41.643879],[-72.54423,41.642696],[-72.559926,41.640955],[-72.577189,41.639002],[-72.57598,41.644522],[-72.577218,41.650623]]]}},{"type":"Feature","properties":{"GEOID":"09110468101","STATEFP":"09","COUNTYFP":"110","TRACTCE":"468101","NAMELSAD":"Census Tract 4681.01","NAMELSADCO":"Capitol Planning Region","STATE_NAME":"Connecticut"},"geometry":{"type":"Polygon","coordinates":[[[-72.902968,41.931361],[-72.902244,41.931995],[-72.88706,41.973121],[-72.88661,41.974527],[-72.886558,41.974725],[-72.879489,41.99421],[-72.878714,41.995878],[-72.877615,41.998991],[-72.87762,42.000161],[-72.874543,42.008822],[-72.873001,42.011628],[-72.863819,42.035383],[-72.8636384107871,42.0377091702701],[-72.863619,42.037709],[-72.847142,42.036894],[-72.8349699391824,42.0367490988266],[-72.813541,42.036494],[-72.8167357432203,41.997658901085],[-72.816741,41.997595],[-72.7949002458136,41.9999537071038],[-72.77475938856,42.0021288326822],[-72.778412,41.98944],[-72.770464,41.987707],[-72.779392,41.975957],[-72.780618,41.972674],[-72.783253,41.968071],[-72.789502,41.967625],[-72.791197,41.966976],[-72.793565,41.96762],[-72.794792,41.969152],[-72.79846,41.970507],[-72.800343,41.970919],[-72.801289,41.970921],[-72.806148,41.970031],[-72.804936,41.968885],[-72.808131,41.962413],[-72.809604,41.960369],[-72.810609,41.957508],[-72.812124,41.953258],[-72.81372,41.951847],[-72.815544,41.950319],[-72.815822,41.946701],[-72.817839,41.944336],[-72.821269,41.937066],[-72.820071,41.934255],[-72.821459,41.929413],[-72.821458,41.926377],[-72.825152,41.922246],[-72.826429,41.918907],[-72.854954,41.920303],[-72.876644,41.920796],[-72.89111,41.921229],[-72.905945,41.921696],[-72.902968,41.931361]]]}},{"type":"Feature","properties":{"GEOID":"09190010102","STATEFP":"09","COUNTYFP":"190","TRACTCE":"010102","NAMELSAD":"Census Tract 101.02","NAMELSADCO":"Western Connecticut Planning Region","STATE_NAME":"Connecticut"},"geometry":{"type":"Polygon","coordinates":[[[-73.669848,41.123092],[-73.668643,41.124037],[-73.669093,41.125605],[-73.6684334021286,41.1281760841238],[-73.660504402926,41.1318478687221],[-73.639672,41.141495],[-73.633975019844,41.1440908044972],[-73.632448,41.142424],[-73.626427,41.134607],[-73.62137,41.127487],[-73.617587,41.12275],[-73.613785,41.117654],[-73.607055,41.109609],[-73.606346,41.108427],[-73.599163,41.099018],[-73.596475,41.0954],[-73.60035,41.093112],[-73.600789,41.090184],[-73.600323,41.085717],[-73.600715,41.083007],[-73.601818,41.079672],[-73.602978,41.077719],[-73.603665,41.074644],[-73.605121,41.074961],[-73.605862,41.076048],[-73.612925,41.076683],[-73.614358,41.0753],[-73.616957,41.075886],[-73.619508,41.075432],[-73.619709,41.074737],[-73.621813,41.073933],[-73.623717,41.073926],[-73.622869,41.070944],[-73.626992,41.070697],[-73.628811,41.070162],[-73.629062,41.070323],[-73.630996,41.072558],[-73.631427,41.075586],[-73.633722,41.077106],[-73.636286,41.07776],[-73.640574,41.076713],[-73.641143,41.076822],[-73.642641,41.076515],[-73.650433,41.070582],[-73.655008,41.068458],[-73.658607,41.07602],[-73.660896,41.077664],[-73.664561,41.083494],[-73.665239,41.083883],[-73.666616,41.085252],[-73.668156,41.090215],[-73.668292,41.091898],[-73.666741,41.096295],[-73.666937,41.099763],[-73.668306,41.104279],[-73.667921,41.105947],[-73.666306,41.106391],[-73.666195,41.108893],[-73.667387,41.113546],[-73.666171,41.114364],[-73.669421,41.119797],[-73.670079,41.121431],[-73.669848,41.123092]]]}},{"type":"Feature","properties":{"GEOID":"09190011200","STATEFP":"09","COUNTYFP":"190","TRACTCE":"011200","NAMELSAD":"Census Tract 112","NAMELSADCO":"Western Connecticut Planning Region","STATE_NAME":"Connecticut"},"geometry":{"type":"Polygon","coordinates":[[[-73.648826,41.004074],[-73.644224,41.007795],[-73.64422,41.00863],[-73.645648,41.009534],[-73.634364,41.019283],[-73.632535,41.020243],[-73.63055,41.020748],[-73.627204,41.02118],[-73.624246,41.021305],[-73.622114,41.02152],[-73.619308,41.022235],[-73.615988,41.023345],[-73.615897,41.023382],[-73.605677,41.027863],[-73.602677,41.029138],[-73.594627,41.030812],[-73.594555,41.023102],[-73.595441,41.019321],[-73.596612,41.016768],[-73.5967420568665,41.0158760715483],[-73.603952,41.015054],[-73.614722,41.008801],[-73.619487022323,41.0077142895964],[-73.624943,41.00647],[-73.627086,41.001809],[-73.639885,41.003118],[-73.6410127012996,41.0022674354848],[-73.645189,41.003999],[-73.646172,41.003389],[-73.648826,41.004074]]]}},{"type":"Feature","properties":{"GEOID":"09130620100","STATEFP":"09","COUNTYFP":"130","TRACTCE":"620100","NAMELSAD":"Census Tract 6201","NAMELSADCO":"Lower Connecticut River Valley Planning Region","STATE_NAME":"Connecticut"},"geometry":{"type":"Polygon","coordinates":[[[-72.522382,41.376531],[-72.516029,41.376547],[-72.511213,41.377411],[-72.50344,41.37831],[-72.493946,41.37917],[-72.465452,41.381491],[-72.454571,41.382377],[-72.45997,41.386587],[-72.454956,41.388356],[-72.44676,41.391225],[-72.442313,41.392589],[-72.439305,41.396103],[-72.437072,41.397762],[-72.436612,41.400369],[-72.433558,41.401798],[-72.431763,41.401386],[-72.430591,41.401408],[-72.425663,41.400805],[-72.426339,41.398783],[-72.425753,41.395968],[-72.423514,41.391888],[-72.421676,41.39051],[-72.416213,41.389347],[-72.411751,41.389524],[-72.405295,41.388444],[-72.402022,41.388545],[-72.397246,41.387664],[-72.394893,41.38755],[-72.38718,41.386054],[-72.384833,41.38519],[-72.382594,41.38248],[-72.394152,41.37822],[-72.398542,41.377511],[-72.409028,41.375098],[-72.412938,41.374105],[-72.424303,41.365034],[-72.42523,41.364498],[-72.42713,41.363717],[-72.446057,41.356177],[-72.468943,41.345381],[-72.472724,41.334209],[-72.474333,41.334253],[-72.47693,41.334497],[-72.483031,41.338334],[-72.498233,41.347599],[-72.501119,41.347461],[-72.51395,41.346403],[-72.524062,41.376179],[-72.522382,41.376531]]]}},{"type":"Feature","properties":{"GEOID":"09130541700","STATEFP":"09","COUNTYFP":"130","TRACTCE":"541700","NAMELSAD":"Census Tract 5417","NAMELSADCO":"Lower Connecticut River Valley Planning Region","STATE_NAME":"Connecticut"},"geometry":{"type":"Polygon","coordinates":[[[-72.654647,41.555584],[-72.652156,41.55652],[-72.64815,41.558049],[-72.645884,41.558898],[-72.645205,41.557549],[-72.64401,41.558153],[-72.641313,41.56136],[-72.638682,41.560388],[-72.634259,41.560657],[-72.634913,41.559643],[-72.633912,41.557862],[-72.632895,41.553644],[-72.631481,41.550863],[-72.630621,41.547205],[-72.633752,41.546761],[-72.63907,41.548303],[-72.639669,41.548575],[-72.64637,41.549847],[-72.650235,41.54947],[-72.650062,41.550086],[-72.651818,41.549295],[-72.652069,41.550604],[-72.652242,41.552128],[-72.653071,41.551923],[-72.654272,41.554169],[-72.654647,41.555584]]]}},{"type":"Feature","properties":{"GEOID":"09110514800","STATEFP":"09","COUNTYFP":"110","TRACTCE":"514800","NAMELSAD":"Census Tract 5148","NAMELSADCO":"Capitol Planning Region","STATE_NAME":"Connecticut"},"geometry":{"type":"Polygon","coordinates":[[[-72.516938,41.776882],[-72.513409,41.777369],[-72.512851,41.777406],[-72.510962,41.777668],[-72.508023,41.778011],[-72.506704,41.778548],[-72.5061,41.776778],[-72.505142,41.776361],[-72.504895,41.773335],[-72.50554,41.770757],[-72.505185,41.766459],[-72.504515,41.764825],[-72.504453,41.764624],[-72.511387,41.763498],[-72.515522,41.76454],[-72.515988,41.76963],[-72.516895,41.776709],[-72.516938,41.776882]]]}},{"type":"Feature","properties":{"GEOID":"09110400101","STATEFP":"09","COUNTYFP":"110","TRACTCE":"400101","NAMELSAD":"Census Tract 4001.01","NAMELSADCO":"Capitol Planning Region","STATE_NAME":"Connecticut"},"geometry":{"type":"Polygon","coordinates":[[[-72.767219,41.648909],[-72.758153,41.649722],[-72.751643,41.650006],[-72.750357,41.650167],[-72.749874,41.646965],[-72.727163,41.649484],[-72.727356,41.652197],[-72.715296,41.652706],[-72.713833,41.636205],[-72.712339,41.630599],[-72.713897,41.627705],[-72.7155,41.625573],[-72.715527,41.622821],[-72.713287,41.620839],[-72.713079,41.619286],[-72.711274,41.617693],[-72.712567,41.616684],[-72.713644,41.610736],[-72.7151,41.608074],[-72.716428,41.608477],[-72.7198,41.609468],[-72.728571,41.616569],[-72.733213,41.621156],[-72.738202,41.62401],[-72.741086,41.625071],[-72.74335,41.625726],[-72.748688,41.62795],[-72.75075,41.629814],[-72.752124,41.633479],[-72.754488,41.640468],[-72.75629,41.642881],[-72.759251,41.645004],[-72.766336,41.647773],[-72.767824,41.648901],[-72.767219,41.648909]]]}},{"type":"Feature","properties":{"GEOID":"09110466202","STATEFP":"09","COUNTYFP":"110","TRACTCE":"466202","NAMELSAD":"Census Tract 4662.02","NAMELSADCO":"Capitol Planning Region","STATE_NAME":"Connecticut"},"geometry":{"type":"Polygon","coordinates":[[[-72.876644,41.920796],[-72.854954,41.920303],[-72.826429,41.918907],[-72.827132,41.918182],[-72.826647,41.91517],[-72.82733,41.911542],[-72.826267,41.908283],[-72.826716,41.905496],[-72.825636,41.904957],[-72.829325,41.901853],[-72.831426,41.901974],[-72.833424,41.898949],[-72.832263,41.897588],[-72.832673,41.894614],[-72.832016,41.892018],[-72.829584,41.889478],[-72.827938,41.887016],[-72.823995,41.884666],[-72.818248,41.881984],[-72.817353,41.881188],[-72.816295,41.87697],[-72.813133,41.873955],[-72.80828,41.870679],[-72.813173,41.869933],[-72.824252,41.870078],[-72.826595,41.869182],[-72.830023,41.869259],[-72.835706,41.868382],[-72.848381,41.870033],[-72.85236,41.871045],[-72.85835,41.873193],[-72.86176,41.872547],[-72.86373,41.8701],[-72.867808,41.870933],[-72.868142,41.870944],[-72.872848,41.871911],[-72.874339,41.870927],[-72.876644,41.920796]]]}},{"type":"Feature","properties":{"GEOID":"09110430301","STATEFP":"09","COUNTYFP":"110","TRACTCE":"430301","NAMELSAD":"Census Tract 4303.01","NAMELSADCO":"Capitol Planning Region","STATE_NAME":"Connecticut"},"geometry":{"type":"Polygon","coordinates":[[[-72.879256,41.563152],[-72.87391,41.563006],[-72.874055,41.564961],[-72.855056,41.567177],[-72.857137,41.570113],[-72.862078,41.572879],[-72.864931,41.575795],[-72.860918,41.579689],[-72.860988,41.582367],[-72.85531,41.583337],[-72.852977,41.583107],[-72.842852,41.58417],[-72.842059,41.587152],[-72.842337,41.593273],[-72.837951,41.592587],[-72.83053,41.593192],[-72.824077,41.597013],[-72.826457,41.586864],[-72.833874,41.583244],[-72.836535,41.580535],[-72.840244,41.569098],[-72.848541,41.567329],[-72.846005,41.55485],[-72.845731,41.553346],[-72.845149,41.547411],[-72.84428,41.544725],[-72.851736,41.545974],[-72.853147,41.546412],[-72.86781,41.549028],[-72.868227,41.552236],[-72.869514,41.554531],[-72.871916,41.554873],[-72.873956,41.559154],[-72.879791,41.562751],[-72.879256,41.563152]]]}},{"type":"Feature","properties":{"GEOID":"09110487201","STATEFP":"09","COUNTYFP":"110","TRACTCE":"487201","NAMELSAD":"Census Tract 4872.01","NAMELSADCO":"Capitol Planning Region","STATE_NAME":"Connecticut"},"geometry":{"type":"Polygon","coordinates":[[[-72.555092,41.830802],[-72.551679,41.830732],[-72.546427,41.834575],[-72.540135,41.837232],[-72.53469,41.839966],[-72.532991,41.838992],[-72.526056,41.836555],[-72.518915,41.832592],[-72.515818,41.831677],[-72.514306,41.834814],[-72.511504,41.834826],[-72.503751,41.832681],[-72.502632,41.833589],[-72.504435,41.824674],[-72.505255,41.821308],[-72.50543,41.820298],[-72.516687,41.817205],[-72.521077,41.816545],[-72.528878,41.814511],[-72.532884,41.815696],[-72.534968,41.817205],[-72.536723,41.818367],[-72.541976,41.820527],[-72.547747,41.825082],[-72.549878,41.826217],[-72.553218,41.826789],[-72.55384,41.827686],[-72.555092,41.830802]]]}},{"type":"Feature","properties":{"GEOID":"09110514500","STATEFP":"09","COUNTYFP":"110","TRACTCE":"514500","NAMELSAD":"Census Tract 5145","NAMELSADCO":"Capitol Planning Region","STATE_NAME":"Connecticut"},"geometry":{"type":"Polygon","coordinates":[[[-72.559634,41.781213],[-72.556731,41.782303],[-72.555484,41.784477],[-72.55351,41.784443],[-72.550413,41.785415],[-72.545544,41.787467],[-72.536357,41.789114],[-72.535013,41.781646],[-72.533188,41.772636],[-72.535203,41.772423],[-72.536844,41.77258],[-72.539947,41.773264],[-72.544106,41.774006],[-72.544838,41.774123],[-72.546705,41.774229],[-72.550289,41.774281],[-72.550894,41.774271],[-72.555915,41.773303],[-72.555991,41.776517],[-72.557933,41.779215],[-72.557638,41.779608],[-72.562524,41.780705],[-72.559634,41.781213]]]}},{"type":"Feature","properties":{"GEOID":"09190205200","STATEFP":"09","COUNTYFP":"190","TRACTCE":"205200","NAMELSAD":"Census Tract 2052","NAMELSADCO":"Western Connecticut Planning Region","STATE_NAME":"Connecticut"},"geometry":{"type":"Polygon","coordinates":[[[-73.414898,41.501905],[-73.414559,41.503496],[-73.402671,41.508998],[-73.386964,41.514794],[-73.385064,41.512494],[-73.384964,41.510994],[-73.387464,41.509094],[-73.388564,41.506494],[-73.387064,41.505194],[-73.381964,41.503594],[-73.378964,41.501894],[-73.376764,41.498994],[-73.375263,41.489194],[-73.364103,41.485282],[-73.358862,41.482094],[-73.35065,41.479791],[-73.347663,41.478095],[-73.340062,41.476695],[-73.336662,41.475695],[-73.331656,41.472729],[-73.359859,41.44261],[-73.364384,41.437767],[-73.368838,41.439708],[-73.373971,41.443474],[-73.375828,41.446695],[-73.376741,41.449196],[-73.381685,41.456089],[-73.381964,41.456594],[-73.38423,41.45853],[-73.385007,41.462783],[-73.387839,41.466048],[-73.389759,41.466808],[-73.390627,41.466949],[-73.391794,41.467325],[-73.393578,41.467246],[-73.397318,41.467912],[-73.401655,41.468065],[-73.403223,41.467753],[-73.403917,41.469466],[-73.403354,41.471571],[-73.404783,41.471407],[-73.405768,41.476311],[-73.407373,41.477734],[-73.407416,41.481207],[-73.408462,41.482406],[-73.409317,41.484585],[-73.409124,41.486279],[-73.4105,41.489255],[-73.410469,41.491267],[-73.411424,41.492864],[-73.413228,41.493335],[-73.412352,41.494898],[-73.414721,41.499638],[-73.415959,41.501251],[-73.414898,41.501905]]]}},{"type":"Feature","properties":{"GEOID":"09170150500","STATEFP":"09","COUNTYFP":"170","TRACTCE":"150500","NAMELSAD":"Census Tract 1505","NAMELSADCO":"South Central Connecticut Planning Region","STATE_NAME":"Connecticut"},"geometry":{"type":"Polygon","coordinates":[[[-73.122453,41.182897],[-73.121366,41.187444],[-73.120753,41.188497],[-73.116233,41.192586],[-73.115353,41.193497],[-73.110572,41.20027],[-73.109253,41.204097],[-73.109453,41.204797],[-73.104164,41.206162],[-73.102109,41.202186],[-73.098152,41.197127],[-73.096096,41.196079],[-73.090884,41.196282],[-73.091539,41.195063],[-73.095552,41.191048],[-73.095044,41.189883],[-73.094913,41.189199],[-73.095174,41.187634],[-73.091313,41.18553],[-73.0908658886207,41.1851736555925],[-73.097326,41.178067],[-73.101493,41.173825],[-73.103288,41.174076],[-73.1042935661222,41.173187672693],[-73.105458,41.172159],[-73.1058061668315,41.1716950509516],[-73.108005,41.168765],[-73.1080084493287,41.1687516729814],[-73.112152,41.171397],[-73.119853,41.175697],[-73.121453,41.177597],[-73.121997,41.178927],[-73.122453,41.182897]]]}},{"type":"Feature","properties":{"GEOID":"09170140300","STATEFP":"09","COUNTYFP":"170","TRACTCE":"140300","NAMELSAD":"Census Tract 1403","NAMELSADCO":"South Central Connecticut Planning Region","STATE_NAME":"Connecticut"},"geometry":{"type":"Polygon","coordinates":[[[-72.937595,41.306074],[-72.937233,41.306951],[-72.93549,41.306275],[-72.93372,41.305568],[-72.932596,41.305044],[-72.928124,41.302786],[-72.928462,41.302329],[-72.928642,41.302102],[-72.929354,41.301145],[-72.929018,41.298694],[-72.928303,41.296288],[-72.93082,41.293497],[-72.934182,41.291423],[-72.934668,41.293126],[-72.935596,41.296496],[-72.934267,41.297813],[-72.934945,41.300319],[-72.935296,41.301352],[-72.936378,41.303212],[-72.937549,41.305619],[-72.937595,41.306074]]]}},{"type":"Feature","properties":{"GEOID":"09170175700","STATEFP":"09","COUNTYFP":"170","TRACTCE":"175700","NAMELSAD":"Census Tract 1757","NAMELSADCO":"South Central Connecticut Planning Region","STATE_NAME":"Connecticut"},"geometry":{"type":"Polygon","coordinates":[[[-72.853268,41.494564],[-72.848378,41.5001],[-72.846297,41.502829],[-72.848609,41.509851],[-72.849571,41.514593],[-72.850299,41.515731],[-72.84071,41.513789],[-72.823004,41.510108],[-72.818268,41.508235],[-72.818489,41.507065],[-72.821058,41.50711],[-72.819699,41.505338],[-72.82231,41.503577],[-72.82033,41.503305],[-72.817969,41.500962],[-72.818817,41.497635],[-72.820778,41.496643],[-72.821014,41.494682],[-72.819633,41.492638],[-72.816991,41.490996],[-72.826928,41.49236],[-72.828037,41.492443],[-72.828768,41.492481],[-72.831604,41.492628],[-72.841294,41.493926],[-72.845768,41.493489],[-72.850679,41.493891],[-72.852701,41.494347],[-72.853268,41.494564]]]}},{"type":"Feature","properties":{"GEOID":"09140351200","STATEFP":"09","COUNTYFP":"140","TRACTCE":"351200","NAMELSAD":"Census Tract 3512","NAMELSADCO":"Naugatuck Valley Planning Region","STATE_NAME":"Connecticut"},"geometry":{"type":"Polygon","coordinates":[[[-73.035278,41.552534],[-73.034442,41.554508],[-73.030917,41.554057],[-73.028381,41.553763],[-73.027021,41.555799],[-73.027459,41.556382],[-73.025856,41.556657],[-73.025415,41.558311],[-73.023555,41.558128],[-73.023805,41.558919],[-73.023991,41.559599],[-73.024773,41.561145],[-73.023231,41.562361],[-73.019897,41.562061],[-73.017782,41.562619],[-73.01272,41.563904],[-73.009498,41.564036],[-73.011534,41.56096],[-73.01279,41.557727],[-73.013734,41.556445],[-73.016836,41.552656],[-73.01763,41.551847],[-73.019575,41.550774],[-73.020398,41.548456],[-73.017808,41.546857],[-73.022557,41.54599],[-73.026428,41.54629],[-73.026888,41.546077],[-73.02851,41.549469],[-73.029056,41.54994],[-73.031686,41.55126],[-73.035258,41.551378],[-73.035278,41.552534]]]}},{"type":"Feature","properties":{"GEOID":"09170157100","STATEFP":"09","COUNTYFP":"170","TRACTCE":"157100","NAMELSAD":"Census Tract 1571","NAMELSADCO":"South Central Connecticut Planning Region","STATE_NAME":"Connecticut"},"geometry":{"type":"Polygon","coordinates":[[[-73.025977,41.278665],[-73.023279,41.279733],[-73.019295,41.28297],[-73.011206,41.285366],[-73.008912,41.280938],[-73.007812,41.278767],[-72.994143,41.281999],[-72.993621,41.282157],[-72.990334,41.283093],[-72.987148,41.282447],[-72.986908,41.281159],[-72.984035,41.280599],[-72.982985,41.28129],[-72.979943,41.279192],[-72.986468,41.273049],[-72.992027,41.268089],[-72.992028,41.264446],[-72.992213,41.258644],[-72.992366,41.248689],[-72.99046,41.247724],[-72.990938,41.245429],[-72.992051,41.244909],[-72.995014,41.245711],[-72.998729,41.246362],[-73.000239,41.246618],[-73.006448,41.248121],[-73.012715,41.249511],[-73.021226,41.25081],[-73.012422,41.257969],[-73.012677,41.259121],[-73.016056,41.264348],[-73.024364,41.275988],[-73.025977,41.278665]]]}},{"type":"Feature","properties":{"GEOID":"09150904500","STATEFP":"09","COUNTYFP":"150","TRACTCE":"904500","NAMELSAD":"Census Tract 9045","NAMELSADCO":"Northeastern Connecticut Planning Region","STATE_NAME":"Connecticut"},"geometry":{"type":"Polygon","coordinates":[[[-71.9156,41.761458],[-71.913961,41.764093],[-71.913516,41.766022],[-71.910794,41.768108],[-71.908427,41.771017],[-71.906694,41.771664],[-71.9057,41.773119],[-71.905809,41.776472],[-71.903997,41.779909],[-71.902641,41.780618],[-71.890601,41.783793],[-71.888964,41.784878],[-71.888643,41.786428],[-71.889184,41.788488],[-71.890121,41.792776],[-71.886079,41.795582],[-71.885723,41.79717],[-71.886474,41.800719],[-71.887249,41.801814],[-71.887703,41.80204],[-71.899013,41.807541],[-71.895132,41.810066],[-71.8952,41.812222],[-71.894797,41.814274],[-71.894857,41.814816],[-71.894947,41.815311],[-71.894926,41.815475],[-71.894737,41.815519],[-71.89418,41.815565],[-71.892181,41.815707],[-71.892681,41.81894],[-71.89133,41.818827],[-71.887912,41.818117],[-71.886738,41.817608],[-71.876676,41.813312],[-71.87745,41.811053],[-71.876039,41.810506],[-71.876252,41.809345],[-71.872007,41.809375],[-71.872496,41.807466],[-71.872552,41.804196],[-71.872628,41.801823],[-71.876536,41.794277],[-71.876566,41.792345],[-71.876084,41.79094],[-71.872166,41.785322],[-71.871677,41.783084],[-71.872205,41.770184],[-71.8717,41.764848],[-71.874449,41.764457],[-71.90016,41.76172],[-71.917241,41.759714],[-71.9156,41.761458]]]}},{"type":"Feature","properties":{"GEOID":"09190253100","STATEFP":"09","COUNTYFP":"190","TRACTCE":"253100","NAMELSAD":"Census Tract 2531","NAMELSADCO":"Western Connecticut Planning Region","STATE_NAME":"Connecticut"},"geometry":{"type":"Polygon","coordinates":[[[-73.423735,41.588592],[-73.421337,41.590811],[-73.420801,41.593218],[-73.421511,41.594002],[-73.419792,41.59401],[-73.417985,41.595836],[-73.415324,41.596542],[-73.415219,41.597762],[-73.413202,41.599575],[-73.414079,41.600367],[-73.41159,41.604741],[-73.41273,41.607365],[-73.411155,41.610587],[-73.4094,41.611732],[-73.409107,41.613623],[-73.406428,41.617545],[-73.404582,41.619227],[-73.40251,41.620389],[-73.401566,41.621113],[-73.401251,41.621983],[-73.400548,41.622629],[-73.398966,41.62344],[-73.39834,41.62394],[-73.394265,41.624338],[-73.397268,41.621032],[-73.397677,41.619934],[-73.397691,41.619881],[-73.397915,41.617082],[-73.40236,41.610707],[-73.403973,41.605526],[-73.404976,41.603765],[-73.40567,41.60278],[-73.403257,41.601808],[-73.403898,41.59969],[-73.405088,41.597221],[-73.404245,41.597257],[-73.399161,41.597764],[-73.397096,41.597905],[-73.397694,41.593255],[-73.399465,41.591103],[-73.402279,41.582933],[-73.403346,41.582015],[-73.415246,41.580187],[-73.420012,41.583115],[-73.420255,41.585392],[-73.422881,41.586536],[-73.422105,41.587737],[-73.423655,41.587736],[-73.423735,41.588592]]]}},{"type":"Feature","properties":{"GEOID":"09190022102","STATEFP":"09","COUNTYFP":"190","TRACTCE":"022102","NAMELSAD":"Census Tract 221.02","NAMELSADCO":"Western Connecticut Planning Region","STATE_NAME":"Connecticut"},"geometry":{"type":"Polygon","coordinates":[[[-73.5369334391699,41.0308993351181],[-73.536544,41.034405],[-73.534222,41.036901],[-73.53499,41.037351],[-73.530993,41.040881],[-73.530497,41.042247],[-73.530506,41.042539],[-73.530644,41.043538],[-73.534239,41.048759],[-73.532594,41.049391],[-73.528501,41.049817],[-73.527705,41.050514],[-73.524398,41.048728],[-73.521621,41.049274],[-73.521206,41.049347],[-73.519178,41.049571],[-73.518111,41.049661],[-73.517338,41.046443],[-73.52009,41.046022],[-73.519568,41.044997],[-73.516865,41.043717],[-73.516945,41.042715],[-73.51825,41.041592],[-73.519486,41.040538],[-73.521121,41.041766],[-73.5211989186167,41.0377872951312],[-73.5222799218801,41.0372071525183],[-73.523526,41.038063],[-73.527264,41.03862],[-73.527693,41.036314],[-73.527383,41.035496],[-73.531269,41.034661],[-73.532366,41.032697],[-73.5344100876717,41.0318290994976],[-73.535338,41.03192],[-73.5366682040146,41.0310690164282],[-73.5369334391699,41.0308993351181]]]}},{"type":"Feature","properties":{"GEOID":"09190230502","STATEFP":"09","COUNTYFP":"190","TRACTCE":"230502","NAMELSAD":"Census Tract 2305.02","NAMELSADCO":"Western Connecticut Planning Region","STATE_NAME":"Connecticut"},"geometry":{"type":"Polygon","coordinates":[[[-73.299112,41.403809],[-73.294355,41.406548],[-73.292155,41.408993],[-73.291404,41.409136],[-73.289208,41.409844],[-73.283997,41.409397],[-73.283043,41.407415],[-73.280151,41.408139],[-73.277702,41.404797],[-73.272133,41.406545],[-73.269322,41.407508],[-73.266529,41.407227],[-73.2663,41.409013],[-73.263552,41.407982],[-73.259168,41.408626],[-73.255924,41.407136],[-73.250603,41.403716],[-73.247515,41.401069],[-73.243512,41.399929],[-73.242016,41.396905],[-73.24159,41.396479],[-73.237118,41.395754],[-73.234247,41.39598],[-73.231512,41.394852],[-73.227559,41.392758],[-73.225158,41.392149],[-73.21531,41.389054],[-73.210019,41.388341],[-73.204607,41.385009],[-73.202947,41.382229],[-73.201075,41.38102],[-73.203578,41.379162],[-73.202294,41.378005],[-73.202029,41.375179],[-73.201311,41.373941],[-73.202136,41.372237],[-73.204828,41.370475],[-73.206614,41.370166],[-73.211199,41.367721],[-73.213294,41.367919],[-73.21903,41.364495],[-73.223326,41.36422],[-73.225336,41.365342],[-73.227776,41.365051],[-73.229488,41.36721],[-73.228117,41.368813],[-73.229007,41.370303],[-73.256172,41.357441],[-73.261292,41.355006],[-73.263642,41.356877],[-73.266438,41.361719],[-73.268786,41.363764],[-73.270265,41.365689],[-73.27096,41.366604],[-73.270835,41.368653],[-73.272001,41.371539],[-73.271867,41.375232],[-73.273521,41.376162],[-73.275465,41.376814],[-73.283,41.380636],[-73.284383,41.382267],[-73.285851,41.387647],[-73.290294,41.390799],[-73.291225,41.393556],[-73.293297,41.395988],[-73.295511,41.399699],[-73.299112,41.403809]]]}},{"type":"Feature","properties":{"GEOID":"09120071200","STATEFP":"09","COUNTYFP":"120","TRACTCE":"071200","NAMELSAD":"Census Tract 712","NAMELSADCO":"Greater Bridgeport Planning Region","STATE_NAME":"Connecticut"},"geometry":{"type":"Polygon","coordinates":[[[-73.210898,41.180961],[-73.206688,41.183099],[-73.206186,41.182609],[-73.204688,41.181045],[-73.201772,41.178267],[-73.201245,41.177708],[-73.199359,41.175926],[-73.19898,41.175413],[-73.198539,41.174854],[-73.197901,41.173937],[-73.201202,41.172941],[-73.205319,41.17163],[-73.205449,41.17411],[-73.205728,41.177224],[-73.207019,41.177618],[-73.208314,41.178738],[-73.210898,41.180961]]]}},{"type":"Feature","properties":{"GEOID":"09120072100","STATEFP":"09","COUNTYFP":"120","TRACTCE":"072100","NAMELSAD":"Census Tract 721","NAMELSADCO":"Greater Bridgeport Planning Region","STATE_NAME":"Connecticut"},"geometry":{"type":"Polygon","coordinates":[[[-73.223072,41.176385],[-73.219268,41.179367],[-73.219647,41.18148],[-73.218012,41.183284],[-73.218692,41.184554],[-73.219789,41.186743],[-73.220371,41.187949],[-73.219772,41.191592],[-73.219403,41.195315],[-73.219139,41.197759],[-73.217934,41.196248],[-73.215055,41.192963],[-73.214032,41.191709],[-73.213519,41.191171],[-73.213025,41.190564],[-73.211038,41.188272],[-73.206688,41.183099],[-73.210898,41.180961],[-73.214793,41.178991],[-73.217097,41.177988],[-73.218219,41.177476],[-73.220707,41.176707],[-73.223072,41.176385]]]}},{"type":"Feature","properties":{"GEOID":"09120073700","STATEFP":"09","COUNTYFP":"120","TRACTCE":"073700","NAMELSAD":"Census Tract 737","NAMELSADCO":"Greater Bridgeport Planning Region","STATE_NAME":"Connecticut"},"geometry":{"type":"Polygon","coordinates":[[[-73.171635,41.193446],[-73.169723,41.193356],[-73.166874,41.193489],[-73.165108,41.193487],[-73.161658,41.193607],[-73.159886,41.193371],[-73.159383,41.193247],[-73.155764,41.192563],[-73.153819,41.192533],[-73.154812,41.191646],[-73.155115,41.189992],[-73.158942,41.188653],[-73.162093,41.187537],[-73.165608,41.186368],[-73.167295,41.186462],[-73.170894,41.186648],[-73.171005,41.187394],[-73.171628,41.18895],[-73.171835,41.18933],[-73.171635,41.193446]]]}},{"type":"Feature","properties":{"GEOID":"09120080900","STATEFP":"09","COUNTYFP":"120","TRACTCE":"080900","NAMELSAD":"Census Tract 809","NAMELSADCO":"Greater Bridgeport Planning Region","STATE_NAME":"Connecticut"},"geometry":{"type":"Polygon","coordinates":[[[-73.148199,41.20623],[-73.148722,41.208859],[-73.146966,41.209915],[-73.145918,41.209309],[-73.144974,41.212122],[-73.144059,41.211355],[-73.143531,41.20972],[-73.139352,41.210344],[-73.131772,41.21017],[-73.131585,41.208322],[-73.131708,41.207197],[-73.13187,41.206906],[-73.132015,41.206323],[-73.131404,41.203187],[-73.131186,41.202284],[-73.131334,41.200879],[-73.131699,41.199041],[-73.132695,41.198894],[-73.134499,41.198143],[-73.137651,41.196835],[-73.141263,41.195178],[-73.142097,41.196007],[-73.145159,41.200793],[-73.146029,41.201885],[-73.147803,41.203711],[-73.148121,41.204117],[-73.149149,41.205914],[-73.148199,41.20623]]]}},{"type":"Feature","properties":{"GEOID":"09110487500","STATEFP":"09","COUNTYFP":"110","TRACTCE":"487500","NAMELSAD":"Census Tract 4875","NAMELSADCO":"Capitol Planning Region","STATE_NAME":"Connecticut"},"geometry":{"type":"Polygon","coordinates":[[[-72.618856,41.799009],[-72.614781,41.805371],[-72.612467,41.811422],[-72.608903,41.811236],[-72.602125,41.808957],[-72.592374,41.813514],[-72.590944,41.81431],[-72.588811,41.820034],[-72.588698,41.821782],[-72.588321,41.822319],[-72.583044,41.825095],[-72.572836,41.826121],[-72.568763,41.826004],[-72.56502,41.826828],[-72.560289,41.826802],[-72.553218,41.826789],[-72.549878,41.826217],[-72.547747,41.825082],[-72.541976,41.820527],[-72.536723,41.818367],[-72.534968,41.817205],[-72.532884,41.815696],[-72.528878,41.814511],[-72.535564,41.812972],[-72.540541,41.811741],[-72.555338,41.808089],[-72.575916,41.802894],[-72.579588,41.80208],[-72.580539,41.801567],[-72.583489,41.800644],[-72.616796,41.799129],[-72.618856,41.799009]]]}},{"type":"Feature","properties":{"GEOID":"09180870701","STATEFP":"09","COUNTYFP":"180","TRACTCE":"870701","NAMELSAD":"Census Tract 8707.01","NAMELSADCO":"Southeastern Connecticut Planning Region","STATE_NAME":"Connecticut"},"geometry":{"type":"Polygon","coordinates":[[[-72.214256,41.356933],[-72.209764,41.360825],[-72.207112,41.363504],[-72.202006,41.369719],[-72.196668,41.373518],[-72.194769,41.374254],[-72.192363,41.374739],[-72.191659,41.372897],[-72.193256,41.370452],[-72.192695,41.368913],[-72.193031,41.367098],[-72.18943,41.358466],[-72.189614,41.354594],[-72.188122,41.349497],[-72.188822,41.346397],[-72.188222,41.345597],[-72.184901,41.34472],[-72.184827,41.342197],[-72.184808,41.339001],[-72.187007,41.337956],[-72.188471,41.338622],[-72.191092,41.338128],[-72.191441,41.334592],[-72.192169,41.333504],[-72.192651,41.334203],[-72.194002,41.334293],[-72.194822,41.333291],[-72.197975,41.332679],[-72.205058,41.333965],[-72.206962,41.335161],[-72.208895,41.33844],[-72.209028,41.340138],[-72.211263,41.344594],[-72.211787,41.349615],[-72.211176,41.351099],[-72.212684,41.354378],[-72.212736,41.356874],[-72.214256,41.356933]]]}},{"type":"Feature","properties":{"GEOID":"09170184200","STATEFP":"09","COUNTYFP":"170","TRACTCE":"184200","NAMELSAD":"Census Tract 1842","NAMELSADCO":"South Central Connecticut Planning Region","STATE_NAME":"Connecticut"},"geometry":{"type":"Polygon","coordinates":[[[-72.862625,41.271449],[-72.862631,41.273585],[-72.860534,41.277485],[-72.859344,41.281012],[-72.860324,41.282169],[-72.851456,41.28331],[-72.81963,41.288261],[-72.819554,41.288012],[-72.818045,41.285732],[-72.819758,41.284699],[-72.826689,41.277906],[-72.826904,41.277649],[-72.827126,41.277328],[-72.827324,41.277107],[-72.828674,41.276073],[-72.829417,41.275652],[-72.830226,41.275236],[-72.831196,41.275091],[-72.832675,41.275345],[-72.833446,41.273714],[-72.838245,41.269079],[-72.840928,41.268186],[-72.842573,41.268144],[-72.843168,41.269031],[-72.845787,41.268011],[-72.849889,41.267881],[-72.850863,41.266395],[-72.852206,41.265983],[-72.851927,41.262181],[-72.85334,41.264126],[-72.857704,41.265568],[-72.860513,41.265521],[-72.861032,41.266613],[-72.862474,41.269783],[-72.864047,41.269549],[-72.862625,41.271449]]]}},{"type":"Feature","properties":{"GEOID":"09170165200","STATEFP":"09","COUNTYFP":"170","TRACTCE":"165200","NAMELSAD":"Census Tract 1652","NAMELSADCO":"South Central Connecticut Planning Region","STATE_NAME":"Connecticut"},"geometry":{"type":"Polygon","coordinates":[[[-72.9131,41.354363],[-72.912547,41.355319],[-72.911759,41.355984],[-72.910578,41.356885],[-72.909434,41.360662],[-72.909296,41.361337],[-72.908839,41.364008],[-72.908024,41.366518],[-72.901806,41.364961],[-72.899655,41.364618],[-72.899624,41.364726],[-72.893981,41.3633],[-72.897427,41.357704],[-72.900609,41.352539],[-72.902173,41.349944],[-72.902248,41.345796],[-72.902592,41.343722],[-72.901936,41.338781],[-72.902087,41.334228],[-72.900984,41.330567],[-72.898657,41.32974],[-72.897752,41.328098],[-72.902541,41.327195],[-72.908528,41.33085],[-72.912529,41.333192],[-72.911447,41.335529],[-72.912917,41.340163],[-72.912078,41.343611],[-72.912461,41.346027],[-72.913372,41.348637],[-72.9131,41.354363]]]}},{"type":"Feature","properties":{"GEOID":"09140344200","STATEFP":"09","COUNTYFP":"140","TRACTCE":"344200","NAMELSAD":"Census Tract 3442","NAMELSADCO":"Naugatuck Valley Planning Region","STATE_NAME":"Connecticut"},"geometry":{"type":"Polygon","coordinates":[[[-73.164676,41.557088],[-73.145036,41.557822],[-73.130878,41.560917],[-73.128602,41.556402],[-73.129586,41.554195],[-73.128218,41.551414],[-73.126978,41.550925],[-73.125777,41.547407],[-73.123952,41.547348],[-73.12068,41.544719],[-73.121163,41.543613],[-73.117941,41.542585],[-73.117086,41.542464],[-73.119222,41.538064],[-73.121882,41.53674],[-73.123708,41.53369],[-73.12928,41.527772],[-73.124029,41.527289],[-73.124482,41.525805],[-73.12369,41.51998],[-73.12207,41.513678],[-73.121013,41.51108],[-73.114958,41.508541],[-73.110885,41.507523],[-73.111404,41.504607],[-73.110487,41.503099],[-73.107808,41.5007],[-73.104667,41.499698],[-73.102718,41.498419],[-73.101868,41.496955],[-73.104532,41.492058],[-73.104234,41.489396],[-73.125017,41.487552],[-73.15789,41.489409],[-73.157319,41.490243],[-73.156836,41.492969],[-73.158016,41.496589],[-73.159857,41.497007],[-73.160353,41.498056],[-73.159033,41.500728],[-73.157902,41.501736],[-73.156783,41.505501],[-73.158381,41.508161],[-73.156882,41.511416],[-73.155561,41.511399],[-73.155413,41.514828],[-73.15573,41.515279],[-73.156061,41.518288],[-73.157854,41.525049],[-73.162523,41.547083],[-73.164676,41.557088]]]}},{"type":"Feature","properties":{"GEOID":"09180690400","STATEFP":"09","COUNTYFP":"180","TRACTCE":"690400","NAMELSAD":"Census Tract 6904","NAMELSADCO":"Southeastern Connecticut Planning Region","STATE_NAME":"Connecticut"},"geometry":{"type":"Polygon","coordinates":[[[-72.112491,41.357562],[-72.110819,41.357953],[-72.108808,41.358017],[-72.10856,41.360471],[-72.104204,41.358483],[-72.105991,41.357075],[-72.105046,41.35527],[-72.105773,41.353418],[-72.103068,41.351144],[-72.105054,41.349343],[-72.105829,41.349171],[-72.106506,41.349013],[-72.10761,41.34984],[-72.110036,41.353305],[-72.112464,41.356571],[-72.113148,41.357167],[-72.112491,41.357562]]]}},{"type":"Feature","properties":{"GEOID":"09180715100","STATEFP":"09","COUNTYFP":"180","TRACTCE":"715100","NAMELSAD":"Census Tract 7151","NAMELSADCO":"Southeastern Connecticut Planning Region","STATE_NAME":"Connecticut"},"geometry":{"type":"Polygon","coordinates":[[[-72.322931,41.518119],[-72.314401,41.519157],[-72.303771,41.521307],[-72.295832,41.522934],[-72.263949,41.529578],[-72.252228,41.531985],[-72.21911,41.538815],[-72.224123,41.530298],[-72.226446,41.5253],[-72.227124,41.522498],[-72.227624,41.518698],[-72.227285,41.516686],[-72.226275,41.513314],[-72.224436,41.509744],[-72.218357,41.500452],[-72.217524,41.494694],[-72.216535,41.480002],[-72.215124,41.473498],[-72.212687,41.457453],[-72.222462,41.456494],[-72.221524,41.446296],[-72.231188,41.444827],[-72.242024,41.443198],[-72.272848,41.440746],[-72.276636,41.440449],[-72.286577,41.439074],[-72.304868,41.432728],[-72.305531,41.436282],[-72.312537,41.478411],[-72.315246,41.478091],[-72.321848,41.512221],[-72.322931,41.518119]]]}},{"type":"Feature","properties":{"GEOID":"09110496800","STATEFP":"09","COUNTYFP":"110","TRACTCE":"496800","NAMELSAD":"Census Tract 4968","NAMELSADCO":"Capitol Planning Region","STATE_NAME":"Connecticut"},"geometry":{"type":"Polygon","coordinates":[[[-72.73522,41.749239],[-72.733696,41.748794],[-72.729302,41.749823],[-72.728242,41.749937],[-72.721687,41.749851],[-72.715145,41.749745],[-72.715226,41.74775],[-72.715074,41.74608],[-72.715369,41.744354],[-72.716824,41.742346],[-72.720538,41.742593],[-72.73015,41.74302],[-72.729621,41.73815],[-72.730311,41.736337],[-72.731134,41.736999],[-72.73325,41.741021],[-72.734888,41.742637],[-72.73522,41.749239]]]}},{"type":"Feature","properties":{"GEOID":"09110416700","STATEFP":"09","COUNTYFP":"110","TRACTCE":"416700","NAMELSAD":"Census Tract 4167","NAMELSADCO":"Capitol Planning Region","STATE_NAME":"Connecticut"},"geometry":{"type":"Polygon","coordinates":[[[-72.814307,41.68829],[-72.812006,41.690233],[-72.811103,41.692247],[-72.810099,41.691829],[-72.798151,41.701199],[-72.79595,41.703399],[-72.793139,41.700508],[-72.791983,41.699284],[-72.791375,41.698064],[-72.791151,41.697185],[-72.791069,41.694032],[-72.790424,41.69258],[-72.789216,41.688276],[-72.788574,41.685517],[-72.792962,41.683451],[-72.793484,41.683454],[-72.796275,41.684352],[-72.80007,41.684607],[-72.802106,41.684227],[-72.803142,41.684349],[-72.808163,41.685479],[-72.812086,41.688272],[-72.814307,41.68829]]]}},{"type":"Feature","properties":{"GEOID":"09110494500","STATEFP":"09","COUNTYFP":"110","TRACTCE":"494500","NAMELSAD":"Census Tract 4945","NAMELSADCO":"Capitol Planning Region","STATE_NAME":"Connecticut"},"geometry":{"type":"Polygon","coordinates":[[[-72.737131,41.714937],[-72.731639,41.7218],[-72.72612,41.722376],[-72.714833,41.723512],[-72.714561,41.72363],[-72.714138,41.72381],[-72.710233,41.724185],[-72.705938,41.7243],[-72.70804,41.710374],[-72.706315,41.703007],[-72.705438,41.69923],[-72.705349,41.698054],[-72.709409,41.697796],[-72.71446,41.69974],[-72.71466,41.70035],[-72.714487,41.706086],[-72.720563,41.705641],[-72.720025,41.70683],[-72.722387,41.707419],[-72.725592,41.706761],[-72.725315,41.704717],[-72.735071,41.703752],[-72.736441,41.710364],[-72.737131,41.714937]]]}},{"type":"Feature","properties":{"GEOID":"09140406100","STATEFP":"09","COUNTYFP":"140","TRACTCE":"406100","NAMELSAD":"Census Tract 4061","NAMELSADCO":"Naugatuck Valley Planning Region","STATE_NAME":"Connecticut"},"geometry":{"type":"Polygon","coordinates":[[[-72.950922,41.678487],[-72.949228,41.681579],[-72.944052,41.681257],[-72.942276,41.682259],[-72.942064,41.681784],[-72.941278,41.679809],[-72.940781,41.678104],[-72.94083,41.676598],[-72.940193,41.673537],[-72.935046,41.674066],[-72.934791,41.673692],[-72.929487,41.674283],[-72.927952,41.672852],[-72.926871,41.670372],[-72.926818,41.669573],[-72.927521,41.668242],[-72.928806,41.668086],[-72.933968,41.668697],[-72.93592,41.668782],[-72.939299,41.668026],[-72.941112,41.667708],[-72.943326,41.667944],[-72.94535,41.667822],[-72.947915,41.667404],[-72.948307,41.668239],[-72.948466,41.66945],[-72.949435,41.671787],[-72.949697,41.672284],[-72.950149,41.674663],[-72.950317,41.675457],[-72.950922,41.678487]]]}},{"type":"Feature","properties":{"GEOID":"09110511300","STATEFP":"09","COUNTYFP":"110","TRACTCE":"511300","NAMELSAD":"Census Tract 5113","NAMELSADCO":"Capitol Planning Region","STATE_NAME":"Connecticut"},"geometry":{"type":"Polygon","coordinates":[[[-72.61258,41.782931],[-72.60846,41.784009],[-72.594933,41.786913],[-72.581515,41.789777],[-72.581458,41.788799],[-72.579949,41.782189],[-72.579836,41.780688],[-72.582593,41.781257],[-72.587033,41.783268],[-72.589308,41.783076],[-72.591724,41.782221],[-72.594593,41.782752],[-72.596945,41.781139],[-72.596163,41.77939],[-72.600804,41.780305],[-72.600616,41.77637],[-72.601837,41.775874],[-72.605363,41.776502],[-72.607212,41.778547],[-72.607419,41.779698],[-72.610731,41.779229],[-72.61258,41.782931]]]}},{"type":"Feature","properties":{"GEOID":"09110460204","STATEFP":"09","COUNTYFP":"110","TRACTCE":"460204","NAMELSAD":"Census Tract 4602.04","NAMELSADCO":"Capitol Planning Region","STATE_NAME":"Connecticut"},"geometry":{"type":"Polygon","coordinates":[[[-72.89983,41.732046],[-72.890936,41.736531],[-72.88473,41.737788],[-72.883924,41.737643],[-72.880804,41.736839],[-72.877461,41.735521],[-72.863085,41.728519],[-72.86194,41.727945],[-72.857372,41.725191],[-72.846431,41.719108],[-72.842289,41.717626],[-72.839897,41.716527],[-72.836836,41.715984],[-72.836235,41.715757],[-72.837566,41.713159],[-72.841203,41.709384],[-72.843336,41.703847],[-72.844545,41.698546],[-72.844127,41.693845],[-72.844685,41.692324],[-72.848861,41.693041],[-72.85321,41.693792],[-72.863845,41.695429],[-72.869342,41.696522],[-72.877786,41.698095],[-72.892883,41.696693],[-72.89375,41.699575],[-72.893714,41.699581],[-72.894992,41.708452],[-72.895641,41.712404],[-72.897031,41.717272],[-72.89827,41.723177],[-72.89983,41.732046]]]}},{"type":"Feature","properties":{"GEOID":"09110502100","STATEFP":"09","COUNTYFP":"110","TRACTCE":"502100","NAMELSAD":"Census Tract 5021","NAMELSADCO":"Capitol Planning Region","STATE_NAME":"Connecticut"},"geometry":{"type":"Polygon","coordinates":[[[-72.686447,41.765773],[-72.683586,41.76619],[-72.681831,41.76786],[-72.68176,41.7704],[-72.681697,41.770983],[-72.680684,41.772369],[-72.679236,41.773076],[-72.677539,41.773722],[-72.677022,41.773834],[-72.675048,41.774685],[-72.674579,41.774948],[-72.672731,41.775965],[-72.670336,41.777299],[-72.668234,41.773292],[-72.667347,41.769537],[-72.664908,41.769528],[-72.665114,41.765762],[-72.661336,41.758699],[-72.655936,41.7543],[-72.654164,41.753169],[-72.65399,41.753058],[-72.657069,41.751241],[-72.658173,41.751936],[-72.659073,41.752075],[-72.659293,41.753176],[-72.659568,41.7537],[-72.664245,41.757869],[-72.665789,41.758105],[-72.668029,41.760242],[-72.674586,41.761829],[-72.675187,41.759773],[-72.679644,41.760981],[-72.682048,41.761657],[-72.681992,41.762752],[-72.686614,41.763661],[-72.686447,41.765773]]]}},{"type":"Feature","properties":{"GEOID":"09110504000","STATEFP":"09","COUNTYFP":"110","TRACTCE":"504000","NAMELSAD":"Census Tract 5040","NAMELSADCO":"Capitol Planning Region","STATE_NAME":"Connecticut"},"geometry":{"type":"Polygon","coordinates":[[[-72.705088,41.791016],[-72.701785,41.791262],[-72.700079,41.793867],[-72.698288,41.799221],[-72.698223,41.800739],[-72.694782,41.800695],[-72.693381,41.80077],[-72.691116,41.800925],[-72.690076,41.800844],[-72.690037,41.799505],[-72.689921,41.796048],[-72.69374,41.796026],[-72.694131,41.793741],[-72.695223,41.791399],[-72.69585,41.786846],[-72.697165,41.787069],[-72.698452,41.787415],[-72.701836,41.787321],[-72.703067,41.784318],[-72.7041,41.784521],[-72.706177,41.791693],[-72.705088,41.791016]]]}},{"type":"Feature","properties":{"GEOID":"09110430203","STATEFP":"09","COUNTYFP":"110","TRACTCE":"430203","NAMELSAD":"Census Tract 4302.03","NAMELSADCO":"Capitol Planning Region","STATE_NAME":"Connecticut"},"geometry":{"type":"Polygon","coordinates":[[[-72.871126,41.602015],[-72.867593,41.602601],[-72.8668,41.602875],[-72.864602,41.604424],[-72.863678,41.604796],[-72.857836,41.605741],[-72.845735,41.606967],[-72.844155,41.60663],[-72.842778,41.596587],[-72.842454,41.595237],[-72.842337,41.593273],[-72.842059,41.587152],[-72.842852,41.58417],[-72.852977,41.583107],[-72.85531,41.583337],[-72.860988,41.582367],[-72.862287,41.582015],[-72.865449,41.581732],[-72.866349,41.588007],[-72.864893,41.591208],[-72.865,41.596257],[-72.869411,41.595831],[-72.869732,41.596287],[-72.870292,41.597612],[-72.873034,41.599418],[-72.871126,41.602015]]]}},{"type":"Feature","properties":{"GEOID":"09110492300","STATEFP":"09","COUNTYFP":"110","TRACTCE":"492300","NAMELSAD":"Census Tract 4923","NAMELSADCO":"Capitol Planning Region","STATE_NAME":"Connecticut"},"geometry":{"type":"Polygon","coordinates":[[[-72.70804,41.710374],[-72.705938,41.7243],[-72.704838,41.7245],[-72.693536,41.725186],[-72.691841,41.725481],[-72.691492,41.72546],[-72.680379,41.726793],[-72.673757,41.727671],[-72.668237,41.728219],[-72.667431,41.728328],[-72.667423,41.726578],[-72.666625,41.724046],[-72.663573,41.717133],[-72.671033,41.71569],[-72.67912,41.714128],[-72.690684,41.711901],[-72.693651,41.710784],[-72.699545,41.710071],[-72.702958,41.703338],[-72.706315,41.703007],[-72.70804,41.710374]]]}},{"type":"Feature","properties":{"GEOID":"09110476100","STATEFP":"09","COUNTYFP":"110","TRACTCE":"476100","NAMELSAD":"Census Tract 4761","NAMELSADCO":"Capitol Planning Region","STATE_NAME":"Connecticut"},"geometry":{"type":"Polygon","coordinates":[[[-72.671153,41.94476],[-72.669771,41.946889],[-72.659512,41.946307],[-72.651744,41.946083],[-72.637678,41.944717],[-72.628925,41.94418],[-72.616852,41.943501],[-72.613964,41.943468],[-72.623434,41.934297],[-72.62409,41.929195],[-72.622678,41.917109],[-72.621734,41.904597],[-72.625038,41.90428],[-72.635427,41.903308],[-72.634693,41.904265],[-72.635674,41.905662],[-72.637104,41.912616],[-72.637654,41.914788],[-72.633467,41.921491],[-72.633241,41.925918],[-72.633061,41.929717],[-72.632665,41.936768],[-72.639486,41.937375],[-72.651937,41.938192],[-72.670902,41.939841],[-72.671153,41.94476]]]}},{"type":"Feature","properties":{"GEOID":"09130542100","STATEFP":"09","COUNTYFP":"130","TRACTCE":"542100","NAMELSAD":"Census Tract 5421","NAMELSADCO":"Lower Connecticut River Valley Planning Region","STATE_NAME":"Connecticut"},"geometry":{"type":"Polygon","coordinates":[[[-72.690218,41.542023],[-72.687282,41.542875],[-72.682395,41.545123],[-72.677916,41.546561],[-72.671822,41.549637],[-72.671915,41.550091],[-72.668269,41.550865],[-72.667047,41.552165],[-72.665877,41.551183],[-72.66446,41.550947],[-72.663558,41.55125],[-72.662192,41.551716],[-72.658429,41.553573],[-72.658423,41.55104],[-72.659238,41.548631],[-72.659292,41.548275],[-72.659281,41.54614],[-72.657882,41.547333],[-72.653547,41.547516],[-72.653162,41.548638],[-72.653145,41.548858],[-72.651818,41.549295],[-72.650062,41.550086],[-72.650235,41.54947],[-72.650361,41.54902],[-72.652851,41.541118],[-72.653276,41.539964],[-72.654958,41.536828],[-72.657501,41.532832],[-72.659594,41.531591],[-72.660149,41.531272],[-72.663952,41.526244],[-72.664504,41.525734],[-72.665506,41.531128],[-72.666161,41.530821],[-72.669745,41.531188],[-72.673099,41.530634],[-72.673945,41.531309],[-72.678435,41.531066],[-72.677691,41.536117],[-72.67867,41.539456],[-72.681092,41.539209],[-72.687362,41.536157],[-72.688093,41.537033],[-72.688199,41.538631],[-72.690218,41.542023]]]}},{"type":"Feature","properties":{"GEOID":"09190043700","STATEFP":"09","COUNTYFP":"190","TRACTCE":"043700","NAMELSAD":"Census Tract 437","NAMELSADCO":"Western Connecticut Planning Region","STATE_NAME":"Connecticut"},"geometry":{"type":"Polygon","coordinates":[[[-73.420564,41.119642],[-73.417344,41.119684],[-73.413665,41.121604],[-73.412176,41.122074],[-73.408686,41.121382],[-73.408367,41.12025],[-73.408326,41.117708],[-73.408121,41.117688],[-73.408105,41.117403],[-73.409381,41.116639],[-73.409,41.115214],[-73.409523,41.112905],[-73.41162,41.110764],[-73.410575,41.107436],[-73.413662,41.106668],[-73.415767,41.106424],[-73.419449,41.106548],[-73.420042,41.106584],[-73.419978,41.10673],[-73.419049,41.108906],[-73.418774,41.109959],[-73.418789,41.111727],[-73.418772,41.114608],[-73.418998,41.116148],[-73.419801,41.118389],[-73.420564,41.119642]]]}},{"type":"Feature","properties":{"GEOID":"09190240100","STATEFP":"09","COUNTYFP":"190","TRACTCE":"240100","NAMELSAD":"Census Tract 2401","NAMELSADCO":"Western Connecticut Planning Region","STATE_NAME":"Connecticut"},"geometry":{"type":"Polygon","coordinates":[[[-73.470102,41.326421],[-73.441165,41.331751],[-73.42433,41.335289],[-73.423045,41.335499],[-73.417452,41.336249],[-73.418544,41.333349],[-73.421938,41.328407],[-73.423554,41.324503],[-73.424125,41.321732],[-73.424019,41.320598],[-73.421029,41.315589],[-73.41836,41.312239],[-73.415932,41.310924],[-73.412577,41.310309],[-73.410485,41.308834],[-73.404991,41.306768],[-73.403802,41.306027],[-73.400704,41.302477],[-73.400483,41.300188],[-73.400057,41.299039],[-73.395418,41.294848],[-73.393203,41.290141],[-73.389976,41.289895],[-73.38976,41.288727],[-73.387401,41.287255],[-73.387954,41.285579],[-73.387759,41.283757],[-73.384538,41.282349],[-73.380642,41.279513],[-73.379021,41.276354],[-73.379481,41.274889],[-73.380954,41.273163],[-73.380257,41.271229],[-73.420752,41.257498],[-73.423909,41.256402],[-73.430102,41.254328],[-73.430576,41.255144],[-73.43819,41.265187],[-73.444112,41.274154],[-73.444989,41.275266],[-73.447138,41.278475],[-73.448535,41.287234],[-73.44957,41.293594],[-73.450269,41.300397],[-73.451604,41.304233],[-73.451296,41.306135],[-73.45797,41.309006],[-73.461967,41.311274],[-73.466328,41.313026],[-73.467971,41.318276],[-73.46979,41.325772],[-73.470102,41.326421]]]}},{"type":"Feature","properties":{"GEOID":"09190245500","STATEFP":"09","COUNTYFP":"190","TRACTCE":"245500","NAMELSAD":"Census Tract 2455","NAMELSADCO":"Western Connecticut Planning Region","STATE_NAME":"Connecticut"},"geometry":{"type":"Polygon","coordinates":[[[-73.533763,41.286428],[-73.53257,41.285875],[-73.527548,41.286716],[-73.524536,41.290238],[-73.523542,41.289925],[-73.521878,41.290243],[-73.520718,41.290906],[-73.519789,41.290663],[-73.519035,41.290003],[-73.517047,41.284889],[-73.514586,41.28326],[-73.512845,41.282645],[-73.506899,41.282249],[-73.504096,41.282606],[-73.503599,41.28495],[-73.498767,41.284961],[-73.498515,41.283239],[-73.498269,41.279472],[-73.497187,41.272512],[-73.495222,41.269218],[-73.494978,41.2689],[-73.496138,41.265347],[-73.499447,41.264408],[-73.501415,41.265201],[-73.501985,41.268196],[-73.503727,41.267221],[-73.506336,41.267319],[-73.507613,41.26698],[-73.511016,41.263696],[-73.513463,41.260051],[-73.515043,41.259826],[-73.515599,41.257505],[-73.5174274449493,41.255540325761],[-73.518384,41.256719],[-73.5251605899493,41.2647699058786],[-73.5262868914358,41.2661080047347],[-73.5405370946926,41.2830379128492],[-73.533763,41.286428]]]}},{"type":"Feature","properties":{"GEOID":"09190035102","STATEFP":"09","COUNTYFP":"190","TRACTCE":"035102","NAMELSAD":"Census Tract 351.02","NAMELSADCO":"Western Connecticut Planning Region","STATE_NAME":"Connecticut"},"geometry":{"type":"Polygon","coordinates":[[[-73.509087,41.159228],[-73.5025,41.159137],[-73.500986,41.157527],[-73.499647,41.15392],[-73.49803,41.150461],[-73.497309,41.149783],[-73.495863,41.149333],[-73.493876,41.148441],[-73.492433,41.147684],[-73.491446,41.145143],[-73.484252,41.141317],[-73.48305,41.139123],[-73.480222,41.136379],[-73.480183,41.136191],[-73.484371,41.134017],[-73.487539,41.131822],[-73.492376,41.129749],[-73.494088,41.128389],[-73.494227,41.127427],[-73.495396,41.124943],[-73.497646,41.123573],[-73.499163,41.120701],[-73.501413,41.126453],[-73.501235,41.130704],[-73.503741,41.133077],[-73.503063,41.135673],[-73.50259,41.140655],[-73.504107,41.144851],[-73.504891,41.146029],[-73.506897,41.150013],[-73.508175,41.151857],[-73.511467,41.159503],[-73.509087,41.159228]]]}},{"type":"Feature","properties":{"GEOID":"09120090500","STATEFP":"09","COUNTYFP":"120","TRACTCE":"090500","NAMELSAD":"Census Tract 905","NAMELSADCO":"Greater Bridgeport Planning Region","STATE_NAME":"Connecticut"},"geometry":{"type":"Polygon","coordinates":[[[-73.189538,41.245404],[-73.188025,41.245359],[-73.186095,41.244328],[-73.183055,41.245195],[-73.182329,41.246555],[-73.176881,41.249957],[-73.176577,41.25142],[-73.170191,41.250562],[-73.170045,41.251086],[-73.169145,41.252997],[-73.165687,41.253168],[-73.163992,41.252738],[-73.162694,41.250799],[-73.162345,41.248084],[-73.158357,41.249198],[-73.157139,41.250474],[-73.15179,41.252491],[-73.15175,41.252524],[-73.151686,41.252578],[-73.15163,41.252624],[-73.151591,41.252658],[-73.147599,41.256047],[-73.147367,41.256222],[-73.146882,41.255367],[-73.146672,41.255036],[-73.145502,41.254377],[-73.145232,41.24985],[-73.143328,41.245034],[-73.143183,41.241222],[-73.140651,41.237987],[-73.140057,41.237187],[-73.146219,41.237042],[-73.150466,41.232398],[-73.15426,41.230537],[-73.153825,41.230052],[-73.157157,41.228822],[-73.157636,41.228377],[-73.164684,41.225647],[-73.169545,41.222764],[-73.171201,41.222569],[-73.177264,41.222342],[-73.17884,41.221975],[-73.178553,41.226457],[-73.180179,41.227275],[-73.181665,41.228926],[-73.181661,41.230563],[-73.183041,41.231385],[-73.183726,41.234945],[-73.185955,41.236361],[-73.186028,41.236426],[-73.185872,41.23972],[-73.187695,41.24107],[-73.188856,41.244269],[-73.18804,41.245215],[-73.189538,41.245404]]]}},{"type":"Feature","properties":{"GEOID":"09130590101","STATEFP":"09","COUNTYFP":"130","TRACTCE":"590101","NAMELSAD":"Census Tract 5901.01","NAMELSADCO":"Lower Connecticut River Valley Planning Region","STATE_NAME":"Connecticut"},"geometry":{"type":"Polygon","coordinates":[[[-72.587721,41.506515],[-72.563542,41.510122],[-72.554912,41.51105],[-72.552581,41.511407],[-72.551997,41.511225],[-72.485048,41.518735],[-72.480373,41.519465],[-72.482592,41.518443],[-72.483038,41.516348],[-72.481723,41.514339],[-72.481931,41.512542],[-72.484033,41.509037],[-72.485717,41.504988],[-72.487847,41.502236],[-72.487915,41.500363],[-72.486344,41.493104],[-72.485687,41.491413],[-72.483061,41.489534],[-72.479011,41.489586],[-72.47727,41.488646],[-72.476825,41.483743],[-72.477822,41.475554],[-72.474575,41.473948],[-72.471938,41.472061],[-72.469557,41.468748],[-72.468491,41.465818],[-72.468545,41.463916],[-72.467638,41.460897],[-72.464891,41.452544],[-72.463077,41.450123],[-72.457196,41.43866],[-72.456369,41.437287],[-72.454228,41.435337],[-72.450983,41.433665],[-72.463584,41.432053],[-72.503021,41.427001],[-72.505251,41.426839],[-72.513211,41.433791],[-72.514454,41.43512],[-72.51551,41.436766],[-72.519505,41.44519],[-72.524473,41.453693],[-72.527805,41.456665],[-72.536739,41.462911],[-72.540395,41.464453],[-72.554679,41.47031],[-72.556258,41.47141],[-72.557451,41.472617],[-72.558639,41.474947],[-72.560012,41.480513],[-72.561777,41.483777],[-72.565729,41.488735],[-72.568853,41.493662],[-72.572018,41.496951],[-72.580166,41.502813],[-72.587721,41.506515]]]}},{"type":"Feature","properties":{"GEOID":"09140130201","STATEFP":"09","COUNTYFP":"140","TRACTCE":"130201","NAMELSAD":"Census Tract 1302.01","NAMELSADCO":"Naugatuck Valley Planning Region","STATE_NAME":"Connecticut"},"geometry":{"type":"Polygon","coordinates":[[[-73.146486,41.368275],[-73.126941,41.379406],[-73.12395,41.381682],[-73.120029,41.383991],[-73.108765,41.380723],[-73.107638,41.381291],[-73.098871,41.378013],[-73.097264,41.377156],[-73.096815,41.377713],[-73.095421,41.380401],[-73.092142,41.379439],[-73.089906,41.381661],[-73.087835,41.380262],[-73.08505,41.376738],[-73.081794,41.375465],[-73.084366,41.369023],[-73.09005,41.363091],[-73.091169,41.360543],[-73.092755,41.36074],[-73.094811,41.360695],[-73.10054,41.354018],[-73.102353,41.352896],[-73.111986,41.349755],[-73.119347,41.347573],[-73.124028,41.345569],[-73.124654,41.345296],[-73.126154,41.346596],[-73.136054,41.351196],[-73.138155,41.353896],[-73.139573,41.361211],[-73.147555,41.367696],[-73.146486,41.368275]]]}},{"type":"Feature","properties":{"GEOID":"09190020800","STATEFP":"09","COUNTYFP":"190","TRACTCE":"020800","NAMELSAD":"Census Tract 208","NAMELSADCO":"Western Connecticut Planning Region","STATE_NAME":"Connecticut"},"geometry":{"type":"Polygon","coordinates":[[[-73.548956,41.08669],[-73.547744,41.091966],[-73.547688,41.092503],[-73.547627,41.095786],[-73.547701,41.100522],[-73.54797,41.10199],[-73.546234,41.102143],[-73.543186,41.100639],[-73.538476,41.100201],[-73.536677,41.097254],[-73.536143,41.096721],[-73.531807,41.094771],[-73.532289,41.092645],[-73.533806,41.090106],[-73.534504,41.085889],[-73.53393,41.082857],[-73.534791,41.083088],[-73.539382,41.082935],[-73.542707,41.082214],[-73.549084,41.083296],[-73.548956,41.08669]]]}},{"type":"Feature","properties":{"GEOID":"09120061300","STATEFP":"09","COUNTYFP":"120","TRACTCE":"061300","NAMELSAD":"Census Tract 613","NAMELSADCO":"Greater Bridgeport Planning Region","STATE_NAME":"Connecticut"},"geometry":{"type":"Polygon","coordinates":[[[-73.245966,41.176297],[-73.24245,41.177907],[-73.241053,41.177179],[-73.236092,41.178333],[-73.236102,41.178592],[-73.234541,41.178613],[-73.231146,41.17815],[-73.227415,41.178052],[-73.223072,41.176385],[-73.223865,41.174002],[-73.225492,41.173908],[-73.225682,41.173051],[-73.22874,41.173556],[-73.229165,41.172488],[-73.234717,41.170882],[-73.235519,41.171034],[-73.236976,41.170506],[-73.237615,41.17006],[-73.240193,41.169026],[-73.24695,41.17582],[-73.245966,41.176297]]]}},{"type":"Feature","properties":{"GEOID":"09190011000","STATEFP":"09","COUNTYFP":"190","TRACTCE":"011000","NAMELSAD":"Census Tract 110","NAMELSADCO":"Western Connecticut Planning Region","STATE_NAME":"Connecticut"},"geometry":{"type":"Polygon","coordinates":[[[-73.5876450291519,41.0076409654007],[-73.571968,41.017597],[-73.572988,41.020113],[-73.575328,41.025393],[-73.57392,41.026417],[-73.572157,41.03133],[-73.57324,41.032087],[-73.573153,41.033434],[-73.570244,41.03826],[-73.573826,41.04136],[-73.574811,41.042908],[-73.570651,41.04611],[-73.568057,41.047634],[-73.566374,41.048321],[-73.565331,41.048547],[-73.565004,41.046743],[-73.564444,41.044916],[-73.563154,41.040232],[-73.560087,41.035095],[-73.555689,41.028431],[-73.555149,41.02515],[-73.552870490795,41.0233452383279],[-73.55644,41.020776],[-73.557168,41.017158],[-73.561968,41.016797],[-73.5639458230335,41.014749779667],[-73.567668,41.010897],[-73.570068,41.001597],[-73.583968,41.000897],[-73.585115,41.005464],[-73.5876071719435,41.0076083911386],[-73.5876450291519,41.0076409654007]]]}},{"type":"Feature","properties":{"GEOID":"09110535102","STATEFP":"09","COUNTYFP":"110","TRACTCE":"535102","NAMELSAD":"Census Tract 5351.02","NAMELSADCO":"Capitol Planning Region","STATE_NAME":"Connecticut"},"geometry":{"type":"Polygon","coordinates":[[[-72.514628,41.916631],[-72.514128,41.932564],[-72.51333,41.945401],[-72.505528,41.946397],[-72.492729,41.947497],[-72.491878,41.947553],[-72.490489,41.94768],[-72.482348,41.948992],[-72.457973,41.95178],[-72.447329,41.953106],[-72.448653,41.950658],[-72.450445,41.942154],[-72.451274,41.939841],[-72.456124,41.930194],[-72.455937,41.929173],[-72.452704,41.920724],[-72.453125,41.917419],[-72.454485,41.911032],[-72.454622,41.910375],[-72.470389,41.904183],[-72.470277,41.903859],[-72.477778,41.902927],[-72.487799,41.901696],[-72.502207,41.900332],[-72.506016,41.900305],[-72.510433,41.8995],[-72.515226,41.899467],[-72.514628,41.916631]]]}},{"type":"Feature","properties":{"GEOID":"09110890204","STATEFP":"09","COUNTYFP":"110","TRACTCE":"890204","NAMELSAD":"Census Tract 8902.04","NAMELSADCO":"Capitol Planning Region","STATE_NAME":"Connecticut"},"geometry":{"type":"Polygon","coordinates":[[[-72.301372,41.945762],[-72.300331,41.949381],[-72.301222,41.952096],[-72.296703,41.951843],[-72.294691,41.956136],[-72.297033,41.955116],[-72.295959,41.962583],[-72.294742,41.965198],[-72.290438,41.970928],[-72.291192,41.975307],[-72.291027,41.978655],[-72.28999,41.984307],[-72.289828,41.984527],[-72.278119,41.99282],[-72.27685,41.993061],[-72.277318,41.99408],[-72.276877,41.999115],[-72.272557,42.006943],[-72.263861,42.014808],[-72.262257,42.017466],[-72.259003,42.019205],[-72.253893,42.020524],[-72.250105,42.023413],[-72.247295,42.022974],[-72.243571,42.026786],[-72.241927,42.027835],[-72.2412901545176,42.0315261233387],[-72.2050807834552,42.0310868498098],[-72.214894,42.000095],[-72.21642,41.996418],[-72.223283,41.981666],[-72.234898,41.957583],[-72.236793,41.958292],[-72.236614,41.95605],[-72.236838,41.945452],[-72.236326,41.943773],[-72.236705,41.939863],[-72.260485,41.940216],[-72.290657,41.940631],[-72.300987,41.940735],[-72.301372,41.945762]]]}},{"type":"Feature","properties":{"GEOID":"09170140900","STATEFP":"09","COUNTYFP":"170","TRACTCE":"140900","NAMELSAD":"Census Tract 1409","NAMELSADCO":"South Central Connecticut Planning Region","STATE_NAME":"Connecticut"},"geometry":{"type":"Polygon","coordinates":[[[-72.957476,41.325242],[-72.955987,41.324353],[-72.953436,41.322173],[-72.950987,41.320412],[-72.949091,41.319058],[-72.947545,41.318532],[-72.942412,41.316657],[-72.943436,41.314248],[-72.943838,41.313264],[-72.944601,41.311291],[-72.948622,41.312215],[-72.956535,41.314012],[-72.956809,41.316696],[-72.95765,41.324757],[-72.957476,41.325242]]]}},{"type":"Feature","properties":{"GEOID":"09170165300","STATEFP":"09","COUNTYFP":"170","TRACTCE":"165300","NAMELSAD":"Census Tract 1653","NAMELSADCO":"South Central Connecticut Planning Region","STATE_NAME":"Connecticut"},"geometry":{"type":"Polygon","coordinates":[[[-72.923879,41.358259],[-72.918999,41.366189],[-72.918142,41.366588],[-72.917515,41.367011],[-72.911343,41.372787],[-72.908666,41.372024],[-72.906296,41.371047],[-72.908024,41.366518],[-72.908839,41.364008],[-72.909296,41.361337],[-72.909434,41.360662],[-72.910578,41.356885],[-72.911759,41.355984],[-72.915565,41.357246],[-72.921024,41.356313],[-72.923879,41.358259]]]}},{"type":"Feature","properties":{"GEOID":"09140343101","STATEFP":"09","COUNTYFP":"140","TRACTCE":"343101","NAMELSAD":"Census Tract 3431.01","NAMELSADCO":"Naugatuck Valley Planning Region","STATE_NAME":"Connecticut"},"geometry":{"type":"Polygon","coordinates":[[[-72.910653,41.526075],[-72.910199,41.527245],[-72.90878,41.528935],[-72.90258,41.535704],[-72.90291,41.540071],[-72.903609,41.546815],[-72.905061,41.550599],[-72.905016,41.551796],[-72.903069,41.557557],[-72.90347,41.561708],[-72.903213,41.561747],[-72.890074,41.563204],[-72.883885,41.563812],[-72.879256,41.563152],[-72.879791,41.562751],[-72.873956,41.559154],[-72.871916,41.554873],[-72.869514,41.554531],[-72.868227,41.552236],[-72.86781,41.549028],[-72.853147,41.546412],[-72.851689,41.540286],[-72.853606,41.533478],[-72.857977,41.534546],[-72.85883,41.53237],[-72.861235,41.528102],[-72.85793,41.527167],[-72.857767,41.526368],[-72.86279,41.526493],[-72.864907,41.525566],[-72.864392,41.526618],[-72.867213,41.526422],[-72.869081,41.528869],[-72.8717,41.528097],[-72.874229,41.528262],[-72.878389,41.526764],[-72.885386,41.527704],[-72.886236,41.524678],[-72.886628,41.519974],[-72.886395,41.517968],[-72.881453,41.515427],[-72.885092,41.510825],[-72.888317,41.512181],[-72.888565,41.511759],[-72.894243,41.512545],[-72.898971,41.512144],[-72.898036,41.516463],[-72.897534,41.518885],[-72.903918,41.518962],[-72.903886,41.517677],[-72.908422,41.51816],[-72.910549,41.518903],[-72.910653,41.526075]]]}},{"type":"Feature","properties":{"GEOID":"09160266100","STATEFP":"09","COUNTYFP":"160","TRACTCE":"266100","NAMELSAD":"Census Tract 2661","NAMELSADCO":"Northwest Hills Planning Region","STATE_NAME":"Connecticut"},"geometry":{"type":"Polygon","coordinates":[[[-73.5179500508434,41.670860790123],[-73.516785,41.687581],[-73.5165907759759,41.6897117142119],[-73.5159914638673,41.6962864046138],[-73.511921,41.740941],[-73.5119065463255,41.7412091156621],[-73.5115449368014,41.7479169723343],[-73.5110186320079,41.7576799262538],[-73.510961,41.758749],[-73.5079601692712,41.7915267620213],[-73.482427,41.790671],[-73.482141,41.790638],[-73.410129,41.788286],[-73.41164,41.786587],[-73.414837,41.781449],[-73.412443,41.781421],[-73.405949,41.781301],[-73.386921,41.781011],[-73.393228,41.760932],[-73.401575,41.75436],[-73.398644,41.736494],[-73.397906,41.734963],[-73.383475,41.709313],[-73.383485,41.708328],[-73.380046,41.703984],[-73.380144,41.701202],[-73.378752,41.69938],[-73.383995,41.698758],[-73.383112,41.687061],[-73.382124,41.683327],[-73.453239,41.675002],[-73.45666,41.674983],[-73.469463,41.673249],[-73.504075,41.669103],[-73.506923,41.665802],[-73.510379,41.666498],[-73.516019,41.665964],[-73.5182376035525,41.6667339816894],[-73.5179500508434,41.670860790123]]]}},{"type":"Feature","properties":{"GEOID":"09130541302","STATEFP":"09","COUNTYFP":"130","TRACTCE":"541302","NAMELSAD":"Census Tract 5413.02","NAMELSADCO":"Lower Connecticut River Valley Planning Region","STATE_NAME":"Connecticut"},"geometry":{"type":"Polygon","coordinates":[[[-72.709141,41.586398],[-72.707254,41.589699],[-72.704917,41.591473],[-72.70331,41.595353],[-72.701389,41.596931],[-72.699908,41.597521],[-72.69606,41.598988],[-72.695101,41.598861],[-72.695565,41.597501],[-72.697555,41.59388],[-72.69865,41.591711],[-72.700051,41.587711],[-72.702335,41.581189],[-72.707677,41.580779],[-72.709457,41.584129],[-72.709141,41.586398]]]}},{"type":"Feature","properties":{"GEOID":"09140349100","STATEFP":"09","COUNTYFP":"140","TRACTCE":"349100","NAMELSAD":"Census Tract 3491","NAMELSADCO":"Naugatuck Valley Planning Region","STATE_NAME":"Connecticut"},"geometry":{"type":"Polygon","coordinates":[[[-73.141354,41.672749],[-73.138736,41.674102],[-73.134716,41.675557],[-73.121726,41.681871],[-73.117748,41.684009],[-73.115318,41.684919],[-73.105985,41.689372],[-73.099265,41.692685],[-73.086845,41.698091],[-73.085308,41.695547],[-73.081703,41.687816],[-73.079711,41.685501],[-73.078158,41.682481],[-73.077841,41.680794],[-73.076556,41.674391],[-73.076881,41.671671],[-73.079488,41.671218],[-73.081316,41.670536],[-73.078467,41.668383],[-73.079933,41.66588],[-73.079501,41.663891],[-73.08032,41.660397],[-73.080304,41.659683],[-73.079919,41.657232],[-73.079148,41.657263],[-73.076742,41.657448],[-73.074782,41.658883],[-73.071317,41.659862],[-73.064653,41.659181],[-73.062056,41.659735],[-73.064092,41.644872],[-73.064819,41.641039],[-73.063987,41.639571],[-73.050362,41.609748],[-73.058024,41.60674],[-73.058597,41.606796],[-73.058669,41.610919],[-73.058074,41.615574],[-73.059119,41.619778],[-73.063121,41.6209],[-73.066496,41.623209],[-73.068697,41.626724],[-73.071496,41.628458],[-73.077704,41.631256],[-73.077306,41.633869],[-73.080238,41.640254],[-73.081329,41.645272],[-73.081096,41.647654],[-73.082681,41.647612],[-73.093071,41.651602],[-73.094353,41.653697],[-73.094576,41.654546],[-73.103811,41.657927],[-73.105658,41.657927],[-73.107888,41.656696],[-73.109235,41.658028],[-73.110451,41.657994],[-73.114065,41.656856],[-73.114454,41.658132],[-73.113754,41.66107],[-73.117026,41.661651],[-73.119705,41.66155],[-73.121725,41.660359],[-73.123563,41.663288],[-73.125373,41.664223],[-73.129342,41.663627],[-73.131653,41.661669],[-73.133875,41.664311],[-73.134203,41.665587],[-73.13571,41.665984],[-73.138444,41.668614],[-73.139305,41.668514],[-73.141531,41.672709],[-73.141354,41.672749]]]}},{"type":"Feature","properties":{"GEOID":"09180714101","STATEFP":"09","COUNTYFP":"180","TRACTCE":"714101","NAMELSAD":"Census Tract 7141.01","NAMELSADCO":"Southeastern Connecticut Planning Region","STATE_NAME":"Connecticut"},"geometry":{"type":"Polygon","coordinates":[[[-72.383859,41.59078],[-72.382369,41.592066],[-72.382035,41.593807],[-72.380517,41.595465],[-72.377613,41.596237],[-72.376595,41.597701],[-72.375447,41.601324],[-72.371366,41.599484],[-72.36782,41.6002],[-72.365217,41.59978],[-72.363719,41.601159],[-72.361591,41.600791],[-72.358885,41.598284],[-72.355851,41.59761],[-72.353111,41.598855],[-72.352374,41.59905],[-72.343348,41.599325],[-72.342316,41.597649],[-72.341352,41.596665],[-72.340798,41.596155],[-72.339854,41.596304],[-72.33911,41.596841],[-72.338539,41.597021],[-72.338087,41.596907],[-72.337545,41.596593],[-72.337041,41.596694],[-72.336755,41.596197],[-72.336799,41.595869],[-72.336382,41.595544],[-72.335987,41.594688],[-72.336277,41.594364],[-72.334232,41.591243],[-72.336051,41.587669],[-72.335173,41.585591],[-72.331927,41.581459],[-72.328037,41.578833],[-72.326463,41.579943],[-72.322752,41.579465],[-72.317929,41.575506],[-72.316098,41.575055],[-72.318268,41.572693],[-72.314746,41.572665],[-72.313254,41.570941],[-72.311684,41.569684],[-72.306357,41.568152],[-72.313194,41.564026],[-72.315772,41.561517],[-72.319837,41.560257],[-72.322022,41.558891],[-72.325591,41.561305],[-72.325975,41.560088],[-72.328715,41.559413],[-72.332383,41.561426],[-72.334993,41.560332],[-72.336863,41.560275],[-72.341108,41.566944],[-72.341091,41.567767],[-72.341347,41.568534],[-72.339676,41.569387],[-72.338249,41.570347],[-72.347644,41.575047],[-72.358507,41.581885],[-72.363388,41.583011],[-72.374528,41.583361],[-72.378168,41.583894],[-72.37749,41.585897],[-72.381933,41.586862],[-72.38415,41.588652],[-72.383859,41.59078]]]}},{"type":"Feature","properties":{"GEOID":"09110466201","STATEFP":"09","COUNTYFP":"110","TRACTCE":"466201","NAMELSAD":"Census Tract 4662.01","NAMELSADCO":"Capitol Planning Region","STATE_NAME":"Connecticut"},"geometry":{"type":"Polygon","coordinates":[[[-72.826647,41.91517],[-72.827132,41.918182],[-72.826429,41.918907],[-72.79317,41.918282],[-72.790854,41.918093],[-72.78544,41.917997],[-72.778227,41.917765],[-72.770587,41.918048],[-72.769405,41.917829],[-72.772018,41.915005],[-72.772392,41.911652],[-72.775452,41.907017],[-72.77623,41.904032],[-72.77459,41.899368],[-72.775681,41.898438],[-72.778946,41.899311],[-72.780182,41.895897],[-72.783903,41.894614],[-72.786064,41.895635],[-72.787781,41.896106],[-72.78672,41.898636],[-72.786589,41.899104],[-72.789144,41.899623],[-72.795492,41.90004],[-72.798302,41.901461],[-72.803737,41.902654],[-72.814701,41.903285],[-72.818692,41.903635],[-72.821213,41.902342],[-72.822497,41.902914],[-72.825636,41.904957],[-72.826716,41.905496],[-72.826267,41.908283],[-72.82733,41.911542],[-72.826647,41.91517]]]}},{"type":"Feature","properties":{"GEOID":"09110502500","STATEFP":"09","COUNTYFP":"110","TRACTCE":"502500","NAMELSAD":"Census Tract 5025","NAMELSADCO":"Capitol Planning Region","STATE_NAME":"Connecticut"},"geometry":{"type":"Polygon","coordinates":[[[-72.674667,41.733397],[-72.670265,41.733991],[-72.671195,41.737662],[-72.67225,41.741302],[-72.672962,41.744038],[-72.673647,41.74888],[-72.673718,41.749463],[-72.66413,41.750431],[-72.662059,41.750606],[-72.661623,41.750696],[-72.659866,41.751699],[-72.659073,41.752075],[-72.658173,41.751936],[-72.657069,41.751241],[-72.65399,41.753058],[-72.649036,41.7502],[-72.644636,41.745699],[-72.642536,41.739899],[-72.642636,41.735199],[-72.647836,41.727899],[-72.655602,41.729908],[-72.658711,41.729619],[-72.659313,41.729322],[-72.667431,41.728328],[-72.668237,41.728219],[-72.673757,41.727671],[-72.674526,41.732581],[-72.674667,41.733397]]]}},{"type":"Feature","properties":{"GEOID":"09180701100","STATEFP":"09","COUNTYFP":"180","TRACTCE":"701100","NAMELSAD":"Census Tract 7011","NAMELSADCO":"Southeastern Connecticut Planning Region","STATE_NAME":"Connecticut"},"geometry":{"type":"Polygon","coordinates":[[[-72.05141,41.447208],[-72.048545,41.449708],[-72.04781,41.452251],[-72.04707,41.453638],[-72.045926,41.45638],[-72.045742,41.458327],[-72.044306,41.46103],[-72.043793,41.463047],[-72.042665,41.464752],[-72.043233,41.468721],[-72.044299,41.471826],[-72.043352,41.478412],[-72.041751,41.483179],[-72.042005,41.484557],[-72.039924,41.484449],[-72.039684,41.482944],[-72.033826,41.484797],[-72.023631,41.483101],[-72.018747,41.48388],[-72.011711,41.4844],[-72.008137,41.484598],[-72.005915,41.484797],[-71.974219,41.486301],[-71.97141,41.486495],[-71.956618,41.487398],[-71.951219,41.470092],[-71.949829,41.466237],[-71.947439,41.458217],[-71.948131,41.456911],[-71.949151,41.451677],[-71.949352,41.449221],[-71.947055,41.446391],[-71.946609,41.443355],[-71.94583,41.441674],[-71.944041,41.441244],[-71.943656,41.44131],[-71.943194,41.44143],[-71.942893,41.441379],[-71.942726,41.440903],[-71.942603,41.440369],[-71.942413,41.440037],[-71.943738,41.437476],[-71.942573,41.434795],[-71.94327,41.433646],[-71.942834,41.430268],[-71.943242,41.429067],[-71.947288,41.42687],[-71.950772,41.424517],[-71.953386,41.420281],[-71.953563,41.418566],[-71.956463,41.415661],[-71.956871,41.413839],[-71.958269,41.412737],[-71.96101,41.412517],[-71.962816,41.411449],[-71.962994,41.409295],[-71.963675,41.407022],[-71.96204,41.401323],[-71.962965,41.400393],[-71.962666,41.399471],[-71.961295,41.397899],[-72.011217,41.399018],[-72.036985,41.399442],[-72.037219,41.400017],[-72.035569,41.405404],[-72.033023,41.408837],[-72.032614,41.413138],[-72.034042,41.417087],[-72.029004,41.420965],[-72.026943,41.423834],[-72.0303,41.428528],[-72.034873,41.433582],[-72.039312,41.436072],[-72.040311,41.437545],[-72.04225,41.43927],[-72.042625,41.439218],[-72.046894,41.43962],[-72.050673,41.441883],[-72.052111,41.44225],[-72.05141,41.447208]]]}},{"type":"Feature","properties":{"GEOID":"09180870100","STATEFP":"09","COUNTYFP":"180","TRACTCE":"870100","NAMELSAD":"Census Tract 8701","NAMELSADCO":"Southeastern Connecticut Planning Region","STATE_NAME":"Connecticut"},"geometry":{"type":"Polygon","coordinates":[[[-72.334226,41.643598],[-72.303643,41.653982],[-72.303238,41.65427],[-72.290511,41.663302],[-72.286287,41.666423],[-72.278669,41.671975],[-72.268418,41.671137],[-72.268421,41.672209],[-72.267503,41.673685],[-72.267489,41.675594],[-72.266141,41.677273],[-72.267253,41.678047],[-72.267858,41.681532],[-72.269598,41.684737],[-72.269392,41.685708],[-72.272157,41.688618],[-72.274762,41.690682],[-72.274204,41.692217],[-72.273596,41.69293],[-72.270824,41.691453],[-72.268825,41.692391],[-72.266564,41.690673],[-72.26576,41.690891],[-72.263936,41.691834],[-72.263562,41.693261],[-72.261279,41.695346],[-72.260728,41.698645],[-72.258421,41.698439],[-72.257724,41.699789],[-72.254092,41.700499],[-72.252007,41.699078],[-72.250045,41.699653],[-72.251354,41.701223],[-72.251249,41.703324],[-72.247446,41.704108],[-72.245981,41.703719],[-72.244021,41.706529],[-72.247302,41.706928],[-72.247677,41.708766],[-72.246571,41.708268],[-72.245701,41.710951],[-72.243264,41.712253],[-72.244965,41.713878],[-72.24413,41.714381],[-72.242847,41.713257],[-72.239559,41.714191],[-72.237889,41.713117],[-72.234997,41.710692],[-72.217176,41.698012],[-72.214587,41.696343],[-72.211589,41.69441],[-72.211178,41.694145],[-72.208239,41.69225],[-72.198866,41.685394],[-72.186651,41.676283],[-72.178276,41.671206],[-72.175469,41.668995],[-72.173334,41.667859],[-72.157546,41.657627],[-72.161804,41.649952],[-72.163153,41.647912],[-72.169285,41.636299],[-72.181742,41.612845],[-72.187659,41.601983],[-72.189664,41.597429],[-72.192209,41.593771],[-72.194024,41.590399],[-72.195947,41.587407],[-72.202243,41.575194],[-72.20429,41.570557],[-72.218423,41.540698],[-72.21911,41.538815],[-72.227823,41.546203],[-72.231038,41.548745],[-72.247409,41.560367],[-72.249516,41.562715],[-72.253229,41.566125],[-72.261957,41.574001],[-72.287115,41.594142],[-72.289678,41.595952],[-72.291971,41.597697],[-72.29289,41.598124],[-72.309505,41.611514],[-72.313125,41.609522],[-72.32451,41.61857],[-72.327018,41.625098],[-72.329226,41.629597],[-72.334226,41.643598]]]}},{"type":"Feature","properties":{"GEOID":"09170150600","STATEFP":"09","COUNTYFP":"170","TRACTCE":"150600","NAMELSAD":"Census Tract 1506","NAMELSADCO":"South Central Connecticut Planning Region","STATE_NAME":"Connecticut"},"geometry":{"type":"Polygon","coordinates":[[[-73.11034,41.213294],[-73.110253,41.213996],[-73.108353,41.218296],[-73.110453,41.225296],[-73.110553,41.227396],[-73.109953,41.229396],[-73.107553,41.232496],[-73.104952,41.236595],[-73.101573,41.240088],[-73.093402,41.244617],[-73.091414,41.246262],[-73.0863,41.246576],[-73.085145,41.246783],[-73.078301,41.240422],[-73.072459,41.235032],[-73.069093,41.233316],[-73.06837,41.233041],[-73.063031,41.231235],[-73.067257,41.229064],[-73.069373,41.227873],[-73.070891,41.226061],[-73.075671,41.2175],[-73.076548,41.215214],[-73.082733,41.212354],[-73.085289,41.211651],[-73.090376,41.21035],[-73.094351,41.207912],[-73.100936,41.206942],[-73.104164,41.206162],[-73.109453,41.204797],[-73.110653,41.207797],[-73.11034,41.213294]]]}},{"type":"Feature","properties":{"GEOID":"09170142400","STATEFP":"09","COUNTYFP":"170","TRACTCE":"142400","NAMELSAD":"Census Tract 1424","NAMELSADCO":"South Central Connecticut Planning Region","STATE_NAME":"Connecticut"},"geometry":{"type":"Polygon","coordinates":[[[-72.907919,41.327043],[-72.904415,41.324949],[-72.902859,41.32511],[-72.901314,41.324178],[-72.9001,41.321727],[-72.898018,41.320055],[-72.896998,41.315144],[-72.896506,41.313161],[-72.896251,41.312156],[-72.895476,41.308985],[-72.899321,41.308714],[-72.900978,41.308594],[-72.90457,41.308362],[-72.907749,41.308787],[-72.907562,41.310415],[-72.907805,41.312394],[-72.907795,41.312721],[-72.907239,41.313277],[-72.907169,41.313482],[-72.905644,41.313793],[-72.904006,41.314101],[-72.904334,41.316377],[-72.906164,41.316613],[-72.904584,41.317505],[-72.903824,41.318869],[-72.903305,41.321865],[-72.906007,41.323741],[-72.907919,41.327043]]]}},{"type":"Feature","properties":{"GEOID":"09140125300","STATEFP":"09","COUNTYFP":"140","TRACTCE":"125300","NAMELSAD":"Census Tract 1253","NAMELSADCO":"Naugatuck Valley Planning Region","STATE_NAME":"Connecticut"},"geometry":{"type":"Polygon","coordinates":[[[-73.10054,41.354018],[-73.094811,41.360695],[-73.092755,41.36074],[-73.091169,41.360543],[-73.091064,41.360035],[-73.086349,41.353374],[-73.085869,41.351254],[-73.081143,41.34553],[-73.080444,41.344419],[-73.081072,41.341341],[-73.081345,41.339825],[-73.077438,41.333576],[-73.079182,41.330837],[-73.084517,41.333015],[-73.086162,41.333987],[-73.088084,41.335072],[-73.090175,41.338127],[-73.091999,41.339137],[-73.092376,41.339298],[-73.094785,41.339101],[-73.095462,41.339222],[-73.096255,41.341292],[-73.102353,41.352896],[-73.10054,41.354018]]]}},{"type":"Feature","properties":{"GEOID":"09190245200","STATEFP":"09","COUNTYFP":"190","TRACTCE":"245200","NAMELSAD":"Census Tract 2452","NAMELSADCO":"Western Connecticut Planning Region","STATE_NAME":"Connecticut"},"geometry":{"type":"Polygon","coordinates":[[[-73.53061,41.341712],[-73.52921,41.34365],[-73.527914,41.347655],[-73.527652,41.350317],[-73.526433,41.352997],[-73.525294,41.356751],[-73.524615,41.360755],[-73.508393,41.36283],[-73.502177,41.363789],[-73.501608,41.362138],[-73.487054,41.357262],[-73.485401,41.356617],[-73.475859,41.337436],[-73.474163,41.334591],[-73.472831,41.332085],[-73.470102,41.326421],[-73.46979,41.325772],[-73.467971,41.318276],[-73.466328,41.313026],[-73.461967,41.311274],[-73.45797,41.309006],[-73.451296,41.306135],[-73.451604,41.304233],[-73.450269,41.300397],[-73.454074,41.300116],[-73.456166,41.298541],[-73.46005,41.296809],[-73.460176,41.29594],[-73.463689,41.294722],[-73.462891,41.291203],[-73.46538,41.28938],[-73.469218,41.287638],[-73.473332,41.28719],[-73.474496,41.287659],[-73.475168,41.289545],[-73.477801,41.292201],[-73.477049,41.295234],[-73.476049,41.295487],[-73.477954,41.298043],[-73.478961,41.301636],[-73.47752,41.302509],[-73.478929,41.308078],[-73.483338,41.309442],[-73.487276,41.308743],[-73.487312,41.308715],[-73.487161,41.310222],[-73.489469,41.312376],[-73.488293,41.314117],[-73.490011,41.316573],[-73.490179,41.320331],[-73.491519,41.320703],[-73.491801,41.323309],[-73.491405,41.326366],[-73.492947,41.328186],[-73.493478,41.331096],[-73.494673,41.332177],[-73.494672,41.335868],[-73.497237,41.339387],[-73.499257,41.340077],[-73.500749,41.340186],[-73.502112,41.33988],[-73.503679,41.339869],[-73.506778,41.338923],[-73.510357,41.338318],[-73.512633,41.341203],[-73.516746,41.340402],[-73.518612,41.340125],[-73.52135,41.337742],[-73.525427,41.336664],[-73.529846,41.336817],[-73.53061,41.341712]]]}},{"type":"Feature","properties":{"GEOID":"09190010202","STATEFP":"09","COUNTYFP":"190","TRACTCE":"010202","NAMELSAD":"Census Tract 102.02","NAMELSADCO":"Western Connecticut Planning Region","STATE_NAME":"Connecticut"},"geometry":{"type":"Polygon","coordinates":[[[-73.607039,41.053925],[-73.604884,41.059911],[-73.604588,41.065039],[-73.604685,41.071006],[-73.603836,41.074166],[-73.603665,41.074644],[-73.602978,41.077719],[-73.601818,41.079672],[-73.600715,41.083007],[-73.600323,41.085717],[-73.600789,41.090184],[-73.60035,41.093112],[-73.596475,41.0954],[-73.592448,41.090614],[-73.577362,41.071474],[-73.572625,41.065158],[-73.568336,41.059467],[-73.572978,41.057777],[-73.574132,41.057695],[-73.577707,41.057939],[-73.581707,41.057587],[-73.582215,41.05761],[-73.585527,41.05339],[-73.585553,41.04893],[-73.588257,41.04594],[-73.589298,41.042206],[-73.590809,41.042171],[-73.591479,41.043937],[-73.593875,41.041815],[-73.596005,41.041062],[-73.596166,41.041958],[-73.59864,41.042832],[-73.603586,41.047827],[-73.604463,41.049776],[-73.607045,41.052828],[-73.607039,41.053925]]]}},{"type":"Feature","properties":{"GEOID":"09140120200","STATEFP":"09","COUNTYFP":"140","TRACTCE":"120200","NAMELSAD":"Census Tract 1202","NAMELSADCO":"Naugatuck Valley Planning Region","STATE_NAME":"Connecticut"},"geometry":{"type":"Polygon","coordinates":[[[-73.124028,41.345569],[-73.119347,41.347573],[-73.111986,41.349755],[-73.102353,41.352896],[-73.096255,41.341292],[-73.095462,41.339222],[-73.094785,41.339101],[-73.092376,41.339298],[-73.091999,41.339137],[-73.090175,41.338127],[-73.088084,41.335072],[-73.086162,41.333987],[-73.084517,41.333015],[-73.079182,41.330837],[-73.081159,41.329379],[-73.081671,41.328279],[-73.081396,41.322259],[-73.081849,41.318866],[-73.081108,41.313672],[-73.082052,41.313096],[-73.085259,41.3137],[-73.086523,41.314455],[-73.089179,41.317452],[-73.090938,41.319256],[-73.09324,41.321007],[-73.096853,41.322596],[-73.114754,41.331596],[-73.115754,41.332196],[-73.120854,41.338496],[-73.122854,41.341396],[-73.123527,41.343699],[-73.124654,41.345296],[-73.124028,41.345569]]]}},{"type":"Feature","properties":{"GEOID":"09170165500","STATEFP":"09","COUNTYFP":"170","TRACTCE":"165500","NAMELSAD":"Census Tract 1655","NAMELSADCO":"South Central Connecticut Planning Region","STATE_NAME":"Connecticut"},"geometry":{"type":"Polygon","coordinates":[[[-72.941091,41.338299],[-72.941379,41.341912],[-72.940829,41.345515],[-72.93977,41.348304],[-72.937115,41.347256],[-72.936346,41.34703],[-72.934098,41.346506],[-72.933852,41.3463],[-72.932016,41.345216],[-72.927432,41.343545],[-72.926359,41.343662],[-72.925863,41.341717],[-72.92611,41.341247],[-72.926481,41.339783],[-72.924678,41.339363],[-72.924896,41.334493],[-72.926978,41.334587],[-72.930439,41.334896],[-72.935193,41.335471],[-72.937914,41.335665],[-72.940553,41.335846],[-72.943109,41.336266],[-72.941091,41.338299]]]}},{"type":"Feature","properties":{"GEOID":"09170170800","STATEFP":"09","COUNTYFP":"170","TRACTCE":"170800","NAMELSAD":"Census Tract 1708","NAMELSADCO":"South Central Connecticut Planning Region","STATE_NAME":"Connecticut"},"geometry":{"type":"Polygon","coordinates":[[[-72.827026,41.515202],[-72.825883,41.518161],[-72.825384,41.51806],[-72.825489,41.51961],[-72.825231,41.520911],[-72.825172,41.524505],[-72.823139,41.528537],[-72.818576,41.527195],[-72.81477,41.524886],[-72.814055,41.525716],[-72.812557,41.528344],[-72.80887,41.528124],[-72.808424,41.527214],[-72.809588,41.524419],[-72.807444,41.526341],[-72.804824,41.533203],[-72.803737,41.533656],[-72.798124,41.531808],[-72.801159,41.525805],[-72.799302,41.526035],[-72.802112,41.520661],[-72.805514,41.51427],[-72.814002,41.513395],[-72.815187,41.508516],[-72.816547,41.508742],[-72.823004,41.510108],[-72.822746,41.512794],[-72.826363,41.513737],[-72.827026,41.515202]]]}},{"type":"Feature","properties":{"GEOID":"09110526101","STATEFP":"09","COUNTYFP":"110","TRACTCE":"526101","NAMELSAD":"Census Tract 5261.01","NAMELSADCO":"Capitol Planning Region","STATE_NAME":"Connecticut"},"geometry":{"type":"Polygon","coordinates":[[[-72.42084,41.648053],[-72.411102,41.647157],[-72.403735,41.647156],[-72.402079,41.647482],[-72.397356,41.650018],[-72.395386,41.65069],[-72.391389,41.65129],[-72.385976,41.653441],[-72.380022,41.656769],[-72.377687,41.657538],[-72.373771,41.658063],[-72.366282,41.65805],[-72.357385,41.66047],[-72.35165,41.661594],[-72.350366,41.66223],[-72.345869,41.665662],[-72.344008,41.668712],[-72.334226,41.643598],[-72.329226,41.629597],[-72.327018,41.625098],[-72.32451,41.61857],[-72.328095,41.605471],[-72.343348,41.599325],[-72.352374,41.59905],[-72.353111,41.598855],[-72.355851,41.59761],[-72.358885,41.598284],[-72.361591,41.600791],[-72.363719,41.601159],[-72.365217,41.59978],[-72.36782,41.6002],[-72.371366,41.599484],[-72.375447,41.601324],[-72.376595,41.597701],[-72.377613,41.596237],[-72.380517,41.595465],[-72.382035,41.593807],[-72.382369,41.592066],[-72.383859,41.59078],[-72.38415,41.588652],[-72.385582,41.589591],[-72.393137,41.592509],[-72.393324,41.592608],[-72.397283,41.594743],[-72.401274,41.595631],[-72.406057,41.598789],[-72.408479,41.602325],[-72.410367,41.602581],[-72.409485,41.608595],[-72.409508,41.620046],[-72.408971,41.622628],[-72.407881,41.625096],[-72.40848,41.626562],[-72.409217,41.630749],[-72.413774,41.634869],[-72.413852,41.636916],[-72.415728,41.639299],[-72.415892,41.640206],[-72.42084,41.648053]]]}},{"type":"Feature","properties":{"GEOID":"09120060500","STATEFP":"09","COUNTYFP":"120","TRACTCE":"060500","NAMELSAD":"Census Tract 605","NAMELSADCO":"Greater Bridgeport Planning Region","STATE_NAME":"Connecticut"},"geometry":{"type":"Polygon","coordinates":[[[-73.306021,41.152769],[-73.303645,41.154038],[-73.302783,41.154881],[-73.294858,41.160496],[-73.290711,41.161828],[-73.288626,41.162408],[-73.286181,41.161908],[-73.282223,41.16384],[-73.279244,41.167072],[-73.276991,41.171502],[-73.269159,41.174696],[-73.268471,41.173805],[-73.272097,41.172487],[-73.272408,41.170815],[-73.268687,41.16795],[-73.270039,41.165428],[-73.272505,41.163167],[-73.27113,41.161517],[-73.274684,41.158675],[-73.274221,41.157131],[-73.270662,41.155445],[-73.272553,41.153116],[-73.27267,41.150525],[-73.273851,41.149563],[-73.275598,41.149672],[-73.280677,41.146884],[-73.287087,41.144107],[-73.288653,41.142923],[-73.294821,41.139621],[-73.294846,41.138311],[-73.297866,41.138293],[-73.29895,41.140649],[-73.298013,41.143011],[-73.298811,41.144807],[-73.303387,41.145854],[-73.304253,41.148981],[-73.305982,41.149484],[-73.3046,41.151912],[-73.306021,41.152769]]]}},{"type":"Feature","properties":{"GEOID":"09150907100","STATEFP":"09","COUNTYFP":"150","TRACTCE":"907100","NAMELSAD":"Census Tract 9071","NAMELSADCO":"Northeastern Connecticut Planning Region","STATE_NAME":"Connecticut"},"geometry":{"type":"Polygon","coordinates":[[[-71.966122,41.714699],[-71.962765,41.716133],[-71.958132,41.719616],[-71.957275,41.721742],[-71.95755,41.724037],[-71.955538,41.726508],[-71.953195,41.726409],[-71.950196,41.725233],[-71.945707,41.722524],[-71.943896,41.725314],[-71.942676,41.726351],[-71.935454,41.729473],[-71.932749,41.731401],[-71.931873,41.73427],[-71.929462,41.734982],[-71.923738,41.734106],[-71.922154,41.734386],[-71.918954,41.736131],[-71.91418,41.741463],[-71.913943,41.74233],[-71.915323,41.746568],[-71.914054,41.748142],[-71.912947,41.751065],[-71.913264,41.753042],[-71.916407,41.7561],[-71.91803,41.757216],[-71.917241,41.759714],[-71.90016,41.76172],[-71.874449,41.764457],[-71.8717,41.764848],[-71.87233,41.762678],[-71.877144,41.755074],[-71.878532,41.752313],[-71.879349,41.748635],[-71.879774,41.740397],[-71.880877,41.737821],[-71.882658,41.735652],[-71.88737,41.731312],[-71.889613,41.728502],[-71.893516,41.721382],[-71.894065,41.72011],[-71.894757,41.717814],[-71.894844,41.717245],[-71.896175,41.712773],[-71.898205,41.708362],[-71.907086,41.688113],[-71.907864,41.684507],[-71.908068,41.68457],[-71.916303,41.686718],[-71.930506,41.687855],[-71.935467,41.686443],[-71.941493,41.686482],[-71.950546,41.688898],[-71.954894,41.691993],[-71.955701,41.691447],[-71.956797,41.692554],[-71.959292,41.691906],[-71.960057,41.692133],[-71.962408,41.695771],[-71.962665,41.697858],[-71.961887,41.699539],[-71.962588,41.705496],[-71.965414,41.70847],[-71.963951,41.710749],[-71.966329,41.714064],[-71.966122,41.714699]]]}},{"type":"Feature","properties":{"GEOID":"09160265100","STATEFP":"09","COUNTYFP":"160","TRACTCE":"265100","NAMELSAD":"Census Tract 2651","NAMELSADCO":"Northwest Hills Planning Region","STATE_NAME":"Connecticut"},"geometry":{"type":"Polygon","coordinates":[[[-73.401575,41.75436],[-73.393228,41.760932],[-73.386921,41.781011],[-73.354645,41.780252],[-73.301367,41.779004],[-73.298564,41.779028],[-73.297262,41.769056],[-73.296169,41.763346],[-73.293795,41.73772],[-73.293307,41.736597],[-73.293569,41.733722],[-73.295224,41.732296],[-73.29589,41.730704],[-73.295295,41.726027],[-73.294261,41.725036],[-73.292748,41.718783],[-73.292815,41.717068],[-73.293321,41.714662],[-73.295245,41.712206],[-73.295786,41.710685],[-73.29427,41.708674],[-73.296171,41.70804],[-73.304834,41.705075],[-73.316038,41.702736],[-73.341935,41.69726],[-73.343267,41.696882],[-73.344304,41.696873],[-73.378752,41.69938],[-73.380144,41.701202],[-73.380046,41.703984],[-73.383485,41.708328],[-73.383475,41.709313],[-73.397906,41.734963],[-73.398644,41.736494],[-73.401575,41.75436]]]}},{"type":"Feature","properties":{"GEOID":"09120090200","STATEFP":"09","COUNTYFP":"120","TRACTCE":"090200","NAMELSAD":"Census Tract 902","NAMELSADCO":"Greater Bridgeport Planning Region","STATE_NAME":"Connecticut"},"geometry":{"type":"Polygon","coordinates":[[[-73.249602,41.273597],[-73.245963,41.275359],[-73.244278,41.275496],[-73.242591,41.275576],[-73.24309,41.278291],[-73.245659,41.280977],[-73.240005,41.284571],[-73.240383,41.285865],[-73.237643,41.288006],[-73.235251,41.287517],[-73.23471,41.28945],[-73.231411,41.288998],[-73.225259,41.285733],[-73.22408,41.286102],[-73.222742,41.284064],[-73.223794,41.282511],[-73.221869,41.280739],[-73.220452,41.279284],[-73.220079,41.275244],[-73.219387,41.273515],[-73.220157,41.271165],[-73.219356,41.268338],[-73.217892,41.266137],[-73.217717,41.264589],[-73.215417,41.263102],[-73.213256,41.262576],[-73.212841,41.260095],[-73.209626,41.256237],[-73.206958,41.25451],[-73.207704,41.252457],[-73.21084,41.251133],[-73.211076,41.251255],[-73.213793,41.248276],[-73.214355,41.248441],[-73.220298,41.250159],[-73.219775,41.252663],[-73.22355,41.252341],[-73.225777,41.252254],[-73.22792,41.252886],[-73.228915,41.253376],[-73.234664,41.254582],[-73.235976,41.254907],[-73.235884,41.249674],[-73.234657,41.248293],[-73.237736,41.247378],[-73.23823,41.247073],[-73.23769,41.246633],[-73.241031,41.244817],[-73.243834,41.247488],[-73.24434,41.248097],[-73.247746,41.252081],[-73.247061,41.252061],[-73.245907,41.254543],[-73.246032,41.258079],[-73.247029,41.260645],[-73.248246,41.26416],[-73.249064,41.270071],[-73.24828,41.271969],[-73.249602,41.273597]]]}},{"type":"Feature","properties":{"GEOID":"09110511000","STATEFP":"09","COUNTYFP":"110","TRACTCE":"511000","NAMELSAD":"Census Tract 5110","NAMELSADCO":"Capitol Planning Region","STATE_NAME":"Connecticut"},"geometry":{"type":"Polygon","coordinates":[[[-72.605604,41.748985],[-72.595894,41.752039],[-72.594441,41.752736],[-72.590745,41.754495],[-72.589526,41.755072],[-72.577891,41.756731],[-72.575625,41.757063],[-72.573088,41.743921],[-72.576742,41.743944],[-72.58207,41.743217],[-72.596484,41.741283],[-72.597473,41.741133],[-72.60512,41.740004],[-72.60513,41.741897],[-72.605075,41.745951],[-72.605177,41.746755],[-72.605604,41.748985]]]}},{"type":"Feature","properties":{"GEOID":"09110502400","STATEFP":"09","COUNTYFP":"110","TRACTCE":"502400","NAMELSAD":"Census Tract 5024","NAMELSADCO":"Capitol Planning Region","STATE_NAME":"Connecticut"},"geometry":{"type":"Polygon","coordinates":[[[-72.682565,41.742431],[-72.676429,41.743466],[-72.672962,41.744038],[-72.67225,41.741302],[-72.671195,41.737662],[-72.670265,41.733991],[-72.674667,41.733397],[-72.675309,41.737101],[-72.677385,41.737643],[-72.681739,41.736634],[-72.682511,41.73853],[-72.682533,41.740058],[-72.682565,41.742431]]]}},{"type":"Feature","properties":{"GEOID":"09130670100","STATEFP":"09","COUNTYFP":"130","TRACTCE":"670100","NAMELSAD":"Census Tract 6701","NAMELSADCO":"Lower Connecticut River Valley Planning Region","STATE_NAME":"Connecticut"},"geometry":{"type":"Polygon","coordinates":[[[-72.433129,41.315188],[-72.431892,41.317116],[-72.42883,41.319426],[-72.426473,41.321814],[-72.425525,41.324221],[-72.420729,41.325397],[-72.40863,41.329651],[-72.404889,41.330874],[-72.402729,41.331598],[-72.390619,41.332233],[-72.383875,41.331984],[-72.381208,41.333843],[-72.374528,41.337598],[-72.369147,41.342337],[-72.366058,41.341079],[-72.362489,41.338942],[-72.357834,41.335135],[-72.353379,41.329833],[-72.351242,41.326369],[-72.349121,41.324492],[-72.347916,41.321784],[-72.347439,41.318803],[-72.356091,41.317469],[-72.359035,41.316151],[-72.361969,41.314071],[-72.36317,41.313233],[-72.369251,41.309074],[-72.379722,41.305136],[-72.384028,41.303409],[-72.392579,41.298759],[-72.388736,41.297345],[-72.38897,41.295912],[-72.388573,41.294781],[-72.387611,41.294968],[-72.388611,41.293991],[-72.388641,41.290546],[-72.389809,41.290527],[-72.392822,41.287594],[-72.392345,41.286859],[-72.394039,41.285378],[-72.393625,41.282638],[-72.394991,41.282173],[-72.394515,41.279983],[-72.395491,41.278787],[-72.3981541706389,41.2774471536646],[-72.398688,41.278172],[-72.405718,41.276801],[-72.4166552242223,41.2782926471396],[-72.421475,41.283569],[-72.423269,41.288381],[-72.423999,41.290405],[-72.432526,41.313003],[-72.433129,41.315188]]]}},{"type":"Feature","properties":{"GEOID":"09110535101","STATEFP":"09","COUNTYFP":"110","TRACTCE":"535101","NAMELSAD":"Census Tract 5351.01","NAMELSADCO":"Capitol Planning Region","STATE_NAME":"Connecticut"},"geometry":{"type":"Polygon","coordinates":[[[-72.51733,41.869897],[-72.516924,41.873639],[-72.515226,41.899467],[-72.510433,41.8995],[-72.506016,41.900305],[-72.502207,41.900332],[-72.487799,41.901696],[-72.477778,41.902927],[-72.470277,41.903859],[-72.470389,41.904183],[-72.454622,41.910375],[-72.45591,41.905906],[-72.459338,41.900374],[-72.460176,41.897248],[-72.463022,41.890308],[-72.463905,41.887564],[-72.464247,41.883391],[-72.463793,41.878035],[-72.463343,41.873202],[-72.464365,41.870117],[-72.484958,41.867524],[-72.488499,41.867072],[-72.492517,41.86655],[-72.492783,41.866512],[-72.492998,41.866482],[-72.495537,41.865991],[-72.49681,41.860616],[-72.501927,41.859457],[-72.515142,41.857461],[-72.51833,41.856899],[-72.51733,41.869897]]]}},{"type":"Feature","properties":{"GEOID":"09180800502","STATEFP":"09","COUNTYFP":"180","TRACTCE":"800502","NAMELSAD":"Census Tract 8005.02","NAMELSADCO":"Southeastern Connecticut Planning Region","STATE_NAME":"Connecticut"},"geometry":{"type":"Polygon","coordinates":[[[-72.211178,41.694145],[-72.206227,41.692916],[-72.20436,41.693553],[-72.198835,41.693525],[-72.198457,41.694139],[-72.186293,41.697132],[-72.187607,41.699841],[-72.190417,41.701604],[-72.192472,41.7035],[-72.187967,41.702057],[-72.186781,41.702439],[-72.185976,41.702529],[-72.181717,41.700296],[-72.18073,41.699762],[-72.178379,41.698219],[-72.175224,41.698217],[-72.157764,41.69981],[-72.162046,41.703518],[-72.163883,41.706007],[-72.165302,41.70946],[-72.165804,41.709852],[-72.166334,41.711915],[-72.166689,41.71833],[-72.167172,41.724648],[-72.164705,41.732728],[-72.159763,41.737777],[-72.158557,41.739633],[-72.156482,41.744423],[-72.155502,41.748283],[-72.152732,41.750061],[-72.150738,41.752842],[-72.122521,41.748768],[-72.112045,41.745897],[-72.122489,41.712754],[-72.121099,41.697452],[-72.119677,41.664443],[-72.119957,41.663301],[-72.146717,41.667169],[-72.151747,41.667516],[-72.15501,41.662666],[-72.157472,41.657798],[-72.157546,41.657627],[-72.173334,41.667859],[-72.175469,41.668995],[-72.178276,41.671206],[-72.186651,41.676283],[-72.198866,41.685394],[-72.208239,41.69225],[-72.211178,41.694145]]]}},{"type":"Feature","properties":{"GEOID":"09170180101","STATEFP":"09","COUNTYFP":"170","TRACTCE":"180101","NAMELSAD":"Census Tract 1801.01","NAMELSADCO":"South Central Connecticut Planning Region","STATE_NAME":"Connecticut"},"geometry":{"type":"Polygon","coordinates":[[[-72.9003323174285,41.2467554504053],[-72.899202,41.248697],[-72.896918,41.248485],[-72.891051,41.251186],[-72.88948,41.251003],[-72.886871,41.254283],[-72.887106,41.255152],[-72.878959,41.259546],[-72.87374,41.264236],[-72.87293,41.26423],[-72.87328,41.261047],[-72.873168,41.26054],[-72.871381,41.253654],[-72.871324,41.253008],[-72.871084,41.249828],[-72.875006,41.248674],[-72.8746281468663,41.24443305669],[-72.8808673035784,41.2432125309108],[-72.881509,41.243087],[-72.885622,41.244272],[-72.890042,41.244648],[-72.893579,41.242538],[-72.894578,41.242509],[-72.896703,41.245315],[-72.900159,41.246676],[-72.9003323174285,41.2467554504053]]]}},{"type":"Feature","properties":{"GEOID":"09190043600","STATEFP":"09","COUNTYFP":"190","TRACTCE":"043600","NAMELSAD":"Census Tract 436","NAMELSADCO":"Western Connecticut Planning Region","STATE_NAME":"Connecticut"},"geometry":{"type":"Polygon","coordinates":[[[-73.41162,41.110764],[-73.409523,41.112905],[-73.409,41.115214],[-73.409381,41.116639],[-73.408105,41.117403],[-73.408121,41.117688],[-73.408326,41.117708],[-73.408367,41.12025],[-73.408686,41.121382],[-73.406838,41.121326],[-73.405447,41.121282],[-73.403149,41.122729],[-73.398541,41.124149],[-73.395985,41.119394],[-73.395001,41.117591],[-73.39525,41.117277],[-73.397295,41.11561],[-73.398469,41.113256],[-73.398569,41.111397],[-73.398545,41.111227],[-73.401298,41.110392],[-73.406137,41.108457],[-73.410575,41.107436],[-73.41162,41.110764]]]}},{"type":"Feature","properties":{"GEOID":"09120090700","STATEFP":"09","COUNTYFP":"120","TRACTCE":"090700","NAMELSAD":"Census Tract 907","NAMELSADCO":"Greater Bridgeport Planning Region","STATE_NAME":"Connecticut"},"geometry":{"type":"Polygon","coordinates":[[[-73.234428,41.29079],[-73.227371,41.297604],[-73.221099,41.298104],[-73.2048,41.29936],[-73.200807,41.294944],[-73.198299,41.293093],[-73.190988,41.285799],[-73.179032,41.273731],[-73.178639,41.272636],[-73.173596,41.268606],[-73.172628,41.266848],[-73.1727,41.265995],[-73.174166,41.265965],[-73.175564,41.266936],[-73.180336,41.265692],[-73.185104,41.267122],[-73.189956,41.265438],[-73.19399,41.265253],[-73.199,41.264172],[-73.199186,41.259423],[-73.197586,41.257239],[-73.197361,41.255034],[-73.198369,41.254118],[-73.199349,41.253673],[-73.201977,41.253064],[-73.202843,41.251734],[-73.206474,41.253801],[-73.206958,41.25451],[-73.209626,41.256237],[-73.212841,41.260095],[-73.213256,41.262576],[-73.215417,41.263102],[-73.217717,41.264589],[-73.217892,41.266137],[-73.219356,41.268338],[-73.220157,41.271165],[-73.219387,41.273515],[-73.220079,41.275244],[-73.220452,41.279284],[-73.221869,41.280739],[-73.223794,41.282511],[-73.222742,41.284064],[-73.22408,41.286102],[-73.225259,41.285733],[-73.231411,41.288998],[-73.23471,41.28945],[-73.234428,41.29079]]]}},{"type":"Feature","properties":{"GEOID":"09120060200","STATEFP":"09","COUNTYFP":"120","TRACTCE":"060200","NAMELSAD":"Census Tract 602","NAMELSADCO":"Greater Bridgeport Planning Region","STATE_NAME":"Connecticut"},"geometry":{"type":"Polygon","coordinates":[[[-73.261632,41.180773],[-73.259504,41.183843],[-73.258222,41.187339],[-73.258578,41.187076],[-73.259902,41.186225],[-73.260042,41.192345],[-73.259263,41.193466],[-73.2581,41.193575],[-73.25534,41.200222],[-73.25488,41.202637],[-73.254714,41.202727],[-73.254908,41.204706],[-73.256867,41.207656],[-73.256232,41.210379],[-73.257088,41.212548],[-73.259349,41.214811],[-73.260191,41.21543],[-73.256559,41.219296],[-73.255651,41.22219],[-73.25444,41.220846],[-73.253664,41.220026],[-73.245365,41.210478],[-73.244312,41.206613],[-73.241866,41.203389],[-73.241118,41.202503],[-73.238414,41.200098],[-73.23661,41.197721],[-73.23817,41.196406],[-73.24362,41.192653],[-73.244713,41.191197],[-73.246274,41.190256],[-73.247323,41.189815],[-73.251581,41.186624],[-73.25492,41.183639],[-73.254966,41.183022],[-73.255886,41.183975],[-73.260799,41.180317],[-73.261632,41.180773]]]}},{"type":"Feature","properties":{"GEOID":"09190010201","STATEFP":"09","COUNTYFP":"190","TRACTCE":"010201","NAMELSAD":"Census Tract 102.01","NAMELSADCO":"Western Connecticut Planning Region","STATE_NAME":"Connecticut"},"geometry":{"type":"Polygon","coordinates":[[[-73.655008,41.068458],[-73.650433,41.070582],[-73.642641,41.076515],[-73.641143,41.076822],[-73.640574,41.076713],[-73.636286,41.07776],[-73.633722,41.077106],[-73.631427,41.075586],[-73.630996,41.072558],[-73.629062,41.070323],[-73.628811,41.070162],[-73.626992,41.070697],[-73.622869,41.070944],[-73.623717,41.073926],[-73.621813,41.073933],[-73.619709,41.074737],[-73.619508,41.075432],[-73.616957,41.075886],[-73.614358,41.0753],[-73.612925,41.076683],[-73.605862,41.076048],[-73.605121,41.074961],[-73.603665,41.074644],[-73.603836,41.074166],[-73.604685,41.071006],[-73.604588,41.065039],[-73.604884,41.059911],[-73.607039,41.053925],[-73.607045,41.052828],[-73.607876,41.050858],[-73.606599,41.047004],[-73.607005,41.045532],[-73.605351,41.036649],[-73.606706,41.036658],[-73.609601,41.036738],[-73.611932,41.036951],[-73.617254,41.036987],[-73.617486,41.039619],[-73.615479,41.045705],[-73.616479,41.048946],[-73.616318,41.051528],[-73.618539,41.048094],[-73.622407,41.048236],[-73.622852,41.049895],[-73.624891,41.049759],[-73.626965,41.047064],[-73.627483,41.047569],[-73.635923,41.048592],[-73.637041,41.048485],[-73.637661,41.049345],[-73.640007,41.049726],[-73.641332,41.051914],[-73.645794,41.056733],[-73.646709,41.060217],[-73.648078,41.062168],[-73.648029,41.06331],[-73.650532,41.063984],[-73.655008,41.068458]]]}},{"type":"Feature","properties":{"GEOID":"09110529100","STATEFP":"09","COUNTYFP":"110","TRACTCE":"529100","NAMELSAD":"Census Tract 5291","NAMELSADCO":"Capitol Planning Region","STATE_NAME":"Connecticut"},"geometry":{"type":"Polygon","coordinates":[[[-72.473388,41.798277],[-72.45514,41.801448],[-72.449128,41.802098],[-72.439223,41.803622],[-72.429428,41.8049],[-72.418891,41.806559],[-72.416523,41.796953],[-72.411165,41.769922],[-72.410251,41.765505],[-72.405333,41.742595],[-72.405105,41.738801],[-72.403622,41.733992],[-72.418418,41.732106],[-72.422818,41.73196],[-72.43547,41.730273],[-72.453728,41.728201],[-72.460129,41.727299],[-72.462363,41.738376],[-72.463899,41.745572],[-72.464376,41.746735],[-72.468724,41.770475],[-72.470335,41.779834],[-72.471062,41.784371],[-72.473468,41.798264],[-72.473388,41.798277]]]}},{"type":"Feature","properties":{"GEOID":"09190210900","STATEFP":"09","COUNTYFP":"190","TRACTCE":"210900","NAMELSAD":"Census Tract 2109","NAMELSADCO":"Western Connecticut Planning Region","STATE_NAME":"Connecticut"},"geometry":{"type":"Polygon","coordinates":[[[-73.5371022733491,41.4397068909828],[-73.53633,41.440529],[-73.521216,41.443994],[-73.519011,41.444515],[-73.51428,41.445636],[-73.514198,41.445249],[-73.512193,41.444471],[-73.507937,41.444368],[-73.50616,41.442349],[-73.500342,41.440656],[-73.499084,41.438386],[-73.498389,41.437525],[-73.492954,41.432494],[-73.487767,41.430315],[-73.48273,41.425467],[-73.482341,41.423764],[-73.481067,41.422229],[-73.476527,41.420054],[-73.473958,41.417269],[-73.472643,41.416562],[-73.470781,41.413513],[-73.466434,41.406845],[-73.463039,41.404929],[-73.46107,41.405305],[-73.460818,41.405249],[-73.462783,41.403448],[-73.464523,41.402389],[-73.46613,41.40172],[-73.467148,41.401461],[-73.468755,41.401089],[-73.473369,41.401547],[-73.47611,41.403533],[-73.478885,41.407301],[-73.479432,41.407512],[-73.482205,41.407575],[-73.489558,41.406529],[-73.492885,41.405355],[-73.49729,41.405706],[-73.498566,41.406774],[-73.500236,41.408693],[-73.501545,41.409375],[-73.504335,41.410308],[-73.507524,41.411271],[-73.50913,41.412903],[-73.512698,41.41386],[-73.516776,41.418468],[-73.516429,41.421593],[-73.521811,41.425552],[-73.521112,41.427976],[-73.521639,41.429624],[-73.524429,41.433384],[-73.525205,41.435738],[-73.533109,41.436169],[-73.535521,41.437711],[-73.5372747912126,41.4379113250589],[-73.5371022733491,41.4397068909828]]]}},{"type":"Feature","properties":{"GEOID":"09110515200","STATEFP":"09","COUNTYFP":"110","TRACTCE":"515200","NAMELSAD":"Census Tract 5152","NAMELSADCO":"Capitol Planning Region","STATE_NAME":"Connecticut"},"geometry":{"type":"Polygon","coordinates":[[[-72.520689,41.762751],[-72.520431,41.764581],[-72.517065,41.764836],[-72.515522,41.76454],[-72.511387,41.763498],[-72.504453,41.764624],[-72.502178,41.764722],[-72.500541,41.764796],[-72.496784,41.764916],[-72.496081,41.764939],[-72.492761,41.765027],[-72.49018,41.76602],[-72.482236,41.768258],[-72.478335,41.767675],[-72.475985,41.767973],[-72.47189,41.77],[-72.468724,41.770475],[-72.464376,41.746735],[-72.463899,41.745572],[-72.489123,41.742998],[-72.50078,41.741877],[-72.516256,41.739824],[-72.517132,41.739935],[-72.517025,41.74027],[-72.517479,41.74493],[-72.517338,41.746026],[-72.520362,41.75528],[-72.52108,41.758936],[-72.520689,41.762751]]]}},{"type":"Feature","properties":{"GEOID":"09130660103","STATEFP":"09","COUNTYFP":"130","TRACTCE":"660103","NAMELSAD":"Census Tract 6601.03","NAMELSADCO":"Lower Connecticut River Valley Planning Region","STATE_NAME":"Connecticut"},"geometry":{"type":"Polygon","coordinates":[[[-72.30805,41.340181],[-72.306616,41.343459],[-72.305682,41.344599],[-72.300064,41.348107],[-72.295981,41.349682],[-72.292121,41.350534],[-72.289424,41.350645],[-72.2845,41.349526],[-72.278648,41.348925],[-72.272652,41.349521],[-72.270941,41.34837],[-72.268475,41.343257],[-72.266311,41.342211],[-72.265093,41.339274],[-72.261332,41.333998],[-72.259312,41.329686],[-72.256402,41.3259],[-72.25721,41.324242],[-72.257961,41.32362],[-72.258045,41.32284],[-72.25603,41.315592],[-72.254739,41.312529],[-72.254816,41.310309],[-72.254139,41.309787],[-72.25328,41.309535],[-72.25062,41.304718],[-72.2488103721913,41.2993370479212],[-72.251895,41.29862],[-72.250515,41.294386],[-72.251259356024,41.2903427096669],[-72.252801,41.291614],[-72.254278,41.29106],[-72.257735,41.291093],[-72.261474,41.295681],[-72.267133,41.293622],[-72.268832,41.298458],[-72.270049,41.300258],[-72.271818,41.300237],[-72.276104,41.298965],[-72.278234,41.297436],[-72.281598,41.296177],[-72.285688,41.297151],[-72.286478,41.297661],[-72.289417,41.302331],[-72.291824,41.304167],[-72.29299,41.306495],[-72.294116,41.307313],[-72.297672,41.306822],[-72.299778,41.307042],[-72.304583,41.304856],[-72.307526,41.304697],[-72.307491,41.306408],[-72.303744,41.311263],[-72.299945,41.314229],[-72.300653,41.318247],[-72.300555,41.319919],[-72.299514,41.320978],[-72.299601,41.322531],[-72.29746,41.325209],[-72.300349,41.32893],[-72.301047,41.331641],[-72.299845,41.336958],[-72.302583,41.336658],[-72.310288,41.337488],[-72.30805,41.340181]]]}},{"type":"Feature","properties":{"GEOID":"09110490303","STATEFP":"09","COUNTYFP":"110","TRACTCE":"490303","NAMELSAD":"Census Tract 4903.03","NAMELSADCO":"Capitol Planning Region","STATE_NAME":"Connecticut"},"geometry":{"type":"Polygon","coordinates":[[[-72.712339,41.630599],[-72.713833,41.636205],[-72.707896,41.636964],[-72.706435,41.636234],[-72.704709,41.636947],[-72.696737,41.638172],[-72.696969,41.640208],[-72.693581,41.645852],[-72.692121,41.647868],[-72.682613,41.649274],[-72.679379,41.650745],[-72.678832,41.649596],[-72.678594,41.64897],[-72.677638,41.644671],[-72.675489,41.634726],[-72.67587,41.633095],[-72.675884,41.633093],[-72.688425,41.631399],[-72.713897,41.627705],[-72.712339,41.630599]]]}},{"type":"Feature","properties":{"GEOID":"09190230300","STATEFP":"09","COUNTYFP":"190","TRACTCE":"230300","NAMELSAD":"Census Tract 2303","NAMELSADCO":"Western Connecticut Planning Region","STATE_NAME":"Connecticut"},"geometry":{"type":"Polygon","coordinates":[[[-73.374331,41.413638],[-73.367736,41.415606],[-73.364201,41.41625],[-73.359293,41.416191],[-73.35708,41.416959],[-73.352639,41.419902],[-73.350723,41.420531],[-73.346521,41.419813],[-73.331143,41.418397],[-73.333308,41.412951],[-73.330287,41.412191],[-73.329593,41.410262],[-73.327194,41.408561],[-73.327961,41.407555],[-73.325873,41.406116],[-73.322061,41.401232],[-73.32154,41.401546],[-73.317434,41.400687],[-73.314114,41.400991],[-73.312279,41.402423],[-73.307564,41.40296],[-73.303413,41.4008],[-73.302964,41.40454],[-73.301829,41.403024],[-73.299112,41.403809],[-73.295511,41.399699],[-73.293297,41.395988],[-73.299472,41.397807],[-73.300479,41.396616],[-73.302749,41.395774],[-73.303385,41.396307],[-73.305123,41.395545],[-73.307351,41.393362],[-73.307692,41.392273],[-73.310177,41.391053],[-73.311449,41.389721],[-73.312287,41.384484],[-73.313267,41.382368],[-73.312696,41.378757],[-73.31358,41.377362],[-73.316525,41.376509],[-73.31705,41.375335],[-73.320757,41.372314],[-73.320736,41.371121],[-73.32222,41.370303],[-73.329566,41.369787],[-73.3319,41.368587],[-73.337314,41.370557],[-73.340093,41.373273],[-73.345666,41.375372],[-73.347501,41.376013],[-73.347704,41.3761],[-73.351053,41.376811],[-73.356313,41.379386],[-73.358013,41.380456],[-73.360106,41.382296],[-73.361657,41.382718],[-73.368213,41.397106],[-73.37408,41.409972],[-73.375723,41.413596],[-73.374331,41.413638]]]}},{"type":"Feature","properties":{"GEOID":"09190200302","STATEFP":"09","COUNTYFP":"190","TRACTCE":"200302","NAMELSAD":"Census Tract 2003.02","NAMELSADCO":"Western Connecticut Planning Region","STATE_NAME":"Connecticut"},"geometry":{"type":"Polygon","coordinates":[[[-73.421229,41.338705],[-73.420576,41.343661],[-73.418461,41.350607],[-73.418401,41.357404],[-73.417009,41.364025],[-73.415321,41.3687],[-73.413931,41.366736],[-73.412636,41.366937],[-73.410672,41.364557],[-73.409606,41.36067],[-73.407227,41.358239],[-73.404277,41.356768],[-73.400891,41.358306],[-73.401188,41.360247],[-73.403387,41.366342],[-73.406507,41.369409],[-73.407368,41.371223],[-73.407433,41.371748],[-73.405242,41.371351],[-73.396359,41.371034],[-73.392947,41.369305],[-73.390986,41.367705],[-73.390156,41.366477],[-73.391842,41.372764],[-73.395353,41.375468],[-73.393807,41.375649],[-73.390931,41.375183],[-73.391222,41.377976],[-73.389647,41.379161],[-73.390372,41.383932],[-73.393075,41.385667],[-73.395306,41.384978],[-73.398343,41.38594],[-73.395322,41.389042],[-73.391761,41.391416],[-73.390922,41.391736],[-73.387197,41.391722],[-73.385358,41.392128],[-73.378015,41.395631],[-73.369514,41.397051],[-73.368213,41.397106],[-73.361657,41.382718],[-73.359804,41.378625],[-73.358346,41.375399],[-73.347055,41.350426],[-73.359714,41.347011],[-73.365754,41.345956],[-73.393084,41.340687],[-73.406101,41.338346],[-73.417452,41.336249],[-73.423045,41.335499],[-73.421229,41.338705]]]}},{"type":"Feature","properties":{"GEOID":"09120073100","STATEFP":"09","COUNTYFP":"120","TRACTCE":"073100","NAMELSAD":"Census Tract 731","NAMELSADCO":"Greater Bridgeport Planning Region","STATE_NAME":"Connecticut"},"geometry":{"type":"Polygon","coordinates":[[[-73.178861,41.206145],[-73.178909,41.210139],[-73.174744,41.214134],[-73.17303,41.215722],[-73.167259,41.223977],[-73.164684,41.225647],[-73.157636,41.228377],[-73.159084,41.225934],[-73.161087,41.224566],[-73.162827,41.220225],[-73.161944,41.217572],[-73.157988,41.20543],[-73.161443,41.205537],[-73.165859,41.204511],[-73.168151,41.203199],[-73.170221,41.199765],[-73.171764,41.200095],[-73.173272,41.200791],[-73.173637,41.200343],[-73.177182,41.202671],[-73.176818,41.20393],[-73.179169,41.204098],[-73.178861,41.206145]]]}},{"type":"Feature","properties":{"GEOID":"09110487100","STATEFP":"09","COUNTYFP":"110","TRACTCE":"487100","NAMELSAD":"Census Tract 4871","NAMELSADCO":"Capitol Planning Region","STATE_NAME":"Connecticut"},"geometry":{"type":"Polygon","coordinates":[[[-72.605601,41.868038],[-72.587988,41.868313],[-72.582561,41.868326],[-72.571488,41.868783],[-72.547879,41.869284],[-72.51733,41.869897],[-72.51833,41.856899],[-72.515142,41.857461],[-72.520291,41.852912],[-72.524709,41.847855],[-72.527892,41.844377],[-72.53469,41.839966],[-72.540135,41.837232],[-72.546427,41.834575],[-72.551679,41.830732],[-72.555092,41.830802],[-72.557092,41.836615],[-72.558704,41.83824],[-72.558918,41.843244],[-72.560233,41.845181],[-72.561472,41.84583],[-72.596994,41.85639],[-72.60227,41.857976],[-72.605601,41.868038]]]}},{"type":"Feature","properties":{"GEOID":"09110492100","STATEFP":"09","COUNTYFP":"110","TRACTCE":"492100","NAMELSAD":"Census Tract 4921","NAMELSADCO":"Capitol Planning Region","STATE_NAME":"Connecticut"},"geometry":{"type":"Polygon","coordinates":[[[-72.667431,41.728328],[-72.659313,41.729322],[-72.658711,41.729619],[-72.655602,41.729908],[-72.647836,41.727899],[-72.636335,41.724899],[-72.648868,41.723096],[-72.640573,41.714526],[-72.638309,41.714102],[-72.622035,41.712199],[-72.615937,41.707101],[-72.617612,41.704029],[-72.618466,41.703394],[-72.619716,41.702469],[-72.626888,41.701039],[-72.635326,41.698655],[-72.63667,41.69288],[-72.635664,41.691543],[-72.632682,41.689861],[-72.629735,41.689399],[-72.615735,41.688099],[-72.62698,41.687087],[-72.632073,41.686799],[-72.649115,41.68498],[-72.650911,41.687283],[-72.654465,41.694961],[-72.656608,41.69871],[-72.659612,41.703489],[-72.659975,41.705915],[-72.659962,41.708814],[-72.661644,41.712876],[-72.663573,41.717133],[-72.666625,41.724046],[-72.667423,41.726578],[-72.667431,41.728328]]]}},{"type":"Feature","properties":{"GEOID":"09190050500","STATEFP":"09","COUNTYFP":"190","TRACTCE":"050500","NAMELSAD":"Census Tract 505","NAMELSADCO":"Western Connecticut Planning Region","STATE_NAME":"Connecticut"},"geometry":{"type":"Polygon","coordinates":[[[-73.372621,41.109285],[-73.368505,41.118695],[-73.368532,41.120759],[-73.369209,41.122734],[-73.369658,41.123806],[-73.367986,41.130491],[-73.366322,41.132752],[-73.362624,41.134317],[-73.362382,41.138744],[-73.363232,41.140931],[-73.358095,41.141466],[-73.353377,41.140519],[-73.353099,41.140463],[-73.348422,41.139875],[-73.341614,41.137624],[-73.341841,41.136539],[-73.345894,41.129366],[-73.345303,41.126869],[-73.346042,41.12299],[-73.346113,41.122615],[-73.345576,41.11936],[-73.346502,41.116665],[-73.346076,41.114153],[-73.346636,41.112143],[-73.34606,41.108924],[-73.346896,41.108226],[-73.347485,41.108252],[-73.3472202648725,41.1075859999947],[-73.350351,41.106377],[-73.3526336459335,41.1016877368453],[-73.352671,41.101611],[-73.3529310090308,41.1017396180365],[-73.357078,41.103791],[-73.3573073816719,41.1038608760925],[-73.368249,41.107194],[-73.3680613466089,41.1028164721535],[-73.370262,41.104196],[-73.372621,41.109285]]]}},{"type":"Feature","properties":{"GEOID":"09190055200","STATEFP":"09","COUNTYFP":"190","TRACTCE":"055200","NAMELSAD":"Census Tract 552","NAMELSADCO":"Western Connecticut Planning Region","STATE_NAME":"Connecticut"},"geometry":{"type":"Polygon","coordinates":[[[-73.386594,41.199968],[-73.384746,41.19959],[-73.384288,41.199269],[-73.378381,41.201628],[-73.373766,41.203939],[-73.369509,41.205543],[-73.372191,41.209156],[-73.369928,41.21113],[-73.366584,41.212709],[-73.362899,41.215103],[-73.360442,41.217058],[-73.358594,41.217259],[-73.356092,41.220758],[-73.355022,41.223598],[-73.35435,41.227286],[-73.354093,41.227916],[-73.352424,41.228793],[-73.350137,41.230641],[-73.347106,41.226743],[-73.34653,41.224041],[-73.342396,41.226978],[-73.339429,41.227563],[-73.335764,41.229816],[-73.332674,41.233207],[-73.331364,41.233466],[-73.32581,41.227228],[-73.326746,41.226733],[-73.325845,41.224659],[-73.323638,41.222221],[-73.325341,41.220296],[-73.325916,41.218151],[-73.325674,41.216213],[-73.329014,41.213425],[-73.330311,41.211233],[-73.328908,41.210003],[-73.330735,41.208318],[-73.332359,41.204019],[-73.333296,41.202855],[-73.332976,41.200966],[-73.333426,41.1991],[-73.337707,41.196832],[-73.338457,41.194539],[-73.342096,41.19273],[-73.345524,41.19028],[-73.354653,41.185059],[-73.361729,41.180896],[-73.363826,41.179351],[-73.364752,41.179031],[-73.370454,41.175722],[-73.371603,41.174685],[-73.376548,41.18143],[-73.378157,41.184204],[-73.379568,41.185777],[-73.381786,41.18876],[-73.382494,41.189467],[-73.389158,41.199246],[-73.386594,41.199968]]]}},{"type":"Feature","properties":{"GEOID":"09110514900","STATEFP":"09","COUNTYFP":"110","TRACTCE":"514900","NAMELSAD":"Census Tract 5149","NAMELSADCO":"Capitol Planning Region","STATE_NAME":"Connecticut"},"geometry":{"type":"Polygon","coordinates":[[[-72.506401,41.793873],[-72.496645,41.795008],[-72.490442,41.795036],[-72.490473,41.795278],[-72.490501,41.7955],[-72.484902,41.795891],[-72.481559,41.797979],[-72.47364,41.799141],[-72.473468,41.798264],[-72.471062,41.784371],[-72.482802,41.786318],[-72.493082,41.785395],[-72.497373,41.784999],[-72.497722,41.784969],[-72.498682,41.784929],[-72.499524,41.784736],[-72.500274,41.784161],[-72.501533,41.78191],[-72.50179,41.781541],[-72.503853,41.780002],[-72.505997,41.778965],[-72.505624,41.781314],[-72.505825,41.784284],[-72.505609,41.789231],[-72.505686,41.789865],[-72.506068,41.790567],[-72.50636,41.790983],[-72.509081,41.793663],[-72.506401,41.793873]]]}},{"type":"Feature","properties":{"GEOID":"09130640100","STATEFP":"09","COUNTYFP":"130","TRACTCE":"640100","NAMELSAD":"Census Tract 6401","NAMELSADCO":"Lower Connecticut River Valley Planning Region","STATE_NAME":"Connecticut"},"geometry":{"type":"Polygon","coordinates":[[[-72.653672,41.438125],[-72.65308,41.438206],[-72.645026,41.439202],[-72.638379,41.439583],[-72.62689,41.440544],[-72.623701,41.44104],[-72.614791,41.441745],[-72.60896,41.44309],[-72.604916,41.440206],[-72.569999,41.41477],[-72.566289,41.415763],[-72.555342,41.418145],[-72.548917,41.419203],[-72.538782,41.421491],[-72.528007,41.388321],[-72.524062,41.376179],[-72.51395,41.346403],[-72.512034,41.341599],[-72.526203,41.33832],[-72.531728,41.336764],[-72.549548,41.327391],[-72.558821,41.322306],[-72.573581,41.314829],[-72.574417,41.314672],[-72.583587,41.310892],[-72.585657,41.309852],[-72.588574,41.3117],[-72.586565,41.312936],[-72.584885,41.312934],[-72.585206,41.314232],[-72.587062,41.313706],[-72.589415,41.315133],[-72.587809,41.316045],[-72.585318,41.318618],[-72.585768,41.322976],[-72.586417,41.324217],[-72.587341,41.324326],[-72.589445,41.322663],[-72.591804,41.322778],[-72.592866,41.324065],[-72.595708,41.328035],[-72.597193,41.328533],[-72.600784,41.325814],[-72.60251,41.325977],[-72.605226,41.327609],[-72.608654,41.328175],[-72.611518,41.327506],[-72.612077,41.32922],[-72.614407,41.329966],[-72.614963,41.333588],[-72.613604,41.336223],[-72.614405,41.337002],[-72.612689,41.340866],[-72.612705,41.342414],[-72.611213,41.343233],[-72.61139,41.347096],[-72.612834,41.350219],[-72.611605,41.352327],[-72.612655,41.353834],[-72.612563,41.357205],[-72.612233,41.362674],[-72.609746,41.363368],[-72.609346,41.365357],[-72.61014,41.367148],[-72.608132,41.367404],[-72.609241,41.370529],[-72.60884,41.373513],[-72.611524,41.3765],[-72.614006,41.38078],[-72.613837,41.384398],[-72.612328,41.386179],[-72.616032,41.388742],[-72.61801,41.391656],[-72.622458,41.393594],[-72.625909,41.397165],[-72.625027,41.399092],[-72.626278,41.400189],[-72.629017,41.401232],[-72.63083,41.403589],[-72.630587,41.406943],[-72.632269,41.408122],[-72.632325,41.412315],[-72.637801,41.41232],[-72.641634,41.413736],[-72.645073,41.415802],[-72.646875,41.415744],[-72.647406,41.416962],[-72.649214,41.417345],[-72.649739,41.418387],[-72.650482,41.419119],[-72.648789,41.421998],[-72.645184,41.425806],[-72.642351,41.429323],[-72.646843,41.431153],[-72.649591,41.431007],[-72.648363,41.435148],[-72.650908,41.435031],[-72.653018,41.434914],[-72.654563,41.43626],[-72.653672,41.438125]]]}},{"type":"Feature","properties":{"GEOID":"09150830100","STATEFP":"09","COUNTYFP":"150","TRACTCE":"830100","NAMELSAD":"Census Tract 8301","NAMELSADCO":"Northeastern Connecticut Planning Region","STATE_NAME":"Connecticut"},"geometry":{"type":"Polygon","coordinates":[[[-72.2171,41.8723],[-72.2169,41.884464],[-72.216456,41.888062],[-72.216306,41.892818],[-72.21665,41.918662],[-72.21726,41.949353],[-72.21698,41.958161],[-72.19528,41.959322],[-72.190661,41.959144],[-72.151654,41.959302],[-72.152718,41.953033],[-72.150697,41.952456],[-72.150677,41.949461],[-72.149019,41.943787],[-72.148374,41.943518],[-72.147043,41.942529],[-72.147236,41.940851],[-72.146634,41.939067],[-72.145378,41.938331],[-72.145218,41.935478],[-72.14439,41.93325],[-72.145038,41.930617],[-72.144746,41.928817],[-72.141135,41.923718],[-72.13996,41.923186],[-72.13875,41.920431],[-72.139809,41.918374],[-72.139392,41.916184],[-72.135361,41.91339],[-72.132831,41.91041],[-72.12757,41.9027],[-72.125088,41.898612],[-72.122163,41.894418],[-72.112917,41.879322],[-72.112953,41.877842],[-72.112442,41.86278],[-72.113995,41.83169],[-72.12595,41.83391],[-72.129049,41.834301],[-72.133985,41.834578],[-72.140378,41.834614],[-72.145113,41.834855],[-72.164498,41.834913],[-72.166006,41.834883],[-72.169019,41.834902],[-72.200292,41.835046],[-72.217719,41.835184],[-72.2171,41.8723]]]}},{"type":"Feature","properties":{"GEOID":"09180800600","STATEFP":"09","COUNTYFP":"180","TRACTCE":"800600","NAMELSAD":"Census Tract 8006","NAMELSADCO":"Southeastern Connecticut Planning Region","STATE_NAME":"Connecticut"},"geometry":{"type":"Polygon","coordinates":[[[-72.21746,41.712902],[-72.216305,41.716479],[-72.205649,41.714748],[-72.204338,41.71706],[-72.203284,41.719031],[-72.202967,41.721267],[-72.201775,41.720172],[-72.19934,41.71898],[-72.197037,41.721084],[-72.193273,41.718432],[-72.189861,41.719365],[-72.187987,41.719164],[-72.187583,41.715486],[-72.19011,41.715051],[-72.191871,41.716874],[-72.194381,41.716977],[-72.194308,41.715971],[-72.19241,41.714252],[-72.192987,41.712182],[-72.194031,41.713093],[-72.197312,41.71318],[-72.198564,41.712297],[-72.200659,41.712983],[-72.203507,41.710146],[-72.206346,41.709374],[-72.207022,41.709328],[-72.209657,41.709764],[-72.212125,41.709799],[-72.217172,41.711669],[-72.220041,41.711589],[-72.21746,41.712902]]]}},{"type":"Feature","properties":{"GEOID":"09110494202","STATEFP":"09","COUNTYFP":"110","TRACTCE":"494202","NAMELSAD":"Census Tract 4942.02","NAMELSADCO":"Capitol Planning Region","STATE_NAME":"Connecticut"},"geometry":{"type":"Polygon","coordinates":[[[-72.722212,41.661482],[-72.719116,41.661732],[-72.717326,41.6627],[-72.715312,41.666263],[-72.715931,41.669114],[-72.708267,41.669964],[-72.706534,41.670628],[-72.706039,41.668799],[-72.703,41.654271],[-72.709071,41.653152],[-72.715296,41.652706],[-72.727356,41.652197],[-72.722212,41.661482]]]}},{"type":"Feature","properties":{"GEOID":"09110471100","STATEFP":"09","COUNTYFP":"110","TRACTCE":"471100","NAMELSAD":"Census Tract 4711","NAMELSADCO":"Capitol Planning Region","STATE_NAME":"Connecticut"},"geometry":{"type":"Polygon","coordinates":[[[-72.69868,41.835266],[-72.693921,41.835187],[-72.688073,41.837071],[-72.687394,41.829908],[-72.687037,41.826587],[-72.686979,41.82583],[-72.686559,41.817509],[-72.686137,41.802899],[-72.686039,41.800168],[-72.690076,41.800844],[-72.691081,41.80499],[-72.691151,41.805599],[-72.691393,41.807568],[-72.695574,41.807277],[-72.694696,41.812764],[-72.695128,41.816561],[-72.695432,41.81823],[-72.695701,41.81967],[-72.696113,41.822506],[-72.696743,41.826544],[-72.69769,41.832106],[-72.69868,41.835266]]]}},{"type":"Feature","properties":{"GEOID":"09110470100","STATEFP":"09","COUNTYFP":"110","TRACTCE":"470100","NAMELSAD":"Census Tract 4701","NAMELSADCO":"Capitol Planning Region","STATE_NAME":"Connecticut"},"geometry":{"type":"Polygon","coordinates":[[[-72.785362,41.918552],[-72.778698,41.9384],[-72.773532,41.954154],[-72.771528,41.960507],[-72.767266,41.974096],[-72.762939,41.985896],[-72.744153,41.981817],[-72.717724,41.976039],[-72.717352,41.975874],[-72.708522,41.973829],[-72.707622,41.973353],[-72.711836,41.960819],[-72.716169,41.949804],[-72.70964,41.949498],[-72.704318,41.949265],[-72.687636,41.948096],[-72.688195,41.946196],[-72.693557,41.946502],[-72.69755,41.945118],[-72.699087,41.940335],[-72.702655,41.939068],[-72.704171,41.935946],[-72.706553,41.936514],[-72.709291,41.929102],[-72.705119,41.926132],[-72.700589,41.924836],[-72.698001,41.925071],[-72.69351,41.928781],[-72.695906,41.922431],[-72.703503,41.924697],[-72.713636,41.926997],[-72.722212,41.927928],[-72.729225,41.915589],[-72.729646,41.914345],[-72.737729,41.892608],[-72.737806,41.892376],[-72.743926,41.895736],[-72.749428,41.896918],[-72.755598,41.900028],[-72.76098,41.903467],[-72.760585,41.905705],[-72.758661,41.907064],[-72.758929,41.908145],[-72.761547,41.910488],[-72.762193,41.91183],[-72.764897,41.913243],[-72.764784,41.914964],[-72.767087,41.915049],[-72.768154,41.917719],[-72.769405,41.917829],[-72.770587,41.918048],[-72.778227,41.917765],[-72.78544,41.917997],[-72.785362,41.918552]]]}},{"type":"Feature","properties":{"GEOID":"09110524300","STATEFP":"09","COUNTYFP":"110","TRACTCE":"524300","NAMELSAD":"Census Tract 5243","NAMELSADCO":"Capitol Planning Region","STATE_NAME":"Connecticut"},"geometry":{"type":"Polygon","coordinates":[[[-72.560958712171,42.0312713566218],[-72.5530545610102,42.0319993797686],[-72.552858204224,42.0320174654912],[-72.5501111622106,42.0322704857245],[-72.5314944001573,42.0339852092183],[-72.528131,42.034295],[-72.5246152595797,42.034280435345],[-72.5092040512358,42.0342165913446],[-72.508637,42.031135],[-72.505935,42.016478],[-72.51366,42.014608],[-72.5247,42.013769],[-72.522469,42.003871],[-72.54143,42.001379],[-72.554686,41.999638],[-72.555411,41.99964],[-72.556551,41.999671],[-72.557552,41.999752],[-72.558998,42.004452],[-72.559335,42.009398],[-72.559367,42.016672],[-72.560645,42.01929],[-72.559901,42.023345],[-72.559661,42.024555],[-72.559706,42.025601],[-72.560958712171,42.0312713566218]]]}},{"type":"Feature","properties":{"GEOID":"09130541100","STATEFP":"09","COUNTYFP":"130","TRACTCE":"541100","NAMELSAD":"Census Tract 5411","NAMELSADCO":"Lower Connecticut River Valley Planning Region","STATE_NAME":"Connecticut"},"geometry":{"type":"Polygon","coordinates":[[[-72.66655,41.563087],[-72.662483,41.564587],[-72.662064,41.565617],[-72.663002,41.566517],[-72.666359,41.566746],[-72.665862,41.56966],[-72.664107,41.572184],[-72.661472,41.573353],[-72.661193,41.57493],[-72.659998,41.576072],[-72.661505,41.57657],[-72.659799,41.578076],[-72.65789,41.578962],[-72.655137,41.577455],[-72.656229,41.576081],[-72.656101,41.573395],[-72.654034,41.572293],[-72.652562,41.573018],[-72.651546,41.573106],[-72.648802,41.575236],[-72.648436,41.569221],[-72.651761,41.568619],[-72.654418,41.567383],[-72.654536,41.566915],[-72.653125,41.565891],[-72.651986,41.564139],[-72.655253,41.563157],[-72.6595,41.5619],[-72.658386,41.560055],[-72.658255,41.559858],[-72.661176,41.55895],[-72.662028,41.560051],[-72.663458,41.560595],[-72.665621,41.56099],[-72.66655,41.563087]]]}},{"type":"Feature","properties":{"GEOID":"09110850200","STATEFP":"09","COUNTYFP":"110","TRACTCE":"850200","NAMELSAD":"Census Tract 8502","NAMELSADCO":"Capitol Planning Region","STATE_NAME":"Connecticut"},"geometry":{"type":"Polygon","coordinates":[[[-72.366268,41.773459],[-72.362587,41.773185],[-72.360399,41.773776],[-72.360351,41.775712],[-72.358303,41.777393],[-72.356975,41.777025],[-72.355181,41.778536],[-72.355883,41.780093],[-72.356236,41.783258],[-72.355433,41.784583],[-72.357073,41.78539],[-72.356229,41.787807],[-72.353834,41.788379],[-72.355034,41.792124],[-72.354496,41.794084],[-72.352164,41.794502],[-72.350706,41.796182],[-72.350491,41.799406],[-72.343656,41.7994],[-72.333593,41.797817],[-72.33219,41.797864],[-72.322561,41.798241],[-72.3157,41.799361],[-72.312704,41.79928],[-72.312828,41.798314],[-72.309015,41.796287],[-72.305925,41.795394],[-72.302717,41.797457],[-72.299875,41.797156],[-72.296303,41.795469],[-72.295991,41.795013],[-72.291557,41.795325],[-72.280591,41.784181],[-72.280228,41.781278],[-72.280221,41.779221],[-72.277318,41.777778],[-72.275362,41.776096],[-72.275188,41.773779],[-72.271982,41.771204],[-72.27241,41.767158],[-72.271117,41.766174],[-72.270897,41.764123],[-72.26886,41.762517],[-72.270898,41.760625],[-72.270872,41.759764],[-72.267904,41.756381],[-72.266131,41.753352],[-72.265986,41.750001],[-72.269467,41.745833],[-72.267841,41.745693],[-72.268431,41.744837],[-72.265771,41.743676],[-72.263535,41.740468],[-72.263637,41.739356],[-72.262502,41.738337],[-72.263065,41.73709],[-72.261722,41.736757],[-72.260678,41.734139],[-72.26135,41.732748],[-72.259701,41.729619],[-72.254003,41.729515],[-72.252643,41.728202],[-72.252083,41.727062],[-72.252994,41.724921],[-72.249523,41.724466],[-72.246596,41.722901],[-72.247813,41.721936],[-72.249183,41.723186],[-72.252704,41.721921],[-72.253546,41.721006],[-72.256964,41.722186],[-72.259178,41.722174],[-72.261517,41.719497],[-72.26485,41.717571],[-72.26637,41.718043],[-72.26833,41.719952],[-72.272449,41.72113],[-72.275511,41.720368],[-72.276747,41.720659],[-72.275517,41.72159],[-72.27819,41.723881],[-72.280615,41.722378],[-72.282461,41.721989],[-72.282395,41.722917],[-72.284475,41.722599],[-72.284759,41.725112],[-72.294611,41.724994],[-72.298024,41.726153],[-72.300295,41.725209],[-72.302565,41.727701],[-72.306983,41.729039],[-72.311604,41.731658],[-72.315054,41.731148],[-72.3166,41.731971],[-72.320754,41.732377],[-72.321823,41.733809],[-72.323098,41.733617],[-72.327135,41.734484],[-72.328556,41.736382],[-72.327743,41.738105],[-72.328872,41.738819],[-72.353271,41.765844],[-72.354883,41.767127],[-72.353889,41.768499],[-72.356106,41.768523],[-72.359971,41.769959],[-72.360745,41.771093],[-72.36709,41.772418],[-72.366268,41.773459]]]}},{"type":"Feature","properties":{"GEOID":"09110881200","STATEFP":"09","COUNTYFP":"110","TRACTCE":"881200","NAMELSAD":"Census Tract 8812","NAMELSADCO":"Capitol Planning Region","STATE_NAME":"Connecticut"},"geometry":{"type":"Polygon","coordinates":[[[-72.259201,41.81814],[-72.255391,41.818773],[-72.254756,41.817422],[-72.248806,41.820648],[-72.246748,41.820727],[-72.242907,41.816293],[-72.243444,41.814122],[-72.245984,41.812105],[-72.248323,41.810946],[-72.245839,41.810369],[-72.246734,41.809126],[-72.241872,41.808203],[-72.241183,41.806679],[-72.243843,41.804504],[-72.241017,41.801089],[-72.24127,41.799138],[-72.24432,41.799192],[-72.246473,41.797897],[-72.253375,41.80519],[-72.255763,41.802761],[-72.257987,41.802801],[-72.259796,41.806066],[-72.25811,41.808245],[-72.259324,41.809592],[-72.260107,41.811486],[-72.25836,41.811198],[-72.257976,41.812455],[-72.256352,41.810768],[-72.254349,41.811362],[-72.249782,41.811521],[-72.252182,41.813562],[-72.253417,41.81303],[-72.256015,41.814848],[-72.257286,41.816878],[-72.26238,41.817007],[-72.259201,41.81814]]]}},{"type":"Feature","properties":{"GEOID":"09170160100","STATEFP":"09","COUNTYFP":"170","TRACTCE":"160100","NAMELSAD":"Census Tract 1601","NAMELSADCO":"South Central Connecticut Planning Region","STATE_NAME":"Connecticut"},"geometry":{"type":"Polygon","coordinates":[[[-73.046445,41.352086],[-73.042606,41.353332],[-73.038854,41.35282],[-73.035642,41.353221],[-73.035137,41.35379],[-73.033257,41.352285],[-73.026878,41.352296],[-73.026884,41.352596],[-73.018419,41.353123],[-73.009673,41.352899],[-73.00683,41.352893],[-72.997527,41.35373],[-72.998081,41.3438],[-72.997395,41.337862],[-72.995312,41.337796],[-72.996516,41.33459],[-72.996454,41.332396],[-72.994924,41.331116],[-72.988841,41.331514],[-72.987296,41.33124],[-72.988743,41.330186],[-72.98894,41.328893],[-72.99639,41.32375],[-72.997111,41.322194],[-72.998048,41.314097],[-73.000697,41.312623],[-73.008764,41.31041],[-73.013074,41.310319],[-73.014778,41.310823],[-73.020627,41.311095],[-73.028064,41.311879],[-73.033576,41.313129],[-73.040707,41.313891],[-73.04042,41.318545],[-73.039141,41.326654],[-73.038934,41.32801],[-73.039981,41.332357],[-73.041881,41.337578],[-73.042943,41.338823],[-73.043718,41.34232],[-73.046334,41.346078],[-73.046445,41.352086]]]}},{"type":"Feature","properties":{"GEOID":"09150900100","STATEFP":"09","COUNTYFP":"150","TRACTCE":"900100","NAMELSAD":"Census Tract 9001","NAMELSADCO":"Northeastern Connecticut Planning Region","STATE_NAME":"Connecticut"},"geometry":{"type":"Polygon","coordinates":[[[-71.894181,41.99097],[-71.893048,41.996508],[-71.891432,42.000097],[-71.890424,42.004629],[-71.889711,42.006285],[-71.885876,42.013229],[-71.885731,42.013953],[-71.881254,42.020232],[-71.880892,42.021073],[-71.881275,42.022529],[-71.882803750428,42.0242972907644],[-71.877396643979,42.0242493569127],[-71.8659515062247,42.0241478960776],[-71.8603967710167,42.024098653501],[-71.8457122262748,42.023968475411],[-71.8416470936308,42.0239324381206],[-71.8045665635015,42.023603720229],[-71.80065,42.023569],[-71.799242,42.008065],[-71.7988654335405,41.9873338752955],[-71.7988268815301,41.9852114703],[-71.797922,41.935395],[-71.7978012534201,41.9323676992798],[-71.852661,41.932168],[-71.866998,41.932146],[-71.879274,41.931974],[-71.878141,41.934406],[-71.877655,41.936793],[-71.878092,41.940617],[-71.880323,41.945561],[-71.880951,41.948019],[-71.880594,41.951164],[-71.879616,41.953258],[-71.87239,41.965819],[-71.874125,41.96695],[-71.877694,41.969377],[-71.879711,41.970728],[-71.886056,41.97497],[-71.887904,41.976801],[-71.895196,41.987714],[-71.894181,41.99097]]]}},{"type":"Feature","properties":{"GEOID":"09160410102","STATEFP":"09","COUNTYFP":"160","TRACTCE":"410102","NAMELSAD":"Census Tract 4101.02","NAMELSADCO":"Northwest Hills Planning Region","STATE_NAME":"Connecticut"},"geometry":{"type":"Polygon","coordinates":[[[-73.016936,41.798183],[-72.999549,41.800023],[-72.98414,41.802082],[-72.949024,41.806431],[-72.925901,41.809161],[-72.924133,41.808723],[-72.921183,41.807117],[-72.921391,41.805194],[-72.924253,41.804794],[-72.927414,41.803707],[-72.928104,41.80284],[-72.92688,41.799805],[-72.925523,41.798702],[-72.924659,41.792615],[-72.924542,41.789574],[-72.924946,41.787785],[-72.923087,41.785217],[-72.922256,41.783047],[-72.920328,41.779381],[-72.919023,41.778299],[-72.917652,41.777739],[-72.90848,41.776043],[-72.904927,41.75809],[-72.904246,41.750236],[-72.90289,41.745336],[-72.902625,41.743569],[-72.907631,41.74669],[-72.915123,41.748161],[-72.920376,41.750646],[-72.922639,41.752209],[-72.927086,41.755508],[-72.933141,41.757098],[-72.939324,41.757954],[-72.94108,41.758811],[-72.943272,41.758558],[-72.9482,41.759101],[-72.95303,41.760596],[-72.954644,41.763404],[-72.958545,41.765504],[-72.962092,41.767801],[-72.963864,41.768694],[-72.96835,41.769272],[-72.970663,41.77047],[-72.973781,41.77331],[-72.975701,41.77413],[-72.989628,41.778597],[-72.991973,41.778654],[-72.996909,41.777037],[-72.998605,41.776807],[-73.004385,41.777298],[-73.008168,41.776628],[-73.012711,41.777117],[-73.016936,41.798183]]]}},{"type":"Feature","properties":{"GEOID":"09170155000","STATEFP":"09","COUNTYFP":"170","TRACTCE":"155000","NAMELSAD":"Census Tract 1550","NAMELSADCO":"South Central Connecticut Planning Region","STATE_NAME":"Connecticut"},"geometry":{"type":"Polygon","coordinates":[[[-72.949819,41.272405],[-72.943441,41.27454],[-72.942383,41.274882],[-72.9365558635634,41.2767122952188],[-72.936413,41.273052],[-72.9359219585551,41.2725701839281],[-72.935242,41.271903],[-72.931791,41.269182],[-72.9317004827985,41.2690792720359],[-72.930642,41.267878],[-72.931106,41.267294],[-72.9310563200892,41.264741004582],[-72.934383,41.267484],[-72.938596,41.264385],[-72.939406,41.264165],[-72.9422,41.263519],[-72.944131,41.263077],[-72.946634,41.262689],[-72.948571,41.268593],[-72.949782,41.272354],[-72.949819,41.272405]]]}},{"type":"Feature","properties":{"GEOID":"09190043800","STATEFP":"09","COUNTYFP":"190","TRACTCE":"043800","NAMELSAD":"Census Tract 438","NAMELSADCO":"Western Connecticut Planning Region","STATE_NAME":"Connecticut"},"geometry":{"type":"Polygon","coordinates":[[[-73.439454,41.116609],[-73.438476,41.118152],[-73.437599,41.117773],[-73.43591,41.118731],[-73.432168,41.118632],[-73.431298,41.117738],[-73.428994,41.116792],[-73.426882,41.116955],[-73.425789,41.117318],[-73.423838,41.117701],[-73.422463,41.117249],[-73.419959,41.116742],[-73.418998,41.116148],[-73.418772,41.114608],[-73.418789,41.111727],[-73.418774,41.109959],[-73.419049,41.108906],[-73.419978,41.10673],[-73.420042,41.106584],[-73.421274,41.106602],[-73.423056,41.106367],[-73.423796,41.106179],[-73.425649,41.105568],[-73.428353,41.104678],[-73.430085,41.10393],[-73.433079,41.108934],[-73.433998,41.109995],[-73.436612,41.110507],[-73.438695,41.112057],[-73.439284,41.113996],[-73.439454,41.116609]]]}},{"type":"Feature","properties":{"GEOID":"09190030200","STATEFP":"09","COUNTYFP":"190","TRACTCE":"030200","NAMELSAD":"Census Tract 302","NAMELSADCO":"Western Connecticut Planning Region","STATE_NAME":"Connecticut"},"geometry":{"type":"Polygon","coordinates":[[[-73.485493,41.082213],[-73.478893,41.084316],[-73.475948,41.083403],[-73.472623,41.084989],[-73.473743,41.089461],[-73.476931,41.093325],[-73.475561,41.093847],[-73.468418,41.094168],[-73.464402,41.094761],[-73.463096,41.092146],[-73.458206,41.092439],[-73.455805,41.093389],[-73.455521,41.092859],[-73.45398,41.091673],[-73.453624,41.091082],[-73.45358,41.089616],[-73.453841,41.087739],[-73.450671,41.088151],[-73.45022,41.086515],[-73.448188,41.086037],[-73.44747,41.08501],[-73.446226,41.077276],[-73.449859,41.076926],[-73.456732,41.077209],[-73.464288,41.077587],[-73.470245,41.077166],[-73.476072,41.076534],[-73.478433,41.075985],[-73.479999,41.075339],[-73.481813,41.074358],[-73.483886,41.081225],[-73.485542,41.082162],[-73.485493,41.082213]]]}},{"type":"Feature","properties":{"GEOID":"09120070500","STATEFP":"09","COUNTYFP":"120","TRACTCE":"070500","NAMELSAD":"Census Tract 705","NAMELSADCO":"Greater Bridgeport Planning Region","STATE_NAME":"Connecticut"},"geometry":{"type":"Polygon","coordinates":[[[-73.19945,41.167127],[-73.197002,41.169183],[-73.194393,41.169394],[-73.189475,41.169937],[-73.187473,41.166094],[-73.187876,41.164587],[-73.190492,41.164221],[-73.192442,41.166771],[-73.195061,41.165237],[-73.197626,41.165221],[-73.19945,41.167127]]]}},{"type":"Feature","properties":{"GEOID":"09120072700","STATEFP":"09","COUNTYFP":"120","TRACTCE":"072700","NAMELSAD":"Census Tract 727","NAMELSADCO":"Greater Bridgeport Planning Region","STATE_NAME":"Connecticut"},"geometry":{"type":"Polygon","coordinates":[[[-73.219125,41.227802],[-73.212438,41.228466],[-73.208474,41.227794],[-73.207293,41.22775],[-73.201415,41.229466],[-73.201072,41.228295],[-73.201144,41.221546],[-73.202836,41.219642],[-73.202592,41.218444],[-73.202542,41.216111],[-73.201947,41.214941],[-73.200975,41.213733],[-73.203869,41.212851],[-73.204702,41.212707],[-73.208821,41.212125],[-73.211176,41.213143],[-73.21325,41.216088],[-73.213783,41.216888],[-73.215023,41.218276],[-73.21602,41.219358],[-73.217847,41.221426],[-73.219125,41.227802]]]}},{"type":"Feature","properties":{"GEOID":"09160260200","STATEFP":"09","COUNTYFP":"160","TRACTCE":"260200","NAMELSAD":"Census Tract 2602","NAMELSADCO":"Northwest Hills Planning Region","STATE_NAME":"Connecticut"},"geometry":{"type":"Polygon","coordinates":[[[-73.359216,42.008956],[-73.358114,42.012525],[-73.356614,42.013815],[-73.35111,42.016435],[-73.350963,42.018395],[-73.352342,42.021117],[-73.352166,42.023055],[-73.353249,42.023906],[-73.352427,42.028687],[-73.350632,42.030159],[-73.347777,42.033936],[-73.344892,42.037461],[-73.342877,42.042687],[-73.340367,42.044516],[-73.3405304264512,42.0481844730512],[-73.3277308315671,42.0478512389021],[-73.3256265850805,42.0477964553879],[-73.2963299656829,42.0470337254636],[-73.29442,42.046984],[-73.293097,42.04694],[-73.2333631515401,42.0450191891221],[-73.2329591865244,42.0450061991605],[-73.241126,42.006171],[-73.243605,41.994021],[-73.328209,42.000802],[-73.356647,42.00259],[-73.357357,42.002577],[-73.357395,42.004862],[-73.358714,42.007019],[-73.359216,42.008956]]]}},{"type":"Feature","properties":{"GEOID":"09180707100","STATEFP":"09","COUNTYFP":"180","TRACTCE":"707100","NAMELSAD":"Census Tract 7071","NAMELSADCO":"Southeastern Connecticut Planning Region","STATE_NAME":"Connecticut"},"geometry":{"type":"Polygon","coordinates":[[[-71.967227,41.528666],[-71.90286,41.520262],[-71.863408,41.514926],[-71.847305,41.512934],[-71.841191,41.511856],[-71.831579,41.510763],[-71.823172,41.509564],[-71.7935683158896,41.5057530964788],[-71.7949846626488,41.4751025497798],[-71.7956834364983,41.4599806875911],[-71.796485908112,41.4426147470056],[-71.7967394589644,41.4371277628393],[-71.797235453979,41.426394149577],[-71.7976736925498,41.4169104184967],[-71.797683,41.416709],[-71.801439,41.415545],[-71.803684,41.417428],[-71.806812,41.416673],[-71.8129,41.419404],[-71.816904,41.419927],[-71.82033,41.419382],[-71.823873,41.417164],[-71.824573,41.415235],[-71.827902,41.414334],[-71.834107,41.411582],[-71.836883,41.412228],[-71.839649,41.412119],[-71.842563,41.409855],[-71.8428165698118,41.4087322073789],[-71.844776,41.408839],[-71.855511,41.411556],[-71.869033,41.414375],[-71.893545,41.420731],[-71.94327,41.433646],[-71.942573,41.434795],[-71.943738,41.437476],[-71.942413,41.440037],[-71.942603,41.440369],[-71.942726,41.440903],[-71.942893,41.441379],[-71.943194,41.44143],[-71.943656,41.44131],[-71.944041,41.441244],[-71.94583,41.441674],[-71.946609,41.443355],[-71.947055,41.446391],[-71.949352,41.449221],[-71.949151,41.451677],[-71.948131,41.456911],[-71.947439,41.458217],[-71.949829,41.466237],[-71.951219,41.470092],[-71.956618,41.487398],[-71.959419,41.497298],[-71.961009,41.501994],[-71.963899,41.514473],[-71.965922,41.523103],[-71.967227,41.528666]]]}},{"type":"Feature","properties":{"GEOID":"09110487300","STATEFP":"09","COUNTYFP":"110","TRACTCE":"487300","NAMELSAD":"Census Tract 4873","NAMELSADCO":"Capitol Planning Region","STATE_NAME":"Connecticut"},"geometry":{"type":"Polygon","coordinates":[[[-72.64564,41.805834],[-72.644264,41.813011],[-72.640394,41.825239],[-72.638927,41.828753],[-72.638222,41.829416],[-72.637234,41.830534],[-72.629935,41.837198],[-72.625611,41.845728],[-72.624902,41.84866],[-72.619264,41.868296],[-72.616603,41.868596],[-72.605601,41.868038],[-72.60227,41.857976],[-72.599783,41.851041],[-72.59947,41.84775],[-72.600261,41.84404],[-72.604465,41.832716],[-72.609492,41.819446],[-72.612467,41.811422],[-72.614781,41.805371],[-72.618856,41.799009],[-72.627787,41.798906],[-72.639895,41.798287],[-72.646035,41.797599],[-72.64564,41.805834]]]}},{"type":"Feature","properties":{"GEOID":"09140405100","STATEFP":"09","COUNTYFP":"140","TRACTCE":"405100","NAMELSAD":"Census Tract 4051","NAMELSADCO":"Naugatuck Valley Planning Region","STATE_NAME":"Connecticut"},"geometry":{"type":"Polygon","coordinates":[[[-72.942276,41.682259],[-72.941902,41.682636],[-72.935416,41.687282],[-72.933548,41.687568],[-72.927348,41.689618],[-72.925423,41.690087],[-72.924826,41.683948],[-72.923583,41.682545],[-72.922435,41.680965],[-72.921417,41.679642],[-72.920205,41.676882],[-72.920566,41.673172],[-72.922389,41.669673],[-72.922614,41.6692],[-72.922806,41.668662],[-72.924221,41.669293],[-72.926818,41.669573],[-72.926871,41.670372],[-72.927952,41.672852],[-72.929487,41.674283],[-72.934791,41.673692],[-72.935046,41.674066],[-72.940193,41.673537],[-72.94083,41.676598],[-72.940781,41.678104],[-72.941278,41.679809],[-72.942064,41.681784],[-72.942276,41.682259]]]}},{"type":"Feature","properties":{"GEOID":"09110481000","STATEFP":"09","COUNTYFP":"110","TRACTCE":"481000","NAMELSAD":"Census Tract 4810","NAMELSADCO":"Capitol Planning Region","STATE_NAME":"Connecticut"},"geometry":{"type":"Polygon","coordinates":[[[-72.560257,41.963123],[-72.556976,41.964962],[-72.553421,41.968895],[-72.554535,41.968834],[-72.55423,41.970604],[-72.552109,41.973427],[-72.550499,41.974514],[-72.550056,41.976234],[-72.546288,41.980503],[-72.539928,41.981995],[-72.538343,41.982976],[-72.536797,41.982857],[-72.536832,41.98081],[-72.534516,41.982024],[-72.529962,41.983566],[-72.527989,41.983581],[-72.526164,41.980879],[-72.521067,41.983094],[-72.517627,41.98308],[-72.515372,41.982453],[-72.515151,41.980692],[-72.510479,41.980662],[-72.509707,41.982423],[-72.506475,41.983433],[-72.506032,41.981912],[-72.503962,41.979729],[-72.50368,41.978068],[-72.501146,41.978358],[-72.499709,41.980088],[-72.500744,41.980485],[-72.499406,41.98159],[-72.498928,41.977893],[-72.492729,41.947497],[-72.505528,41.946397],[-72.51333,41.945401],[-72.523411,41.944575],[-72.526183,41.944355],[-72.538606,41.943033],[-72.548002,41.941801],[-72.546732,41.943793],[-72.547984,41.945777],[-72.550412,41.946869],[-72.549363,41.947077],[-72.551909,41.949204],[-72.552617,41.952731],[-72.554379,41.953377],[-72.554445,41.955003],[-72.55614,41.956301],[-72.555966,41.957166],[-72.558757,41.960192],[-72.559326,41.961739],[-72.560349,41.961357],[-72.560257,41.963123]]]}},{"type":"Feature","properties":{"GEOID":"09110501500","STATEFP":"09","COUNTYFP":"110","TRACTCE":"501500","NAMELSAD":"Census Tract 5015","NAMELSADCO":"Capitol Planning Region","STATE_NAME":"Connecticut"},"geometry":{"type":"Polygon","coordinates":[[[-72.69585,41.786846],[-72.695223,41.791399],[-72.694131,41.793741],[-72.69374,41.796026],[-72.689921,41.796048],[-72.690037,41.799505],[-72.690076,41.800844],[-72.686039,41.800168],[-72.68076,41.799314],[-72.681626,41.795295],[-72.681822,41.79315],[-72.6814,41.792301],[-72.681066,41.79123],[-72.682458,41.787096],[-72.683861,41.782971],[-72.684984,41.783357],[-72.686241,41.783764],[-72.688306,41.783727],[-72.690683,41.783885],[-72.691336,41.784039],[-72.693625,41.784418],[-72.695164,41.784517],[-72.696154,41.784538],[-72.69585,41.786846]]]}},{"type":"Feature","properties":{"GEOID":"09110473601","STATEFP":"09","COUNTYFP":"110","TRACTCE":"473601","NAMELSAD":"Census Tract 4736.01","NAMELSADCO":"Capitol Planning Region","STATE_NAME":"Connecticut"},"geometry":{"type":"Polygon","coordinates":[[[-72.659634,41.882564],[-72.655879,41.886688],[-72.648622,41.891082],[-72.643925,41.893734],[-72.642643,41.894853],[-72.640153,41.897857],[-72.639834,41.897596],[-72.635427,41.903308],[-72.625038,41.90428],[-72.621734,41.904597],[-72.620685,41.897712],[-72.621331,41.892168],[-72.620441,41.890404],[-72.620448,41.88714],[-72.619693,41.882841],[-72.619401,41.876525],[-72.619264,41.868296],[-72.624902,41.84866],[-72.625611,41.845728],[-72.629171,41.845085],[-72.631286,41.843704],[-72.6322,41.844808],[-72.636789,41.845235],[-72.639395,41.846099],[-72.63826,41.84964],[-72.636695,41.8509],[-72.635835,41.853398],[-72.638147,41.856709],[-72.641362,41.8579],[-72.642311,41.858197],[-72.643341,41.859911],[-72.646071,41.861486],[-72.648769,41.863914],[-72.64989,41.865181],[-72.650232,41.867148],[-72.647673,41.869972],[-72.647469,41.873619],[-72.648125,41.874153],[-72.651627,41.873489],[-72.65366,41.873485],[-72.656967,41.87495],[-72.657074,41.878101],[-72.658974,41.882103],[-72.659634,41.882564]]]}},{"type":"Feature","properties":{"GEOID":"09130570200","STATEFP":"09","COUNTYFP":"130","TRACTCE":"570200","NAMELSAD":"Census Tract 5702","NAMELSADCO":"Lower Connecticut River Valley Planning Region","STATE_NAME":"Connecticut"},"geometry":{"type":"Polygon","coordinates":[[[-72.677194,41.599061],[-72.676078,41.602543],[-72.676596,41.606977],[-72.675958,41.611463],[-72.675274,41.622745],[-72.675572,41.623877],[-72.676984,41.629189],[-72.675884,41.633093],[-72.67587,41.633095],[-72.650837,41.636899],[-72.648764,41.637097],[-72.648844,41.634929],[-72.653535,41.623011],[-72.653917,41.618811],[-72.653879,41.618414],[-72.65244,41.613454],[-72.657417,41.612951],[-72.665433,41.61036],[-72.666867,41.610336],[-72.666927,41.608229],[-72.668163,41.604323],[-72.667627,41.600887],[-72.667024,41.596013],[-72.668673,41.593364],[-72.667999,41.5919],[-72.670357,41.591731],[-72.673195,41.594686],[-72.671812,41.597626],[-72.674342,41.599804],[-72.677099,41.597997],[-72.677194,41.599061]]]}},{"type":"Feature","properties":{"GEOID":"09170150700","STATEFP":"09","COUNTYFP":"170","TRACTCE":"150700","NAMELSAD":"Census Tract 1507","NAMELSADCO":"South Central Connecticut Planning Region","STATE_NAME":"Connecticut"},"geometry":{"type":"Polygon","coordinates":[[[-73.091215,41.246411],[-73.08735,41.251792],[-73.086752,41.254596],[-73.087852,41.260096],[-73.087752,41.265296],[-73.088652,41.271696],[-73.086852,41.276596],[-73.078994,41.273319],[-73.072277,41.269716],[-73.062054,41.264595],[-73.055225,41.261297],[-73.051511,41.2595],[-73.044144,41.256815],[-73.044048,41.251636],[-73.045415,41.246433],[-73.0481,41.240571],[-73.049923,41.23846],[-73.052271,41.232764],[-73.054968,41.232934],[-73.057687,41.232421],[-73.059396,41.232235],[-73.062328,41.231574],[-73.063031,41.231235],[-73.06837,41.233041],[-73.069093,41.233316],[-73.072459,41.235032],[-73.078301,41.240422],[-73.085145,41.246783],[-73.0863,41.246576],[-73.091414,41.246262],[-73.091215,41.246411]]]}},{"type":"Feature","properties":{"GEOID":"09170142700","STATEFP":"09","COUNTYFP":"170","TRACTCE":"142700","NAMELSAD":"Census Tract 1427","NAMELSADCO":"South Central Connecticut Planning Region","STATE_NAME":"Connecticut"},"geometry":{"type":"Polygon","coordinates":[[[-72.9073407391115,41.2952539114803],[-72.905184,41.298252],[-72.904775,41.298828],[-72.904523,41.299185],[-72.903148,41.299223],[-72.892921,41.30208],[-72.889769,41.299235],[-72.889847,41.298643],[-72.887883,41.29728],[-72.882517,41.29323],[-72.886269,41.288453],[-72.88643,41.288105],[-72.887706,41.285709],[-72.887558,41.284722],[-72.887432,41.282315],[-72.890167,41.282372],[-72.890025,41.279859],[-72.895042,41.280487],[-72.899522,41.280202],[-72.897366,41.284402],[-72.900677,41.284102],[-72.900522,41.282501],[-72.903832,41.282001],[-72.9059454168644,41.2827000049195],[-72.906194,41.283164],[-72.906432,41.292183],[-72.9073407391115,41.2952539114803]]]}},{"type":"Feature","properties":{"GEOID":"09140120100","STATEFP":"09","COUNTYFP":"140","TRACTCE":"120100","NAMELSAD":"Census Tract 1201","NAMELSADCO":"Naugatuck Valley Planning Region","STATE_NAME":"Connecticut"},"geometry":{"type":"Polygon","coordinates":[[[-73.081108,41.313672],[-73.081849,41.318866],[-73.081396,41.322259],[-73.081671,41.328279],[-73.081159,41.329379],[-73.079182,41.330837],[-73.077258,41.330334],[-73.076378,41.32895],[-73.072317,41.327344],[-73.072098,41.326851],[-73.066166,41.326353],[-73.065019,41.325245],[-73.060679,41.324473],[-73.058267,41.324007],[-73.055696,41.323906],[-73.053511,41.324614],[-73.050976,41.324706],[-73.039141,41.326654],[-73.04042,41.318545],[-73.040707,41.313891],[-73.04911,41.3113],[-73.053196,41.311143],[-73.054627,41.311568],[-73.056149,41.311974],[-73.061746,41.310079],[-73.065027,41.306127],[-73.065454,41.304835],[-73.066414,41.302949],[-73.067851,41.300996],[-73.075352,41.305596],[-73.077652,41.307696],[-73.078952,41.311596],[-73.082052,41.313096],[-73.081108,41.313672]]]}},{"type":"Feature","properties":{"GEOID":"09150905102","STATEFP":"09","COUNTYFP":"150","TRACTCE":"905102","NAMELSAD":"Census Tract 9051.02","NAMELSADCO":"Northeastern Connecticut Planning Region","STATE_NAME":"Connecticut"},"geometry":{"type":"Polygon","coordinates":[[[-72.022071,41.763682],[-72.018006,41.782635],[-72.014491,41.804989],[-71.991969,41.806133],[-71.992262,41.818523],[-71.977629,41.818307],[-71.978058,41.820888],[-71.976661,41.824179],[-71.976605,41.826768],[-71.958701,41.826823],[-71.936638,41.82689],[-71.921919,41.826856],[-71.922533,41.821904],[-71.922937,41.820876],[-71.9247,41.800252],[-71.926797,41.798006],[-71.927865,41.795785],[-71.92905,41.794689],[-71.930938,41.79411],[-71.932652,41.791159],[-71.933359,41.78797],[-71.934325,41.786277],[-71.936556,41.780772],[-71.935264,41.775587],[-71.935336,41.775502],[-71.938284,41.773228],[-71.939322,41.774926],[-71.942939,41.776576],[-71.945279,41.779136],[-71.948794,41.780595],[-71.950729,41.781464],[-71.954811,41.771338],[-71.956522,41.765284],[-71.957658,41.754884],[-71.960571,41.749505],[-71.997682,41.755706],[-71.999452,41.755768],[-72.011848,41.757847],[-72.022903,41.759625],[-72.022071,41.763682]]]}},{"type":"Feature","properties":{"GEOID":"09190021801","STATEFP":"09","COUNTYFP":"190","TRACTCE":"021801","NAMELSAD":"Census Tract 218.01","NAMELSADCO":"Western Connecticut Planning Region","STATE_NAME":"Connecticut"},"geometry":{"type":"Polygon","coordinates":[[[-73.533063,41.061989],[-73.532925,41.062647],[-73.533118,41.065518],[-73.528855,41.067911],[-73.526743,41.068441],[-73.526705,41.069408],[-73.526334,41.069695],[-73.521881,41.068753],[-73.520566,41.068732],[-73.521467,41.067081],[-73.520462,41.065024],[-73.520979,41.063393],[-73.522392,41.058551],[-73.52412,41.055853],[-73.524118,41.057727],[-73.526767,41.058782],[-73.527869,41.058941],[-73.529622,41.059312],[-73.529958,41.059383],[-73.531565,41.060747],[-73.53367,41.060284],[-73.533063,41.061989]]]}},{"type":"Feature","properties":{"GEOID":"09180800300","STATEFP":"09","COUNTYFP":"180","TRACTCE":"800300","NAMELSAD":"Census Tract 8003","NAMELSADCO":"Southeastern Connecticut Planning Region","STATE_NAME":"Connecticut"},"geometry":{"type":"Polygon","coordinates":[[[-72.252083,41.727062],[-72.252643,41.728202],[-72.245091,41.728297],[-72.227342,41.728073],[-72.216443,41.728035],[-72.21569,41.718855],[-72.215785,41.718191],[-72.216305,41.716479],[-72.21746,41.712902],[-72.220041,41.711589],[-72.222955,41.711864],[-72.229108,41.711202],[-72.232442,41.712163],[-72.231579,41.711728],[-72.234557,41.71292],[-72.237889,41.713117],[-72.239559,41.714191],[-72.242814,41.716446],[-72.244311,41.717145],[-72.245285,41.720486],[-72.246596,41.722901],[-72.249523,41.724466],[-72.252994,41.724921],[-72.252083,41.727062]]]}},{"type":"Feature","properties":{"GEOID":"09130610200","STATEFP":"09","COUNTYFP":"130","TRACTCE":"610200","NAMELSAD":"Census Tract 6102","NAMELSADCO":"Lower Connecticut River Valley Planning Region","STATE_NAME":"Connecticut"},"geometry":{"type":"Polygon","coordinates":[[[-72.52491,41.288486],[-72.51969,41.288918],[-72.512931,41.289085],[-72.505592,41.289196],[-72.501963,41.289599],[-72.494213,41.292049],[-72.492555,41.287157],[-72.487234,41.2737],[-72.4862274061012,41.2706873690053],[-72.499534,41.265866],[-72.507133,41.260147],[-72.506974,41.256896],[-72.51031,41.256613],[-72.514529,41.258529],[-72.51802,41.257762],[-72.521312,41.2656],[-72.5218958750572,41.2655150556895],[-72.522079,41.269794],[-72.523128,41.270817],[-72.523672,41.274475],[-72.526097,41.276058],[-72.524676,41.276881],[-72.524845,41.278451],[-72.524466,41.281363],[-72.522332,41.281925],[-72.52367,41.284833],[-72.526346,41.286244],[-72.52491,41.288486]]]}},{"type":"Feature","properties":{"GEOID":"09160298300","STATEFP":"09","COUNTYFP":"160","TRACTCE":"298300","NAMELSAD":"Census Tract 2983","NAMELSADCO":"Northwest Hills Planning Region","STATE_NAME":"Connecticut"},"geometry":{"type":"Polygon","coordinates":[[[-73.119771,41.775642],[-73.118297,41.777278],[-73.117155,41.781366],[-73.11247,41.782222],[-73.112093,41.784943],[-73.110284,41.78791],[-73.107828,41.790454],[-73.104289,41.794421],[-73.103677,41.79508],[-73.104092,41.79839],[-73.088044,41.798521],[-73.082923,41.798373],[-73.082508,41.798389],[-73.076683,41.798451],[-73.060641,41.798321],[-73.059575,41.798241],[-73.04764,41.798216],[-73.04961,41.797437],[-73.050735,41.796372],[-73.05179,41.79123],[-73.050891,41.788237],[-73.051005,41.786962],[-73.048129,41.773246],[-73.059876,41.771569],[-73.060311,41.771108],[-73.061066,41.770778],[-73.067681,41.770242],[-73.069371,41.769758],[-73.077639,41.768793],[-73.085791,41.767199],[-73.089463,41.767825],[-73.091855,41.767076],[-73.09735,41.765514],[-73.107393,41.764758],[-73.110787,41.762714],[-73.114392,41.762234],[-73.117066,41.763493],[-73.116387,41.764704],[-73.116191,41.76981],[-73.120389,41.774097],[-73.119771,41.775642]]]}},{"type":"Feature","properties":{"GEOID":"09160425601","STATEFP":"09","COUNTYFP":"160","TRACTCE":"425601","NAMELSAD":"Census Tract 4256.01","NAMELSADCO":"Northwest Hills Planning Region","STATE_NAME":"Connecticut"},"geometry":{"type":"Polygon","coordinates":[[[-73.263041,41.916185],[-73.248919,41.966427],[-73.248771,41.970374],[-73.243605,41.994021],[-73.241126,42.006171],[-73.2329591865244,42.0450061991605],[-73.231056,42.044945],[-73.229798,42.044877],[-73.1721252790948,42.0432383922418],[-73.1272774996918,42.0419641690369],[-73.129014,42.036255],[-73.143126,41.988624],[-73.151494,41.959726],[-73.165005,41.913246],[-73.166343,41.913351],[-73.254485,41.915885],[-73.255534,41.915799],[-73.263041,41.916185]]]}},{"type":"Feature","properties":{"GEOID":"09190043200","STATEFP":"09","COUNTYFP":"190","TRACTCE":"043200","NAMELSAD":"Census Tract 432","NAMELSADCO":"Western Connecticut Planning Region","STATE_NAME":"Connecticut"},"geometry":{"type":"Polygon","coordinates":[[[-73.451971,41.11616],[-73.452835,41.119951],[-73.451825,41.122246],[-73.452471,41.126574],[-73.447996,41.125017],[-73.441501,41.1261],[-73.439284,41.125788],[-73.43719,41.121779],[-73.439493,41.119262],[-73.438476,41.118152],[-73.439454,41.116609],[-73.439284,41.113996],[-73.438695,41.112057],[-73.436612,41.110507],[-73.433998,41.109995],[-73.433079,41.108934],[-73.430085,41.10393],[-73.436121,41.10099],[-73.43591,41.10253],[-73.438699,41.104334],[-73.440084,41.104854],[-73.441393,41.105004],[-73.44202,41.105127],[-73.443179,41.106235],[-73.445407,41.108518],[-73.451047,41.110305],[-73.454663,41.114763],[-73.451971,41.11616]]]}},{"type":"Feature","properties":{"GEOID":"09190210201","STATEFP":"09","COUNTYFP":"190","TRACTCE":"210201","NAMELSAD":"Census Tract 2102.01","NAMELSADCO":"Western Connecticut Planning Region","STATE_NAME":"Connecticut"},"geometry":{"type":"Polygon","coordinates":[[[-73.450843,41.397928],[-73.450431,41.398212],[-73.447714,41.39925],[-73.440948,41.399485],[-73.440426,41.399492],[-73.436805,41.399524],[-73.435644,41.399487],[-73.435127,41.399454],[-73.431299,41.399286],[-73.430684,41.399449],[-73.431057,41.399085],[-73.433918,41.397234],[-73.435691,41.393625],[-73.43493,41.392202],[-73.434997,41.391641],[-73.438375,41.389869],[-73.440806,41.38777],[-73.441702,41.387556],[-73.443315,41.389087],[-73.446508,41.39571],[-73.448855,41.395543],[-73.449599,41.395123],[-73.450872,41.39649],[-73.450843,41.397928]]]}},{"type":"Feature","properties":{"GEOID":"09180800501","STATEFP":"09","COUNTYFP":"180","TRACTCE":"800501","NAMELSAD":"Census Tract 8005.01","NAMELSADCO":"Southeastern Connecticut Planning Region","STATE_NAME":"Connecticut"},"geometry":{"type":"Polygon","coordinates":[[[-72.198126,41.728176],[-72.198917,41.731446],[-72.194969,41.72997],[-72.192104,41.730413],[-72.191289,41.733015],[-72.192505,41.734525],[-72.194002,41.734772],[-72.195689,41.73703],[-72.195644,41.739611],[-72.192581,41.744568],[-72.188771,41.747626],[-72.189404,41.750097],[-72.186654,41.751211],[-72.185886,41.75235],[-72.187985,41.753741],[-72.187656,41.755181],[-72.186977,41.755427],[-72.185142,41.755681],[-72.183197,41.756117],[-72.17787,41.75537],[-72.177986,41.752657],[-72.176037,41.751436],[-72.175955,41.749857],[-72.174126,41.751184],[-72.171648,41.748467],[-72.168484,41.752231],[-72.165811,41.751706],[-72.164859,41.750002],[-72.160801,41.750123],[-72.157626,41.751804],[-72.156321,41.753491],[-72.150738,41.752842],[-72.152732,41.750061],[-72.155502,41.748283],[-72.156482,41.744423],[-72.158557,41.739633],[-72.159763,41.737777],[-72.164705,41.732728],[-72.167172,41.724648],[-72.166689,41.71833],[-72.166334,41.711915],[-72.165804,41.709852],[-72.165302,41.70946],[-72.163883,41.706007],[-72.162046,41.703518],[-72.157764,41.69981],[-72.175224,41.698217],[-72.178379,41.698219],[-72.18073,41.699762],[-72.181717,41.700296],[-72.179975,41.702846],[-72.179993,41.704162],[-72.183609,41.707646],[-72.19038,41.707576],[-72.191209,41.708602],[-72.192878,41.710486],[-72.192987,41.712182],[-72.19241,41.714252],[-72.194308,41.715971],[-72.194381,41.716977],[-72.191871,41.716874],[-72.19011,41.715051],[-72.187583,41.715486],[-72.187987,41.719164],[-72.189861,41.719365],[-72.193273,41.718432],[-72.197037,41.721084],[-72.197694,41.723275],[-72.199894,41.72582],[-72.198126,41.728176]]]}},{"type":"Feature","properties":{"GEOID":"09110980100","STATEFP":"09","COUNTYFP":"110","TRACTCE":"980100","NAMELSAD":"Census Tract 9801","NAMELSADCO":"Capitol Planning Region","STATE_NAME":"Connecticut"},"geometry":{"type":"Polygon","coordinates":[[[-72.673401,41.776063],[-72.672897,41.776809],[-72.670375,41.783348],[-72.668766,41.787054],[-72.666571,41.790381],[-72.666274,41.790831],[-72.662021,41.795225],[-72.654636,41.806099],[-72.648485,41.806095],[-72.64564,41.805834],[-72.646035,41.797599],[-72.645235,41.791299],[-72.645935,41.785899],[-72.651836,41.778999],[-72.657936,41.776899],[-72.66416,41.77219],[-72.664908,41.769528],[-72.667347,41.769537],[-72.668234,41.773292],[-72.670336,41.777299],[-72.672731,41.775965],[-72.674579,41.774948],[-72.673401,41.776063]]]}},{"type":"Feature","properties":{"GEOID":"09190022201","STATEFP":"09","COUNTYFP":"190","TRACTCE":"022201","NAMELSAD":"Census Tract 222.01","NAMELSADCO":"Western Connecticut Planning Region","STATE_NAME":"Connecticut"},"geometry":{"type":"Polygon","coordinates":[[[-73.545029,41.046638],[-73.542976,41.047217],[-73.539404,41.048404],[-73.538666,41.048665],[-73.535787,41.049889],[-73.534975,41.048473],[-73.534239,41.048759],[-73.530644,41.043538],[-73.530506,41.042539],[-73.530497,41.042247],[-73.532225,41.043923],[-73.537674,41.044358],[-73.538049,41.042509],[-73.538399,41.041836],[-73.538704,41.04193],[-73.541845,41.042616],[-73.542561,41.04207],[-73.542802,41.044129],[-73.544851,41.044081],[-73.545137,41.045721],[-73.545029,41.046638]]]}},{"type":"Feature","properties":{"GEOID":"09110430602","STATEFP":"09","COUNTYFP":"110","TRACTCE":"430602","NAMELSAD":"Census Tract 4306.02","NAMELSADCO":"Capitol Planning Region","STATE_NAME":"Connecticut"},"geometry":{"type":"Polygon","coordinates":[[[-72.902946,41.597336],[-72.901348,41.606353],[-72.900519,41.609579],[-72.89897,41.611941],[-72.894589,41.617501],[-72.893457,41.618555],[-72.892967,41.618246],[-72.89045,41.617262],[-72.886493,41.617309],[-72.880235,41.616668],[-72.879283,41.614448],[-72.877756,41.613276],[-72.878004,41.61272],[-72.878669,41.609983],[-72.880521,41.604415],[-72.883549,41.599911],[-72.898221,41.598359],[-72.898286,41.598626],[-72.901535,41.597515],[-72.902946,41.597336]]]}},{"type":"Feature","properties":{"GEOID":"09130600100","STATEFP":"09","COUNTYFP":"130","TRACTCE":"600100","NAMELSAD":"Census Tract 6001","NAMELSADCO":"Lower Connecticut River Valley Planning Region","STATE_NAME":"Connecticut"},"geometry":{"type":"Polygon","coordinates":[[[-72.538782,41.421491],[-72.524159,41.424813],[-72.505251,41.426839],[-72.503021,41.427001],[-72.463584,41.432053],[-72.450983,41.433665],[-72.445,41.431662],[-72.437902,41.428275],[-72.43593,41.426817],[-72.43371,41.423995],[-72.430648,41.419755],[-72.426102,41.413069],[-72.425479,41.411656],[-72.425102,41.408566],[-72.42525,41.40198],[-72.425663,41.400805],[-72.430591,41.401408],[-72.431763,41.401386],[-72.433558,41.401798],[-72.436612,41.400369],[-72.437072,41.397762],[-72.439305,41.396103],[-72.442313,41.392589],[-72.44676,41.391225],[-72.454956,41.388356],[-72.45997,41.386587],[-72.454571,41.382377],[-72.465452,41.381491],[-72.493946,41.37917],[-72.50344,41.37831],[-72.511213,41.377411],[-72.516029,41.376547],[-72.522382,41.376531],[-72.524062,41.376179],[-72.528007,41.388321],[-72.538782,41.421491]]]}},{"type":"Feature","properties":{"GEOID":"09140352100","STATEFP":"09","COUNTYFP":"140","TRACTCE":"352100","NAMELSAD":"Census Tract 3521","NAMELSADCO":"Naugatuck Valley Planning Region","STATE_NAME":"Connecticut"},"geometry":{"type":"Polygon","coordinates":[[[-73.086755,41.579592],[-73.085145,41.582108],[-73.082984,41.585565],[-73.080401,41.586711],[-73.078261,41.586166],[-73.078203,41.586145],[-73.072916,41.58273],[-73.072711,41.582518],[-73.071925,41.581479],[-73.070782,41.577796],[-73.069532,41.575525],[-73.067544,41.574509],[-73.06993,41.573203],[-73.073751,41.572996],[-73.076731,41.572079],[-73.080759,41.572731],[-73.081029,41.572752],[-73.081822,41.572858],[-73.083243,41.574072],[-73.084829,41.575336],[-73.089406,41.575211],[-73.086755,41.579592]]]}},{"type":"Feature","properties":{"GEOID":"09110496100","STATEFP":"09","COUNTYFP":"110","TRACTCE":"496100","NAMELSAD":"Census Tract 4961","NAMELSADCO":"Capitol Planning Region","STATE_NAME":"Connecticut"},"geometry":{"type":"Polygon","coordinates":[[[-72.73571,41.722739],[-72.730482,41.732116],[-72.731392,41.732502],[-72.731285,41.732681],[-72.730311,41.736337],[-72.729621,41.73815],[-72.73015,41.74302],[-72.720538,41.742593],[-72.716824,41.742346],[-72.715369,41.744354],[-72.715138,41.7426],[-72.715134,41.742211],[-72.715,41.731363],[-72.714891,41.728963],[-72.714561,41.72363],[-72.714833,41.723512],[-72.72612,41.722376],[-72.731639,41.7218],[-72.733435,41.721503],[-72.736509,41.721261],[-72.73571,41.722739]]]}},{"type":"Feature","properties":{"GEOID":"09110500300","STATEFP":"09","COUNTYFP":"110","TRACTCE":"500300","NAMELSAD":"Census Tract 5003","NAMELSADCO":"Capitol Planning Region","STATE_NAME":"Connecticut"},"geometry":{"type":"Polygon","coordinates":[[[-72.682825,41.753537],[-72.682622,41.755401],[-72.682348,41.757907],[-72.680928,41.757731],[-72.679644,41.760981],[-72.675187,41.759773],[-72.675443,41.75804],[-72.675134,41.755818],[-72.674403,41.752948],[-72.680226,41.752379],[-72.683104,41.751191],[-72.682825,41.753537]]]}},{"type":"Feature","properties":{"GEOID":"09130610300","STATEFP":"09","COUNTYFP":"130","TRACTCE":"610300","NAMELSAD":"Census Tract 6103","NAMELSADCO":"Lower Connecticut River Valley Planning Region","STATE_NAME":"Connecticut"},"geometry":{"type":"Polygon","coordinates":[[[-72.549548,41.327391],[-72.531728,41.336764],[-72.526203,41.33832],[-72.512034,41.341599],[-72.49956,41.307427],[-72.499559,41.306224],[-72.494213,41.292049],[-72.501963,41.289599],[-72.505592,41.289196],[-72.512931,41.289085],[-72.51969,41.288918],[-72.52491,41.288486],[-72.528771,41.288168],[-72.532725,41.297705],[-72.534109,41.304562],[-72.535277,41.305795],[-72.538508,41.309108],[-72.538811,41.309503],[-72.540246,41.315109],[-72.543842,41.319807],[-72.544979,41.322366],[-72.548612,41.325014],[-72.549548,41.327391]]]}},{"type":"Feature","properties":{"GEOID":"09120080200","STATEFP":"09","COUNTYFP":"120","TRACTCE":"080200","NAMELSAD":"Census Tract 802","NAMELSADCO":"Greater Bridgeport Planning Region","STATE_NAME":"Connecticut"},"geometry":{"type":"Polygon","coordinates":[[[-73.155115,41.189992],[-73.14902,41.192186],[-73.147695,41.1927],[-73.144192,41.19391],[-73.141263,41.195178],[-73.141221,41.193531],[-73.137036,41.191852],[-73.135731,41.191284],[-73.133986,41.190436],[-73.136701,41.186828],[-73.139475,41.186722],[-73.142964,41.184901],[-73.153805,41.184019],[-73.154486,41.183683],[-73.15446,41.183834],[-73.155024,41.186557],[-73.155115,41.189992]]]}},{"type":"Feature","properties":{"GEOID":"09170154101","STATEFP":"09","COUNTYFP":"170","TRACTCE":"154101","NAMELSAD":"Census Tract 1541.01","NAMELSADCO":"South Central Connecticut Planning Region","STATE_NAME":"Connecticut"},"geometry":{"type":"Polygon","coordinates":[[[-72.974817,41.29631],[-72.97039,41.297569],[-72.971093,41.299495],[-72.967435,41.300673],[-72.964998,41.300821],[-72.963492,41.301672],[-72.964987,41.304223],[-72.969308,41.30758],[-72.969973,41.308708],[-72.970176,41.311613],[-72.963708,41.310905],[-72.958147,41.310701],[-72.956296,41.310459],[-72.957433,41.306648],[-72.955974,41.305144],[-72.956848,41.303085],[-72.956299,41.301605],[-72.952644,41.299435],[-72.951085,41.297262],[-72.954603,41.296853],[-72.957621,41.295851],[-72.959062,41.294684],[-72.95921,41.294512],[-72.960267,41.292924],[-72.968248,41.290086],[-72.970033,41.289346],[-72.97183,41.288358],[-72.972999,41.289708],[-72.97464,41.293541],[-72.974817,41.29631]]]}},{"type":"Feature","properties":{"GEOID":"09110496700","STATEFP":"09","COUNTYFP":"110","TRACTCE":"496700","NAMELSAD":"Census Tract 4967","NAMELSADCO":"Capitol Planning Region","STATE_NAME":"Connecticut"},"geometry":{"type":"Polygon","coordinates":[[[-72.735304,41.754663],[-72.729359,41.755768],[-72.729179,41.755818],[-72.728064,41.756159],[-72.723711,41.757987],[-72.722402,41.757923],[-72.719521,41.757455],[-72.714782,41.756428],[-72.715101,41.750064],[-72.715145,41.749745],[-72.721687,41.749851],[-72.728242,41.749937],[-72.729302,41.749823],[-72.733696,41.748794],[-72.73522,41.749239],[-72.736266,41.754461],[-72.735304,41.754663]]]}},{"type":"Feature","properties":{"GEOID":"09190044100","STATEFP":"09","COUNTYFP":"190","TRACTCE":"044100","NAMELSAD":"Census Tract 441","NAMELSADCO":"Western Connecticut Planning Region","STATE_NAME":"Connecticut"},"geometry":{"type":"Polygon","coordinates":[[[-73.423647,41.09583],[-73.42208,41.099502],[-73.419922,41.102132],[-73.419449,41.106548],[-73.415767,41.106424],[-73.413662,41.106668],[-73.410575,41.107436],[-73.410478,41.105745],[-73.414365,41.104312],[-73.415385,41.103106],[-73.415055,41.100566],[-73.414472,41.098949],[-73.411364,41.094977],[-73.410736,41.094501],[-73.409463,41.093496],[-73.412159,41.092877],[-73.414864,41.092053],[-73.417043,41.091669],[-73.419554,41.090159],[-73.42055,41.090376],[-73.420334,41.09489],[-73.422196,41.094686],[-73.423469,41.093956],[-73.423647,41.09583]]]}},{"type":"Feature","properties":{"GEOID":"09140405801","STATEFP":"09","COUNTYFP":"140","TRACTCE":"405801","NAMELSAD":"Census Tract 4058.01","NAMELSADCO":"Naugatuck Valley Planning Region","STATE_NAME":"Connecticut"},"geometry":{"type":"Polygon","coordinates":[[[-72.95927,41.716682],[-72.94809,41.717601],[-72.948068,41.717226],[-72.945112,41.711484],[-72.947821,41.706682],[-72.947223,41.703958],[-72.944988,41.699983],[-72.944808,41.695921],[-72.944089,41.692195],[-72.943238,41.689476],[-72.942408,41.686865],[-72.942276,41.682259],[-72.944052,41.681257],[-72.949228,41.681579],[-72.950816,41.681824],[-72.956142,41.681241],[-72.957085,41.681146],[-72.950094,41.686003],[-72.948053,41.691277],[-72.948844,41.692841],[-72.950134,41.694748],[-72.950448,41.696261],[-72.954333,41.697956],[-72.954581,41.699763],[-72.956471,41.703102],[-72.95927,41.716682]]]}},{"type":"Feature","properties":{"GEOID":"09140350500","STATEFP":"09","COUNTYFP":"140","TRACTCE":"350500","NAMELSAD":"Census Tract 3505","NAMELSADCO":"Naugatuck Valley Planning Region","STATE_NAME":"Connecticut"},"geometry":{"type":"Polygon","coordinates":[[[-73.042296,41.551887],[-73.039085,41.551058],[-73.035258,41.551378],[-73.031686,41.55126],[-73.029056,41.54994],[-73.02851,41.549469],[-73.026888,41.546077],[-73.029028,41.54404],[-73.030471,41.543687],[-73.034114,41.54371],[-73.037446,41.543919],[-73.038085,41.547263],[-73.040336,41.547608],[-73.041168,41.550943],[-73.042296,41.551887]]]}},{"type":"Feature","properties":{"GEOID":"09180716102","STATEFP":"09","COUNTYFP":"180","TRACTCE":"716102","NAMELSAD":"Census Tract 7161.02","NAMELSADCO":"Southeastern Connecticut Planning Region","STATE_NAME":"Connecticut"},"geometry":{"type":"Polygon","coordinates":[[[-72.280446,41.414473],[-72.27995,41.418597],[-72.279099,41.421809],[-72.279061,41.426057],[-72.278538,41.429633],[-72.277596,41.433377],[-72.276636,41.440449],[-72.272848,41.440746],[-72.242024,41.443198],[-72.220356,41.413527],[-72.219307,41.412123],[-72.192764,41.375549],[-72.192363,41.374739],[-72.194769,41.374254],[-72.196668,41.373518],[-72.202006,41.369719],[-72.207112,41.363504],[-72.209764,41.360825],[-72.214256,41.356933],[-72.223596,41.348897],[-72.228708,41.344791],[-72.230053,41.345394],[-72.232139,41.348786],[-72.234765,41.350318],[-72.239279,41.350101],[-72.240393,41.353104],[-72.244063,41.354808],[-72.246075,41.359196],[-72.249437,41.358696],[-72.251797,41.361493],[-72.250269,41.365976],[-72.248234,41.367457],[-72.247643,41.371978],[-72.249117,41.374961],[-72.248767,41.37722],[-72.24931,41.378379],[-72.252379,41.381669],[-72.253955,41.384359],[-72.257593,41.388012],[-72.2582,41.389964],[-72.264252,41.398998],[-72.267768,41.402258],[-72.268598,41.403513],[-72.270575,41.404128],[-72.272479,41.407951],[-72.278024,41.409705],[-72.279271,41.411574],[-72.281005,41.412865],[-72.280446,41.414473]]]}}]}