{"type":"FeatureCollection","features":[{"type":"Feature","properties":{"GEOID":"11001000201","STATEFP":"11","COUNTYFP":"001","TRACTCE":"000201","NAMELSAD":"Census Tract 2.01","NAMELSADCO":"District of Columbia","STATE_NAME":"District of Columbia"},"geometry":{"type":"Polygon","coordinates":[[[-77.079016,38.912679],[-77.074327,38.912589],[-77.073097,38.912589],[-77.069201,38.911606],[-77.069162,38.910692],[-77.069081,38.908718],[-77.071546,38.908662],[-77.071498,38.905109],[-77.076044,38.905552],[-77.07831,38.906042],[-77.077908,38.90671],[-77.0777,38.909687],[-77.079016,38.912679]]]}},{"type":"Feature","properties":{"GEOID":"11001010300","STATEFP":"11","COUNTYFP":"001","TRACTCE":"010300","NAMELSAD":"Census Tract 103","NAMELSADCO":"District of Columbia","STATE_NAME":"District of Columbia"},"geometry":{"type":"Polygon","coordinates":[[[-77.036364,38.974864],[-77.032967,38.978024],[-77.026433,38.977982],[-77.026426,38.978303],[-77.0265907040259,38.9843001610361],[-77.0205367150986,38.9796794651736],[-77.0187064975833,38.9782825550368],[-77.019267,38.977949],[-77.019835,38.977475],[-77.022766,38.973609],[-77.022857,38.973512],[-77.025406,38.969924],[-77.027265,38.969925],[-77.027024,38.972354],[-77.029692,38.972263],[-77.033416,38.972263],[-77.036371,38.972269],[-77.036364,38.974864]]]}},{"type":"Feature","properties":{"GEOID":"11001002801","STATEFP":"11","COUNTYFP":"001","TRACTCE":"002801","NAMELSAD":"Census Tract 28.01","NAMELSADCO":"District of Columbia","STATE_NAME":"District of Columbia"},"geometry":{"type":"Polygon","coordinates":[[[-77.036451,38.934966],[-77.036447,38.937427],[-77.03391,38.937387],[-77.03273,38.937078],[-77.032732,38.934121],[-77.032735,38.931868],[-77.036456,38.933288],[-77.036451,38.934966]]]}},{"type":"Feature","properties":{"GEOID":"11001004002","STATEFP":"11","COUNTYFP":"001","TRACTCE":"004002","NAMELSAD":"Census Tract 40.02","NAMELSADCO":"District of Columbia","STATE_NAME":"District of Columbia"},"geometry":{"type":"Polygon","coordinates":[[[-77.046268,38.916596],[-77.044781,38.919052],[-77.044398,38.919664],[-77.043143,38.922334],[-77.042684,38.922661],[-77.041704,38.919659],[-77.041656,38.91678],[-77.043436,38.915888],[-77.046088,38.914434],[-77.046285,38.915991],[-77.046268,38.916596]]]}},{"type":"Feature","properties":{"GEOID":"11001006700","STATEFP":"11","COUNTYFP":"001","TRACTCE":"006700","NAMELSAD":"Census Tract 67","NAMELSADCO":"District of Columbia","STATE_NAME":"District of Columbia"},"geometry":{"type":"Polygon","coordinates":[[[-76.994962,38.889806],[-76.991533,38.889805],[-76.991544,38.889226],[-76.988316,38.889243],[-76.98832,38.889795],[-76.985506,38.889803],[-76.983645,38.889801],[-76.983653,38.887086],[-76.988311,38.886017],[-76.99153,38.885098],[-76.993763,38.884585],[-76.99496,38.884604],[-76.994962,38.887594],[-76.994962,38.889806]]]}},{"type":"Feature","properties":{"GEOID":"11001007707","STATEFP":"11","COUNTYFP":"001","TRACTCE":"007707","NAMELSAD":"Census Tract 77.07","NAMELSADCO":"District of Columbia","STATE_NAME":"District of Columbia"},"geometry":{"type":"Polygon","coordinates":[[[-76.944864,38.879093],[-76.942897,38.880366],[-76.936264,38.880209],[-76.93304,38.881491],[-76.93101,38.88068],[-76.929316,38.880674],[-76.925954,38.881082],[-76.9240349501798,38.881405225682],[-76.9298866240579,38.8768232228149],[-76.9312472646311,38.8757578081767],[-76.9337188787997,38.8738224742119],[-76.9338048141363,38.8737551847548],[-76.9349713257387,38.8728417778189],[-76.942981,38.877043],[-76.944864,38.879093]]]}},{"type":"Feature","properties":{"GEOID":"11001008803","STATEFP":"11","COUNTYFP":"001","TRACTCE":"008803","NAMELSAD":"Census Tract 88.03","NAMELSADCO":"District of Columbia","STATE_NAME":"District of Columbia"},"geometry":{"type":"Polygon","coordinates":[[[-77.00173,38.909978],[-76.992663,38.913034],[-76.980806,38.917184],[-76.978167,38.917282],[-76.985773,38.910474],[-76.986951,38.909446],[-76.988831,38.907777],[-76.9904,38.906386],[-76.993135,38.904],[-76.998336,38.90623],[-77.002506,38.908001],[-77.00173,38.909978]]]}},{"type":"Feature","properties":{"GEOID":"11001009302","STATEFP":"11","COUNTYFP":"001","TRACTCE":"009302","NAMELSAD":"Census Tract 93.02","NAMELSADCO":"District of Columbia","STATE_NAME":"District of Columbia"},"geometry":{"type":"Polygon","coordinates":[[[-76.994943,38.923983],[-76.994484,38.925582],[-76.994177,38.92744],[-76.988285,38.927719],[-76.985969,38.927835],[-76.985623,38.92462],[-76.988001,38.923866],[-76.996033,38.921383],[-76.994943,38.923983]]]}},{"type":"Feature","properties":{"GEOID":"11001009509","STATEFP":"11","COUNTYFP":"001","TRACTCE":"009509","NAMELSAD":"Census Tract 95.09","NAMELSADCO":"District of Columbia","STATE_NAME":"District of Columbia"},"geometry":{"type":"Polygon","coordinates":[[[-77.002011,38.951051],[-76.999051,38.951842],[-76.995986,38.951996],[-76.994548,38.952295],[-76.989257,38.952409],[-76.989521,38.948629],[-76.98902,38.946757],[-76.988895,38.946269],[-76.99705,38.94627],[-77.000043,38.94627],[-77.000493,38.94737],[-77.002011,38.951051]]]}},{"type":"Feature","properties":{"GEOID":"11001002802","STATEFP":"11","COUNTYFP":"001","TRACTCE":"002802","NAMELSAD":"Census Tract 28.02","NAMELSADCO":"District of Columbia","STATE_NAME":"District of Columbia"},"geometry":{"type":"Polygon","coordinates":[[[-77.036707,38.927118],[-77.036476,38.928687],[-77.03646,38.931653],[-77.036456,38.933288],[-77.032735,38.931868],[-77.032663,38.93034],[-77.032612,38.928805],[-77.032518,38.927538],[-77.032407,38.926573],[-77.035484,38.926325],[-77.036489,38.926272],[-77.036488,38.926525],[-77.036707,38.927118]]]}},{"type":"Feature","properties":{"GEOID":"11001005601","STATEFP":"11","COUNTYFP":"001","TRACTCE":"005601","NAMELSAD":"Census Tract 56.01","NAMELSADCO":"District of Columbia","STATE_NAME":"District of Columbia"},"geometry":{"type":"Polygon","coordinates":[[[-77.057559,38.902752],[-77.055953,38.904549],[-77.051416,38.902977],[-77.050785,38.902463],[-77.05012,38.901987],[-77.050131,38.899574],[-77.053308,38.899665],[-77.053307,38.900697],[-77.054673,38.900722],[-77.054741,38.902484],[-77.057668,38.902543],[-77.057559,38.902752]]]}},{"type":"Feature","properties":{"GEOID":"11001005003","STATEFP":"11","COUNTYFP":"001","TRACTCE":"005003","NAMELSAD":"Census Tract 50.03","NAMELSADCO":"District of Columbia","STATE_NAME":"District of Columbia"},"geometry":{"type":"Polygon","coordinates":[[[-77.031952,38.909648],[-77.030324,38.909669],[-77.029628,38.909099],[-77.029623,38.90724],[-77.02962,38.905648],[-77.029623,38.904835],[-77.031535,38.905507],[-77.031951,38.907239],[-77.03195,38.907727],[-77.031952,38.909648]]]}},{"type":"Feature","properties":{"GEOID":"11001001004","STATEFP":"11","COUNTYFP":"001","TRACTCE":"001004","NAMELSAD":"Census Tract 10.04","NAMELSADCO":"District of Columbia","STATE_NAME":"District of Columbia"},"geometry":{"type":"Polygon","coordinates":[[[-77.093092,38.943164],[-77.088634,38.943163],[-77.088635,38.947901],[-77.088634,38.951041],[-77.088664,38.954702],[-77.0913552852449,38.9566212562027],[-77.0876643623892,38.9594588249151],[-77.0858122682884,38.9608827084474],[-77.082632,38.9547],[-77.080974,38.951466],[-77.079674,38.947909],[-77.078888,38.946504],[-77.078496,38.945803],[-77.07913,38.945845],[-77.08142,38.94316],[-77.085634,38.938226],[-77.086226,38.938169],[-77.090265,38.941099],[-77.093092,38.943164]]]}},{"type":"Feature","properties":{"GEOID":"11001000803","STATEFP":"11","COUNTYFP":"001","TRACTCE":"000803","NAMELSAD":"Census Tract 8.03","NAMELSADCO":"District of Columbia","STATE_NAME":"District of Columbia"},"geometry":{"type":"Polygon","coordinates":[[[-77.087728,38.935781],[-77.086172,38.937599],[-77.085585,38.937662],[-77.08183,38.93494],[-77.080122,38.933693],[-77.079972,38.932409],[-77.080568,38.930235],[-77.083995,38.930277],[-77.085125,38.932252],[-77.086133,38.934021],[-77.086717,38.935003],[-77.087728,38.935781]]]}},{"type":"Feature","properties":{"GEOID":"11001000300","STATEFP":"11","COUNTYFP":"001","TRACTCE":"000300","NAMELSAD":"Census Tract 3","NAMELSADCO":"District of Columbia","STATE_NAME":"District of Columbia"},"geometry":{"type":"Polygon","coordinates":[[[-77.082565,38.921497],[-77.082006,38.921524],[-77.080715,38.92255],[-77.077909,38.922549],[-77.077052,38.922549],[-77.074697,38.922548],[-77.073195,38.922544],[-77.072907,38.922543],[-77.071476,38.920188],[-77.069382,38.917726],[-77.06941,38.9166],[-77.069245,38.912675],[-77.072676,38.912594],[-77.073097,38.912589],[-77.074327,38.912589],[-77.079016,38.912679],[-77.07896,38.913451],[-77.081835,38.917423],[-77.082558,38.918662],[-77.082581,38.919297],[-77.082565,38.921497]]]}},{"type":"Feature","properties":{"GEOID":"11001007806","STATEFP":"11","COUNTYFP":"001","TRACTCE":"007806","NAMELSAD":"Census Tract 78.06","NAMELSADCO":"District of Columbia","STATE_NAME":"District of Columbia"},"geometry":{"type":"Polygon","coordinates":[[[-76.94286,38.902045],[-76.933078,38.909654],[-76.9316368067784,38.9105519633147],[-76.9312514680512,38.910244618909],[-76.9235292681466,38.9040854275996],[-76.93021,38.903446],[-76.931669,38.903045],[-76.94152,38.902806],[-76.942609,38.901927],[-76.94286,38.902045]]]}},{"type":"Feature","properties":{"GEOID":"11001001401","STATEFP":"11","COUNTYFP":"001","TRACTCE":"001401","NAMELSAD":"Census Tract 14.01","NAMELSADCO":"District of Columbia","STATE_NAME":"District of Columbia"},"geometry":{"type":"Polygon","coordinates":[[[-77.0774366982071,38.9673218177274],[-77.0716409840087,38.9717775427368],[-77.070182,38.969763],[-77.070141,38.969697],[-77.06841,38.96581],[-77.062046,38.965813],[-77.066238,38.961013],[-77.070831,38.961013],[-77.073309,38.961017],[-77.075049,38.963999],[-77.076867,38.967009],[-77.0774366982071,38.9673218177274]]]}},{"type":"Feature","properties":{"GEOID":"11001001702","STATEFP":"11","COUNTYFP":"001","TRACTCE":"001702","NAMELSAD":"Census Tract 17.02","NAMELSADCO":"District of Columbia","STATE_NAME":"District of Columbia"},"geometry":{"type":"Polygon","coordinates":[[[-77.022857,38.973512],[-77.022766,38.973609],[-77.019835,38.977475],[-77.019267,38.977949],[-77.0187064975833,38.9782825550368],[-77.0186545534322,38.9782429087594],[-77.0173231309697,38.977226703025],[-77.015598,38.97591],[-77.013798,38.97441],[-77.0110567340993,38.9722668284776],[-77.0085892746401,38.9703377238095],[-77.009042,38.969893],[-77.009562,38.963905],[-77.012926,38.966991],[-77.014771,38.969936],[-77.019895,38.969923],[-77.025406,38.969924],[-77.022857,38.973512]]]}},{"type":"Feature","properties":{"GEOID":"11001002002","STATEFP":"11","COUNTYFP":"001","TRACTCE":"002002","NAMELSAD":"Census Tract 20.02","NAMELSADCO":"District of Columbia","STATE_NAME":"District of Columbia"},"geometry":{"type":"Polygon","coordinates":[[[-77.036415,38.952535],[-77.033761,38.955653],[-77.033411,38.956196],[-77.030161,38.959882],[-77.02852,38.961338],[-77.028013,38.961226],[-77.028031,38.961014],[-77.028175,38.95728],[-77.028029,38.956216],[-77.027881,38.955148],[-77.027429,38.951868],[-77.027135,38.949734],[-77.027035,38.948991],[-77.0266,38.946125],[-77.029643,38.946125],[-77.032724,38.948264],[-77.036424,38.94826],[-77.036415,38.952535]]]}},{"type":"Feature","properties":{"GEOID":"11001002400","STATEFP":"11","COUNTYFP":"001","TRACTCE":"002400","NAMELSAD":"Census Tract 24","NAMELSADCO":"District of Columbia","STATE_NAME":"District of Columbia"},"geometry":{"type":"Polygon","coordinates":[[[-77.0266,38.946125],[-77.019413,38.946335],[-77.019275,38.943675],[-77.019954,38.943101],[-77.0192,38.942054],[-77.019045,38.938841],[-77.019033,38.937398],[-77.024292,38.936291],[-77.02469,38.938684],[-77.02524,38.940811],[-77.025514,38.941873],[-77.0266,38.946125]]]}},{"type":"Feature","properties":{"GEOID":"11001002900","STATEFP":"11","COUNTYFP":"001","TRACTCE":"002900","NAMELSAD":"Census Tract 29","NAMELSADCO":"District of Columbia","STATE_NAME":"District of Columbia"},"geometry":{"type":"Polygon","coordinates":[[[-77.032732,38.934121],[-77.03273,38.937078],[-77.029725,38.936285],[-77.025244,38.935128],[-77.02682,38.932747],[-77.02826,38.931821],[-77.029709,38.931323],[-77.032663,38.93034],[-77.032735,38.931868],[-77.032732,38.934121]]]}},{"type":"Feature","properties":{"GEOID":"11001003302","STATEFP":"11","COUNTYFP":"001","TRACTCE":"003302","NAMELSAD":"Census Tract 33.02","NAMELSADCO":"District of Columbia","STATE_NAME":"District of Columbia"},"geometry":{"type":"Polygon","coordinates":[[[-77.014278,38.915054],[-77.009,38.916893],[-77.008999,38.915564],[-77.009013,38.914085],[-77.009026,38.910783],[-77.012157,38.912117],[-77.014085,38.912935],[-77.014085,38.913344],[-77.014271,38.914988],[-77.014278,38.915054]]]}},{"type":"Feature","properties":{"GEOID":"11001004202","STATEFP":"11","COUNTYFP":"001","TRACTCE":"004202","NAMELSAD":"Census Tract 42.02","NAMELSADCO":"District of Columbia","STATE_NAME":"District of Columbia"},"geometry":{"type":"Polygon","coordinates":[[[-77.046088,38.914434],[-77.043436,38.915888],[-77.041656,38.91678],[-77.041656,38.91629],[-77.041662,38.914092],[-77.039275,38.914092],[-77.04066,38.912608],[-77.04167,38.911534],[-77.042977,38.910142],[-77.043604,38.910246],[-77.045157,38.912606],[-77.046088,38.914434]]]}},{"type":"Feature","properties":{"GEOID":"11001004801","STATEFP":"11","COUNTYFP":"001","TRACTCE":"004801","NAMELSAD":"Census Tract 48.01","NAMELSADCO":"District of Columbia","STATE_NAME":"District of Columbia"},"geometry":{"type":"Polygon","coordinates":[[[-77.021916,38.914088],[-77.021893,38.916261],[-77.020658,38.915738],[-77.018109,38.914646],[-77.017799,38.91382],[-77.017764,38.913718],[-77.015908,38.908574],[-77.018925,38.908571],[-77.019901,38.908573],[-77.021914,38.908571],[-77.021918,38.91239],[-77.021916,38.914088]]]}},{"type":"Feature","properties":{"GEOID":"11001010700","STATEFP":"11","COUNTYFP":"001","TRACTCE":"010700","NAMELSAD":"Census Tract 107","NAMELSADCO":"District of Columbia","STATE_NAME":"District of Columbia"},"geometry":{"type":"Polygon","coordinates":[[[-77.04945,38.902632],[-77.047479,38.905309],[-77.045684,38.907242],[-77.04391,38.909145],[-77.042716,38.90939],[-77.038495,38.907925],[-77.036868,38.907353],[-77.03653,38.907021],[-77.036534,38.905654],[-77.036554,38.900201],[-77.037955,38.900202],[-77.03946,38.898813],[-77.043462,38.900202],[-77.049566,38.902175],[-77.04945,38.902632]]]}},{"type":"Feature","properties":{"GEOID":"11001007406","STATEFP":"11","COUNTYFP":"001","TRACTCE":"007406","NAMELSAD":"Census Tract 74.06","NAMELSADCO":"District of Columbia","STATE_NAME":"District of Columbia"},"geometry":{"type":"Polygon","coordinates":[[[-76.9936,38.85848],[-76.993275,38.858415],[-76.990825,38.858482],[-76.988636,38.858429],[-76.987666,38.857981],[-76.987224,38.857357],[-76.986995,38.85619],[-76.986075,38.854627],[-76.983338,38.853366],[-76.986937,38.852768],[-76.991987,38.853752],[-76.99355,38.85547],[-76.9936,38.85848]]]}},{"type":"Feature","properties":{"GEOID":"11001007409","STATEFP":"11","COUNTYFP":"001","TRACTCE":"007409","NAMELSAD":"Census Tract 74.09","NAMELSADCO":"District of Columbia","STATE_NAME":"District of Columbia"},"geometry":{"type":"Polygon","coordinates":[[[-76.980658,38.845405],[-76.977053,38.846473],[-76.974313,38.846822],[-76.970885,38.848018],[-76.967784,38.848379],[-76.9665705107147,38.8481828510603],[-76.9708093936019,38.8447820186985],[-76.9708517314095,38.844748051309],[-76.9723265158783,38.8435648398636],[-76.972937771182,38.8430744331047],[-76.976378,38.842489],[-76.977896,38.841786],[-76.980658,38.845405]]]}},{"type":"Feature","properties":{"GEOID":"11001007709","STATEFP":"11","COUNTYFP":"001","TRACTCE":"007709","NAMELSAD":"Census Tract 77.09","NAMELSADCO":"District of Columbia","STATE_NAME":"District of Columbia"},"geometry":{"type":"Polygon","coordinates":[[[-76.973299,38.87839],[-76.971757,38.880216],[-76.967714,38.881483],[-76.964289,38.881191],[-76.96311,38.882008],[-76.958873,38.881706],[-76.961464,38.878156],[-76.962018,38.877809],[-76.96492,38.876364],[-76.964772,38.871087],[-76.967771,38.872308],[-76.969821,38.87313],[-76.970531,38.873522],[-76.971334,38.873909],[-76.972917,38.874582],[-76.978031,38.876881],[-76.973299,38.87839]]]}},{"type":"Feature","properties":{"GEOID":"11001007809","STATEFP":"11","COUNTYFP":"001","TRACTCE":"007809","NAMELSAD":"Census Tract 78.09","NAMELSADCO":"District of Columbia","STATE_NAME":"District of Columbia"},"geometry":{"type":"Polygon","coordinates":[[[-76.94152,38.902806],[-76.931669,38.903045],[-76.93021,38.903446],[-76.9235292681466,38.9040854275996],[-76.925144,38.899747],[-76.930213,38.900017],[-76.931667,38.899755],[-76.933751,38.898974],[-76.939189,38.90056],[-76.942609,38.901927],[-76.94152,38.902806]]]}},{"type":"Feature","properties":{"GEOID":"11001008001","STATEFP":"11","COUNTYFP":"001","TRACTCE":"008001","NAMELSAD":"Census Tract 80.01","NAMELSADCO":"District of Columbia","STATE_NAME":"District of Columbia"},"geometry":{"type":"Polygon","coordinates":[[[-76.99025,38.897307],[-76.983596,38.90001],[-76.983647,38.897326],[-76.983644,38.896667],[-76.983648,38.894783],[-76.983648,38.893504],[-76.98422,38.893573],[-76.990241,38.893574],[-76.990244,38.894784],[-76.99025,38.897307]]]}},{"type":"Feature","properties":{"GEOID":"11001009604","STATEFP":"11","COUNTYFP":"001","TRACTCE":"009604","NAMELSAD":"Census Tract 96.04","NAMELSADCO":"District of Columbia","STATE_NAME":"District of Columbia"},"geometry":{"type":"Polygon","coordinates":[[[-76.9618,38.896123],[-76.961984,38.897135],[-76.96029,38.896987],[-76.957489,38.896576],[-76.951015,38.89552],[-76.954179,38.892404],[-76.956718,38.889831],[-76.963367,38.889867],[-76.9618,38.896123]]]}},{"type":"Feature","properties":{"GEOID":"11001009901","STATEFP":"11","COUNTYFP":"001","TRACTCE":"009901","NAMELSAD":"Census Tract 99.01","NAMELSADCO":"District of Columbia","STATE_NAME":"District of Columbia"},"geometry":{"type":"Polygon","coordinates":[[[-76.96492,38.876364],[-76.962018,38.877809],[-76.961464,38.878156],[-76.958873,38.881706],[-76.957496,38.88363],[-76.956266,38.88363],[-76.953091,38.883611],[-76.947812,38.882842],[-76.946677,38.88283],[-76.945772,38.880869],[-76.948208,38.879533],[-76.949187,38.877888],[-76.948079,38.874471],[-76.948511,38.871309],[-76.949791,38.867902],[-76.953001,38.866279],[-76.960383,38.869291],[-76.964772,38.871087],[-76.96492,38.876364]]]}},{"type":"Feature","properties":{"GEOID":"11001009907","STATEFP":"11","COUNTYFP":"001","TRACTCE":"009907","NAMELSAD":"Census Tract 99.07","NAMELSADCO":"District of Columbia","STATE_NAME":"District of Columbia"},"geometry":{"type":"Polygon","coordinates":[[[-76.945772,38.880869],[-76.944179,38.881417],[-76.942977,38.882112],[-76.94252,38.882476],[-76.94093,38.884581],[-76.940555,38.886544],[-76.93616,38.886549],[-76.935916,38.885981],[-76.934832,38.883733],[-76.933624,38.882273],[-76.93304,38.881491],[-76.936264,38.880209],[-76.942897,38.880366],[-76.944864,38.879093],[-76.945772,38.880869]]]}},{"type":"Feature","properties":{"GEOID":"11001002704","STATEFP":"11","COUNTYFP":"001","TRACTCE":"002704","NAMELSAD":"Census Tract 27.04","NAMELSADCO":"District of Columbia","STATE_NAME":"District of Columbia"},"geometry":{"type":"Polygon","coordinates":[[[-77.049314,38.933827],[-77.048297,38.934804],[-77.045414,38.935879],[-77.040928,38.936285],[-77.038621,38.937211],[-77.03743,38.937852],[-77.036445,38.938231],[-77.036447,38.937427],[-77.036451,38.934966],[-77.03783,38.935858],[-77.038816,38.934398],[-77.038818,38.934185],[-77.044189,38.934174],[-77.044191,38.932745],[-77.04908,38.932627],[-77.050503,38.933224],[-77.049314,38.933827]]]}},{"type":"Feature","properties":{"GEOID":"11001005501","STATEFP":"11","COUNTYFP":"001","TRACTCE":"005501","NAMELSAD":"Census Tract 55.01","NAMELSADCO":"District of Columbia","STATE_NAME":"District of Columbia"},"geometry":{"type":"Polygon","coordinates":[[[-77.051408,38.905261],[-77.051407,38.907243],[-77.048806,38.907238],[-77.046639,38.907245],[-77.045684,38.907242],[-77.047479,38.905309],[-77.04945,38.902632],[-77.049566,38.902175],[-77.05012,38.901987],[-77.050785,38.902463],[-77.051416,38.902977],[-77.051408,38.905261]]]}},{"type":"Feature","properties":{"GEOID":"11001005203","STATEFP":"11","COUNTYFP":"001","TRACTCE":"005203","NAMELSAD":"Census Tract 52.03","NAMELSADCO":"District of Columbia","STATE_NAME":"District of Columbia"},"geometry":{"type":"Polygon","coordinates":[[[-77.034566,38.907244],[-77.034564,38.907934],[-77.034557,38.909649],[-77.031952,38.909648],[-77.03195,38.907727],[-77.031951,38.907239],[-77.031535,38.905507],[-77.032125,38.905305],[-77.032394,38.905736],[-77.034568,38.906558],[-77.034566,38.907244]]]}},{"type":"Feature","properties":{"GEOID":"11001010603","STATEFP":"11","COUNTYFP":"001","TRACTCE":"010603","NAMELSAD":"Census Tract 106.03","NAMELSADCO":"District of Columbia","STATE_NAME":"District of Columbia"},"geometry":{"type":"Polygon","coordinates":[[[-77.009069,38.904684],[-77.009063,38.905647],[-77.005885,38.905641],[-77.003355,38.905644],[-77.004149,38.903123],[-77.004433,38.902515],[-77.003569,38.902515],[-77.003566,38.900207],[-77.003509,38.897337],[-77.006718,38.895986],[-77.009066,38.897555],[-77.009064,38.902515],[-77.009069,38.904684]]]}},{"type":"Feature","properties":{"GEOID":"11001010201","STATEFP":"11","COUNTYFP":"001","TRACTCE":"010201","NAMELSAD":"Census Tract 102.01","NAMELSADCO":"District of Columbia","STATE_NAME":"District of Columbia"},"geometry":{"type":"Polygon","coordinates":[[[-77.021922,38.879295],[-77.019894,38.879285],[-77.017547,38.879286],[-77.015186,38.879284],[-77.015209,38.876459],[-77.017566,38.876461],[-77.019885,38.876461],[-77.021147,38.877306],[-77.022728,38.878634],[-77.021922,38.879295]]]}},{"type":"Feature","properties":{"GEOID":"11001002504","STATEFP":"11","COUNTYFP":"001","TRACTCE":"002504","NAMELSAD":"Census Tract 25.04","NAMELSADCO":"District of Columbia","STATE_NAME":"District of Columbia"},"geometry":{"type":"Polygon","coordinates":[[[-77.036445,38.938231],[-77.036441,38.941874],[-77.032727,38.941867],[-77.029704,38.941865],[-77.029704,38.938676],[-77.029725,38.936285],[-77.03273,38.937078],[-77.03391,38.937387],[-77.036447,38.937427],[-77.036445,38.938231]]]}},{"type":"Feature","properties":{"GEOID":"11001003702","STATEFP":"11","COUNTYFP":"001","TRACTCE":"003702","NAMELSAD":"Census Tract 37.02","NAMELSADCO":"District of Columbia","STATE_NAME":"District of Columbia"},"geometry":{"type":"Polygon","coordinates":[[[-77.036489,38.926272],[-77.035484,38.926325],[-77.032407,38.926573],[-77.032143,38.923763],[-77.032132,38.923635],[-77.035309,38.923433],[-77.035309,38.923295],[-77.036491,38.92325],[-77.036489,38.926272]]]}},{"type":"Feature","properties":{"GEOID":"11001005503","STATEFP":"11","COUNTYFP":"001","TRACTCE":"005503","NAMELSAD":"Census Tract 55.03","NAMELSADCO":"District of Columbia","STATE_NAME":"District of Columbia"},"geometry":{"type":"Polygon","coordinates":[[[-77.055429,38.905254],[-77.05339,38.908559],[-77.050085,38.909635],[-77.048797,38.909634],[-77.048806,38.907238],[-77.051407,38.907243],[-77.051408,38.905261],[-77.051416,38.902977],[-77.055953,38.904549],[-77.055429,38.905254]]]}},{"type":"Feature","properties":{"GEOID":"11001000400","STATEFP":"11","COUNTYFP":"001","TRACTCE":"000400","NAMELSAD":"Census Tract 4","NAMELSADCO":"District of Columbia","STATE_NAME":"District of Columbia"},"geometry":{"type":"Polygon","coordinates":[[[-77.073162,38.928611],[-77.07265,38.931871],[-77.06639,38.931467],[-77.066384,38.927527],[-77.06324,38.92752],[-77.057718,38.923213],[-77.056079,38.923284],[-77.054038,38.921182],[-77.056852,38.920315],[-77.056529,38.919599],[-77.059084,38.918313],[-77.066894,38.918656],[-77.068752,38.916966],[-77.069382,38.917726],[-77.071476,38.920188],[-77.072907,38.922543],[-77.073152,38.922995],[-77.073188,38.926182],[-77.073162,38.928611]]]}},{"type":"Feature","properties":{"GEOID":"11001002501","STATEFP":"11","COUNTYFP":"001","TRACTCE":"002501","NAMELSAD":"Census Tract 25.01","NAMELSADCO":"District of Columbia","STATE_NAME":"District of Columbia"},"geometry":{"type":"Polygon","coordinates":[[[-77.036424,38.94826],[-77.032724,38.948264],[-77.029643,38.946125],[-77.0266,38.946125],[-77.025514,38.941873],[-77.029704,38.941865],[-77.032727,38.941867],[-77.036441,38.941874],[-77.036424,38.94826]]]}},{"type":"Feature","properties":{"GEOID":"11001006802","STATEFP":"11","COUNTYFP":"001","TRACTCE":"006802","NAMELSAD":"Census Tract 68.02","NAMELSADCO":"District of Columbia","STATE_NAME":"District of Columbia"},"geometry":{"type":"Polygon","coordinates":[[[-76.983656,38.881079],[-76.983658,38.884101],[-76.983653,38.887086],[-76.980766,38.885949],[-76.97726,38.884556],[-76.977263,38.884102],[-76.977261,38.883676],[-76.978999,38.882973],[-76.98076,38.882259],[-76.980872,38.879236],[-76.981576,38.878837],[-76.983658,38.879682],[-76.983656,38.881079]]]}},{"type":"Feature","properties":{"GEOID":"11001007807","STATEFP":"11","COUNTYFP":"001","TRACTCE":"007807","NAMELSAD":"Census Tract 78.07","NAMELSADCO":"District of Columbia","STATE_NAME":"District of Columbia"},"geometry":{"type":"Polygon","coordinates":[[[-76.925671,38.898348],[-76.925144,38.899747],[-76.9235292681466,38.9040854275996],[-76.9234510631941,38.9040230516873],[-76.9199019174646,38.9011922692932],[-76.9134133749321,38.8960170374589],[-76.913657,38.895812],[-76.917779,38.895813],[-76.920513,38.895806],[-76.921892,38.895805],[-76.925133,38.895897],[-76.92628,38.89661],[-76.925671,38.898348]]]}},{"type":"Feature","properties":{"GEOID":"11001008702","STATEFP":"11","COUNTYFP":"001","TRACTCE":"008702","NAMELSAD":"Census Tract 87.02","NAMELSADCO":"District of Columbia","STATE_NAME":"District of Columbia"},"geometry":{"type":"Polygon","coordinates":[[[-77.004937,38.910581],[-77.004371,38.9126],[-77.00351,38.9126],[-77.003507,38.915568],[-77.003513,38.918726],[-77.000569,38.919761],[-76.996033,38.921383],[-76.998929,38.91557],[-77.00173,38.909978],[-77.002506,38.908001],[-77.004514,38.908862],[-77.005331,38.909211],[-77.004937,38.910581]]]}},{"type":"Feature","properties":{"GEOID":"11001000501","STATEFP":"11","COUNTYFP":"001","TRACTCE":"000501","NAMELSAD":"Census Tract 5.01","NAMELSADCO":"District of Columbia","STATE_NAME":"District of Columbia"},"geometry":{"type":"Polygon","coordinates":[[[-77.059084,38.918313],[-77.056529,38.919599],[-77.056852,38.920315],[-77.054038,38.921182],[-77.056079,38.923284],[-77.057718,38.923213],[-77.057637,38.926173],[-77.056317,38.926005],[-77.05268,38.925536],[-77.054164,38.928088],[-77.055716,38.930755],[-77.054582,38.932704],[-77.05179,38.933865],[-77.050503,38.933224],[-77.050854,38.932826],[-77.047374,38.931624],[-77.044534,38.928123],[-77.04491,38.926578],[-77.046162,38.92596],[-77.049515,38.928134],[-77.048565,38.923344],[-77.04854,38.922771],[-77.050181,38.921241],[-77.051071,38.91988],[-77.054581,38.91993],[-77.058258,38.917716],[-77.059084,38.918313]]]}},{"type":"Feature","properties":{"GEOID":"11001006600","STATEFP":"11","COUNTYFP":"001","TRACTCE":"006600","NAMELSAD":"Census Tract 66","NAMELSADCO":"District of Columbia","STATE_NAME":"District of Columbia"},"geometry":{"type":"Polygon","coordinates":[[[-77.003515,38.889808],[-77.000579,38.889808],[-76.998446,38.889808],[-76.994962,38.889806],[-76.994962,38.887594],[-76.99496,38.884604],[-76.996175,38.884806],[-77.002039,38.887598],[-77.002034,38.889168],[-77.003515,38.889808]]]}},{"type":"Feature","properties":{"GEOID":"11001007100","STATEFP":"11","COUNTYFP":"001","TRACTCE":"007100","NAMELSAD":"Census Tract 71","NAMELSADCO":"District of Columbia","STATE_NAME":"District of Columbia"},"geometry":{"type":"Polygon","coordinates":[[[-76.991537,38.877706],[-76.991537,38.877773],[-76.991534,38.878402],[-76.991529,38.882892],[-76.988309,38.881598],[-76.983658,38.879682],[-76.981576,38.878837],[-76.980676,38.878506],[-76.978031,38.876881],[-76.983957,38.874928],[-76.990102,38.871349],[-76.991274,38.873236],[-76.991557,38.876497],[-76.991537,38.877706]]]}},{"type":"Feature","properties":{"GEOID":"11001009000","STATEFP":"11","COUNTYFP":"001","TRACTCE":"009000","NAMELSAD":"Census Tract 90","NAMELSADCO":"District of Columbia","STATE_NAME":"District of Columbia"},"geometry":{"type":"Polygon","coordinates":[[[-76.965161,38.92526],[-76.961486,38.928267],[-76.957718618064,38.9307973621038],[-76.9576171486463,38.9307189303778],[-76.9560509609247,38.9295083310765],[-76.9438638818987,38.9200882154987],[-76.9419210679896,38.9185864994984],[-76.942434,38.918093],[-76.943623,38.917006],[-76.956458,38.917616],[-76.954983,38.918342],[-76.962634,38.92354],[-76.965161,38.92526]]]}},{"type":"Feature","properties":{"GEOID":"11001001303","STATEFP":"11","COUNTYFP":"001","TRACTCE":"001303","NAMELSAD":"Census Tract 13.03","NAMELSADCO":"District of Columbia","STATE_NAME":"District of Columbia"},"geometry":{"type":"Polygon","coordinates":[[[-77.065678,38.947895],[-77.056712,38.94789],[-77.051659,38.948858],[-77.051679,38.946785],[-77.051509,38.94612],[-77.049679,38.943855],[-77.049655,38.943779],[-77.051267,38.941542],[-77.051539,38.93967],[-77.052696,38.940709],[-77.058631,38.940967],[-77.061654,38.940972],[-77.062921,38.943154],[-77.063559,38.944252],[-77.064282,38.945482],[-77.065006,38.946736],[-77.065678,38.947895]]]}},{"type":"Feature","properties":{"GEOID":"11001009510","STATEFP":"11","COUNTYFP":"001","TRACTCE":"009510","NAMELSAD":"Census Tract 95.10","NAMELSADCO":"District of Columbia","STATE_NAME":"District of Columbia"},"geometry":{"type":"Polygon","coordinates":[[[-77.010926,38.944613],[-77.008917,38.946006],[-77.008669,38.947098],[-77.009007,38.952407],[-77.005965,38.952037],[-77.003858,38.950959],[-77.00267,38.947909],[-77.003241,38.946309],[-77.000493,38.94737],[-77.000043,38.94627],[-76.997642,38.940732],[-76.99967,38.940741],[-77.005414,38.940961],[-77.005946,38.941314],[-77.008034,38.942381],[-77.009581,38.943237],[-77.010926,38.944613]]]}},{"type":"Feature","properties":{"GEOID":"11001002201","STATEFP":"11","COUNTYFP":"001","TRACTCE":"002201","NAMELSAD":"Census Tract 22.01","NAMELSADCO":"District of Columbia","STATE_NAME":"District of Columbia"},"geometry":{"type":"Polygon","coordinates":[[[-77.027429,38.951868],[-77.023829,38.951966],[-77.019681,38.952083],[-77.019546,38.949211],[-77.019513,38.94847],[-77.019413,38.946335],[-77.0266,38.946125],[-77.027035,38.948991],[-77.027135,38.949734],[-77.027429,38.951868]]]}},{"type":"Feature","properties":{"GEOID":"11001007404","STATEFP":"11","COUNTYFP":"001","TRACTCE":"007404","NAMELSAD":"Census Tract 74.04","NAMELSADCO":"District of Columbia","STATE_NAME":"District of Columbia"},"geometry":{"type":"Polygon","coordinates":[[[-76.991987,38.853752],[-76.986937,38.852768],[-76.983338,38.853366],[-76.979845,38.854294],[-76.975898,38.853628],[-76.974335,38.852631],[-76.97276,38.851201],[-76.974206,38.850977],[-76.9761,38.850356],[-76.980308,38.846903],[-76.981332,38.8466],[-76.983433,38.846],[-76.988511,38.844705],[-76.989093,38.844592],[-76.985047,38.848964],[-76.986473,38.849853],[-76.992289,38.853452],[-76.991987,38.853752]]]}},{"type":"Feature","properties":{"GEOID":"11001009203","STATEFP":"11","COUNTYFP":"001","TRACTCE":"009203","NAMELSAD":"Census Tract 92.03","NAMELSADCO":"District of Columbia","STATE_NAME":"District of Columbia"},"geometry":{"type":"Polygon","coordinates":[[[-77.009002,38.918106],[-77.008939,38.926678],[-77.006293,38.92701],[-77.00599,38.926506],[-77.002444,38.925594],[-77.002993,38.925243],[-77.003556,38.923429],[-77.00057,38.923439],[-77.000569,38.922985],[-77.000569,38.919761],[-77.003513,38.918726],[-77.009,38.916893],[-77.009002,38.918106]]]}},{"type":"Feature","properties":{"GEOID":"11001011001","STATEFP":"11","COUNTYFP":"001","TRACTCE":"011001","NAMELSAD":"Census Tract 110.01","NAMELSADCO":"District of Columbia","STATE_NAME":"District of Columbia"},"geometry":{"type":"Polygon","coordinates":[[[-77.017566,38.876461],[-77.015209,38.876459],[-77.013865,38.876458],[-77.014431,38.874836],[-77.014438,38.874667],[-77.013179,38.873415],[-77.013368,38.872977],[-77.014341,38.872035],[-77.017486,38.872053],[-77.017556,38.872978],[-77.017554,38.874652],[-77.017566,38.876461]]]}},{"type":"Feature","properties":{"GEOID":"11001005202","STATEFP":"11","COUNTYFP":"001","TRACTCE":"005202","NAMELSAD":"Census Tract 52.02","NAMELSADCO":"District of Columbia","STATE_NAME":"District of Columbia"},"geometry":{"type":"Polygon","coordinates":[[[-77.036524,38.909642],[-77.036518,38.911124],[-77.036515,38.912609],[-77.036509,38.914093],[-77.034545,38.914092],[-77.031951,38.914094],[-77.031952,38.911129],[-77.031952,38.909648],[-77.034557,38.909649],[-77.034564,38.907934],[-77.034566,38.907244],[-77.034568,38.906558],[-77.036185,38.907132],[-77.036529,38.907459],[-77.036524,38.909642]]]}},{"type":"Feature","properties":{"GEOID":"11001004703","STATEFP":"11","COUNTYFP":"001","TRACTCE":"004703","NAMELSAD":"Census Tract 47.03","NAMELSADCO":"District of Columbia","STATE_NAME":"District of Columbia"},"geometry":{"type":"Polygon","coordinates":[[[-77.021919,38.902939],[-77.018928,38.903916],[-77.01618,38.904879],[-77.014814,38.905417],[-77.014758,38.905324],[-77.013722,38.902514],[-77.016176,38.902519],[-77.017648,38.90252],[-77.021918,38.902521],[-77.021919,38.902939]]]}},{"type":"Feature","properties":{"GEOID":"11001005004","STATEFP":"11","COUNTYFP":"001","TRACTCE":"005004","NAMELSAD":"Census Tract 50.04","NAMELSADCO":"District of Columbia","STATE_NAME":"District of Columbia"},"geometry":{"type":"Polygon","coordinates":[[[-77.030324,38.909669],[-77.029628,38.910192],[-77.028082,38.910253],[-77.027036,38.909645],[-77.027036,38.908576],[-77.027036,38.90724],[-77.027037,38.905647],[-77.02705,38.903949],[-77.029623,38.904835],[-77.02962,38.905648],[-77.029623,38.90724],[-77.029628,38.909099],[-77.030324,38.909669]]]}},{"type":"Feature","properties":{"GEOID":"11001003902","STATEFP":"11","COUNTYFP":"001","TRACTCE":"003902","NAMELSAD":"Census Tract 39.02","NAMELSADCO":"District of Columbia","STATE_NAME":"District of Columbia"},"geometry":{"type":"Polygon","coordinates":[[[-77.049515,38.928134],[-77.046162,38.92596],[-77.04491,38.926578],[-77.044534,38.928123],[-77.043368,38.927969],[-77.041887,38.927229],[-77.041214,38.927182],[-77.041214,38.92686],[-77.041604,38.925472],[-77.041099,38.925233],[-77.043677,38.923425],[-77.043359,38.923239],[-77.04734,38.923248],[-77.048565,38.923344],[-77.049515,38.928134]]]}},{"type":"Feature","properties":{"GEOID":"11001003901","STATEFP":"11","COUNTYFP":"001","TRACTCE":"003901","NAMELSAD":"Census Tract 39.01","NAMELSADCO":"District of Columbia","STATE_NAME":"District of Columbia"},"geometry":{"type":"Polygon","coordinates":[[[-77.043677,38.923425],[-77.041099,38.925233],[-77.041604,38.925472],[-77.041214,38.92686],[-77.041214,38.927182],[-77.037427,38.926991],[-77.036707,38.927118],[-77.036488,38.926525],[-77.03845,38.925357],[-77.039936,38.924486],[-77.042094,38.923055],[-77.042684,38.922661],[-77.043359,38.923239],[-77.043677,38.923425]]]}},{"type":"Feature","properties":{"GEOID":"11001000902","STATEFP":"11","COUNTYFP":"001","TRACTCE":"000902","NAMELSAD":"Census Tract 9.02","NAMELSADCO":"District of Columbia","STATE_NAME":"District of Columbia"},"geometry":{"type":"Polygon","coordinates":[[[-77.119759,38.934343],[-77.1125318000267,38.9400583563194],[-77.112061,38.939108],[-77.111588,38.93569],[-77.106683,38.929742],[-77.104035,38.927359],[-77.102005,38.928246],[-77.097092,38.932549],[-77.095757,38.932349],[-77.09325,38.932603],[-77.096422,38.929977],[-77.09548,38.927008],[-77.098963,38.922222],[-77.099429,38.92207],[-77.098579,38.921149],[-77.100631,38.919731],[-77.102381,38.919821],[-77.1054024360726,38.9171920702241],[-77.1063,38.919111],[-77.1073605064009,38.9200221393022],[-77.1134,38.925211],[-77.1166,38.928911],[-77.1168162618117,38.9294932433392],[-77.1179,38.932411],[-77.119759,38.934343]]]}},{"type":"Feature","properties":{"GEOID":"11001004001","STATEFP":"11","COUNTYFP":"001","TRACTCE":"004001","NAMELSAD":"Census Tract 40.01","NAMELSADCO":"District of Columbia","STATE_NAME":"District of Columbia"},"geometry":{"type":"Polygon","coordinates":[[[-77.050181,38.921241],[-77.04854,38.922771],[-77.048565,38.923344],[-77.04734,38.923248],[-77.043359,38.923239],[-77.042684,38.922661],[-77.043143,38.922334],[-77.044398,38.919664],[-77.044781,38.919052],[-77.046268,38.916596],[-77.046285,38.915991],[-77.046986,38.91725],[-77.04794,38.918613],[-77.049057,38.919324],[-77.050181,38.921241]]]}},{"type":"Feature","properties":{"GEOID":"11001004702","STATEFP":"11","COUNTYFP":"001","TRACTCE":"004702","NAMELSAD":"Census Tract 47.02","NAMELSADCO":"District of Columbia","STATE_NAME":"District of Columbia"},"geometry":{"type":"Polygon","coordinates":[[[-77.021918,38.902521],[-77.017648,38.90252],[-77.016176,38.902519],[-77.013722,38.902514],[-77.012171,38.902516],[-77.009064,38.902515],[-77.009066,38.897555],[-77.009064,38.897469],[-77.012349,38.898824],[-77.01366,38.899231],[-77.01524,38.899764],[-77.0162,38.900154],[-77.018927,38.901124],[-77.021915,38.902101],[-77.021918,38.902521]]]}},{"type":"Feature","properties":{"GEOID":"11001009906","STATEFP":"11","COUNTYFP":"001","TRACTCE":"009906","NAMELSAD":"Census Tract 99.06","NAMELSADCO":"District of Columbia","STATE_NAME":"District of Columbia"},"geometry":{"type":"Polygon","coordinates":[[[-76.939889,38.888198],[-76.937878,38.889884],[-76.937594,38.889881],[-76.934875,38.889824],[-76.932047,38.889806],[-76.932944,38.885709],[-76.935916,38.885981],[-76.93616,38.886549],[-76.940555,38.886544],[-76.939889,38.888198]]]}},{"type":"Feature","properties":{"GEOID":"11001005602","STATEFP":"11","COUNTYFP":"001","TRACTCE":"005602","NAMELSAD":"Census Tract 56.02","NAMELSADCO":"District of Columbia","STATE_NAME":"District of Columbia"},"geometry":{"type":"Polygon","coordinates":[[[-77.057668,38.902543],[-77.054741,38.902484],[-77.054673,38.900722],[-77.053307,38.900697],[-77.053308,38.899665],[-77.050131,38.899574],[-77.050135,38.898327],[-77.050117,38.896024],[-77.052624,38.896118],[-77.053138,38.898683],[-77.053383,38.897512],[-77.056653,38.897669],[-77.058538,38.901036],[-77.057668,38.902543]]]}},{"type":"Feature","properties":{"GEOID":"11001003701","STATEFP":"11","COUNTYFP":"001","TRACTCE":"003701","NAMELSAD":"Census Tract 37.01","NAMELSADCO":"District of Columbia","STATE_NAME":"District of Columbia"},"geometry":{"type":"Polygon","coordinates":[[[-77.036494,38.920364],[-77.036488,38.922732],[-77.036491,38.92325],[-77.035309,38.923295],[-77.035309,38.923433],[-77.032132,38.923635],[-77.03193,38.92166],[-77.031941,38.920064],[-77.033895,38.91964],[-77.034726,38.919179],[-77.036496,38.919145],[-77.036494,38.920364]]]}},{"type":"Feature","properties":{"GEOID":"11001002503","STATEFP":"11","COUNTYFP":"001","TRACTCE":"002503","NAMELSAD":"Census Tract 25.03","NAMELSADCO":"District of Columbia","STATE_NAME":"District of Columbia"},"geometry":{"type":"Polygon","coordinates":[[[-77.029704,38.938676],[-77.029704,38.941865],[-77.025514,38.941873],[-77.02524,38.940811],[-77.02469,38.938684],[-77.024292,38.936291],[-77.024431,38.936254],[-77.025244,38.935128],[-77.029725,38.936285],[-77.029704,38.938676]]]}},{"type":"Feature","properties":{"GEOID":"11001006400","STATEFP":"11","COUNTYFP":"001","TRACTCE":"006400","NAMELSAD":"Census Tract 64","NAMELSADCO":"District of Columbia","STATE_NAME":"District of Columbia"},"geometry":{"type":"Polygon","coordinates":[[[-77.015316,38.869472],[-77.014341,38.872035],[-77.013368,38.872977],[-77.013179,38.873415],[-77.014438,38.874667],[-77.014431,38.874836],[-77.013865,38.876458],[-77.009098,38.876469],[-77.009084,38.872976],[-77.00906,38.871348],[-77.008878,38.870804],[-77.0082,38.869913],[-77.005457,38.868707],[-77.00819,38.864481],[-77.009124,38.863596],[-77.015377,38.860038],[-77.015316,38.869472]]]}},{"type":"Feature","properties":{"GEOID":"11001004201","STATEFP":"11","COUNTYFP":"001","TRACTCE":"004201","NAMELSAD":"Census Tract 42.01","NAMELSADCO":"District of Columbia","STATE_NAME":"District of Columbia"},"geometry":{"type":"Polygon","coordinates":[[[-77.041656,38.91629],[-77.041656,38.91678],[-77.041224,38.917008],[-77.040191,38.918044],[-77.038473,38.918523],[-77.036496,38.919145],[-77.036492,38.917002],[-77.036502,38.916289],[-77.036509,38.914093],[-77.03848,38.914091],[-77.039275,38.914092],[-77.041662,38.914092],[-77.041656,38.91629]]]}},{"type":"Feature","properties":{"GEOID":"11001008402","STATEFP":"11","COUNTYFP":"001","TRACTCE":"008402","NAMELSAD":"Census Tract 84.02","NAMELSADCO":"District of Columbia","STATE_NAME":"District of Columbia"},"geometry":{"type":"Polygon","coordinates":[[[-76.994965,38.897333],[-76.994961,38.900203],[-76.991526,38.9002],[-76.984865,38.900196],[-76.984058,38.900218],[-76.98341,38.900181],[-76.983256,38.900181],[-76.983596,38.90001],[-76.99025,38.897307],[-76.991525,38.896786],[-76.994962,38.895378],[-76.994965,38.897333]]]}},{"type":"Feature","properties":{"GEOID":"11001009802","STATEFP":"11","COUNTYFP":"001","TRACTCE":"009802","NAMELSAD":"Census Tract 98.02","NAMELSADCO":"District of Columbia","STATE_NAME":"District of Columbia"},"geometry":{"type":"Polygon","coordinates":[[[-77.000571,38.83096],[-76.99912,38.831989],[-76.993463,38.831987],[-76.991367,38.832706],[-76.99091,38.832349],[-76.99275,38.830909],[-76.994889,38.829204],[-76.998497,38.829205],[-77.000567,38.829205],[-77.000571,38.83096]]]}},{"type":"Feature","properties":{"GEOID":"11001004902","STATEFP":"11","COUNTYFP":"001","TRACTCE":"004902","NAMELSAD":"Census Tract 49.02","NAMELSADCO":"District of Columbia","STATE_NAME":"District of Columbia"},"geometry":{"type":"Polygon","coordinates":[[[-77.027037,38.905647],[-77.027036,38.90724],[-77.027036,38.908576],[-77.02397,38.908574],[-77.021914,38.908571],[-77.021919,38.90724],[-77.021914,38.905643],[-77.021919,38.902939],[-77.023938,38.902931],[-77.02705,38.903949],[-77.027037,38.905647]]]}},{"type":"Feature","properties":{"GEOID":"11001009803","STATEFP":"11","COUNTYFP":"001","TRACTCE":"009803","NAMELSAD":"Census Tract 98.03","NAMELSADCO":"District of Columbia","STATE_NAME":"District of Columbia"},"geometry":{"type":"Polygon","coordinates":[[[-77.007744,38.835687],[-77.006026,38.838018],[-77.004213,38.840407],[-77.00172,38.841604],[-77.000572,38.841879],[-77.000759,38.836291],[-77.000758,38.835805],[-77.000571,38.833969],[-77.001738,38.833724],[-77.003858,38.830987],[-77.005885,38.831206],[-77.007677,38.831398],[-77.0084,38.83326],[-77.007744,38.835687]]]}},{"type":"Feature","properties":{"GEOID":"11001007503","STATEFP":"11","COUNTYFP":"001","TRACTCE":"007503","NAMELSAD":"Census Tract 75.03","NAMELSADCO":"District of Columbia","STATE_NAME":"District of Columbia"},"geometry":{"type":"Polygon","coordinates":[[[-76.992717,38.864864],[-76.989483,38.868361],[-76.988708,38.867515],[-76.984361,38.866634],[-76.983186,38.86642],[-76.982171,38.865326],[-76.982679,38.863615],[-76.982963,38.861313],[-76.983666,38.86053],[-76.988033,38.860199],[-76.988273,38.860362],[-76.990452,38.86255],[-76.991221,38.863318],[-76.992717,38.864864]]]}},{"type":"Feature","properties":{"GEOID":"11001002202","STATEFP":"11","COUNTYFP":"001","TRACTCE":"002202","NAMELSAD":"Census Tract 22.02","NAMELSADCO":"District of Columbia","STATE_NAME":"District of Columbia"},"geometry":{"type":"Polygon","coordinates":[[[-77.019681,38.952083],[-77.015891,38.952204],[-77.013458,38.952276],[-77.012429,38.952308],[-77.009007,38.952407],[-77.008669,38.947098],[-77.008917,38.946006],[-77.010926,38.944613],[-77.01154,38.944329],[-77.015673,38.945729],[-77.016014,38.946395],[-77.016811,38.946409],[-77.017333,38.946395],[-77.019413,38.946335],[-77.019513,38.94847],[-77.019546,38.949211],[-77.019681,38.952083]]]}},{"type":"Feature","properties":{"GEOID":"11001003400","STATEFP":"11","COUNTYFP":"001","TRACTCE":"003400","NAMELSAD":"Census Tract 34","NAMELSADCO":"District of Columbia","STATE_NAME":"District of Columbia"},"geometry":{"type":"Polygon","coordinates":[[[-77.022964,38.927226],[-77.02045,38.927534],[-77.020054,38.927885],[-77.017807,38.927938],[-77.016749,38.927536],[-77.014474,38.926345],[-77.012142,38.926282],[-77.012148,38.921306],[-77.014935,38.920668],[-77.014802,38.919663],[-77.014501,38.916995],[-77.014374,38.915886],[-77.014278,38.915054],[-77.014271,38.914988],[-77.014085,38.913344],[-77.014085,38.912935],[-77.016757,38.914075],[-77.018109,38.914646],[-77.020658,38.915738],[-77.021893,38.916261],[-77.021894,38.916451],[-77.021912,38.919894],[-77.022523,38.924183],[-77.022612,38.924806],[-77.022964,38.927226]]]}},{"type":"Feature","properties":{"GEOID":"11001010100","STATEFP":"11","COUNTYFP":"001","TRACTCE":"010100","NAMELSAD":"Census Tract 101","NAMELSADCO":"District of Columbia","STATE_NAME":"District of Columbia"},"geometry":{"type":"Polygon","coordinates":[[[-77.036534,38.905654],[-77.03653,38.907021],[-77.036185,38.907132],[-77.034568,38.906558],[-77.032394,38.905736],[-77.032125,38.905305],[-77.031535,38.905507],[-77.029623,38.904835],[-77.02705,38.903949],[-77.023938,38.902931],[-77.023989,38.902089],[-77.027031,38.901103],[-77.029634,38.900216],[-77.033642,38.898782],[-77.035129,38.900202],[-77.036554,38.900201],[-77.036534,38.905654]]]}},{"type":"Feature","properties":{"GEOID":"11001007708","STATEFP":"11","COUNTYFP":"001","TRACTCE":"007708","NAMELSAD":"Census Tract 77.08","NAMELSADCO":"District of Columbia","STATE_NAME":"District of Columbia"},"geometry":{"type":"Polygon","coordinates":[[[-76.97072,38.881435],[-76.966789,38.885235],[-76.963367,38.889867],[-76.956718,38.889831],[-76.953006,38.889822],[-76.953179,38.889597],[-76.955232,38.886797],[-76.957496,38.88363],[-76.958873,38.881706],[-76.96311,38.882008],[-76.964289,38.881191],[-76.967714,38.881483],[-76.971757,38.880216],[-76.97072,38.881435]]]}},{"type":"Feature","properties":{"GEOID":"11001005302","STATEFP":"11","COUNTYFP":"001","TRACTCE":"005302","NAMELSAD":"Census Tract 53.02","NAMELSADCO":"District of Columbia","STATE_NAME":"District of Columbia"},"geometry":{"type":"Polygon","coordinates":[[[-77.04066,38.912608],[-77.039275,38.914092],[-77.03848,38.914091],[-77.036509,38.914093],[-77.036515,38.912609],[-77.036518,38.911124],[-77.038486,38.911126],[-77.04167,38.911534],[-77.04066,38.912608]]]}},{"type":"Feature","properties":{"GEOID":"11001009400","STATEFP":"11","COUNTYFP":"001","TRACTCE":"009400","NAMELSAD":"Census Tract 94","NAMELSADCO":"District of Columbia","STATE_NAME":"District of Columbia"},"geometry":{"type":"Polygon","coordinates":[[[-76.980399,38.943035],[-76.97962,38.944233],[-76.978397,38.945848],[-76.9778263031425,38.9463397834696],[-76.9744996741403,38.9437684347798],[-76.9737462088173,38.9431860367818],[-76.9681589175141,38.9388672882342],[-76.9668313235132,38.9378411121586],[-76.9634357898141,38.9352165029454],[-76.97158,38.931312],[-76.97913,38.927709],[-76.979386,38.930147],[-76.979768,38.935081],[-76.980151,38.939576],[-76.980268,38.941515],[-76.980399,38.943035]]]}},{"type":"Feature","properties":{"GEOID":"11001001002","STATEFP":"11","COUNTYFP":"001","TRACTCE":"001002","NAMELSAD":"Census Tract 10.02","NAMELSADCO":"District of Columbia","STATE_NAME":"District of Columbia"},"geometry":{"type":"Polygon","coordinates":[[[-77.085634,38.938226],[-77.08142,38.94316],[-77.07913,38.945845],[-77.078496,38.945803],[-77.076507,38.942216],[-77.075037,38.939545],[-77.073793,38.937287],[-77.072505,38.934636],[-77.072415,38.933484],[-77.077048,38.933488],[-77.079572,38.933487],[-77.079765,38.933432],[-77.080122,38.933693],[-77.08183,38.93494],[-77.085585,38.937662],[-77.085634,38.938226]]]}},{"type":"Feature","properties":{"GEOID":"11001001200","STATEFP":"11","COUNTYFP":"001","TRACTCE":"001200","NAMELSAD":"Census Tract 12","NAMELSADCO":"District of Columbia","STATE_NAME":"District of Columbia"},"geometry":{"type":"Polygon","coordinates":[[[-77.078535,38.946562],[-77.077365,38.947903],[-77.075802,38.949735],[-77.073729,38.952151],[-77.069844,38.952095],[-77.069425,38.954336],[-77.068123,38.952096],[-77.066714,38.949683],[-77.065678,38.947895],[-77.065006,38.946736],[-77.064282,38.945482],[-77.063559,38.944252],[-77.062921,38.943154],[-77.061654,38.940972],[-77.064325,38.940541],[-77.067653,38.940455],[-77.068875,38.94221],[-77.076507,38.942216],[-77.078496,38.945803],[-77.078888,38.946504],[-77.078535,38.946562]]]}},{"type":"Feature","properties":{"GEOID":"11001001902","STATEFP":"11","COUNTYFP":"001","TRACTCE":"001902","NAMELSAD":"Census Tract 19.02","NAMELSADCO":"District of Columbia","STATE_NAME":"District of Columbia"},"geometry":{"type":"Polygon","coordinates":[[[-77.019896,38.9627],[-77.019895,38.963772],[-77.019897,38.96495],[-77.019895,38.967288],[-77.019895,38.969923],[-77.014771,38.969936],[-77.012926,38.966991],[-77.009562,38.963905],[-77.010713,38.962357],[-77.009533,38.960864],[-77.009251,38.960184],[-77.012326,38.960198],[-77.013422,38.958733],[-77.019897,38.958733],[-77.019896,38.9627]]]}},{"type":"Feature","properties":{"GEOID":"11001002302","STATEFP":"11","COUNTYFP":"001","TRACTCE":"002302","NAMELSAD":"Census Tract 23.02","NAMELSADCO":"District of Columbia","STATE_NAME":"District of Columbia"},"geometry":{"type":"Polygon","coordinates":[[[-77.019226,38.936899],[-77.019033,38.937398],[-77.017407,38.937882],[-77.016459,38.938693],[-77.012718,38.942701],[-77.01154,38.944329],[-77.010926,38.944613],[-77.009581,38.943237],[-77.008034,38.942381],[-77.008313,38.940626],[-77.006359,38.936592],[-77.004144,38.936808],[-77.002132,38.936155],[-77.000982,38.931215],[-77.003669,38.92968],[-77.006293,38.92701],[-77.008939,38.926678],[-77.012142,38.926282],[-77.014474,38.926345],[-77.016749,38.927536],[-77.017807,38.927938],[-77.018106,38.928484],[-77.017956,38.929],[-77.018277,38.930556],[-77.018804,38.932691],[-77.019161,38.934159],[-77.019193,38.935215],[-77.019226,38.936899]]]}},{"type":"Feature","properties":{"GEOID":"11001003100","STATEFP":"11","COUNTYFP":"001","TRACTCE":"003100","NAMELSAD":"Census Tract 31","NAMELSADCO":"District of Columbia","STATE_NAME":"District of Columbia"},"geometry":{"type":"Polygon","coordinates":[[[-77.02826,38.931821],[-77.02682,38.932747],[-77.025244,38.935128],[-77.024431,38.936254],[-77.024292,38.936291],[-77.024022,38.934506],[-77.023773,38.93281],[-77.02337,38.930018],[-77.022964,38.927226],[-77.027046,38.926749],[-77.02751,38.928705],[-77.027744,38.929675],[-77.02826,38.931821]]]}},{"type":"Feature","properties":{"GEOID":"11001003301","STATEFP":"11","COUNTYFP":"001","TRACTCE":"003301","NAMELSAD":"Census Tract 33.01","NAMELSADCO":"District of Columbia","STATE_NAME":"District of Columbia"},"geometry":{"type":"Polygon","coordinates":[[[-77.014935,38.920668],[-77.012148,38.921306],[-77.012142,38.926282],[-77.008939,38.926678],[-77.009002,38.918106],[-77.009,38.916893],[-77.014278,38.915054],[-77.014374,38.915886],[-77.014501,38.916995],[-77.014802,38.919663],[-77.014935,38.920668]]]}},{"type":"Feature","properties":{"GEOID":"11001010500","STATEFP":"11","COUNTYFP":"001","TRACTCE":"010500","NAMELSAD":"Census Tract 105","NAMELSADCO":"District of Columbia","STATE_NAME":"District of Columbia"},"geometry":{"type":"Polygon","coordinates":[[[-77.017556,38.885071],[-77.017547,38.887571],[-77.015178,38.887566],[-77.013807,38.887562],[-77.012993,38.886673],[-77.009068,38.883857],[-77.009112,38.881548],[-77.009113,38.881435],[-77.009125,38.879286],[-77.009147,38.877529],[-77.009098,38.876469],[-77.013865,38.876458],[-77.015209,38.876459],[-77.015186,38.879284],[-77.017547,38.879286],[-77.017561,38.882298],[-77.017556,38.885071]]]}},{"type":"Feature","properties":{"GEOID":"11001005900","STATEFP":"11","COUNTYFP":"001","TRACTCE":"005900","NAMELSAD":"Census Tract 59","NAMELSADCO":"District of Columbia","STATE_NAME":"District of Columbia"},"geometry":{"type":"Polygon","coordinates":[[[-77.019007,38.894679],[-77.018926,38.896128],[-77.018931,38.899809],[-77.018927,38.901124],[-77.0162,38.900154],[-77.01524,38.899764],[-77.01366,38.899231],[-77.012349,38.898824],[-77.009064,38.897469],[-77.00906,38.895103],[-77.010943,38.894788],[-77.013179,38.89209],[-77.016388,38.891783],[-77.019899,38.892759],[-77.019007,38.894679]]]}},{"type":"Feature","properties":{"GEOID":"11001007403","STATEFP":"11","COUNTYFP":"001","TRACTCE":"007403","NAMELSAD":"Census Tract 74.03","NAMELSADCO":"District of Columbia","STATE_NAME":"District of Columbia"},"geometry":{"type":"Polygon","coordinates":[[[-76.981332,38.8466],[-76.980308,38.846903],[-76.9761,38.850356],[-76.974206,38.850977],[-76.97276,38.851201],[-76.968793,38.849267],[-76.9654382741178,38.8490912382374],[-76.9665705107147,38.8481828510603],[-76.967784,38.848379],[-76.970885,38.848018],[-76.974313,38.846822],[-76.977053,38.846473],[-76.980658,38.845405],[-76.981332,38.8466]]]}},{"type":"Feature","properties":{"GEOID":"11001007301","STATEFP":"11","COUNTYFP":"001","TRACTCE":"007301","NAMELSAD":"Census Tract 73.01","NAMELSADCO":"District of Columbia","STATE_NAME":"District of Columbia"},"geometry":{"type":"Polygon","coordinates":[[[-77.044999,38.838512],[-77.044487611898,38.8395986997167],[-77.044199,38.840212],[-77.041699,38.840212],[-77.038549,38.839262],[-77.034541,38.840473],[-77.033372501691,38.8445991183691],[-77.031698,38.850512],[-77.0318317383801,38.8508965123416],[-77.020162,38.85733],[-77.015377,38.860038],[-77.009124,38.863596],[-77.00819,38.864481],[-77.005457,38.868707],[-77.002397,38.867475],[-77.001803,38.865527],[-77.002078,38.862754],[-77.003004,38.860535],[-77.005389,38.854316],[-77.008034,38.849875],[-77.00836,38.845038],[-77.009064,38.839873],[-77.009155,38.839563],[-77.015153,38.831425],[-77.016698,38.829983],[-77.016807,38.829786],[-77.017307,38.828344],[-77.01737,38.823592],[-77.017484,38.821664],[-77.027477,38.819979],[-77.0387883445095,38.8196169981551],[-77.039098,38.821413],[-77.0388839758188,38.8229537600804],[-77.038098,38.828612],[-77.0385601109273,38.8301229894081],[-77.039199,38.832212],[-77.041199,38.833712],[-77.042599,38.833812],[-77.043499,38.833212],[-77.044899,38.834712],[-77.044999,38.838512]]]}},{"type":"Feature","properties":{"GEOID":"11001007502","STATEFP":"11","COUNTYFP":"001","TRACTCE":"007502","NAMELSAD":"Census Tract 75.02","NAMELSADCO":"District of Columbia","STATE_NAME":"District of Columbia"},"geometry":{"type":"Polygon","coordinates":[[[-76.975736,38.860817],[-76.97335,38.863287],[-76.970234,38.861924],[-76.969373,38.861223],[-76.968769,38.860664],[-76.968213,38.860252],[-76.968195,38.858906],[-76.96802,38.85819],[-76.967356,38.857068],[-76.965708,38.854841],[-76.962979,38.852134],[-76.9619414862435,38.8518966918632],[-76.9634722062731,38.8506686036258],[-76.965688,38.852406],[-76.966255,38.85047],[-76.970048,38.852724],[-76.969977,38.855119],[-76.969972,38.855822],[-76.971751,38.856906],[-76.973416,38.855345],[-76.975212,38.856528],[-76.973627,38.85944],[-76.975736,38.860817]]]}},{"type":"Feature","properties":{"GEOID":"11001007605","STATEFP":"11","COUNTYFP":"001","TRACTCE":"007605","NAMELSAD":"Census Tract 76.05","NAMELSADCO":"District of Columbia","STATE_NAME":"District of Columbia"},"geometry":{"type":"Polygon","coordinates":[[[-76.984361,38.866634],[-76.982226,38.867737],[-76.981247,38.86823],[-76.979007,38.868232],[-76.974963,38.868243],[-76.970692,38.868247],[-76.970221,38.867212],[-76.970213,38.866276],[-76.970817,38.86472],[-76.968769,38.860664],[-76.969373,38.861223],[-76.970234,38.861924],[-76.97335,38.863287],[-76.973963,38.863531],[-76.975527,38.864229],[-76.977244,38.865055],[-76.979014,38.865665],[-76.983186,38.86642],[-76.984361,38.866634]]]}},{"type":"Feature","properties":{"GEOID":"11001007803","STATEFP":"11","COUNTYFP":"001","TRACTCE":"007803","NAMELSAD":"Census Tract 78.03","NAMELSADCO":"District of Columbia","STATE_NAME":"District of Columbia"},"geometry":{"type":"Polygon","coordinates":[[[-76.951015,38.89552],[-76.946011,38.899505],[-76.943666,38.901392],[-76.94286,38.902045],[-76.942609,38.901927],[-76.939189,38.90056],[-76.93919,38.89837],[-76.936601,38.898319],[-76.934872,38.895003],[-76.934875,38.89427],[-76.934875,38.889824],[-76.937594,38.889881],[-76.938042,38.890599],[-76.939206,38.891527],[-76.93934,38.891596],[-76.942611,38.892939],[-76.945589,38.893656],[-76.946639,38.894022],[-76.94916,38.895133],[-76.951015,38.89552]]]}},{"type":"Feature","properties":{"GEOID":"11001008002","STATEFP":"11","COUNTYFP":"001","TRACTCE":"008002","NAMELSAD":"Census Tract 80.02","NAMELSADCO":"District of Columbia","STATE_NAME":"District of Columbia"},"geometry":{"type":"Polygon","coordinates":[[[-76.991533,38.889805],[-76.99024,38.890375],[-76.990246,38.892012],[-76.990241,38.893574],[-76.98422,38.893573],[-76.983648,38.893504],[-76.983052,38.893327],[-76.980764,38.893337],[-76.977259,38.893301],[-76.975152,38.893295],[-76.973836,38.890582],[-76.977257,38.889798],[-76.980764,38.8898],[-76.983645,38.889801],[-76.985506,38.889803],[-76.98832,38.889795],[-76.988316,38.889243],[-76.991544,38.889226],[-76.991533,38.889805]]]}},{"type":"Feature","properties":{"GEOID":"11001008410","STATEFP":"11","COUNTYFP":"001","TRACTCE":"008410","NAMELSAD":"Census Tract 84.10","NAMELSADCO":"District of Columbia","STATE_NAME":"District of Columbia"},"geometry":{"type":"Polygon","coordinates":[[[-76.994959,38.902798],[-76.993135,38.904],[-76.987411,38.901567],[-76.984388,38.900295],[-76.984058,38.900218],[-76.984865,38.900196],[-76.991526,38.9002],[-76.994961,38.900203],[-76.994959,38.902798]]]}},{"type":"Feature","properties":{"GEOID":"11001008802","STATEFP":"11","COUNTYFP":"001","TRACTCE":"008802","NAMELSAD":"Census Tract 88.02","NAMELSADCO":"District of Columbia","STATE_NAME":"District of Columbia"},"geometry":{"type":"Polygon","coordinates":[[[-76.9904,38.906386],[-76.988831,38.907777],[-76.984393,38.90588],[-76.982276,38.90498],[-76.980922,38.904009],[-76.981778,38.902706],[-76.98301,38.900717],[-76.98341,38.900181],[-76.984058,38.900218],[-76.984388,38.900295],[-76.987411,38.901567],[-76.993135,38.904],[-76.9904,38.906386]]]}},{"type":"Feature","properties":{"GEOID":"11001008904","STATEFP":"11","COUNTYFP":"001","TRACTCE":"008904","NAMELSAD":"Census Tract 89.04","NAMELSADCO":"District of Columbia","STATE_NAME":"District of Columbia"},"geometry":{"type":"Polygon","coordinates":[[[-76.98341,38.900181],[-76.98301,38.900717],[-76.982399,38.900522],[-76.978994,38.901927],[-76.976216,38.903068],[-76.972461,38.904587],[-76.97189,38.903721],[-76.970233,38.903445],[-76.970385,38.897925],[-76.974173,38.898587],[-76.975453,38.898803],[-76.976239,38.898949],[-76.979273,38.899477],[-76.983256,38.900181],[-76.98341,38.900181]]]}},{"type":"Feature","properties":{"GEOID":"11001009801","STATEFP":"11","COUNTYFP":"001","TRACTCE":"009801","NAMELSAD":"Census Tract 98.01","NAMELSADCO":"District of Columbia","STATE_NAME":"District of Columbia"},"geometry":{"type":"Polygon","coordinates":[[[-77.003858,38.830987],[-77.001738,38.833724],[-77.000571,38.833969],[-76.996865,38.836431],[-76.993505,38.837482],[-76.992205,38.835311],[-76.990808,38.834332],[-76.989484,38.833462],[-76.99091,38.832349],[-76.991367,38.832706],[-76.993463,38.831987],[-76.99912,38.831989],[-77.000571,38.83096],[-77.00203,38.830958],[-77.003858,38.830987]]]}},{"type":"Feature","properties":{"GEOID":"11001009301","STATEFP":"11","COUNTYFP":"001","TRACTCE":"009301","NAMELSAD":"Census Tract 93.01","NAMELSADCO":"District of Columbia","STATE_NAME":"District of Columbia"},"geometry":{"type":"Polygon","coordinates":[[[-76.994329,38.933902],[-76.988841,38.934628],[-76.98648,38.934747],[-76.98459,38.934841],[-76.979768,38.935081],[-76.979386,38.930147],[-76.97913,38.927709],[-76.985623,38.92462],[-76.985969,38.927835],[-76.988285,38.927719],[-76.994177,38.92744],[-76.994125,38.929791],[-76.994837,38.933746],[-76.994329,38.933902]]]}},{"type":"Feature","properties":{"GEOID":"11001009505","STATEFP":"11","COUNTYFP":"001","TRACTCE":"009505","NAMELSAD":"Census Tract 95.05","NAMELSADCO":"District of Columbia","STATE_NAME":"District of Columbia"},"geometry":{"type":"Polygon","coordinates":[[[-77.009562,38.963905],[-77.009042,38.969893],[-77.0085892746401,38.9703377238095],[-77.008298,38.97011],[-77.007774574197,38.9696858446079],[-77.0036926771936,38.9663781004845],[-77.0026017595338,38.9654940810016],[-77.0025892201687,38.9654839197919],[-77.002498,38.96541],[-77.0016499141653,38.9647544642014],[-76.9991240258307,38.962802055425],[-76.9974927103214,38.9615411149971],[-76.999735,38.960446],[-77.002294,38.956771],[-77.003111,38.956059],[-77.003834,38.955879],[-77.004983,38.955693],[-77.009046,38.954815],[-77.009042,38.956861],[-77.009049,38.95766],[-77.009051,38.959608],[-77.009251,38.960184],[-77.009533,38.960864],[-77.010713,38.962357],[-77.009562,38.963905]]]}},{"type":"Feature","properties":{"GEOID":"11001009507","STATEFP":"11","COUNTYFP":"001","TRACTCE":"009507","NAMELSAD":"Census Tract 95.07","NAMELSADCO":"District of Columbia","STATE_NAME":"District of Columbia"},"geometry":{"type":"Polygon","coordinates":[[[-77.002294,38.956771],[-76.999735,38.960446],[-76.9974927103214,38.9615411149971],[-76.9973644902135,38.9614420060775],[-76.9918925205442,38.9572123964546],[-76.997788,38.957167],[-77.000275,38.955294],[-77.002294,38.956771]]]}},{"type":"Feature","properties":{"GEOID":"11001009811","STATEFP":"11","COUNTYFP":"001","TRACTCE":"009811","NAMELSAD":"Census Tract 98.11","NAMELSADCO":"District of Columbia","STATE_NAME":"District of Columbia"},"geometry":{"type":"Polygon","coordinates":[[[-77.00203,38.830958],[-77.000571,38.83096],[-77.000567,38.829205],[-76.998497,38.829205],[-76.994889,38.829204],[-76.9913437397798,38.8291970867314],[-76.992697,38.828213],[-76.9928029355775,38.8281215761454],[-76.9959473293181,38.8254079212734],[-76.9979429348247,38.8236856863842],[-76.9984584905661,38.823240754717],[-76.9991308531942,38.8226604965584],[-76.999997,38.821913],[-77.001084509434,38.8216022830189],[-77.001397,38.821513],[-77.0014810762983,38.821446228991],[-77.0014918209193,38.821437695918],[-77.002187,38.821965],[-77.001381,38.824523],[-77.002307,38.826853],[-77.00203,38.830958]]]}},{"type":"Feature","properties":{"GEOID":"11001009903","STATEFP":"11","COUNTYFP":"001","TRACTCE":"009903","NAMELSAD":"Census Tract 99.03","NAMELSADCO":"District of Columbia","STATE_NAME":"District of Columbia"},"geometry":{"type":"Polygon","coordinates":[[[-76.930054,38.88982],[-76.927966,38.889812],[-76.922909,38.889802],[-76.920707,38.889817],[-76.917785,38.8898],[-76.91417,38.889789],[-76.9133033917624,38.8897643075727],[-76.9185356627107,38.8857016030717],[-76.9185505215439,38.8856900656247],[-76.919817,38.886014],[-76.921755,38.886394],[-76.923428,38.886497],[-76.9243,38.88677],[-76.927604,38.888652],[-76.929767,38.889344],[-76.930054,38.88982]]]}},{"type":"Feature","properties":{"GEOID":"11001000904","STATEFP":"11","COUNTYFP":"001","TRACTCE":"000904","NAMELSAD":"Census Tract 9.04","NAMELSADCO":"District of Columbia","STATE_NAME":"District of Columbia"},"geometry":{"type":"Polygon","coordinates":[[[-77.1124783010974,38.9401006639136],[-77.1045,38.94641],[-77.1012777506042,38.9485299009183],[-77.1007,38.94891],[-77.1005269696602,38.9490529381068],[-77.099591,38.947909],[-77.096763,38.945844],[-77.096748,38.938355],[-77.095981,38.935989],[-77.10023,38.935705],[-77.101036,38.935162],[-77.098744,38.933104],[-77.097092,38.932549],[-77.102005,38.928246],[-77.104035,38.927359],[-77.106683,38.929742],[-77.111588,38.93569],[-77.112061,38.939108],[-77.1125318000267,38.9400583563194],[-77.1124783010974,38.9401006639136]]]}},{"type":"Feature","properties":{"GEOID":"11001001304","STATEFP":"11","COUNTYFP":"001","TRACTCE":"001304","NAMELSAD":"Census Tract 13.04","NAMELSADCO":"District of Columbia","STATE_NAME":"District of Columbia"},"geometry":{"type":"Polygon","coordinates":[[[-77.061654,38.940972],[-77.058631,38.940967],[-77.052696,38.940709],[-77.051539,38.93967],[-77.051983,38.937713],[-77.047878,38.936966],[-77.048297,38.934804],[-77.049314,38.933827],[-77.050503,38.933224],[-77.05179,38.933865],[-77.054582,38.932704],[-77.055716,38.930755],[-77.05677,38.93257],[-77.059243,38.936824],[-77.060262,38.938576],[-77.060331,38.938694],[-77.061654,38.940972]]]}},{"type":"Feature","properties":{"GEOID":"11001007202","STATEFP":"11","COUNTYFP":"001","TRACTCE":"007202","NAMELSAD":"Census Tract 72.02","NAMELSADCO":"District of Columbia","STATE_NAME":"District of Columbia"},"geometry":{"type":"Polygon","coordinates":[[[-77.009125,38.879286],[-77.009113,38.881435],[-77.009112,38.881548],[-77.007923,38.881175],[-77.005736,38.880846],[-77.005178,38.879292],[-77.004542,38.877529],[-77.004202,38.876481],[-77.005873,38.876482],[-77.009098,38.876469],[-77.009147,38.877529],[-77.009125,38.879286]]]}},{"type":"Feature","properties":{"GEOID":"11001004704","STATEFP":"11","COUNTYFP":"001","TRACTCE":"004704","NAMELSAD":"Census Tract 47.04","NAMELSADCO":"District of Columbia","STATE_NAME":"District of Columbia"},"geometry":{"type":"Polygon","coordinates":[[[-77.014814,38.905417],[-77.01216,38.906269],[-77.009002,38.907274],[-77.009063,38.905647],[-77.009069,38.904684],[-77.009064,38.902515],[-77.012171,38.902516],[-77.013722,38.902514],[-77.014758,38.905324],[-77.014814,38.905417]]]}},{"type":"Feature","properties":{"GEOID":"11001010601","STATEFP":"11","COUNTYFP":"001","TRACTCE":"010601","NAMELSAD":"Census Tract 106.01","NAMELSADCO":"District of Columbia","STATE_NAME":"District of Columbia"},"geometry":{"type":"Polygon","coordinates":[[[-77.009002,38.907274],[-77.009026,38.910783],[-77.005881,38.90944],[-77.005331,38.909211],[-77.004514,38.908862],[-77.002506,38.908001],[-77.003355,38.905644],[-77.005885,38.905641],[-77.009063,38.905647],[-77.009002,38.907274]]]}},{"type":"Feature","properties":{"GEOID":"11001000804","STATEFP":"11","COUNTYFP":"001","TRACTCE":"000804","NAMELSAD":"Census Tract 8.04","NAMELSADCO":"District of Columbia","STATE_NAME":"District of Columbia"},"geometry":{"type":"Polygon","coordinates":[[[-77.1054024360726,38.9171920702241],[-77.102381,38.919821],[-77.100631,38.919731],[-77.098579,38.921149],[-77.099429,38.92207],[-77.098963,38.922222],[-77.09548,38.927008],[-77.096422,38.929977],[-77.09325,38.932603],[-77.091069,38.933197],[-77.089169,38.93454],[-77.087728,38.935781],[-77.086717,38.935003],[-77.086133,38.934021],[-77.085125,38.932252],[-77.083995,38.930277],[-77.080568,38.930235],[-77.081651,38.926257],[-77.082565,38.921497],[-77.082581,38.919297],[-77.088746,38.919166],[-77.088705,38.91644],[-77.092711,38.916261],[-77.094673,38.915629],[-77.097429,38.913405],[-77.097734,38.913397],[-77.1010155931084,38.9109831445552],[-77.1012,38.911111],[-77.1016445994152,38.9114747631579],[-77.1034,38.912911],[-77.1054024360726,38.9171920702241]]]}},{"type":"Feature","properties":{"GEOID":"11001004401","STATEFP":"11","COUNTYFP":"001","TRACTCE":"004401","NAMELSAD":"Census Tract 44.01","NAMELSADCO":"District of Columbia","STATE_NAME":"District of Columbia"},"geometry":{"type":"Polygon","coordinates":[[[-77.031941,38.920064],[-77.029677,38.920499],[-77.028866,38.920657],[-77.027036,38.920763],[-77.025849,38.920439],[-77.023943,38.917764],[-77.023955,38.91699],[-77.027037,38.916999],[-77.029621,38.916999],[-77.031951,38.916998],[-77.031941,38.920064]]]}},{"type":"Feature","properties":{"GEOID":"11001002703","STATEFP":"11","COUNTYFP":"001","TRACTCE":"002703","NAMELSAD":"Census Tract 27.03","NAMELSADCO":"District of Columbia","STATE_NAME":"District of Columbia"},"geometry":{"type":"Polygon","coordinates":[[[-77.044189,38.934174],[-77.038818,38.934185],[-77.038816,38.934398],[-77.03783,38.935858],[-77.036451,38.934966],[-77.036456,38.933288],[-77.03646,38.931653],[-77.038839,38.932532],[-77.040583,38.932342],[-77.041294,38.932333],[-77.04312,38.932337],[-77.044191,38.932745],[-77.044189,38.934174]]]}},{"type":"Feature","properties":{"GEOID":"11001008100","STATEFP":"11","COUNTYFP":"001","TRACTCE":"008100","NAMELSAD":"Census Tract 81","NAMELSADCO":"District of Columbia","STATE_NAME":"District of Columbia"},"geometry":{"type":"Polygon","coordinates":[[[-76.994961,38.891723],[-76.994961,38.892017],[-76.994962,38.894783],[-76.994962,38.895378],[-76.991525,38.896786],[-76.99025,38.897307],[-76.990244,38.894784],[-76.990241,38.893574],[-76.990246,38.892012],[-76.99024,38.890375],[-76.991533,38.889805],[-76.994962,38.889806],[-76.994961,38.891723]]]}},{"type":"Feature","properties":{"GEOID":"11001007000","STATEFP":"11","COUNTYFP":"001","TRACTCE":"007000","NAMELSAD":"Census Tract 70","NAMELSADCO":"District of Columbia","STATE_NAME":"District of Columbia"},"geometry":{"type":"Polygon","coordinates":[[[-77.002034,38.882302],[-76.998449,38.882726],[-76.996179,38.883773],[-76.996175,38.884271],[-76.996175,38.884806],[-76.99496,38.884604],[-76.993763,38.884585],[-76.99376,38.883801],[-76.991529,38.882892],[-76.991534,38.878402],[-76.991537,38.877773],[-76.996186,38.878902],[-76.998821,38.879577],[-77.002051,38.88048],[-77.002034,38.882302]]]}},{"type":"Feature","properties":{"GEOID":"11001000202","STATEFP":"11","COUNTYFP":"001","TRACTCE":"000202","NAMELSAD":"Census Tract 2.02","NAMELSADCO":"District of Columbia","STATE_NAME":"District of Columbia"},"geometry":{"type":"Polygon","coordinates":[[[-77.079866,38.905405],[-77.078311,38.905785],[-77.078311,38.905939],[-77.07831,38.906042],[-77.076044,38.905552],[-77.071498,38.905109],[-77.071546,38.908662],[-77.069081,38.908718],[-77.069162,38.910692],[-77.069201,38.911606],[-77.073097,38.912589],[-77.072676,38.912594],[-77.069245,38.912675],[-77.06941,38.9166],[-77.069382,38.917726],[-77.068752,38.916966],[-77.067824,38.915804],[-77.065139,38.910806],[-77.064904,38.91036],[-77.063582,38.90786],[-77.063448,38.907609],[-77.062846,38.906414],[-77.062811,38.905177],[-77.0628,38.901064],[-77.065936,38.901126],[-77.0693711968326,38.9003662511312],[-77.070099,38.900711],[-77.0706217017928,38.9007628339105],[-77.0706677711042,38.9007674023903],[-77.0734988484729,38.9010481471918],[-77.0783563148089,38.9015298395811],[-77.0792973903799,38.9016231616772],[-77.079866,38.905405]]]}},{"type":"Feature","properties":{"GEOID":"11001000502","STATEFP":"11","COUNTYFP":"001","TRACTCE":"000502","NAMELSAD":"Census Tract 5.02","NAMELSADCO":"District of Columbia","STATE_NAME":"District of Columbia"},"geometry":{"type":"Polygon","coordinates":[[[-77.06639,38.931467],[-77.064679,38.931069],[-77.063254,38.930509],[-77.059874,38.930394],[-77.05677,38.93257],[-77.055716,38.930755],[-77.054164,38.928088],[-77.05268,38.925536],[-77.056317,38.926005],[-77.057637,38.926173],[-77.057718,38.923213],[-77.06324,38.92752],[-77.066384,38.927527],[-77.06639,38.931467]]]}},{"type":"Feature","properties":{"GEOID":"11001000802","STATEFP":"11","COUNTYFP":"001","TRACTCE":"000802","NAMELSAD":"Census Tract 8.02","NAMELSADCO":"District of Columbia","STATE_NAME":"District of Columbia"},"geometry":{"type":"Polygon","coordinates":[[[-77.097734,38.913397],[-77.097429,38.913405],[-77.094673,38.915629],[-77.092711,38.916261],[-77.088705,38.91644],[-77.088746,38.919166],[-77.082581,38.919297],[-77.082558,38.918662],[-77.081835,38.917423],[-77.07896,38.913451],[-77.079016,38.912679],[-77.0777,38.909687],[-77.077908,38.90671],[-77.07831,38.906042],[-77.078311,38.905939],[-77.078311,38.905785],[-77.079866,38.905405],[-77.0792973903799,38.9016231616772],[-77.0822,38.901911],[-77.0828392117323,38.902094773373],[-77.0902,38.904211],[-77.0937,38.905911],[-77.1010155931084,38.9109831445552],[-77.097734,38.913397]]]}},{"type":"Feature","properties":{"GEOID":"11001001100","STATEFP":"11","COUNTYFP":"001","TRACTCE":"001100","NAMELSAD":"Census Tract 11","NAMELSADCO":"District of Columbia","STATE_NAME":"District of Columbia"},"geometry":{"type":"Polygon","coordinates":[[[-77.0857801216917,38.9609074226397],[-77.0838391710907,38.9623996187416],[-77.0827060827256,38.9632707331536],[-77.0822402534113,38.9636288611176],[-77.0804181742635,38.9650296692579],[-77.0774416653451,38.9673179990089],[-77.0774366982071,38.9673218177274],[-77.076867,38.967009],[-77.075049,38.963999],[-77.073309,38.961017],[-77.072154,38.959026],[-77.06963,38.954691],[-77.069425,38.954336],[-77.069844,38.952095],[-77.073729,38.952151],[-77.075802,38.949735],[-77.077365,38.947903],[-77.078535,38.946562],[-77.078888,38.946504],[-77.079674,38.947909],[-77.080974,38.951466],[-77.082632,38.9547],[-77.0858122682884,38.9608827084474],[-77.0857801216917,38.9609074226397]]]}},{"type":"Feature","properties":{"GEOID":"11001001301","STATEFP":"11","COUNTYFP":"001","TRACTCE":"001301","NAMELSAD":"Census Tract 13.01","NAMELSADCO":"District of Columbia","STATE_NAME":"District of Columbia"},"geometry":{"type":"Polygon","coordinates":[[[-77.069226,38.954694],[-77.068015,38.957059],[-77.066037,38.958618],[-77.065124,38.958478],[-77.059006,38.957472],[-77.058066,38.956712],[-77.056118,38.958561],[-77.056201,38.961013],[-77.050778,38.961903],[-77.046246,38.960384],[-77.043521,38.961365],[-77.043461,38.961395],[-77.042193,38.960394],[-77.040503,38.959586],[-77.042148,38.957867],[-77.042186,38.954585],[-77.044988,38.951239],[-77.047057,38.94965],[-77.046998,38.948502],[-77.044961,38.948346],[-77.044745,38.948594],[-77.044465,38.948613],[-77.044106,38.948418],[-77.044044,38.948218],[-77.04415,38.947791],[-77.045182,38.946619],[-77.045678,38.945719],[-77.046022,38.94547],[-77.04624,38.945452],[-77.04707,38.945692],[-77.047762,38.945662],[-77.047982,38.945553],[-77.048426,38.944825],[-77.049655,38.943779],[-77.049679,38.943855],[-77.051509,38.94612],[-77.051679,38.946785],[-77.051659,38.948858],[-77.056712,38.94789],[-77.065678,38.947895],[-77.066714,38.949683],[-77.068123,38.952096],[-77.069425,38.954336],[-77.069226,38.954694]]]}},{"type":"Feature","properties":{"GEOID":"11001001600","STATEFP":"11","COUNTYFP":"001","TRACTCE":"001600","NAMELSAD":"Census Tract 16","NAMELSADCO":"District of Columbia","STATE_NAME":"District of Columbia"},"geometry":{"type":"Polygon","coordinates":[[[-77.0465412510744,38.990942893929],[-77.0423889986637,38.9940648882228],[-77.040999,38.99511],[-77.0367692514116,38.9920501818722],[-77.0364613501893,38.9918274448178],[-77.036299,38.99171],[-77.033707359689,38.9897319353213],[-77.0312349218127,38.9878448516806],[-77.0266962184868,38.9843806947535],[-77.0266345528952,38.9843336286046],[-77.0265907040259,38.9843001610361],[-77.026426,38.978303],[-77.026433,38.977982],[-77.032967,38.978024],[-77.036364,38.974864],[-77.036371,38.972269],[-77.037462,38.973055],[-77.039889,38.972834],[-77.039423,38.973944],[-77.039864,38.976377],[-77.043754,38.978272],[-77.0446,38.979982],[-77.043558,38.980663],[-77.042359,38.979987],[-77.040395,38.981033],[-77.039959,38.982466],[-77.042378,38.983979],[-77.045758,38.984151],[-77.0516625043104,38.9870923275862],[-77.0465412510744,38.990942893929]]]}},{"type":"Feature","properties":{"GEOID":"11001001804","STATEFP":"11","COUNTYFP":"001","TRACTCE":"001804","NAMELSAD":"Census Tract 18.04","NAMELSADCO":"District of Columbia","STATE_NAME":"District of Columbia"},"geometry":{"type":"Polygon","coordinates":[[[-77.033419,38.965429],[-77.033418,38.96685],[-77.033418,38.967566],[-77.033416,38.972263],[-77.029692,38.972263],[-77.027024,38.972354],[-77.027265,38.969925],[-77.027501,38.967288],[-77.02771,38.964954],[-77.027889,38.9627],[-77.028013,38.961226],[-77.02852,38.961338],[-77.029694,38.961506],[-77.033425,38.962042],[-77.033419,38.965429]]]}},{"type":"Feature","properties":{"GEOID":"11001002001","STATEFP":"11","COUNTYFP":"001","TRACTCE":"002001","NAMELSAD":"Census Tract 20.01","NAMELSADCO":"District of Columbia","STATE_NAME":"District of Columbia"},"geometry":{"type":"Polygon","coordinates":[[[-77.043461,38.961395],[-77.040266,38.963035],[-77.03642,38.962592],[-77.034796,38.962241],[-77.033425,38.962042],[-77.029694,38.961506],[-77.02852,38.961338],[-77.030161,38.959882],[-77.033411,38.956196],[-77.033761,38.955653],[-77.036415,38.952535],[-77.036398,38.956212],[-77.038538,38.956043],[-77.039788,38.957243],[-77.038708,38.959721],[-77.042193,38.960394],[-77.043461,38.961395]]]}},{"type":"Feature","properties":{"GEOID":"11001002102","STATEFP":"11","COUNTYFP":"001","TRACTCE":"002102","NAMELSAD":"Census Tract 21.02","NAMELSADCO":"District of Columbia","STATE_NAME":"District of Columbia"},"geometry":{"type":"Polygon","coordinates":[[[-77.019897,38.958733],[-77.013422,38.958733],[-77.012326,38.960198],[-77.009251,38.960184],[-77.009051,38.959608],[-77.009049,38.95766],[-77.009042,38.956861],[-77.009046,38.954815],[-77.009007,38.952407],[-77.012429,38.952308],[-77.013458,38.952276],[-77.015891,38.952204],[-77.019681,38.952083],[-77.019788,38.954309],[-77.019837,38.955379],[-77.019937,38.95752],[-77.019897,38.958733]]]}},{"type":"Feature","properties":{"GEOID":"11001002301","STATEFP":"11","COUNTYFP":"001","TRACTCE":"002301","NAMELSAD":"Census Tract 23.01","NAMELSADCO":"District of Columbia","STATE_NAME":"District of Columbia"},"geometry":{"type":"Polygon","coordinates":[[[-77.019275,38.943675],[-77.019413,38.946335],[-77.017333,38.946395],[-77.016811,38.946409],[-77.016014,38.946395],[-77.015673,38.945729],[-77.01154,38.944329],[-77.012718,38.942701],[-77.016459,38.938693],[-77.017407,38.937882],[-77.019033,38.937398],[-77.019045,38.938841],[-77.0192,38.942054],[-77.019954,38.943101],[-77.019275,38.943675]]]}},{"type":"Feature","properties":{"GEOID":"11001002702","STATEFP":"11","COUNTYFP":"001","TRACTCE":"002702","NAMELSAD":"Census Tract 27.02","NAMELSADCO":"District of Columbia","STATE_NAME":"District of Columbia"},"geometry":{"type":"Polygon","coordinates":[[[-77.050503,38.933224],[-77.04908,38.932627],[-77.044191,38.932745],[-77.04312,38.932337],[-77.041294,38.932333],[-77.040583,38.932342],[-77.038839,38.932532],[-77.03646,38.931653],[-77.036476,38.928687],[-77.036707,38.927118],[-77.037427,38.926991],[-77.041214,38.927182],[-77.041887,38.927229],[-77.043368,38.927969],[-77.044534,38.928123],[-77.047374,38.931624],[-77.050854,38.932826],[-77.050503,38.933224]]]}},{"type":"Feature","properties":{"GEOID":"11001003000","STATEFP":"11","COUNTYFP":"001","TRACTCE":"003000","NAMELSAD":"Census Tract 30","NAMELSADCO":"District of Columbia","STATE_NAME":"District of Columbia"},"geometry":{"type":"Polygon","coordinates":[[[-77.032663,38.93034],[-77.029709,38.931323],[-77.02826,38.931821],[-77.027744,38.929675],[-77.02751,38.928705],[-77.027046,38.926749],[-77.029707,38.926742],[-77.032407,38.926573],[-77.032518,38.927538],[-77.032612,38.928805],[-77.032663,38.93034]]]}},{"type":"Feature","properties":{"GEOID":"11001003200","STATEFP":"11","COUNTYFP":"001","TRACTCE":"003200","NAMELSAD":"Census Tract 32","NAMELSADCO":"District of Columbia","STATE_NAME":"District of Columbia"},"geometry":{"type":"Polygon","coordinates":[[[-77.024292,38.936291],[-77.019033,38.937398],[-77.019226,38.936899],[-77.019193,38.935215],[-77.019161,38.934159],[-77.018804,38.932691],[-77.018277,38.930556],[-77.017956,38.929],[-77.018106,38.928484],[-77.017807,38.927938],[-77.020054,38.927885],[-77.02045,38.927534],[-77.022964,38.927226],[-77.02337,38.930018],[-77.023773,38.93281],[-77.024022,38.934506],[-77.024292,38.936291]]]}},{"type":"Feature","properties":{"GEOID":"11001003600","STATEFP":"11","COUNTYFP":"001","TRACTCE":"003600","NAMELSAD":"Census Tract 36","NAMELSADCO":"District of Columbia","STATE_NAME":"District of Columbia"},"geometry":{"type":"Polygon","coordinates":[[[-77.032407,38.926573],[-77.029707,38.926742],[-77.027046,38.926749],[-77.027038,38.923767],[-77.027036,38.920763],[-77.028866,38.920657],[-77.029677,38.920499],[-77.031941,38.920064],[-77.03193,38.92166],[-77.032132,38.923635],[-77.032143,38.923763],[-77.032407,38.926573]]]}},{"type":"Feature","properties":{"GEOID":"11001004100","STATEFP":"11","COUNTYFP":"001","TRACTCE":"004100","NAMELSAD":"Census Tract 41","NAMELSADCO":"District of Columbia","STATE_NAME":"District of Columbia"},"geometry":{"type":"Polygon","coordinates":[[[-77.058201,38.917675],[-77.058258,38.917716],[-77.054581,38.91993],[-77.051071,38.91988],[-77.050181,38.921241],[-77.049057,38.919324],[-77.04794,38.918613],[-77.046986,38.91725],[-77.046285,38.915991],[-77.046088,38.914434],[-77.046574,38.91403],[-77.048733,38.911414],[-77.048797,38.909634],[-77.050085,38.909635],[-77.051204,38.910777],[-77.051153,38.910799],[-77.052526,38.911993],[-77.055187,38.912993],[-77.058798,38.915833],[-77.058201,38.917675]]]}},{"type":"Feature","properties":{"GEOID":"11001004901","STATEFP":"11","COUNTYFP":"001","TRACTCE":"004901","NAMELSAD":"Census Tract 49.01","NAMELSADCO":"District of Columbia","STATE_NAME":"District of Columbia"},"geometry":{"type":"Polygon","coordinates":[[[-77.027036,38.909645],[-77.027035,38.912607],[-77.027035,38.91409],[-77.021916,38.914088],[-77.021918,38.91239],[-77.021914,38.908571],[-77.02397,38.908574],[-77.027036,38.908576],[-77.027036,38.909645]]]}},{"type":"Feature","properties":{"GEOID":"11001005001","STATEFP":"11","COUNTYFP":"001","TRACTCE":"005001","NAMELSAD":"Census Tract 50.01","NAMELSADCO":"District of Columbia","STATE_NAME":"District of Columbia"},"geometry":{"type":"Polygon","coordinates":[[[-77.031952,38.911129],[-77.031951,38.914094],[-77.02962,38.914088],[-77.027035,38.91409],[-77.027035,38.912607],[-77.027036,38.909645],[-77.028082,38.910253],[-77.029628,38.910192],[-77.030324,38.909669],[-77.031952,38.909648],[-77.031952,38.911129]]]}},{"type":"Feature","properties":{"GEOID":"11001006500","STATEFP":"11","COUNTYFP":"001","TRACTCE":"006500","NAMELSAD":"Census Tract 65","NAMELSADCO":"District of Columbia","STATE_NAME":"District of Columbia"},"geometry":{"type":"Polygon","coordinates":[[[-77.009068,38.883857],[-77.009061,38.885065],[-77.005893,38.885065],[-77.005892,38.886039],[-77.003514,38.886039],[-77.003519,38.887614],[-77.002039,38.887598],[-76.996175,38.884806],[-76.996175,38.884271],[-76.996179,38.883773],[-76.998449,38.882726],[-77.002034,38.882302],[-77.002051,38.88048],[-77.003521,38.880775],[-77.005736,38.880846],[-77.007923,38.881175],[-77.009112,38.881548],[-77.009068,38.883857]]]}},{"type":"Feature","properties":{"GEOID":"11001006804","STATEFP":"11","COUNTYFP":"001","TRACTCE":"006804","NAMELSAD":"Census Tract 68.04","NAMELSADCO":"District of Columbia","STATE_NAME":"District of Columbia"},"geometry":{"type":"Polygon","coordinates":[[[-76.980872,38.879236],[-76.98076,38.882259],[-76.978999,38.882973],[-76.977261,38.883676],[-76.977263,38.884102],[-76.97726,38.884556],[-76.977257,38.889798],[-76.973836,38.890582],[-76.975152,38.893295],[-76.974766,38.894404],[-76.970968,38.895997],[-76.969526,38.897606],[-76.969464,38.897769],[-76.961984,38.897135],[-76.9618,38.896123],[-76.963367,38.889867],[-76.966789,38.885235],[-76.97072,38.881435],[-76.971757,38.880216],[-76.973299,38.87839],[-76.978031,38.876881],[-76.980676,38.878506],[-76.981576,38.878837],[-76.980872,38.879236]]]}},{"type":"Feature","properties":{"GEOID":"11001006900","STATEFP":"11","COUNTYFP":"001","TRACTCE":"006900","NAMELSAD":"Census Tract 69","NAMELSADCO":"District of Columbia","STATE_NAME":"District of Columbia"},"geometry":{"type":"Polygon","coordinates":[[[-76.993763,38.884585],[-76.99153,38.885098],[-76.988311,38.886017],[-76.983653,38.887086],[-76.983658,38.884101],[-76.983656,38.881079],[-76.983658,38.879682],[-76.988309,38.881598],[-76.991529,38.882892],[-76.99376,38.883801],[-76.993763,38.884585]]]}},{"type":"Feature","properties":{"GEOID":"11001010400","STATEFP":"11","COUNTYFP":"001","TRACTCE":"010400","NAMELSAD":"Census Tract 104","NAMELSADCO":"District of Columbia","STATE_NAME":"District of Columbia"},"geometry":{"type":"Polygon","coordinates":[[[-77.009155,38.839563],[-77.009064,38.839873],[-77.00836,38.845038],[-77.008034,38.849875],[-77.005389,38.854316],[-77.003004,38.860535],[-77.002983,38.860117],[-76.998769,38.857514],[-76.992289,38.853452],[-76.986473,38.849853],[-76.985047,38.848964],[-76.989093,38.844592],[-76.991658,38.844127],[-76.992176,38.844039],[-76.994226,38.843688],[-76.997453,38.843167],[-76.99845,38.843109],[-77.002349,38.842493],[-77.004213,38.840407],[-77.006026,38.838018],[-77.007744,38.835687],[-77.009168,38.838898],[-77.009155,38.839563]]]}},{"type":"Feature","properties":{"GEOID":"11001010900","STATEFP":"11","COUNTYFP":"001","TRACTCE":"010900","NAMELSAD":"Census Tract 109","NAMELSADCO":"District of Columbia","STATE_NAME":"District of Columbia"},"geometry":{"type":"Polygon","coordinates":[[[-77.0389927854341,38.792766769814],[-77.0389430537894,38.7969884338797],[-77.0389291722456,38.7981668227097],[-77.0389040820382,38.8002967025371],[-77.038898,38.800813],[-77.0388005812625,38.8016579274941],[-77.0384026639499,38.8051091247307],[-77.0379998085741,38.8086031505388],[-77.0374469631707,38.8133980626165],[-77.037356,38.814187],[-77.038098,38.815613],[-77.0387883445095,38.8196169981551],[-77.027477,38.819979],[-77.017484,38.821664],[-77.01737,38.823592],[-77.012699,38.823032],[-77.012071,38.821873],[-77.011557,38.82282],[-77.011886,38.823582],[-77.008086,38.823631],[-77.006002,38.824091],[-77.00543,38.823594],[-77.002187,38.821965],[-77.0014918209193,38.821437695918],[-77.0017416880845,38.8212392585097],[-77.0046785080769,38.8189069194544],[-77.015561863547,38.8102636675418],[-77.0204994524185,38.8063423746487],[-77.0218676042471,38.8052558273112],[-77.0375797152565,38.792777714848],[-77.039006,38.791645],[-77.0389927854341,38.792766769814]]]}},{"type":"Feature","properties":{"GEOID":"11001007407","STATEFP":"11","COUNTYFP":"001","TRACTCE":"007407","NAMELSAD":"Census Tract 74.07","NAMELSADCO":"District of Columbia","STATE_NAME":"District of Columbia"},"geometry":{"type":"Polygon","coordinates":[[[-76.993827,38.861455],[-76.993159,38.862268],[-76.991221,38.863318],[-76.990452,38.86255],[-76.988273,38.860362],[-76.988033,38.860199],[-76.984587,38.857861],[-76.983106,38.85692],[-76.977361,38.857304],[-76.975447,38.856314],[-76.974638,38.854998],[-76.975898,38.853628],[-76.979845,38.854294],[-76.983338,38.853366],[-76.986075,38.854627],[-76.986995,38.85619],[-76.987224,38.857357],[-76.987666,38.857981],[-76.988636,38.858429],[-76.990825,38.858482],[-76.993275,38.858415],[-76.9936,38.85848],[-76.993649,38.859443],[-76.994327,38.860654],[-76.993827,38.861455]]]}},{"type":"Feature","properties":{"GEOID":"11001007504","STATEFP":"11","COUNTYFP":"001","TRACTCE":"007504","NAMELSAD":"Census Tract 75.04","NAMELSADCO":"District of Columbia","STATE_NAME":"District of Columbia"},"geometry":{"type":"Polygon","coordinates":[[[-76.988033,38.860199],[-76.983666,38.86053],[-76.982963,38.861313],[-76.982679,38.863615],[-76.982171,38.865326],[-76.983186,38.86642],[-76.979014,38.865665],[-76.977244,38.865055],[-76.975527,38.864229],[-76.973963,38.863531],[-76.97335,38.863287],[-76.975736,38.860817],[-76.973627,38.85944],[-76.975212,38.856528],[-76.975447,38.856314],[-76.977361,38.857304],[-76.983106,38.85692],[-76.984587,38.857861],[-76.988033,38.860199]]]}},{"type":"Feature","properties":{"GEOID":"11001007603","STATEFP":"11","COUNTYFP":"001","TRACTCE":"007603","NAMELSAD":"Census Tract 76.03","NAMELSADCO":"District of Columbia","STATE_NAME":"District of Columbia"},"geometry":{"type":"Polygon","coordinates":[[[-76.968195,38.858906],[-76.96712,38.859819],[-76.964771,38.860719],[-76.96221,38.861647],[-76.959,38.861923],[-76.957405,38.862269],[-76.956674,38.86259],[-76.955822,38.863836],[-76.951324,38.865594],[-76.9467461839551,38.8636217776563],[-76.949696,38.861312],[-76.9498609664429,38.8611965234899],[-76.953696,38.858512],[-76.9581401027746,38.8549465208545],[-76.9581489643888,38.8549394112303],[-76.9619414862435,38.8518966918632],[-76.962979,38.852134],[-76.965708,38.854841],[-76.967356,38.857068],[-76.96802,38.85819],[-76.968195,38.858906]]]}},{"type":"Feature","properties":{"GEOID":"11001007804","STATEFP":"11","COUNTYFP":"001","TRACTCE":"007804","NAMELSAD":"Census Tract 78.04","NAMELSADCO":"District of Columbia","STATE_NAME":"District of Columbia"},"geometry":{"type":"Polygon","coordinates":[[[-76.939189,38.90056],[-76.933751,38.898974],[-76.931667,38.899755],[-76.930213,38.900017],[-76.925144,38.899747],[-76.925671,38.898348],[-76.92628,38.89661],[-76.927957,38.891884],[-76.927966,38.889812],[-76.930054,38.88982],[-76.932047,38.889806],[-76.934875,38.889824],[-76.934875,38.89427],[-76.934872,38.895003],[-76.936601,38.898319],[-76.93919,38.89837],[-76.939189,38.90056]]]}},{"type":"Feature","properties":{"GEOID":"11001007903","STATEFP":"11","COUNTYFP":"001","TRACTCE":"007903","NAMELSAD":"Census Tract 79.03","NAMELSADCO":"District of Columbia","STATE_NAME":"District of Columbia"},"geometry":{"type":"Polygon","coordinates":[[[-76.977257,38.896116],[-76.976491,38.898818],[-76.976239,38.898949],[-76.975453,38.898803],[-76.974173,38.898587],[-76.970385,38.897925],[-76.969464,38.897769],[-76.969526,38.897606],[-76.970968,38.895997],[-76.974766,38.894404],[-76.975152,38.893295],[-76.977259,38.893301],[-76.977257,38.896116]]]}},{"type":"Feature","properties":{"GEOID":"11001008302","STATEFP":"11","COUNTYFP":"001","TRACTCE":"008302","NAMELSAD":"Census Tract 83.02","NAMELSADCO":"District of Columbia","STATE_NAME":"District of Columbia"},"geometry":{"type":"Polygon","coordinates":[[[-76.998454,38.893965],[-76.998448,38.897332],[-76.998442,38.900204],[-76.994961,38.900203],[-76.994965,38.897333],[-76.994962,38.895378],[-76.994962,38.894783],[-76.994961,38.892017],[-76.994961,38.891723],[-76.99845,38.893082],[-76.998454,38.893965]]]}},{"type":"Feature","properties":{"GEOID":"11001009601","STATEFP":"11","COUNTYFP":"001","TRACTCE":"009601","NAMELSAD":"Census Tract 96.01","NAMELSADCO":"District of Columbia","STATE_NAME":"District of Columbia"},"geometry":{"type":"Polygon","coordinates":[[[-76.957969,38.906154],[-76.954459,38.91096],[-76.953573,38.914382],[-76.952893,38.914797],[-76.945951,38.915252],[-76.943623,38.917006],[-76.942434,38.918093],[-76.9419210679896,38.9185864994984],[-76.9419204562069,38.9185860266153],[-76.9414445041825,38.918218135091],[-76.935096,38.913311],[-76.931724405319,38.9106218315098],[-76.9316368067784,38.9105519633147],[-76.933078,38.909654],[-76.94286,38.902045],[-76.943666,38.901392],[-76.945338,38.902391],[-76.950975,38.90817],[-76.956238,38.905555],[-76.957969,38.906154]]]}},{"type":"Feature","properties":{"GEOID":"11001009602","STATEFP":"11","COUNTYFP":"001","TRACTCE":"009602","NAMELSAD":"Census Tract 96.02","NAMELSADCO":"District of Columbia","STATE_NAME":"District of Columbia"},"geometry":{"type":"Polygon","coordinates":[[[-76.962218,38.899497],[-76.959386,38.90339],[-76.957969,38.906154],[-76.956238,38.905555],[-76.950975,38.90817],[-76.945338,38.902391],[-76.943666,38.901392],[-76.946011,38.899505],[-76.951015,38.89552],[-76.957489,38.896576],[-76.96029,38.896987],[-76.961984,38.897135],[-76.962218,38.899497]]]}},{"type":"Feature","properties":{"GEOID":"11001009804","STATEFP":"11","COUNTYFP":"001","TRACTCE":"009804","NAMELSAD":"Census Tract 98.04","NAMELSADCO":"District of Columbia","STATE_NAME":"District of Columbia"},"geometry":{"type":"Polygon","coordinates":[[[-77.002349,38.842493],[-76.99845,38.843109],[-76.997453,38.843167],[-76.994226,38.843688],[-76.993616,38.840245],[-76.993563,38.838805],[-76.993505,38.837482],[-76.996865,38.836431],[-77.000571,38.833969],[-77.000758,38.835805],[-77.000759,38.836291],[-77.000572,38.841879],[-77.00172,38.841604],[-77.004213,38.840407],[-77.002349,38.842493]]]}},{"type":"Feature","properties":{"GEOID":"11001009810","STATEFP":"11","COUNTYFP":"001","TRACTCE":"009810","NAMELSAD":"Census Tract 98.10","NAMELSADCO":"District of Columbia","STATE_NAME":"District of Columbia"},"geometry":{"type":"Polygon","coordinates":[[[-77.007677,38.831398],[-77.005885,38.831206],[-77.003858,38.830987],[-77.00203,38.830958],[-77.002307,38.826853],[-77.001381,38.824523],[-77.002187,38.821965],[-77.00543,38.823594],[-77.006002,38.824091],[-77.007336,38.826063],[-77.007642,38.826978],[-77.007675,38.829199],[-77.007677,38.831398]]]}},{"type":"Feature","properties":{"GEOID":"11001009807","STATEFP":"11","COUNTYFP":"001","TRACTCE":"009807","NAMELSAD":"Census Tract 98.07","NAMELSADCO":"District of Columbia","STATE_NAME":"District of Columbia"},"geometry":{"type":"Polygon","coordinates":[[[-77.017307,38.828344],[-77.016807,38.829786],[-77.016698,38.829983],[-77.015153,38.831425],[-77.009155,38.839563],[-77.009168,38.838898],[-77.007744,38.835687],[-77.0084,38.83326],[-77.007677,38.831398],[-77.007675,38.829199],[-77.007642,38.826978],[-77.007336,38.826063],[-77.006002,38.824091],[-77.008086,38.823631],[-77.011886,38.823582],[-77.011557,38.82282],[-77.012071,38.821873],[-77.012699,38.823032],[-77.01737,38.823592],[-77.017307,38.828344]]]}},{"type":"Feature","properties":{"GEOID":"11001009904","STATEFP":"11","COUNTYFP":"001","TRACTCE":"009904","NAMELSAD":"Census Tract 99.04","NAMELSADCO":"District of Columbia","STATE_NAME":"District of Columbia"},"geometry":{"type":"Polygon","coordinates":[[[-76.935916,38.885981],[-76.932944,38.885709],[-76.932047,38.889806],[-76.930054,38.88982],[-76.929767,38.889344],[-76.927604,38.888652],[-76.928696,38.883656],[-76.929322,38.880769],[-76.929316,38.880674],[-76.93101,38.88068],[-76.93304,38.881491],[-76.933624,38.882273],[-76.934832,38.883733],[-76.935916,38.885981]]]}},{"type":"Feature","properties":{"GEOID":"11001008903","STATEFP":"11","COUNTYFP":"001","TRACTCE":"008903","NAMELSAD":"Census Tract 89.03","NAMELSADCO":"District of Columbia","STATE_NAME":"District of Columbia"},"geometry":{"type":"Polygon","coordinates":[[[-76.98301,38.900717],[-76.981778,38.902706],[-76.980922,38.904009],[-76.979175,38.906736],[-76.978838,38.907271],[-76.976208,38.906282],[-76.970205,38.905621],[-76.972461,38.904587],[-76.976216,38.903068],[-76.978994,38.901927],[-76.982399,38.900522],[-76.98301,38.900717]]]}},{"type":"Feature","properties":{"GEOID":"11001001003","STATEFP":"11","COUNTYFP":"001","TRACTCE":"001003","NAMELSAD":"Census Tract 10.03","NAMELSADCO":"District of Columbia","STATE_NAME":"District of Columbia"},"geometry":{"type":"Polygon","coordinates":[[[-77.1005269696602,38.9490529381068],[-77.0980898719934,38.9510661927011],[-77.0938660590164,38.9545554295082],[-77.0915,38.95651],[-77.0913993874581,38.9565873505739],[-77.0913552852449,38.9566212562027],[-77.088664,38.954702],[-77.088634,38.951041],[-77.088635,38.947901],[-77.088634,38.943163],[-77.093092,38.943164],[-77.096763,38.945844],[-77.099591,38.947909],[-77.1005269696602,38.9490529381068]]]}},{"type":"Feature","properties":{"GEOID":"11001003802","STATEFP":"11","COUNTYFP":"001","TRACTCE":"003802","NAMELSAD":"Census Tract 38.02","NAMELSADCO":"District of Columbia","STATE_NAME":"District of Columbia"},"geometry":{"type":"Polygon","coordinates":[[[-77.042094,38.923055],[-77.039936,38.924486],[-77.03845,38.925357],[-77.036488,38.926525],[-77.036489,38.926272],[-77.036491,38.92325],[-77.036488,38.922732],[-77.038889,38.921351],[-77.040042,38.920666],[-77.040755,38.919848],[-77.041704,38.919659],[-77.042684,38.922661],[-77.042094,38.923055]]]}},{"type":"Feature","properties":{"GEOID":"11001003801","STATEFP":"11","COUNTYFP":"001","TRACTCE":"003801","NAMELSAD":"Census Tract 38.01","NAMELSADCO":"District of Columbia","STATE_NAME":"District of Columbia"},"geometry":{"type":"Polygon","coordinates":[[[-77.041704,38.919659],[-77.040755,38.919848],[-77.040042,38.920666],[-77.038889,38.921351],[-77.036488,38.922732],[-77.036494,38.920364],[-77.036496,38.919145],[-77.038473,38.918523],[-77.040191,38.918044],[-77.041224,38.917008],[-77.041656,38.91678],[-77.041704,38.919659]]]}},{"type":"Feature","properties":{"GEOID":"11001980000","STATEFP":"11","COUNTYFP":"001","TRACTCE":"980000","NAMELSAD":"Census Tract 9800","NAMELSADCO":"District of Columbia","STATE_NAME":"District of Columbia"},"geometry":{"type":"Polygon","coordinates":[[[-77.0646579445255,38.8918438452555],[-77.063252,38.891775],[-77.055942,38.893082],[-77.056637,38.894789],[-77.056653,38.897669],[-77.053383,38.897512],[-77.053138,38.898683],[-77.052624,38.896118],[-77.050117,38.896024],[-77.048023,38.896017],[-77.046682,38.895316],[-77.043474,38.893514],[-77.040676,38.8921],[-77.039481,38.8921],[-77.039473,38.897356],[-77.03946,38.898813],[-77.037955,38.900202],[-77.036554,38.900201],[-77.035129,38.900202],[-77.033642,38.898782],[-77.033649,38.896403],[-77.029633,38.895447],[-77.023975,38.893877],[-77.021919,38.893295],[-77.019899,38.892759],[-77.016388,38.891783],[-77.013179,38.89209],[-77.010943,38.894788],[-77.00906,38.895103],[-77.009064,38.897469],[-77.009066,38.897555],[-77.006718,38.895986],[-77.003509,38.897337],[-77.00351,38.895207],[-77.003517,38.893582],[-77.005889,38.893625],[-77.005925,38.890969],[-77.003515,38.891916],[-77.003515,38.889808],[-77.002034,38.889168],[-77.002039,38.887598],[-77.003519,38.887614],[-77.003514,38.886039],[-77.005892,38.886039],[-77.005893,38.885065],[-77.009061,38.885065],[-77.009068,38.883857],[-77.012993,38.886673],[-77.013807,38.887562],[-77.015178,38.887566],[-77.017547,38.887571],[-77.021916,38.887563],[-77.028073,38.887565],[-77.031986,38.887582],[-77.031951,38.884977],[-77.032083,38.883798],[-77.032594,38.882788],[-77.023777,38.876411],[-77.021295,38.872171],[-77.020314,38.870014],[-77.020174,38.868957],[-77.020162,38.85733],[-77.0318317383801,38.8508965123416],[-77.034004,38.857142],[-77.039299,38.864312],[-77.038899,38.865812],[-77.039099,38.868112],[-77.040599,38.871212],[-77.0410926577838,38.8717239414054],[-77.043299,38.874012],[-77.0434540926829,38.8741006243902],[-77.0437807391304,38.8742872795031],[-77.045399,38.875212],[-77.046599,38.874912],[-77.045599,38.873012],[-77.046299,38.871312],[-77.049099,38.870712],[-77.051299,38.873212],[-77.051099,38.875212],[-77.054099,38.879112],[-77.055199,38.880012],[-77.058254,38.880069],[-77.063499,38.888611],[-77.0646579445255,38.8918438452555]]]}},{"type":"Feature","properties":{"GEOID":"11001005802","STATEFP":"11","COUNTYFP":"001","TRACTCE":"005802","NAMELSAD":"Census Tract 58.02","NAMELSADCO":"District of Columbia","STATE_NAME":"District of Columbia"},"geometry":{"type":"Polygon","coordinates":[[[-77.033642,38.898782],[-77.029634,38.900216],[-77.027031,38.901103],[-77.023989,38.902089],[-77.023938,38.902931],[-77.021919,38.902939],[-77.021918,38.902521],[-77.021915,38.902101],[-77.021917,38.896132],[-77.021919,38.893295],[-77.023975,38.893877],[-77.029633,38.895447],[-77.033649,38.896403],[-77.033642,38.898782]]]}},{"type":"Feature","properties":{"GEOID":"11001011002","STATEFP":"11","COUNTYFP":"001","TRACTCE":"011002","NAMELSAD":"Census Tract 110.02","NAMELSADCO":"District of Columbia","STATE_NAME":"District of Columbia"},"geometry":{"type":"Polygon","coordinates":[[[-77.021879,38.876502],[-77.021147,38.877306],[-77.019885,38.876461],[-77.017566,38.876461],[-77.017554,38.874652],[-77.017556,38.872978],[-77.017486,38.872053],[-77.014341,38.872035],[-77.015316,38.869472],[-77.015377,38.860038],[-77.020162,38.85733],[-77.020174,38.868957],[-77.020314,38.870014],[-77.021295,38.872171],[-77.023777,38.876411],[-77.021879,38.876502]]]}},{"type":"Feature","properties":{"GEOID":"11001010602","STATEFP":"11","COUNTYFP":"001","TRACTCE":"010602","NAMELSAD":"Census Tract 106.02","NAMELSADCO":"District of Columbia","STATE_NAME":"District of Columbia"},"geometry":{"type":"Polygon","coordinates":[[[-77.004149,38.903123],[-77.003355,38.905644],[-77.002506,38.908001],[-76.998336,38.90623],[-76.993135,38.904],[-76.994959,38.902798],[-76.994961,38.900203],[-76.998442,38.900204],[-77.003566,38.900207],[-77.003569,38.902515],[-77.004433,38.902515],[-77.004149,38.903123]]]}},{"type":"Feature","properties":{"GEOID":"11001000903","STATEFP":"11","COUNTYFP":"001","TRACTCE":"000903","NAMELSAD":"Census Tract 9.03","NAMELSADCO":"District of Columbia","STATE_NAME":"District of Columbia"},"geometry":{"type":"Polygon","coordinates":[[[-77.10023,38.935705],[-77.095981,38.935989],[-77.096748,38.938355],[-77.096763,38.945844],[-77.093092,38.943164],[-77.090265,38.941099],[-77.086226,38.938169],[-77.085634,38.938226],[-77.085585,38.937662],[-77.086172,38.937599],[-77.087728,38.935781],[-77.089169,38.93454],[-77.091069,38.933197],[-77.09325,38.932603],[-77.095757,38.932349],[-77.097092,38.932549],[-77.098744,38.933104],[-77.101036,38.935162],[-77.10023,38.935705]]]}},{"type":"Feature","properties":{"GEOID":"11001000101","STATEFP":"11","COUNTYFP":"001","TRACTCE":"000101","NAMELSAD":"Census Tract 1.01","NAMELSADCO":"District of Columbia","STATE_NAME":"District of Columbia"},"geometry":{"type":"Polygon","coordinates":[[[-77.05714,38.910544],[-77.051838,38.910615],[-77.051204,38.910777],[-77.050085,38.909635],[-77.05339,38.908559],[-77.055429,38.905254],[-77.057012,38.905232],[-77.057073,38.907692],[-77.05714,38.910544]]]}},{"type":"Feature","properties":{"GEOID":"11001000600","STATEFP":"11","COUNTYFP":"001","TRACTCE":"000600","NAMELSAD":"Census Tract 6","NAMELSADCO":"District of Columbia","STATE_NAME":"District of Columbia"},"geometry":{"type":"Polygon","coordinates":[[[-77.076507,38.942216],[-77.068875,38.94221],[-77.067653,38.940455],[-77.064325,38.940541],[-77.061654,38.940972],[-77.060331,38.938694],[-77.060262,38.938576],[-77.059243,38.936824],[-77.05677,38.93257],[-77.059874,38.930394],[-77.063254,38.930509],[-77.064679,38.931069],[-77.06639,38.931467],[-77.07265,38.931871],[-77.072415,38.933484],[-77.072505,38.934636],[-77.073793,38.937287],[-77.075037,38.939545],[-77.076507,38.942216]]]}},{"type":"Feature","properties":{"GEOID":"11001004802","STATEFP":"11","COUNTYFP":"001","TRACTCE":"004802","NAMELSAD":"Census Tract 48.02","NAMELSADCO":"District of Columbia","STATE_NAME":"District of Columbia"},"geometry":{"type":"Polygon","coordinates":[[[-77.021914,38.905643],[-77.021919,38.90724],[-77.021914,38.908571],[-77.019901,38.908573],[-77.018925,38.908571],[-77.015908,38.908574],[-77.014814,38.905417],[-77.01618,38.904879],[-77.018928,38.903916],[-77.021919,38.902939],[-77.021914,38.905643]]]}},{"type":"Feature","properties":{"GEOID":"11001007901","STATEFP":"11","COUNTYFP":"001","TRACTCE":"007901","NAMELSAD":"Census Tract 79.01","NAMELSADCO":"District of Columbia","STATE_NAME":"District of Columbia"},"geometry":{"type":"Polygon","coordinates":[[[-76.983648,38.894783],[-76.983644,38.896667],[-76.983647,38.897326],[-76.983596,38.90001],[-76.983256,38.900181],[-76.979273,38.899477],[-76.976239,38.898949],[-76.976491,38.898818],[-76.977257,38.896116],[-76.977259,38.893301],[-76.980764,38.893337],[-76.983052,38.893327],[-76.983648,38.893504],[-76.983648,38.894783]]]}},{"type":"Feature","properties":{"GEOID":"11001008701","STATEFP":"11","COUNTYFP":"001","TRACTCE":"008701","NAMELSAD":"Census Tract 87.01","NAMELSADCO":"District of Columbia","STATE_NAME":"District of Columbia"},"geometry":{"type":"Polygon","coordinates":[[[-77.009013,38.914085],[-77.008999,38.915564],[-77.009,38.916893],[-77.003513,38.918726],[-77.003507,38.915568],[-77.00351,38.9126],[-77.004371,38.9126],[-77.004937,38.910581],[-77.005331,38.909211],[-77.005881,38.90944],[-77.009026,38.910783],[-77.009013,38.914085]]]}},{"type":"Feature","properties":{"GEOID":"11001009603","STATEFP":"11","COUNTYFP":"001","TRACTCE":"009603","NAMELSAD":"Census Tract 96.03","NAMELSADCO":"District of Columbia","STATE_NAME":"District of Columbia"},"geometry":{"type":"Polygon","coordinates":[[[-76.954179,38.892404],[-76.951015,38.89552],[-76.94916,38.895133],[-76.946639,38.894022],[-76.945589,38.893656],[-76.942611,38.892939],[-76.93934,38.891596],[-76.939206,38.891527],[-76.938042,38.890599],[-76.937594,38.889881],[-76.937878,38.889884],[-76.947245,38.889839],[-76.948282,38.88982],[-76.953006,38.889822],[-76.956718,38.889831],[-76.954179,38.892404]]]}},{"type":"Feature","properties":{"GEOID":"11001009905","STATEFP":"11","COUNTYFP":"001","TRACTCE":"009905","NAMELSAD":"Census Tract 99.05","NAMELSADCO":"District of Columbia","STATE_NAME":"District of Columbia"},"geometry":{"type":"Polygon","coordinates":[[[-76.929322,38.880769],[-76.928696,38.883656],[-76.927604,38.888652],[-76.9243,38.88677],[-76.923428,38.886497],[-76.921755,38.886394],[-76.919817,38.886014],[-76.9185505215439,38.8856900656247],[-76.919295,38.885112],[-76.920195,38.884412],[-76.9208251111037,38.8839186076914],[-76.9209802218103,38.8837971522383],[-76.9239724376518,38.8814541745108],[-76.9240349501798,38.881405225682],[-76.925954,38.881082],[-76.929316,38.880674],[-76.929322,38.880769]]]}},{"type":"Feature","properties":{"GEOID":"11001000702","STATEFP":"11","COUNTYFP":"001","TRACTCE":"000702","NAMELSAD":"Census Tract 7.02","NAMELSADCO":"District of Columbia","STATE_NAME":"District of Columbia"},"geometry":{"type":"Polygon","coordinates":[[[-77.082565,38.921497],[-77.081651,38.926257],[-77.080002,38.925966],[-77.078979,38.926183],[-77.077048,38.926183],[-77.077048,38.925744],[-77.073858,38.925586],[-77.073188,38.926182],[-77.073152,38.922995],[-77.072907,38.922543],[-77.073195,38.922544],[-77.074697,38.922548],[-77.077052,38.922549],[-77.077909,38.922549],[-77.080715,38.92255],[-77.082006,38.921524],[-77.082565,38.921497]]]}},{"type":"Feature","properties":{"GEOID":"11001001402","STATEFP":"11","COUNTYFP":"001","TRACTCE":"001402","NAMELSAD":"Census Tract 14.02","NAMELSADCO":"District of Columbia","STATE_NAME":"District of Columbia"},"geometry":{"type":"Polygon","coordinates":[[[-77.073309,38.961017],[-77.070831,38.961013],[-77.066238,38.961013],[-77.062046,38.965813],[-77.059129,38.96588],[-77.056191,38.963635],[-77.056201,38.961013],[-77.056118,38.958561],[-77.058066,38.956712],[-77.059006,38.957472],[-77.065124,38.958478],[-77.066037,38.958618],[-77.068015,38.957059],[-77.069226,38.954694],[-77.069425,38.954336],[-77.06963,38.954691],[-77.072154,38.959026],[-77.073309,38.961017]]]}},{"type":"Feature","properties":{"GEOID":"11001002101","STATEFP":"11","COUNTYFP":"001","TRACTCE":"002101","NAMELSAD":"Census Tract 21.01","NAMELSADCO":"District of Columbia","STATE_NAME":"District of Columbia"},"geometry":{"type":"Polygon","coordinates":[[[-77.028031,38.961014],[-77.027922,38.960918],[-77.019897,38.958733],[-77.019937,38.95752],[-77.019837,38.955379],[-77.019788,38.954309],[-77.019681,38.952083],[-77.023829,38.951966],[-77.027429,38.951868],[-77.027881,38.955148],[-77.028029,38.956216],[-77.028175,38.95728],[-77.028031,38.961014]]]}},{"type":"Feature","properties":{"GEOID":"11001003500","STATEFP":"11","COUNTYFP":"001","TRACTCE":"003500","NAMELSAD":"Census Tract 35","NAMELSADCO":"District of Columbia","STATE_NAME":"District of Columbia"},"geometry":{"type":"Polygon","coordinates":[[[-77.027046,38.926749],[-77.022964,38.927226],[-77.022612,38.924806],[-77.022523,38.924183],[-77.021912,38.919894],[-77.021894,38.916451],[-77.021893,38.916261],[-77.023955,38.91699],[-77.023943,38.917764],[-77.025849,38.920439],[-77.027036,38.920763],[-77.027038,38.923767],[-77.027046,38.926749]]]}},{"type":"Feature","properties":{"GEOID":"11001007304","STATEFP":"11","COUNTYFP":"001","TRACTCE":"007304","NAMELSAD":"Census Tract 73.04","NAMELSADCO":"District of Columbia","STATE_NAME":"District of Columbia"},"geometry":{"type":"Polygon","coordinates":[[[-76.994226,38.843688],[-76.992176,38.844039],[-76.991658,38.844127],[-76.989093,38.844592],[-76.988511,38.844705],[-76.983433,38.846],[-76.981332,38.8466],[-76.980658,38.845405],[-76.977896,38.841786],[-76.976378,38.842489],[-76.972937771182,38.8430744331047],[-76.979497,38.837812],[-76.9824909808814,38.8356347861757],[-76.9849693143039,38.8338325496209],[-76.987184,38.83634],[-76.988731,38.838594],[-76.993505,38.837482],[-76.993563,38.838805],[-76.993616,38.840245],[-76.994226,38.843688]]]}},{"type":"Feature","properties":{"GEOID":"11001007601","STATEFP":"11","COUNTYFP":"001","TRACTCE":"007601","NAMELSAD":"Census Tract 76.01","NAMELSADCO":"District of Columbia","STATE_NAME":"District of Columbia"},"geometry":{"type":"Polygon","coordinates":[[[-76.990102,38.871349],[-76.983957,38.874928],[-76.978031,38.876881],[-76.972917,38.874582],[-76.971334,38.873909],[-76.970966,38.873304],[-76.97094,38.868762],[-76.970692,38.868247],[-76.974963,38.868243],[-76.979007,38.868232],[-76.981247,38.86823],[-76.982226,38.867737],[-76.984361,38.866634],[-76.988708,38.867515],[-76.989483,38.868361],[-76.988353,38.869138],[-76.990102,38.871349]]]}},{"type":"Feature","properties":{"GEOID":"11001008200","STATEFP":"11","COUNTYFP":"001","TRACTCE":"008200","NAMELSAD":"Census Tract 82","NAMELSADCO":"District of Columbia","STATE_NAME":"District of Columbia"},"geometry":{"type":"Polygon","coordinates":[[[-77.005889,38.893625],[-77.003517,38.893582],[-77.00351,38.895207],[-77.000824,38.894117],[-77.000573,38.893088],[-76.99845,38.893082],[-76.994961,38.891723],[-76.994962,38.889806],[-76.998446,38.889808],[-77.000579,38.889808],[-77.003515,38.889808],[-77.003515,38.891916],[-77.005925,38.890969],[-77.005889,38.893625]]]}},{"type":"Feature","properties":{"GEOID":"11001009201","STATEFP":"11","COUNTYFP":"001","TRACTCE":"009201","NAMELSAD":"Census Tract 92.01","NAMELSADCO":"District of Columbia","STATE_NAME":"District of Columbia"},"geometry":{"type":"Polygon","coordinates":[[[-77.006293,38.92701],[-77.003669,38.92968],[-77.000982,38.931215],[-76.996184,38.93316],[-76.994837,38.933746],[-76.994125,38.929791],[-76.994177,38.92744],[-76.994484,38.925582],[-76.994966,38.925582],[-76.996173,38.925582],[-77.002444,38.925594],[-77.00599,38.926506],[-77.006293,38.92701]]]}},{"type":"Feature","properties":{"GEOID":"11001009503","STATEFP":"11","COUNTYFP":"001","TRACTCE":"009503","NAMELSAD":"Census Tract 95.03","NAMELSADCO":"District of Columbia","STATE_NAME":"District of Columbia"},"geometry":{"type":"Polygon","coordinates":[[[-76.989257,38.952409],[-76.988396,38.953238],[-76.9859369495824,38.9526089827349],[-76.978434328903,38.9468097626111],[-76.9778263031425,38.9463397834696],[-76.978397,38.945848],[-76.97962,38.944233],[-76.980399,38.943035],[-76.980268,38.941515],[-76.980151,38.939576],[-76.979768,38.935081],[-76.98459,38.934841],[-76.98648,38.934747],[-76.988841,38.934628],[-76.988315,38.938224],[-76.988307,38.940723],[-76.988316,38.944234],[-76.988895,38.946269],[-76.98902,38.946757],[-76.989521,38.948629],[-76.989257,38.952409]]]}},{"type":"Feature","properties":{"GEOID":"11001009508","STATEFP":"11","COUNTYFP":"001","TRACTCE":"009508","NAMELSAD":"Census Tract 95.08","NAMELSADCO":"District of Columbia","STATE_NAME":"District of Columbia"},"geometry":{"type":"Polygon","coordinates":[[[-77.009046,38.954815],[-77.004983,38.955693],[-77.003834,38.955879],[-77.003111,38.956059],[-77.002294,38.956771],[-77.000275,38.955294],[-76.997788,38.957167],[-76.9918925205442,38.9572123964546],[-76.9895171223131,38.9553763103972],[-76.987925151061,38.9541457814772],[-76.9859369495824,38.9526089827349],[-76.988396,38.953238],[-76.989257,38.952409],[-76.994548,38.952295],[-76.995986,38.951996],[-76.999051,38.951842],[-77.002011,38.951051],[-77.000493,38.94737],[-77.003241,38.946309],[-77.00267,38.947909],[-77.003858,38.950959],[-77.005965,38.952037],[-77.009007,38.952407],[-77.009046,38.954815]]]}},{"type":"Feature","properties":{"GEOID":"11001007401","STATEFP":"11","COUNTYFP":"001","TRACTCE":"007401","NAMELSAD":"Census Tract 74.01","NAMELSADCO":"District of Columbia","STATE_NAME":"District of Columbia"},"geometry":{"type":"Polygon","coordinates":[[[-77.003415,38.870878],[-77.000711,38.870603],[-76.999542,38.870485],[-76.99246,38.870129],[-76.990102,38.871349],[-76.988353,38.869138],[-76.989483,38.868361],[-76.992717,38.864864],[-76.991221,38.863318],[-76.993159,38.862268],[-76.993827,38.861455],[-76.994327,38.860654],[-76.993649,38.859443],[-76.9936,38.85848],[-76.99355,38.85547],[-76.991987,38.853752],[-76.992289,38.853452],[-76.998769,38.857514],[-77.002983,38.860117],[-77.003004,38.860535],[-77.002078,38.862754],[-77.001803,38.865527],[-77.002397,38.867475],[-77.005457,38.868707],[-77.003415,38.870878]]]}},{"type":"Feature","properties":{"GEOID":"11001007703","STATEFP":"11","COUNTYFP":"001","TRACTCE":"007703","NAMELSAD":"Census Tract 77.03","NAMELSADCO":"District of Columbia","STATE_NAME":"District of Columbia"},"geometry":{"type":"Polygon","coordinates":[[[-76.957496,38.88363],[-76.955232,38.886797],[-76.953179,38.889597],[-76.953006,38.889822],[-76.948282,38.88982],[-76.947245,38.889839],[-76.937878,38.889884],[-76.939889,38.888198],[-76.940555,38.886544],[-76.94093,38.884581],[-76.94252,38.882476],[-76.942977,38.882112],[-76.944179,38.881417],[-76.945772,38.880869],[-76.946677,38.88283],[-76.947812,38.882842],[-76.953091,38.883611],[-76.956266,38.88363],[-76.957496,38.88363]]]}},{"type":"Feature","properties":{"GEOID":"11001007808","STATEFP":"11","COUNTYFP":"001","TRACTCE":"007808","NAMELSAD":"Census Tract 78.08","NAMELSADCO":"District of Columbia","STATE_NAME":"District of Columbia"},"geometry":{"type":"Polygon","coordinates":[[[-76.927957,38.891884],[-76.92628,38.89661],[-76.925133,38.895897],[-76.921892,38.895805],[-76.920513,38.895806],[-76.917779,38.895813],[-76.913657,38.895812],[-76.9134133749321,38.8960170374589],[-76.9128689511191,38.8955828075168],[-76.9109558022081,38.8940568886994],[-76.9105288415883,38.8937163468627],[-76.909395,38.892812],[-76.910795,38.891712],[-76.9127638557406,38.8901832414249],[-76.9132625757576,38.889796],[-76.9133033917624,38.8897643075727],[-76.91417,38.889789],[-76.917785,38.8898],[-76.920707,38.889817],[-76.922909,38.889802],[-76.927966,38.889812],[-76.927957,38.891884]]]}},{"type":"Feature","properties":{"GEOID":"11001011100","STATEFP":"11","COUNTYFP":"001","TRACTCE":"011100","NAMELSAD":"Census Tract 111","NAMELSADCO":"District of Columbia","STATE_NAME":"District of Columbia"},"geometry":{"type":"Polygon","coordinates":[[[-76.97913,38.927709],[-76.97158,38.931312],[-76.9634357898141,38.9352165029454],[-76.9634302539184,38.9352122239235],[-76.9613741668836,38.9336229524119],[-76.958798975852,38.9316324346594],[-76.957718618064,38.9307973621038],[-76.961486,38.928267],[-76.965161,38.92526],[-76.962634,38.92354],[-76.954983,38.918342],[-76.956458,38.917616],[-76.943623,38.917006],[-76.945951,38.915252],[-76.952893,38.914797],[-76.953573,38.914382],[-76.954459,38.91096],[-76.957969,38.906154],[-76.959386,38.90339],[-76.962218,38.899497],[-76.961984,38.897135],[-76.969464,38.897769],[-76.970385,38.897925],[-76.970233,38.903445],[-76.97189,38.903721],[-76.972461,38.904587],[-76.970205,38.905621],[-76.976208,38.906282],[-76.978838,38.907271],[-76.977366,38.909586],[-76.976327,38.912642],[-76.975127,38.914133],[-76.978167,38.917282],[-76.978565,38.919355],[-76.979006,38.919894],[-76.978998,38.924509],[-76.979001,38.927481],[-76.97913,38.927709]]]}},{"type":"Feature","properties":{"GEOID":"11001010202","STATEFP":"11","COUNTYFP":"001","TRACTCE":"010202","NAMELSAD":"Census Tract 102.02","NAMELSADCO":"District of Columbia","STATE_NAME":"District of Columbia"},"geometry":{"type":"Polygon","coordinates":[[[-77.032083,38.883798],[-77.031951,38.884977],[-77.031986,38.887582],[-77.028073,38.887565],[-77.021916,38.887563],[-77.017547,38.887571],[-77.017556,38.885071],[-77.017561,38.882298],[-77.017547,38.879286],[-77.019894,38.879285],[-77.021922,38.879295],[-77.022728,38.878634],[-77.021147,38.877306],[-77.021879,38.876502],[-77.023777,38.876411],[-77.032594,38.882788],[-77.032083,38.883798]]]}},{"type":"Feature","properties":{"GEOID":"11001007201","STATEFP":"11","COUNTYFP":"001","TRACTCE":"007201","NAMELSAD":"Census Tract 72.01","NAMELSADCO":"District of Columbia","STATE_NAME":"District of Columbia"},"geometry":{"type":"Polygon","coordinates":[[[-77.009098,38.876469],[-77.005873,38.876482],[-77.004202,38.876481],[-77.002038,38.87648],[-76.999519,38.876482],[-76.997773,38.87648],[-76.991557,38.876497],[-76.991274,38.873236],[-76.990102,38.871349],[-76.99246,38.870129],[-76.999542,38.870485],[-77.000711,38.870603],[-77.003415,38.870878],[-77.005457,38.868707],[-77.0082,38.869913],[-77.008878,38.870804],[-77.00906,38.871348],[-77.009084,38.872976],[-77.009098,38.876469]]]}},{"type":"Feature","properties":{"GEOID":"11001000703","STATEFP":"11","COUNTYFP":"001","TRACTCE":"000703","NAMELSAD":"Census Tract 7.03","NAMELSADCO":"District of Columbia","STATE_NAME":"District of Columbia"},"geometry":{"type":"Polygon","coordinates":[[[-77.080568,38.930235],[-77.079972,38.932409],[-77.080122,38.933693],[-77.079765,38.933432],[-77.077009,38.931412],[-77.077052,38.929019],[-77.077048,38.926183],[-77.078979,38.926183],[-77.080002,38.925966],[-77.081651,38.926257],[-77.080568,38.930235]]]}},{"type":"Feature","properties":{"GEOID":"11001004402","STATEFP":"11","COUNTYFP":"001","TRACTCE":"004402","NAMELSAD":"Census Tract 44.02","NAMELSADCO":"District of Columbia","STATE_NAME":"District of Columbia"},"geometry":{"type":"Polygon","coordinates":[[[-77.031951,38.916998],[-77.029621,38.916999],[-77.027037,38.916999],[-77.023955,38.91699],[-77.021893,38.916261],[-77.021916,38.914088],[-77.027035,38.91409],[-77.02962,38.914088],[-77.031951,38.914094],[-77.031951,38.916998]]]}},{"type":"Feature","properties":{"GEOID":"11001001901","STATEFP":"11","COUNTYFP":"001","TRACTCE":"001901","NAMELSAD":"Census Tract 19.01","NAMELSADCO":"District of Columbia","STATE_NAME":"District of Columbia"},"geometry":{"type":"Polygon","coordinates":[[[-77.028013,38.961226],[-77.027889,38.9627],[-77.02771,38.964954],[-77.027501,38.967288],[-77.027265,38.969925],[-77.025406,38.969924],[-77.019895,38.969923],[-77.019895,38.967288],[-77.019897,38.96495],[-77.019895,38.963772],[-77.019896,38.9627],[-77.019897,38.958733],[-77.027922,38.960918],[-77.028031,38.961014],[-77.028013,38.961226]]]}},{"type":"Feature","properties":{"GEOID":"11001002600","STATEFP":"11","COUNTYFP":"001","TRACTCE":"002600","NAMELSAD":"Census Tract 26","NAMELSADCO":"District of Columbia","STATE_NAME":"District of Columbia"},"geometry":{"type":"Polygon","coordinates":[[[-77.051539,38.93967],[-77.051267,38.941542],[-77.049655,38.943779],[-77.048426,38.944825],[-77.047982,38.945553],[-77.047762,38.945662],[-77.04707,38.945692],[-77.04624,38.945452],[-77.046022,38.94547],[-77.045678,38.945719],[-77.045182,38.946619],[-77.04415,38.947791],[-77.044044,38.948218],[-77.044106,38.948418],[-77.044465,38.948613],[-77.044745,38.948594],[-77.044961,38.948346],[-77.046998,38.948502],[-77.047057,38.94965],[-77.044988,38.951239],[-77.042186,38.954585],[-77.042148,38.957867],[-77.040503,38.959586],[-77.042193,38.960394],[-77.038708,38.959721],[-77.039788,38.957243],[-77.038538,38.956043],[-77.036398,38.956212],[-77.036415,38.952535],[-77.036424,38.94826],[-77.036441,38.941874],[-77.036445,38.938231],[-77.03743,38.937852],[-77.038621,38.937211],[-77.040928,38.936285],[-77.045414,38.935879],[-77.048297,38.934804],[-77.047878,38.936966],[-77.051983,38.937713],[-77.051539,38.93967]]]}},{"type":"Feature","properties":{"GEOID":"11001010800","STATEFP":"11","COUNTYFP":"001","TRACTCE":"010800","NAMELSAD":"Census Tract 108","NAMELSADCO":"District of Columbia","STATE_NAME":"District of Columbia"},"geometry":{"type":"Polygon","coordinates":[[[-77.050131,38.899574],[-77.05012,38.901987],[-77.049566,38.902175],[-77.043462,38.900202],[-77.03946,38.898813],[-77.039473,38.897356],[-77.039481,38.8921],[-77.040676,38.8921],[-77.043474,38.893514],[-77.046682,38.895316],[-77.048023,38.896017],[-77.050117,38.896024],[-77.050135,38.898327],[-77.050131,38.899574]]]}},{"type":"Feature","properties":{"GEOID":"11001007604","STATEFP":"11","COUNTYFP":"001","TRACTCE":"007604","NAMELSAD":"Census Tract 76.04","NAMELSADCO":"District of Columbia","STATE_NAME":"District of Columbia"},"geometry":{"type":"Polygon","coordinates":[[[-76.971334,38.873909],[-76.970531,38.873522],[-76.969821,38.87313],[-76.967771,38.872308],[-76.964772,38.871087],[-76.960383,38.869291],[-76.953001,38.866279],[-76.951324,38.865594],[-76.955822,38.863836],[-76.956674,38.86259],[-76.957405,38.862269],[-76.959,38.861923],[-76.96221,38.861647],[-76.964771,38.860719],[-76.96712,38.859819],[-76.968195,38.858906],[-76.968213,38.860252],[-76.968769,38.860664],[-76.970817,38.86472],[-76.970213,38.866276],[-76.970221,38.867212],[-76.970692,38.868247],[-76.97094,38.868762],[-76.970966,38.873304],[-76.971334,38.873909]]]}},{"type":"Feature","properties":{"GEOID":"11001008301","STATEFP":"11","COUNTYFP":"001","TRACTCE":"008301","NAMELSAD":"Census Tract 83.01","NAMELSADCO":"District of Columbia","STATE_NAME":"District of Columbia"},"geometry":{"type":"Polygon","coordinates":[[[-77.003566,38.900207],[-76.998442,38.900204],[-76.998448,38.897332],[-76.998454,38.893965],[-76.99845,38.893082],[-77.000573,38.893088],[-77.000824,38.894117],[-77.00351,38.895207],[-77.003509,38.897337],[-77.003566,38.900207]]]}},{"type":"Feature","properties":{"GEOID":"11001009504","STATEFP":"11","COUNTYFP":"001","TRACTCE":"009504","NAMELSAD":"Census Tract 95.04","NAMELSADCO":"District of Columbia","STATE_NAME":"District of Columbia"},"geometry":{"type":"Polygon","coordinates":[[[-77.000043,38.94627],[-76.99705,38.94627],[-76.988895,38.946269],[-76.988316,38.944234],[-76.988307,38.940723],[-76.988315,38.938224],[-76.988841,38.934628],[-76.994329,38.933902],[-76.994837,38.933746],[-76.997642,38.940732],[-77.000043,38.94627]]]}},{"type":"Feature","properties":{"GEOID":"11001005801","STATEFP":"11","COUNTYFP":"001","TRACTCE":"005801","NAMELSAD":"Census Tract 58.01","NAMELSADCO":"District of Columbia","STATE_NAME":"District of Columbia"},"geometry":{"type":"Polygon","coordinates":[[[-77.021917,38.896132],[-77.021915,38.902101],[-77.018927,38.901124],[-77.018931,38.899809],[-77.018926,38.896128],[-77.019007,38.894679],[-77.019899,38.892759],[-77.021919,38.893295],[-77.021917,38.896132]]]}},{"type":"Feature","properties":{"GEOID":"11001009700","STATEFP":"11","COUNTYFP":"001","TRACTCE":"009700","NAMELSAD":"Census Tract 97","NAMELSADCO":"District of Columbia","STATE_NAME":"District of Columbia"},"geometry":{"type":"Polygon","coordinates":[[[-76.99275,38.830909],[-76.99091,38.832349],[-76.989484,38.833462],[-76.990808,38.834332],[-76.992205,38.835311],[-76.993505,38.837482],[-76.988731,38.838594],[-76.987184,38.83634],[-76.9849693143039,38.8338325496209],[-76.9873306495444,38.8321153937896],[-76.9890405411314,38.830871965809],[-76.9913437397798,38.8291970867314],[-76.994889,38.829204],[-76.99275,38.830909]]]}},{"type":"Feature","properties":{"GEOID":"11001007203","STATEFP":"11","COUNTYFP":"001","TRACTCE":"007203","NAMELSAD":"Census Tract 72.03","NAMELSADCO":"District of Columbia","STATE_NAME":"District of Columbia"},"geometry":{"type":"Polygon","coordinates":[[[-77.005736,38.880846],[-77.003521,38.880775],[-77.002051,38.88048],[-76.998821,38.879577],[-76.996186,38.878902],[-76.991537,38.877773],[-76.991537,38.877706],[-76.991557,38.876497],[-76.997773,38.87648],[-76.999519,38.876482],[-77.002038,38.87648],[-77.004202,38.876481],[-77.004542,38.877529],[-77.005178,38.879292],[-77.005736,38.880846]]]}},{"type":"Feature","properties":{"GEOID":"11001000102","STATEFP":"11","COUNTYFP":"001","TRACTCE":"000102","NAMELSAD":"Census Tract 1.02","NAMELSADCO":"District of Columbia","STATE_NAME":"District of Columbia"},"geometry":{"type":"Polygon","coordinates":[[[-77.0693711968326,38.9003662511312],[-77.065936,38.901126],[-77.0628,38.901064],[-77.062811,38.905177],[-77.062846,38.906414],[-77.063448,38.907609],[-77.063582,38.90786],[-77.064904,38.91036],[-77.065139,38.910806],[-77.067824,38.915804],[-77.068752,38.916966],[-77.066894,38.918656],[-77.059084,38.918313],[-77.058258,38.917716],[-77.058201,38.917675],[-77.058798,38.915833],[-77.055187,38.912993],[-77.052526,38.911993],[-77.051153,38.910799],[-77.051204,38.910777],[-77.051838,38.910615],[-77.05714,38.910544],[-77.057073,38.907692],[-77.057012,38.905232],[-77.055429,38.905254],[-77.055953,38.904549],[-77.057559,38.902752],[-77.057668,38.902543],[-77.058538,38.901036],[-77.056653,38.897669],[-77.056637,38.894789],[-77.055942,38.893082],[-77.063252,38.891775],[-77.0646579445255,38.8918438452555],[-77.067299,38.899211],[-77.068199,38.899811],[-77.0693711968326,38.9003662511312]]]}},{"type":"Feature","properties":{"GEOID":"11001001500","STATEFP":"11","COUNTYFP":"001","TRACTCE":"001500","NAMELSAD":"Census Tract 15","NAMELSADCO":"District of Columbia","STATE_NAME":"District of Columbia"},"geometry":{"type":"Polygon","coordinates":[[[-77.0716409840087,38.9717775427368],[-77.0689510030664,38.9738455907718],[-77.0666905196187,38.9755834426199],[-77.0625646528884,38.9787553946774],[-77.054299,38.98511],[-77.0529374996208,38.9861336844956],[-77.0522200614323,38.986673111705],[-77.0516625043104,38.9870923275862],[-77.045758,38.984151],[-77.042378,38.983979],[-77.039959,38.982466],[-77.040395,38.981033],[-77.042359,38.979987],[-77.043558,38.980663],[-77.0446,38.979982],[-77.043754,38.978272],[-77.039864,38.976377],[-77.039423,38.973944],[-77.039889,38.972834],[-77.041183,38.971201],[-77.044407,38.970997],[-77.046714,38.967749],[-77.047606,38.965044],[-77.046275,38.963104],[-77.043521,38.961365],[-77.046246,38.960384],[-77.050778,38.961903],[-77.056201,38.961013],[-77.056191,38.963635],[-77.059129,38.96588],[-77.062046,38.965813],[-77.06841,38.96581],[-77.070141,38.969697],[-77.070182,38.969763],[-77.0716409840087,38.9717775427368]]]}},{"type":"Feature","properties":{"GEOID":"11001005303","STATEFP":"11","COUNTYFP":"001","TRACTCE":"005303","NAMELSAD":"Census Tract 53.03","NAMELSADCO":"District of Columbia","STATE_NAME":"District of Columbia"},"geometry":{"type":"Polygon","coordinates":[[[-77.042977,38.910142],[-77.04167,38.911534],[-77.038486,38.911126],[-77.036518,38.911124],[-77.036524,38.909642],[-77.036529,38.907459],[-77.036185,38.907132],[-77.03653,38.907021],[-77.036868,38.907353],[-77.038495,38.907925],[-77.042716,38.90939],[-77.042649,38.909643],[-77.042977,38.910142]]]}},{"type":"Feature","properties":{"GEOID":"11001009511","STATEFP":"11","COUNTYFP":"001","TRACTCE":"009511","NAMELSAD":"Census Tract 95.11","NAMELSADCO":"District of Columbia","STATE_NAME":"District of Columbia"},"geometry":{"type":"Polygon","coordinates":[[[-77.008034,38.942381],[-77.005946,38.941314],[-77.005414,38.940961],[-76.99967,38.940741],[-76.997642,38.940732],[-76.994837,38.933746],[-76.996184,38.93316],[-77.000982,38.931215],[-77.002132,38.936155],[-77.004144,38.936808],[-77.006359,38.936592],[-77.008313,38.940626],[-77.008034,38.942381]]]}},{"type":"Feature","properties":{"GEOID":"11001004300","STATEFP":"11","COUNTYFP":"001","TRACTCE":"004300","NAMELSAD":"Census Tract 43","NAMELSADCO":"District of Columbia","STATE_NAME":"District of Columbia"},"geometry":{"type":"Polygon","coordinates":[[[-77.036502,38.916289],[-77.036492,38.917002],[-77.036496,38.919145],[-77.034726,38.919179],[-77.033895,38.91964],[-77.031941,38.920064],[-77.031951,38.916998],[-77.031951,38.914094],[-77.034545,38.914092],[-77.036509,38.914093],[-77.036502,38.916289]]]}},{"type":"Feature","properties":{"GEOID":"11001009902","STATEFP":"11","COUNTYFP":"001","TRACTCE":"009902","NAMELSAD":"Census Tract 99.02","NAMELSADCO":"District of Columbia","STATE_NAME":"District of Columbia"},"geometry":{"type":"Polygon","coordinates":[[[-76.953001,38.866279],[-76.949791,38.867902],[-76.948511,38.871309],[-76.948079,38.874471],[-76.949187,38.877888],[-76.948208,38.879533],[-76.945772,38.880869],[-76.944864,38.879093],[-76.942981,38.877043],[-76.9349713257387,38.8728417778189],[-76.9359441963954,38.8720799964498],[-76.9394901437423,38.8693034334956],[-76.9436412723316,38.8660529989201],[-76.9467019673844,38.8636564003058],[-76.9467461839551,38.8636217776563],[-76.951324,38.865594],[-76.953001,38.866279]]]}},{"type":"Feature","properties":{"GEOID":"11001001803","STATEFP":"11","COUNTYFP":"001","TRACTCE":"001803","NAMELSAD":"Census Tract 18.03","NAMELSADCO":"District of Columbia","STATE_NAME":"District of Columbia"},"geometry":{"type":"Polygon","coordinates":[[[-77.046714,38.967749],[-77.044407,38.970997],[-77.041183,38.971201],[-77.039889,38.972834],[-77.037462,38.973055],[-77.036371,38.972269],[-77.033416,38.972263],[-77.033418,38.967566],[-77.033418,38.96685],[-77.033419,38.965429],[-77.033425,38.962042],[-77.034796,38.962241],[-77.03642,38.962592],[-77.040266,38.963035],[-77.043461,38.961395],[-77.043521,38.961365],[-77.046275,38.963104],[-77.047606,38.965044],[-77.046714,38.967749]]]}},{"type":"Feature","properties":{"GEOID":"11001007408","STATEFP":"11","COUNTYFP":"001","TRACTCE":"007408","NAMELSAD":"Census Tract 74.08","NAMELSADCO":"District of Columbia","STATE_NAME":"District of Columbia"},"geometry":{"type":"Polygon","coordinates":[[[-76.974638,38.854998],[-76.975447,38.856314],[-76.975212,38.856528],[-76.973416,38.855345],[-76.971751,38.856906],[-76.969972,38.855822],[-76.969977,38.855119],[-76.970048,38.852724],[-76.966255,38.85047],[-76.965688,38.852406],[-76.9634722062731,38.8506686036258],[-76.9654382741178,38.8490912382374],[-76.968793,38.849267],[-76.97276,38.851201],[-76.974335,38.852631],[-76.975898,38.853628],[-76.974638,38.854998]]]}},{"type":"Feature","properties":{"GEOID":"11001009204","STATEFP":"11","COUNTYFP":"001","TRACTCE":"009204","NAMELSAD":"Census Tract 92.04","NAMELSADCO":"District of Columbia","STATE_NAME":"District of Columbia"},"geometry":{"type":"Polygon","coordinates":[[[-77.002993,38.925243],[-77.002444,38.925594],[-76.996173,38.925582],[-76.994966,38.925582],[-76.994484,38.925582],[-76.994943,38.923983],[-76.996033,38.921383],[-77.000569,38.919761],[-77.000569,38.922985],[-77.00057,38.923439],[-77.003556,38.923429],[-77.002993,38.925243]]]}},{"type":"Feature","properties":{"GEOID":"11001008804","STATEFP":"11","COUNTYFP":"001","TRACTCE":"008804","NAMELSAD":"Census Tract 88.04","NAMELSADCO":"District of Columbia","STATE_NAME":"District of Columbia"},"geometry":{"type":"Polygon","coordinates":[[[-76.986951,38.909446],[-76.985773,38.910474],[-76.978167,38.917282],[-76.975127,38.914133],[-76.976327,38.912642],[-76.977366,38.909586],[-76.978838,38.907271],[-76.979175,38.906736],[-76.980922,38.904009],[-76.982276,38.90498],[-76.984393,38.90588],[-76.988831,38.907777],[-76.986951,38.909446]]]}},{"type":"Feature","properties":{"GEOID":"11001000704","STATEFP":"11","COUNTYFP":"001","TRACTCE":"000704","NAMELSAD":"Census Tract 7.04","NAMELSADCO":"District of Columbia","STATE_NAME":"District of Columbia"},"geometry":{"type":"Polygon","coordinates":[[[-77.079572,38.933487],[-77.077048,38.933488],[-77.072415,38.933484],[-77.07265,38.931871],[-77.073162,38.928611],[-77.073188,38.926182],[-77.073858,38.925586],[-77.077048,38.925744],[-77.077048,38.926183],[-77.077052,38.929019],[-77.077009,38.931412],[-77.079765,38.933432],[-77.079572,38.933487]]]}},{"type":"Feature","properties":{"GEOID":"11001004600","STATEFP":"11","COUNTYFP":"001","TRACTCE":"004600","NAMELSAD":"Census Tract 46","NAMELSADCO":"District of Columbia","STATE_NAME":"District of Columbia"},"geometry":{"type":"Polygon","coordinates":[[[-77.018109,38.914646],[-77.016757,38.914075],[-77.014085,38.912935],[-77.012157,38.912117],[-77.009026,38.910783],[-77.009002,38.907274],[-77.01216,38.906269],[-77.014814,38.905417],[-77.015908,38.908574],[-77.017764,38.913718],[-77.017799,38.91382],[-77.018109,38.914646]]]}},{"type":"Feature","properties":{"GEOID":"11001009102","STATEFP":"11","COUNTYFP":"001","TRACTCE":"009102","NAMELSAD":"Census Tract 91.02","NAMELSADCO":"District of Columbia","STATE_NAME":"District of Columbia"},"geometry":{"type":"Polygon","coordinates":[[[-76.998929,38.91557],[-76.996033,38.921383],[-76.988001,38.923866],[-76.985623,38.92462],[-76.97913,38.927709],[-76.979001,38.927481],[-76.978998,38.924509],[-76.979006,38.919894],[-76.978565,38.919355],[-76.978167,38.917282],[-76.980806,38.917184],[-76.992663,38.913034],[-77.00173,38.909978],[-76.998929,38.91557]]]}},{"type":"Feature","properties":{"GEOID":"11001006801","STATEFP":"11","COUNTYFP":"001","TRACTCE":"006801","NAMELSAD":"Census Tract 68.01","NAMELSADCO":"District of Columbia","STATE_NAME":"District of Columbia"},"geometry":{"type":"Polygon","coordinates":[[[-76.983645,38.889801],[-76.980764,38.8898],[-76.977257,38.889798],[-76.97726,38.884556],[-76.980766,38.885949],[-76.983653,38.887086],[-76.983645,38.889801]]]}},{"type":"Feature","properties":{"GEOID":"11001005502","STATEFP":"11","COUNTYFP":"001","TRACTCE":"005502","NAMELSAD":"Census Tract 55.02","NAMELSADCO":"District of Columbia","STATE_NAME":"District of Columbia"},"geometry":{"type":"Polygon","coordinates":[[[-77.048797,38.909634],[-77.048733,38.911414],[-77.046574,38.91403],[-77.046088,38.914434],[-77.045157,38.912606],[-77.043604,38.910246],[-77.042977,38.910142],[-77.042649,38.909643],[-77.042716,38.90939],[-77.04391,38.909145],[-77.045684,38.907242],[-77.046639,38.907245],[-77.048806,38.907238],[-77.048797,38.909634]]]}}]}