GEOID,claim_count,claims_per_1000_residents,total_claim_payments,claim_payments_per_capita,average_payment_per_claim,building_payments,contents_payments,icc_payments
22069000900,27,5.63,760873.0,158.78,28180.48,683674.0,77199.0,0.0
48201551800,228,50.8,17596414.0,3920.77,77177.25,13696068.0,3900346.0,0.0
06073007302,1,0.47,3166.0,1.49,3166.0,3166.0,0.0,0.0
48201541800,30,4.83,1208648.0,194.54,40288.27,971032.0,237616.0,0.0
48157673500,4,0.52,30576.0,3.95,7644.0,30576.0,0.0,0.0
48201551200,16,2.26,392741.0,55.42,24546.31,313817.0,78924.0,0.0
48201510900,32,4.6,1085873.0,155.97,33933.53,962071.0,123802.0,0.0
22083970500,53,10.19,2210392.0,425.16,41705.51,1902786.0,307606.0,0.0
22015010602,10,3.01,133413.0,40.12,13341.3,130918.0,2495.0,0.0
48201241102,14,1.11,404939.0,32.0,28924.21,353171.0,51768.0,0.0
48201423301,48,10.13,2171583.0,458.33,45241.31,1964439.0,207144.0,0.0
22103040502,46,10.82,4634456.0,1089.95,100749.04,3324680.0,1309776.0,0.0
06073003003,1,0.19,51707.0,10.04,51707.0,51707.0,0.0,0.0
22073011000,42,7.82,2361832.0,439.66,56234.1,1955092.0,406740.0,0.0
48039662000,3,0.55,58365.0,10.66,19455.0,26272.0,32093.0,0.0
48201532400,338,51.44,17592897.0,2677.35,52049.99,14131669.0,3461228.0,0.0
01089010702,1,0.12,31708.0,3.74,31708.0,25856.0,5852.0,0.0
22073010603,79,9.85,3743802.0,466.63,47389.9,3226577.0,517225.0,0.0
22017024400,31,6.21,1452932.0,290.99,46868.77,1248397.0,204535.0,0.0
22103040706,55,9.65,2089727.0,366.62,37995.04,1652114.0,437613.0,0.0
48201240502,57,11.8,9852758.0,2039.06,172855.4,9745834.0,106924.0,0.0
48201222401,55,18.02,1399072.0,458.26,25437.67,1156005.0,243067.0,0.0
48201451800,2,0.35,10226.0,1.77,5113.0,10226.0,0.0,0.0
01003011300,1,0.22,2636.0,0.57,2636.0,2636.0,0.0,0.0
28067950402,4,0.81,61665.0,12.47,15416.25,46027.0,15638.0,0.0
22073010203,14,,884627.0,,63187.64,824078.0,60549.0,0.0
37047931300,1,0.21,5597.0,1.17,5597.0,3990.0,1607.0,0.0
48201553700,60,15.14,8653103.0,2182.92,144218.38,6942750.0,1710353.0,0.0
22015011002,54,11.61,1785504.0,383.98,33064.89,1543474.0,242030.0,0.0
48201423000,56,9.66,2960738.0,510.91,52870.32,2771000.0,189738.0,0.0
48201552900,9,1.1,691134.0,84.21,76792.67,502140.0,188994.0,0.0
48201542000,35,2.27,1269478.0,82.27,36270.8,1121000.0,148478.0,0.0
22105953900,42,4.88,2497290.0,289.88,59459.29,2401267.0,96023.0,0.0
48085030802,1,0.19,882.0,0.17,882.0,882.0,0.0,0.0
48201551400,13,2.45,635047.0,119.87,48849.77,553205.0,81842.0,0.0
22105954800,56,11.01,3043034.0,598.43,54339.89,2172343.0,870691.0,0.0
48201540502,288,55.35,22448650.0,4314.56,77946.7,16482913.0,5965737.0,0.0
48201221600,82,8.43,2287647.0,235.16,27898.13,1914457.0,373190.0,0.0
48201540902,94,13.29,9676909.0,1368.53,102945.84,7232373.0,2444536.0,0.0
22069000800,12,2.83,665696.0,156.82,55474.67,545369.0,120327.0,0.0
37119006007,1,0.14,2395.0,0.33,2395.0,2395.0,0.0,0.0
48201555502,13,0.58,1052005.0,46.62,80923.46,742211.0,309794.0,0.0
06115041000,1,0.13,11953.0,1.61,11953.0,11953.0,0.0,0.0
45023020900,1,0.41,25156.0,10.24,25156.0,20803.0,4353.0,0.0
48201542700,15,2.98,1105624.0,219.67,73708.27,869972.0,235652.0,0.0
48201450900,11,3.89,159686.0,56.53,14516.91,146134.0,13552.0,0.0
22017022400,1,0.31,8605.0,2.65,8605.0,8605.0,0.0,0.0
22073005400,5,2.59,158015.0,81.96,31603.0,135444.0,22571.0,0.0
22103040205,95,,8252582.0,,86869.28,6089728.0,2162854.0,0.0
13121010511,1,0.13,1111.0,0.14,1111.0,1111.0,0.0,0.0
22073000500,6,2.07,110203.0,37.95,18367.17,93259.0,16944.0,0.0
45019002006,3,0.6,3987.0,0.79,1329.0,3987.0,0.0,0.0
37055970502,62,14.66,407354.0,96.3,6570.23,401641.0,5713.0,0.0
37021001900,1,0.3,59412.0,17.71,59412.0,55526.0,3886.0,0.0
22063040202,24,5.32,755535.0,167.45,31480.62,706563.0,48972.0,0.0
22073000402,14,4.58,369652.0,121.04,26403.71,326627.0,43025.0,0.0
48201422601,15,,621800.0,,41453.33,551287.0,70513.0,0.0
48201554501,111,19.45,13400319.0,2348.46,120723.59,10538571.0,2861748.0,0.0
22073000100,180,34.17,8079123.0,1533.62,44884.02,7054975.0,1024148.0,0.0
22105954101,15,2.89,518204.0,99.71,34546.93,492933.0,25271.0,0.0
13099090500,12,6.34,458529.0,242.35,38210.75,375163.0,83366.0,0.0
48201553600,9,1.26,548985.0,76.62,60998.33,454446.0,94539.0,0.0
48201553200,74,11.54,4691963.0,731.4,63404.91,3574414.0,1117549.0,0.0
13215001100,1,0.38,17984.0,6.87,17984.0,6662.0,11322.0,0.0
13013180103,1,0.21,0.0,0.0,0.0,0.0,0.0,0.0
22103040104,10,1.5,529471.0,79.57,52947.1,460200.0,69271.0,0.0
01009050700,1,0.11,13171.0,1.49,13171.0,13171.0,0.0,0.0
22063040401,2,0.26,50713.0,6.56,25356.5,22053.0,28660.0,0.0
48201430400,21,6.38,914646.0,277.67,43554.57,857790.0,56856.0,0.0
48201552200,33,4.98,1522003.0,229.84,46121.3,1246561.0,275442.0,0.0
22117950700,16,3.17,1153247.0,228.46,72077.94,836734.0,316513.0,0.0
48339692804,1,,117689.0,,117689.0,117689.0,0.0,0.0
22117950600,30,6.63,1480936.0,327.06,49364.53,1260202.0,220734.0,0.0
48201251501,2,0.35,16040.0,2.79,8020.0,13545.0,2495.0,0.0
22115950400,3,0.85,77851.0,22.09,25950.33,71499.0,6352.0,0.0
48201555303,10,1.47,517131.0,76.24,51713.1,465122.0,52009.0,0.0
48361020200,73,19.52,3218397.0,860.53,44087.63,2533476.0,684921.0,0.0
22017024504,21,3.2,877859.0,133.68,41802.81,765411.0,112448.0,0.0
48183010201,2,,162859.0,,81429.5,138060.0,24799.0,0.0
48201550700,57,18.02,2316344.0,732.33,40637.61,1771123.0,545221.0,0.0
48029181301,1,0.2,3922.0,0.79,3922.0,3922.0,0.0,0.0
22073010604,26,13.18,1024761.0,519.39,39413.88,857761.0,167000.0,0.0
45051060101,6,1.75,29618.0,8.64,4936.33,24279.0,5339.0,0.0
48201420800,64,26.82,4645022.0,1946.78,72578.47,4128921.0,516101.0,0.0
22067950600,22,7.72,1445526.0,507.38,65705.73,1397762.0,47764.0,0.0
48201532700,249,45.35,20030622.0,3647.9,80444.27,15342515.0,4688107.0,0.0
22073010900,212,42.29,9191011.0,1833.44,43353.83,7777039.0,1413972.0,0.0
48201421500,23,3.82,831446.0,137.95,36149.83,831446.0,0.0,0.0
48201430800,42,7.98,1635631.0,310.66,38943.6,1352076.0,283555.0,0.0
22025000300,40,13.59,686217.0,233.17,17155.42,567941.0,118276.0,0.0
22063040902,14,2.71,198787.0,38.41,14199.07,192936.0,5851.0,0.0
22071007606,3,0.73,25281.0,6.12,8427.0,25243.0,38.0,0.0
22073001400,4,1.46,103640.0,37.92,25910.0,96121.0,7519.0,0.0
48201552500,19,1.7,546758.0,48.78,28776.74,473656.0,73102.0,0.0
22015011003,34,,1919796.0,,56464.59,1434227.0,485569.0,0.0
48201534001,14,4.83,306225.0,105.7,21873.21,282991.0,23234.0,0.0
48201241000,23,2.53,717242.0,78.88,31184.43,560094.0,157148.0,0.0
48481740100,31,5.23,1616950.0,273.04,52159.68,1307273.0,309677.0,0.0
48339690402,27,1.57,976413.0,56.64,36163.44,864038.0,112375.0,0.0
48201542800,72,9.55,5659502.0,750.9,78604.19,4730110.0,929392.0,0.0
28151000702,24,6.53,1061330.0,288.8,44222.08,911838.0,149492.0,0.0
22073010204,116,,6539958.0,,56378.95,5983621.0,556337.0,0.0
13121001800,5,1.12,862364.0,193.53,172472.8,862364.0,0.0,0.0
48201251100,52,6.7,1682728.0,216.68,32360.15,1379759.0,302969.0,0.0
48339692602,14,1.06,503991.0,38.06,35999.36,405453.0,98538.0,0.0
22115950300,34,7.72,2053073.0,466.29,60384.5,1651094.0,401979.0,0.0
22079010400,14,6.0,1125981.0,482.84,80427.21,868631.0,257350.0,0.0
28095950501,2,0.54,39622.0,10.73,19811.0,39622.0,0.0,0.0
48201251901,3,0.29,25231.0,2.45,8410.33,25231.0,0.0,0.0
48201540904,45,,4939272.0,,109761.6,3632775.0,1306497.0,0.0
22103040308,34,,2061134.0,,60621.59,1361028.0,700106.0,0.0
48201552702,29,,5910556.0,,203812.28,5680533.0,230023.0,0.0
48201553201,5,,248932.0,,49786.4,207975.0,40957.0,0.0
48473680601,3,,112833.0,,37611.0,75703.0,37130.0,0.0
22005030103,11,1.7,96864.0,15.0,8805.82,91486.0,5378.0,0.0
48201422600,208,28.73,8388310.0,1158.45,40328.41,7541985.0,846325.0,0.0
48245011400,6,0.79,356695.0,47.06,59449.17,283111.0,73584.0,0.0
48201553100,77,12.35,5898095.0,945.66,76598.64,4608236.0,1289859.0,0.0
22021000100,61,26.18,1504986.0,645.92,24671.9,1294335.0,210651.0,0.0
48439110906,1,0.21,4111.0,0.88,4111.0,4111.0,0.0,0.0
01051031200,3,1.63,29173.0,15.89,9724.33,23951.0,5222.0,0.0
22103040201,58,5.92,3602334.0,367.89,62109.21,2750729.0,851605.0,0.0
01043965401,1,0.33,18532.0,6.07,18532.0,18532.0,0.0,0.0
48201412700,29,8.34,1081713.0,311.02,37300.45,1021123.0,60590.0,0.0
28151001400,43,12.0,553081.0,154.32,12862.35,532377.0,20704.0,0.0
48201432801,2,0.4,491023.0,97.83,245511.5,491023.0,0.0,0.0
48201552700,27,3.31,2175954.0,266.37,80590.89,1819162.0,356792.0,0.0
37021002000,15,2.55,579331.0,98.61,38622.07,509069.0,70262.0,0.0
22111960600,22,6.89,913772.0,286.09,41535.09,833921.0,79851.0,0.0
48201522100,14,1.94,556674.0,77.19,39762.43,488267.0,68407.0,0.0
48201412900,76,16.5,6043766.0,1312.15,79523.24,5657249.0,386517.0,0.0
12095017108,1,0.11,0.0,0.0,0.0,0.0,0.0,0.0
48201553002,54,10.9,4643779.0,937.38,85995.91,3618743.0,1025036.0,0.0
22047952900,1,0.17,5928.0,0.99,5928.0,5928.0,0.0,0.0
22063040101,5,,53222.0,,10644.4,30603.0,22619.0,0.0
48351950200,20,3.74,1151566.0,215.17,57578.3,883340.0,268226.0,0.0
48473680300,29,2.78,1366199.0,130.87,47110.31,1082532.0,283667.0,0.0
48473680200,55,5.38,2858989.0,279.58,51981.62,2303021.0,555968.0,0.0
48201421000,5,1.82,129373.0,47.11,25874.6,100808.0,28565.0,0.0
22111960300,62,22.11,3026822.0,1079.47,48819.71,2485360.0,541462.0,0.0
06037139703,1,0.34,0.0,0.0,0.0,0.0,0.0,0.0
48201450600,30,6.85,1163673.0,265.68,38789.1,1017743.0,145930.0,0.0
48201543100,14,4.18,922748.0,275.61,65910.57,674046.0,248702.0,0.0
12099007739,15,5.19,259331.0,89.76,17288.73,243185.0,16146.0,0.0
22103040203,28,,1940079.0,,69288.54,1389860.0,550219.0,0.0
22103040204,21,,1291905.0,,61519.29,799586.0,492319.0,0.0
22103040305,55,4.33,4177415.0,328.59,75953.0,2805516.0,1371899.0,0.0
48245011201,22,2.65,693514.0,83.44,31523.36,601292.0,92222.0,0.0
48201453401,11,3.44,236964.0,74.19,21542.18,210958.0,26006.0,0.0
48015760200,17,2.95,902062.0,156.53,53062.47,668181.0,233881.0,0.0
48339691602,7,1.25,111732.0,19.89,15961.71,101358.0,10374.0,0.0
48113013005,1,0.32,0.0,0.0,0.0,0.0,0.0,0.0
48201556000,16,2.01,611419.0,76.83,38213.69,568423.0,42996.0,0.0
48157673200,34,2.85,2075211.0,173.96,61035.62,1477926.0,597285.0,0.0
48157673101,20,0.33,1564307.0,25.59,78215.35,1139945.0,424362.0,0.0
48201552602,139,22.68,14730273.0,2403.77,105973.19,10793090.0,3937183.0,0.0
22063040802,18,2.99,267767.0,44.44,14875.94,238468.0,29299.0,0.0
48201241300,18,1.54,906099.0,77.64,50338.83,711583.0,194516.0,0.0
22073005500,99,29.86,9544759.0,2879.26,96411.71,8442801.0,1101958.0,0.0
48351950400,68,17.89,7026445.0,1848.09,103330.07,5424891.0,1601554.0,0.0
22063040100,34,3.32,1307880.0,127.75,38467.06,1121720.0,186160.0,0.0
37019020310,1,0.42,3478.0,1.46,3478.0,3478.0,0.0,0.0
22111960400,3,0.82,82671.0,22.58,27557.0,72210.0,10461.0,0.0
48339692500,17,1.88,739640.0,81.76,43508.24,533835.0,205805.0,0.0
48201430200,8,4.89,278259.0,170.08,34782.38,216559.0,61700.0,0.0
22105954600,143,11.04,7610555.0,587.6,53220.66,5674583.0,1935972.0,0.0
48201532502,173,30.94,6590432.0,1178.55,38094.98,5433598.0,1156834.0,0.0
48201554410,10,,391739.0,,39173.9,289982.0,101757.0,0.0
13151070111,1,0.11,0.0,0.0,0.0,0.0,0.0,0.0
48201450400,10,1.99,665357.0,132.2,66535.7,612876.0,52481.0,0.0
48201543001,6,0.5,195372.0,16.16,32562.0,136236.0,59136.0,0.0
48201540901,55,22.21,5114450.0,2065.61,92990.0,3812825.0,1301625.0,0.0
22073010201,154,28.37,11111168.0,2046.63,72150.44,10656061.0,455107.0,0.0
22085000701,1,,124888.0,,124888.0,90164.0,34724.0,0.0
48201420700,211,64.45,19687478.0,6013.28,93305.58,16669342.0,3018136.0,0.0
22017024301,12,1.67,484432.0,67.56,40369.33,403865.0,80567.0,0.0
48201222700,14,2.58,680940.0,125.59,48638.57,567243.0,113697.0,0.0
28151000300,19,5.82,368712.0,112.93,19405.89,315789.0,52923.0,0.0
48221160205,1,0.15,17041.0,2.55,17041.0,17041.0,0.0,0.0
48201450801,14,7.73,921285.0,508.44,65806.07,716952.0,204333.0,0.0
48157671900,4,1.0,17878.0,4.49,4469.5,17817.0,61.0,0.0
48201422900,73,15.63,3013601.0,645.17,41282.21,2645719.0,367882.0,0.0
48201540601,90,20.49,8774819.0,1997.45,97497.99,5840978.0,2933841.0,0.0
48201240802,35,7.04,1154105.0,231.98,32974.43,972187.0,181918.0,0.0
48201550900,12,1.38,366987.0,42.33,30582.25,301457.0,65530.0,0.0
45079011411,1,0.27,0.0,0.0,0.0,0.0,0.0,0.0
48201543002,29,1.78,1906729.0,117.19,65749.28,1335700.0,571029.0,0.0
48339690201,10,0.91,658578.0,60.23,65857.8,450815.0,207763.0,0.0
28035000900,1,0.25,0.0,0.0,0.0,0.0,0.0,0.0
22015011004,22,,425896.0,,19358.91,358740.0,67156.0,0.0
22103040400,39,4.72,2282049.0,276.01,58514.08,1850340.0,431709.0,0.0
22011960600,11,3.22,857445.0,251.38,77949.55,679017.0,178428.0,0.0
22073000200,131,25.41,5628655.0,1091.88,42966.83,5074629.0,554026.0,0.0
48339692900,7,1.41,183596.0,36.85,26228.0,109331.0,74265.0,0.0
28035010202,3,,59803.0,,19934.33,59803.0,0.0,0.0
48339692400,14,1.39,392581.0,39.11,28041.5,323683.0,68898.0,0.0
22105953800,20,3.91,776093.0,151.82,38804.65,625902.0,150191.0,0.0
12031013902,54,10.16,1262545.0,237.54,23380.46,1032828.0,229717.0,0.0
13177020402,38,4.6,1137388.0,137.71,29931.26,955735.0,181653.0,0.0
48201453501,9,1.37,112966.0,17.16,12551.78,103843.0,9123.0,0.0
01089011013,1,0.2,0.0,0.0,0.0,0.0,0.0,0.0
48201230800,1,0.42,132390.0,56.07,132390.0,67413.0,64977.0,0.0
48201552402,16,,1203677.0,,75229.81,910879.0,292798.0,0.0
12099007203,4,0.68,50925.0,8.63,12731.25,50925.0,0.0,0.0
22063040806,6,0.85,53719.0,7.61,8953.17,53719.0,0.0,0.0
22071001745,7,2.01,37295.0,10.7,5327.86,36484.0,811.0,0.0
37021002301,1,0.16,4902.0,0.8,4902.0,4887.0,15.0,0.0
22015011001,96,11.42,3793517.0,451.34,39515.8,3240600.0,552917.0,0.0
48201412400,9,1.95,292629.0,63.44,32514.33,262288.0,30341.0,0.0
48201450700,47,6.85,1811795.0,264.11,38548.83,1398363.0,413432.0,0.0
28073020100,2,0.24,39847.0,4.71,19923.5,39847.0,0.0,0.0
12086011008,1,0.23,0.0,0.0,0.0,0.0,0.0,0.0
13089023427,1,0.34,25958.0,8.84,25958.0,19315.0,6643.0,0.0
01019955800,1,0.19,1089.0,0.21,1089.0,1089.0,0.0,0.0
13121011303,3,0.32,9428.0,1.01,3142.67,5060.0,4368.0,0.0
48201410701,1,0.24,4034.0,0.97,4034.0,4034.0,0.0,0.0
48201552301,105,26.05,5851277.0,1451.93,55726.45,4635423.0,1215854.0,0.0
22073005100,25,11.88,582015.0,276.49,23280.6,557554.0,24461.0,0.0
48201533802,23,3.38,751906.0,110.38,32691.57,652905.0,99001.0,0.0
28049010902,1,0.56,2076.0,1.16,2076.0,2076.0,0.0,0.0
48199030200,8,1.39,547793.0,94.97,68474.12,395552.0,152241.0,0.0
48339690101,6,,87801.0,,14633.5,47047.0,40754.0,0.0
48201452001,4,,50746.0,,12686.5,48893.0,1853.0,0.0
12031013905,14,3.38,276053.0,66.62,19718.07,239141.0,36912.0,0.0
12011090700,2,0.26,0.0,0.0,0.0,0.0,0.0,0.0
48201532501,49,5.24,1891467.0,202.23,38601.37,1570470.0,320997.0,0.0
28095950200,2,0.29,37948.0,5.42,18974.0,37948.0,0.0,0.0
22027950100,38,10.77,1076212.0,305.05,28321.37,879633.0,196579.0,0.0
22079013200,3,0.36,12868.0,1.53,4289.33,12868.0,0.0,0.0
48201533702,13,3.66,293618.0,82.69,22586.0,219600.0,74018.0,0.0
48201541902,7,,255296.0,,36470.86,205647.0,49649.0,0.0
22015010601,12,1.46,347652.0,42.31,28971.0,340934.0,6718.0,0.0
28091950200,12,3.58,362141.0,107.94,30178.42,335866.0,26275.0,0.0
48201452900,28,6.35,744121.0,168.66,26575.75,660493.0,83628.0,0.0
48423001401,6,0.71,155936.0,18.32,25989.33,144867.0,11069.0,0.0
22073010302,52,11.53,1603335.0,355.59,30833.37,1413311.0,190024.0,0.0
13177020300,1,0.15,49866.0,7.46,49866.0,49866.0,0.0,0.0
22055001003,1,0.25,0.0,0.0,0.0,0.0,0.0,0.0
01097006801,2,0.22,11725.0,1.27,5862.5,8180.0,3545.0,0.0
48201431701,3,,35075.0,,11691.67,35075.0,0.0,0.0
48201555402,21,2.68,943479.0,120.28,44927.57,775689.0,167790.0,0.0
48465950700,1,0.17,0.0,0.0,0.0,0.0,0.0,0.0
48367140602,13,1.19,161327.0,14.82,12409.77,149655.0,11672.0,0.0
48489950300,2,0.29,3892.0,0.57,1946.0,3892.0,0.0,0.0
22073010606,28,,1329796.0,,47492.71,1135399.0,194397.0,0.0
48201432702,50,14.26,3206013.0,914.18,64120.26,2488072.0,717941.0,0.0
22105953901,41,,2463919.0,,60095.59,2414921.0,48998.0,0.0
22103040601,25,10.15,642768.0,261.08,25710.72,493809.0,148959.0,0.0
12099007617,4,2.35,59351.0,34.87,14837.75,41314.0,18037.0,0.0
48439111506,1,0.15,1660.0,0.25,1660.0,1660.0,0.0,0.0
48321730600,2,0.35,13831.0,2.4,6915.5,10798.0,3033.0,0.0
48201221700,14,1.72,272232.0,33.48,19445.14,217299.0,54933.0,0.0
48473680100,19,5.26,838549.0,232.35,44134.16,680996.0,157553.0,0.0
28147950300,8,1.28,156237.0,25.08,19529.62,152090.0,4147.0,0.0
48439100601,2,0.86,17417.0,7.51,8708.5,17099.0,318.0,0.0
28109950401,12,1.84,266298.0,40.79,22191.5,199925.0,66373.0,0.0
48203020102,52,8.79,1919881.0,324.58,36920.79,1580781.0,339100.0,0.0
13021013604,1,0.2,0.0,0.0,0.0,0.0,0.0,0.0
48201554902,11,1.59,687572.0,99.48,62506.55,623980.0,63592.0,0.0
28147950102,4,,72870.0,,18217.5,68185.0,4685.0,0.0
22103040602,58,21.6,2746009.0,1022.72,47344.98,2178075.0,567934.0,0.0
48201252600,6,0.75,95132.0,11.92,15855.33,45603.0,49529.0,0.0
48201432703,3,,111474.0,,37158.0,90124.0,21350.0,0.0
13067031312,1,0.1,9214.0,0.96,9214.0,5620.0,3594.0,0.0
13051004500,1,0.22,0.0,0.0,0.0,0.0,0.0,0.0
48201240400,69,9.31,2182910.0,294.63,31636.38,1802449.0,380461.0,0.0
13117130304,1,0.24,4286.0,1.03,4286.0,3635.0,651.0,0.0
28047003212,3,,74092.0,,24697.33,68237.0,5855.0,0.0
48085031407,3,0.4,29799.0,3.95,9933.0,28818.0,981.0,0.0
22105953700,38,3.52,2215587.0,205.22,58304.92,1789504.0,426083.0,0.0
48167724800,1,0.79,0.0,0.0,0.0,0.0,0.0,0.0
48201313700,4,1.63,36699.0,15.0,9174.75,35240.0,1459.0,0.0
06073009304,2,0.23,7547.0,0.88,3773.5,7547.0,0.0,0.0
13095011300,10,3.9,98246.0,38.36,9824.6,97446.0,800.0,0.0
22017025406,43,9.54,2318053.0,514.32,53908.21,2100643.0,217410.0,0.0
22043020200,15,5.5,462060.0,169.5,30804.0,361014.0,101046.0,0.0
45067950400,3,0.8,111188.0,29.75,37062.67,95219.0,15969.0,0.0
48201422701,19,3.68,211596.0,40.96,11136.63,200274.0,11322.0,0.0
22103040202,120,18.86,10659972.0,1675.31,88833.1,7806817.0,2853155.0,0.0
48201240100,96,23.26,19491472.0,4721.77,203036.17,17071404.0,2420068.0,0.0
22067950100,16,11.45,996572.0,713.37,62285.75,809481.0,187091.0,0.0
48201555404,2,,83016.0,,41508.0,71194.0,11822.0,0.0
48015760300,20,2.73,1203856.0,164.28,60192.8,951648.0,252208.0,0.0
48201551703,2,0.28,79248.0,10.94,39624.0,76637.0,2611.0,0.0
01017954600,1,0.33,0.0,0.0,0.0,0.0,0.0,0.0
22041950500,4,2.68,77618.0,51.99,19404.5,77618.0,0.0,0.0
48201541602,11,1.09,246893.0,24.54,22444.82,222932.0,23961.0,0.0
13123080300,30,4.8,624185.0,99.87,20806.17,535607.0,88578.0,0.0
22051027602,2,0.64,0.0,0.0,0.0,0.0,0.0,0.0
22017021300,4,1.49,35852.0,13.34,8963.0,35852.0,0.0,0.0
48201521300,7,1.18,141847.0,23.95,20263.86,134369.0,7478.0,0.0
48201541002,1,0.11,0.0,0.0,0.0,0.0,0.0,0.0
45015020716,1,0.11,0.0,0.0,0.0,0.0,0.0,0.0
22073010301,192,58.2,16034876.0,4860.53,83514.98,12702022.0,3332854.0,0.0
48201554404,20,,1847475.0,,92373.75,1535674.0,311801.0,0.0
13093970300,7,1.08,168659.0,26.12,24094.14,168659.0,0.0,0.0
28109950200,13,2.39,254387.0,46.74,19568.23,207940.0,46447.0,0.0
48201543200,56,7.73,2056264.0,283.74,36719.0,1761603.0,294661.0,0.0
48201431204,7,,33073.0,,4724.71,33073.0,0.0,0.0
48201453800,14,3.3,82381.0,19.43,5884.36,78318.0,4063.0,0.0
48201541202,8,0.92,231116.0,26.54,28889.5,166358.0,64758.0,0.0
22111960500,50,10.39,2591858.0,538.51,51837.16,2261379.0,330479.0,0.0
48201332500,2,0.74,4524.0,1.68,2262.0,4136.0,388.0,0.0
22123000200,12,3.25,552558.0,149.66,46046.5,537187.0,15371.0,0.0
48201222900,13,1.55,684975.0,81.85,52690.38,465118.0,219857.0,0.0
48201554901,6,0.64,238801.0,25.62,39800.17,226630.0,12171.0,0.0
48201540501,21,3.38,672520.0,108.16,32024.76,515318.0,157202.0,0.0
22105953500,5,0.66,161437.0,21.46,32287.4,131687.0,29750.0,0.0
22067950200,14,2.73,1353791.0,264.31,96699.36,910963.0,442828.0,0.0
48201554301,57,8.04,5637753.0,795.28,98907.95,4436019.0,1201734.0,0.0
48201453700,18,1.92,314560.0,33.56,17475.56,297061.0,17499.0,0.0
22035000100,9,4.35,342673.0,165.46,38074.78,311563.0,31110.0,0.0
48201541203,15,5.42,565185.0,204.33,37679.0,456550.0,108635.0,0.0
12011060125,1,0.41,0.0,0.0,0.0,0.0,0.0,0.0
22073010102,24,3.57,1625698.0,241.74,67737.42,1396797.0,228901.0,0.0
48453002432,1,0.44,0.0,0.0,0.0,0.0,0.0,0.0
22073001700,87,26.57,3837131.0,1172.0,44104.95,3419947.0,417184.0,0.0
48339691401,6,,250627.0,,41771.17,242336.0,8291.0,0.0
48497150401,4,0.69,130632.0,22.66,32658.0,103853.0,26779.0,0.0
12011060121,1,0.19,7713.0,1.46,7713.0,7713.0,0.0,0.0
28091950300,2,0.56,20523.0,5.74,10261.5,20523.0,0.0,0.0
28157950201,5,,123112.0,,24622.4,113922.0,9190.0,0.0
22051023700,1,0.48,6266.0,3.01,6266.0,6266.0,0.0,0.0
22017024800,18,18.6,1103937.0,1140.43,61329.83,934640.0,169297.0,0.0
48201532300,3,0.44,100305.0,14.62,33435.0,100305.0,0.0,0.0
45079010305,3,0.44,14026.0,2.08,4675.33,14026.0,0.0,0.0
28151000100,8,4.98,321831.0,200.27,40228.88,276549.0,45282.0,0.0
12071001707,1,0.19,10497.0,2.01,10497.0,10497.0,0.0,0.0
22125951800,2,0.24,60168.0,7.1,30084.0,60168.0,0.0,0.0
37043950200,2,0.33,14026.0,2.31,7013.0,14026.0,0.0,0.0
01069041800,4,2.05,202555.0,103.93,50638.75,174838.0,27717.0,0.0
13113140102,2,0.38,20250.0,3.81,10125.0,20250.0,0.0,0.0
22065960200,5,1.59,66225.0,21.12,13245.0,44392.0,21833.0,0.0
28151001200,15,5.6,253685.0,94.69,16912.33,236917.0,16768.0,0.0
48277000500,2,0.53,25543.0,6.74,12771.5,25543.0,0.0,0.0
48201543003,5,0.25,609281.0,30.42,121856.2,589092.0,20189.0,0.0
48201554402,36,2.4,2963577.0,197.55,82321.58,2223393.0,740184.0,0.0
48201541900,16,2.37,897035.0,133.01,56064.69,640457.0,256578.0,0.0
06073017201,2,,0.0,,0.0,0.0,0.0,0.0
48201551705,1,,34925.0,,34925.0,34925.0,0.0,0.0
48201554401,80,5.22,5646202.0,368.6,70577.52,4280788.0,1365414.0,0.0
28089030500,5,0.64,120840.0,15.37,24168.0,100196.0,20644.0,0.0
48473680600,33,3.8,2324458.0,267.92,70438.12,1505277.0,819181.0,0.0
45039960302,8,,193529.0,,24191.12,188526.0,5003.0,0.0
48201453000,55,6.02,1216689.0,133.2,22121.62,1117368.0,99321.0,0.0
28027950100,6,1.62,118718.0,32.11,19786.33,103049.0,15669.0,0.0
28035010200,8,1.2,280140.0,41.92,35017.5,261846.0,18294.0,0.0
22073010504,14,1.77,312935.0,39.61,22352.5,307835.0,5100.0,0.0
22073010605,8,,377640.0,,47205.0,304191.0,73449.0,0.0
22073001100,61,17.63,2535365.0,732.76,41563.36,2228975.0,306390.0,0.0
48373210205,4,1.43,32556.0,11.61,8139.0,32556.0,0.0,0.0
22069000100,12,5.26,291275.0,127.64,24272.92,262416.0,28859.0,0.0
22117950800,19,4.44,1449505.0,338.99,76289.74,1156157.0,293348.0,0.0
48201412901,2,,213282.0,,106641.0,213282.0,0.0,0.0
22051020515,1,0.32,0.0,0.0,0.0,0.0,0.0,0.0
13035150100,10,1.26,265131.0,33.38,26513.1,234977.0,30154.0,0.0
45019004607,2,0.36,4684.0,0.85,2342.0,4684.0,0.0,0.0
13135050310,1,0.17,0.0,0.0,0.0,0.0,0.0,0.0
48201241101,1,0.22,15061.0,3.28,15061.0,15061.0,0.0,0.0
28091950600,4,0.77,183260.0,35.39,45815.0,141565.0,41695.0,0.0
22105954002,14,2.45,783391.0,137.05,55956.5,540663.0,242728.0,0.0
48157673300,4,0.65,112340.0,18.26,28085.0,101691.0,10649.0,0.0
48201320100,7,2.51,57497.0,20.62,8213.86,57497.0,0.0,0.0
22005030300,4,0.28,38556.0,2.74,9639.0,32883.0,5673.0,0.0
22015011105,18,2.56,1702944.0,241.86,94608.0,1360599.0,342345.0,0.0
12011020322,1,0.33,0.0,0.0,0.0,0.0,0.0,0.0
48277000401,3,0.83,41393.0,11.4,13797.67,22497.0,18896.0,0.0
45019002614,1,0.25,1601.0,0.41,1601.0,1601.0,0.0,0.0
01127021600,7,4.8,135477.0,92.86,19353.86,117079.0,18398.0,0.0
48201552400,51,6.71,3060041.0,402.85,60000.8,2470538.0,589503.0,0.0
48201100000,5,1.08,269201.0,58.26,53840.2,254555.0,14646.0,0.0
22103040605,16,2.4,352764.0,52.96,22047.75,249613.0,103151.0,0.0
48201541604,3,,56783.0,,18927.67,54528.0,2255.0,0.0
48201554001,12,3.25,316142.0,85.68,26345.17,265942.0,50200.0,0.0
28045030602,6,0.97,4970.0,0.81,828.33,4970.0,0.0,0.0
22073000700,10,4.79,254015.0,121.65,25401.5,239088.0,14927.0,0.0
48201550901,7,,157205.0,,22457.86,137686.0,19519.0,0.0
28149950100,9,1.97,97071.0,21.29,10785.67,88100.0,8971.0,0.0
48201250701,8,1.37,291274.0,49.75,36409.25,156861.0,134413.0,0.0
28035010700,9,5.69,84974.0,53.68,9441.56,67667.0,17307.0,0.0
48201551601,4,,129160.0,,32290.0,108304.0,20856.0,0.0
28035000600,1,0.13,0.0,0.0,0.0,0.0,0.0,0.0
06073017110,1,0.09,0.0,0.0,0.0,0.0,0.0,0.0
48201541402,2,,48979.0,,24489.5,47939.0,1040.0,0.0
48201421700,20,4.25,767621.0,163.05,38381.05,685211.0,82410.0,0.0
45057010400,2,0.91,20883.0,9.53,10441.5,20883.0,0.0,0.0
28121021003,1,0.21,81926.0,16.86,81926.0,62039.0,19887.0,0.0
28083950200,2,0.6,28552.0,8.59,14276.0,28379.0,173.0,0.0
48201412800,16,2.99,332685.0,62.24,20792.81,313625.0,19060.0,0.0
28119950100,7,3.05,163239.0,71.16,23319.86,141801.0,21438.0,0.0
22051027601,1,0.19,890.0,0.17,890.0,890.0,0.0,0.0
22119031500,25,4.88,1899027.0,370.83,75961.08,1565160.0,333867.0,0.0
48361021300,13,2.23,669478.0,114.85,51498.31,542332.0,127146.0,0.0
22103040108,11,,821945.0,,74722.27,578592.0,243353.0,0.0
13115001300,1,0.17,5128.0,0.89,5128.0,5128.0,0.0,0.0
48439114203,2,0.43,0.0,0.0,0.0,0.0,0.0,0.0
48201530400,2,0.73,3442.0,1.26,1721.0,3442.0,0.0,0.0
48363000300,4,1.06,168821.0,44.94,42205.25,134517.0,34304.0,0.0
12086011101,6,0.64,56803.0,6.02,9467.17,56803.0,0.0,0.0
48441010600,1,0.27,0.0,0.0,0.0,0.0,0.0,0.0
48201531400,6,2.88,134492.0,64.47,22415.33,130832.0,3660.0,0.0
22017023400,2,0.29,9122.0,1.3,4561.0,9122.0,0.0,0.0
28047003205,29,4.34,848902.0,126.93,29272.48,707752.0,141150.0,0.0
48201432200,35,7.9,1439960.0,324.97,41141.71,1223971.0,215989.0,0.0
48201522301,18,4.41,769731.0,188.47,42762.83,653009.0,116722.0,0.0
37087921302,3,0.59,25666.0,5.01,8555.33,17347.0,8319.0,0.0
48201250702,2,0.42,6004.0,1.26,3002.0,6004.0,0.0,0.0
22025000100,14,2.99,439207.0,93.81,31371.93,413785.0,25422.0,0.0
01073010900,1,0.2,12548.0,2.56,12548.0,12548.0,0.0,0.0
48201533100,5,0.67,4972.0,0.67,994.4,4972.0,0.0,0.0
48201450300,15,1.95,385445.0,50.0,25696.33,365861.0,19584.0,0.0
13089023416,1,0.14,2081.0,0.28,2081.0,2081.0,0.0,0.0
28047003505,8,1.06,691429.0,91.56,86428.62,411819.0,279610.0,0.0
48351950300,8,3.56,678433.0,301.66,84804.12,491964.0,186469.0,0.0
13179010504,1,,0.0,,0.0,0.0,0.0,0.0
01079979200,2,0.46,19825.0,4.57,9912.5,17211.0,2614.0,0.0
22017024102,32,7.8,1373705.0,334.72,42928.28,1125164.0,248541.0,0.0
48201250500,2,0.35,108258.0,19.09,54129.0,93914.0,14344.0,0.0
22063040103,4,,104859.0,,26214.75,96967.0,7892.0,0.0
48201423001,7,,401932.0,,57418.86,355368.0,46564.0,0.0
48201454600,10,2.02,319145.0,64.46,31914.5,273921.0,45224.0,0.0
22115950302,1,,63088.0,,63088.0,63088.0,0.0,0.0
22009030400,1,0.15,12160.0,1.79,12160.0,10085.0,2075.0,0.0
48201453502,11,2.89,410790.0,107.9,37344.55,388155.0,22635.0,0.0
06059063500,1,0.15,0.0,0.0,0.0,0.0,0.0,0.0
28151001500,23,5.02,303191.0,66.18,13182.22,272607.0,30584.0,0.0
48015760302,5,,490452.0,,98090.4,310962.0,179490.0,0.0
45019004621,1,,6884.0,,6884.0,6884.0,0.0,0.0
48201413100,18,5.4,944369.0,283.42,52464.94,837036.0,107333.0,0.0
13111050500,15,3.41,186381.0,42.41,12425.4,177048.0,9333.0,0.0
12099007748,1,0.21,11.0,0.0,11.0,11.0,0.0,0.0
13089023213,1,0.16,0.0,0.0,0.0,0.0,0.0,0.0
48339692802,16,2.69,749217.0,125.73,46826.06,549778.0,199439.0,0.0
48339692003,1,,31179.0,,31179.0,23836.0,7343.0,0.0
22051027805,1,0.12,0.0,0.0,0.0,0.0,0.0,0.0
22017023905,3,0.58,88028.0,17.0,29342.67,22498.0,65530.0,0.0
48201532504,30,,1006940.0,,33564.67,846506.0,160434.0,0.0
48339692501,3,,141565.0,,47188.33,111909.0,29656.0,0.0
48339690500,8,0.82,446083.0,45.67,55760.38,375420.0,70663.0,0.0
48339692601,17,3.79,537901.0,119.77,31641.24,481573.0,56328.0,0.0
48201421900,35,13.18,2360206.0,888.63,67434.46,2026164.0,334042.0,0.0
06111005205,1,0.17,0.0,0.0,0.0,0.0,0.0,0.0
48201232701,1,0.12,56173.0,6.6,56173.0,56173.0,0.0,0.0
28035000800,4,0.69,37358.0,6.47,9339.5,26832.0,10526.0,0.0
37055970300,2,0.3,2840.0,0.43,1420.0,2840.0,0.0,0.0
48201454801,2,,15496.0,,7748.0,13614.0,1882.0,0.0
48157674601,2,0.54,4127.0,1.12,2063.5,4127.0,0.0,0.0
22063040904,5,,115720.0,,23144.0,91369.0,24351.0,0.0
22105954502,19,2.56,512133.0,69.07,26954.37,450865.0,61268.0,0.0
22063040901,29,4.12,696009.0,98.94,24000.31,594754.0,101255.0,0.0
06073007502,2,0.66,201554.0,66.52,100777.0,180235.0,21319.0,0.0
48201540102,12,,874077.0,,72839.75,443140.0,430937.0,0.0
48203020104,10,2.7,379625.0,102.68,37962.5,347714.0,31911.0,0.0
48339691302,9,1.48,545045.0,89.5,60560.56,404660.0,140385.0,0.0
01031010500,31,6.91,962529.0,214.42,31049.32,762961.0,199568.0,0.0
01095030201,1,0.19,68601.0,13.18,68601.0,61718.0,6883.0,0.0
12057005900,1,0.16,3954.0,0.63,3954.0,3954.0,0.0,0.0
48339690100,26,2.58,1426428.0,141.71,54862.62,957546.0,468882.0,0.0
28047003207,10,1.69,294736.0,49.72,29473.6,236235.0,58501.0,0.0
28133950100,1,0.15,7511.0,1.11,7511.0,7511.0,0.0,0.0
28047003213,7,,132374.0,,18910.57,111590.0,20784.0,0.0
28049000500,1,0.17,737.0,0.12,737.0,715.0,22.0,0.0
48339693102,11,2.33,606403.0,128.37,55127.55,476708.0,129695.0,0.0
48157673202,4,,123778.0,,30944.5,91384.0,32394.0,0.0
22083970400,14,3.81,794658.0,216.0,56761.29,608529.0,186129.0,0.0
22077952000,12,4.51,500175.0,187.97,41681.25,400496.0,99679.0,0.0
12086018700,8,1.47,78976.0,14.5,9872.0,51872.0,27104.0,0.0
22043020300,12,4.62,495851.0,191.08,41320.92,461682.0,34169.0,0.0
37135011500,4,1.94,256484.0,124.15,64121.0,256484.0,0.0,0.0
48201553900,22,2.66,829871.0,100.25,37721.41,704375.0,125496.0,0.0
48201430600,19,4.86,549369.0,140.54,28914.16,526740.0,22629.0,0.0
48201552800,25,2.76,766478.0,84.64,30659.12,728875.0,37603.0,0.0
22059970300,24,5.29,875138.0,192.72,36464.08,768709.0,106429.0,0.0
06073016810,2,0.67,50288.0,16.9,25144.0,41512.0,8776.0,0.0
48201551600,12,1.34,1010799.0,113.0,84233.25,884437.0,126362.0,0.0
48439113907,1,0.13,10250.0,1.35,10250.0,10250.0,0.0,0.0
12086016200,2,0.55,3138.0,0.87,1569.0,3138.0,0.0,0.0
28059042200,1,0.19,0.0,0.0,0.0,0.0,0.0,0.0
01031010400,16,9.02,976759.0,550.6,61047.44,830004.0,146755.0,0.0
13247060403,1,0.28,0.0,0.0,0.0,0.0,0.0,0.0
22003950300,9,3.44,365456.0,139.54,40606.22,310799.0,54657.0,0.0
22045030303,9,,219145.0,,24349.44,186928.0,32217.0,0.0
12011070319,1,0.21,0.0,0.0,0.0,0.0,0.0,0.0
48201550603,10,1.78,280157.0,49.75,28015.7,234469.0,45688.0,0.0
48201552501,3,,113001.0,,37667.0,101281.0,11720.0,0.0
48249950400,2,0.54,6450.0,1.74,3225.0,6450.0,0.0,0.0
45019002005,5,0.76,7006.0,1.06,1401.2,7006.0,0.0,0.0
48201422800,8,1.9,134965.0,32.04,16870.62,134226.0,739.0,0.0
28059041100,4,0.59,32702.0,4.82,8175.5,31465.0,1237.0,0.0
37129012202,1,0.3,0.0,0.0,0.0,0.0,0.0,0.0
48201451200,15,5.22,391593.0,136.16,26106.2,336273.0,55320.0,0.0
48201555600,36,5.78,2628089.0,421.84,73002.47,1983610.0,644479.0,0.0
48481740300,28,18.15,731157.0,473.85,26112.75,646381.0,84776.0,0.0
22019003601,8,,686947.0,,85868.38,561007.0,125940.0,0.0
48423001907,4,0.63,1134.0,0.18,283.5,1134.0,0.0,0.0
22095070200,4,0.55,0.0,0.0,0.0,0.0,0.0,0.0
48201554302,50,9.95,5529475.0,1100.39,110589.5,4088158.0,1441317.0,0.0
28147950100,8,1.18,92016.0,13.57,11502.0,76364.0,15652.0,0.0
48201542900,8,0.53,436014.0,28.85,54501.75,371602.0,64412.0,0.0
48481740900,2,0.29,56574.0,8.17,28287.0,36248.0,20326.0,0.0
48339693200,15,1.72,591302.0,67.61,39420.13,413045.0,178257.0,0.0
22117951000,24,7.52,1187991.0,372.29,49499.62,771782.0,416209.0,0.0
48201332200,2,0.41,4911.0,1.0,2455.5,4911.0,0.0,0.0
48201552101,5,1.3,198212.0,51.42,39642.4,164523.0,33689.0,0.0
22067950300,8,3.36,628252.0,263.97,78531.5,460303.0,167949.0,0.0
06073008503,1,0.15,0.0,0.0,0.0,0.0,0.0,0.0
48439121609,3,0.56,21733.0,4.05,7244.33,17804.0,3929.0,0.0
48499950100,3,0.74,0.0,0.0,0.0,0.0,0.0,0.0
13177020404,12,,161370.0,,13447.5,141687.0,19683.0,0.0
48201431101,7,2.08,232459.0,69.06,33208.43,227117.0,5342.0,0.0
48157673600,7,0.93,102722.0,13.63,14674.57,95682.0,7040.0,0.0
01065040000,1,0.27,80.0,0.02,80.0,80.0,0.0,0.0
48201540101,2,,295701.0,,147850.5,183142.0,112559.0,0.0
22005030104,5,,323425.0,,64685.0,317888.0,5537.0,0.0
48201521000,5,2.36,98619.0,46.45,19723.8,95459.0,3160.0,0.0
48201453402,9,1.09,270843.0,32.9,30093.67,243873.0,26970.0,0.0
28027950200,6,2.23,780935.0,289.88,130155.83,621585.0,159350.0,0.0
48339692300,33,1.87,1358077.0,76.86,41153.85,1031542.0,326535.0,0.0
48201533500,7,1.69,272843.0,65.94,38977.57,162627.0,110216.0,0.0
22103040402,9,,633657.0,,70406.33,553657.0,80000.0,0.0
48339692801,23,2.66,805895.0,93.37,35038.91,650011.0,155884.0,0.0
28089031100,1,,122656.0,,122656.0,0.0,122656.0,0.0
48201532001,2,0.34,111617.0,18.86,55808.5,94932.0,16685.0,0.0
48201422402,14,2.43,451592.0,78.54,32256.57,440986.0,10606.0,0.0
22071001746,3,0.72,1238.0,0.3,412.67,1238.0,0.0,0.0
48183010600,11,1.76,823131.0,131.95,74830.09,702534.0,120597.0,0.0
06073008303,1,0.28,0.0,0.0,0.0,0.0,0.0,0.0
12005002603,4,1.42,35988.0,12.79,8997.0,32031.0,3957.0,0.0
48201550800,24,7.09,1177636.0,348.0,49068.17,1081121.0,96515.0,0.0
48201551701,16,1.75,830170.0,90.96,51885.62,767497.0,62673.0,0.0
48339693202,6,,286520.0,,47753.33,275912.0,10608.0,0.0
01073005909,1,0.37,8000.0,2.97,8000.0,4696.0,3304.0,0.0
48201532800,17,9.93,606595.0,354.32,35682.06,529674.0,76921.0,0.0
48201433201,11,2.02,74746.0,13.72,6795.09,74476.0,270.0,0.0
45079011301,1,0.18,0.0,0.0,0.0,0.0,0.0,0.0
48201240504,10,,438836.0,,43883.6,396004.0,42832.0,0.0
22117950500,24,3.75,995603.0,155.64,41483.46,771329.0,224274.0,0.0
45079010304,2,0.28,4181.0,0.58,2090.5,4181.0,0.0,0.0
48499950700,1,0.18,4409.0,0.8,4409.0,4409.0,0.0,0.0
22103040501,34,7.52,3314338.0,732.77,97480.53,2576024.0,738314.0,0.0
48459950500,1,0.16,12023.0,1.9,12023.0,12023.0,0.0,0.0
48339693900,2,0.18,18456.0,1.65,9228.0,18456.0,0.0,0.0
48201453702,7,,123346.0,,17620.86,110346.0,13000.0,0.0
48201521400,45,5.9,1067964.0,139.97,23732.53,881339.0,186625.0,0.0
48201552304,8,,678516.0,,84814.5,490690.0,187826.0,0.0
48201431700,4,0.82,494392.0,101.39,123598.0,466820.0,27572.0,0.0
48157673400,7,0.33,304103.0,14.45,43443.29,296468.0,7635.0,0.0
06111001206,2,2.41,0.0,0.0,0.0,0.0,0.0,0.0
13113140403,2,0.38,8892.0,1.7,4446.0,8892.0,0.0,0.0
13121011419,2,0.36,8819.0,1.57,4409.5,8562.0,257.0,0.0
01073005908,22,5.75,403073.0,105.27,18321.5,403073.0,0.0,0.0
28151000900,11,3.91,231674.0,82.45,21061.27,191269.0,40405.0,0.0
48201553901,4,,34594.0,,8648.5,34594.0,0.0,0.0
37123960300,2,0.5,35222.0,8.84,17611.0,34099.0,1123.0,0.0
06073008339,11,5.22,933850.0,443.42,84895.45,691461.0,242389.0,0.0
45013001102,2,0.35,255.0,0.05,127.5,255.0,0.0,0.0
48111950300,1,0.18,0.0,0.0,0.0,0.0,0.0,0.0
45055970300,12,7.13,155722.0,92.58,12976.83,153554.0,2168.0,0.0
22043020100,16,6.24,565928.0,220.72,35370.5,426264.0,139664.0,0.0
48113011103,1,0.32,0.0,0.0,0.0,0.0,0.0,0.0
48201452300,8,2.99,340259.0,126.96,42532.38,317572.0,22687.0,0.0
48201540100,36,2.97,3009523.0,248.35,83597.86,2399851.0,609672.0,0.0
13067030507,1,0.19,9433.0,1.83,9433.0,9391.0,42.0,0.0
06073009107,1,0.22,16328.0,3.55,16328.0,16328.0,0.0,0.0
48201552102,69,10.96,3480646.0,552.83,50444.14,2834632.0,646014.0,0.0
45019004800,3,1.46,1087.0,0.53,362.33,1087.0,0.0,0.0
13253200200,2,0.53,71187.0,18.86,35593.5,59117.0,12070.0,0.0
22029000500,5,1.15,147875.0,34.08,29575.0,117521.0,30354.0,0.0
48201422500,4,0.5,38198.0,4.76,9549.5,38198.0,0.0,0.0
01071950900,1,0.17,15380.0,2.61,15380.0,15380.0,0.0,0.0
22117950400,11,2.8,389219.0,99.14,35383.55,351603.0,37616.0,0.0
48201422404,1,,67576.0,,67576.0,67576.0,0.0,0.0
12099007302,2,0.4,82438.0,16.55,41219.0,49244.0,33194.0,0.0
13153020200,1,0.18,1986.0,0.36,1986.0,1986.0,0.0,0.0
22019003602,2,,119023.0,,59511.5,92649.0,26374.0,0.0
48315950100,6,2.58,229509.0,98.54,38251.5,190899.0,38610.0,0.0
13123080400,5,0.55,24514.0,2.68,4902.8,24330.0,184.0,0.0
01073011207,1,0.18,2089.0,0.37,2089.0,2089.0,0.0,0.0
06001405100,1,0.23,11908.0,2.79,11908.0,11576.0,332.0,0.0
48201522302,20,4.8,656140.0,157.57,32807.0,603970.0,52170.0,0.0
22083970300,18,6.16,833407.0,285.12,46300.39,638051.0,195356.0,0.0
12031013906,5,1.18,41434.0,9.8,8286.8,30401.0,11033.0,0.0
22063040402,5,0.61,63836.0,7.75,12767.2,40345.0,23491.0,0.0
28035010400,6,1.85,49424.0,15.26,8237.33,49424.0,0.0,0.0
22073000401,11,4.44,426124.0,171.82,38738.55,342190.0,83934.0,0.0
48203020105,15,,717022.0,,47801.47,599865.0,117157.0,0.0
48089750400,8,1.5,700882.0,131.84,87610.25,490407.0,210475.0,0.0
48361021000,34,15.52,1693940.0,773.14,49821.76,1174612.0,519328.0,0.0
13215010107,1,0.12,0.0,0.0,0.0,0.0,0.0,0.0
28027950400,32,8.71,2252518.0,613.26,70391.19,2142302.0,110216.0,0.0
01069042100,1,0.14,2030.0,0.28,2030.0,2030.0,0.0,0.0
48339692001,17,0.52,908417.0,27.71,53436.29,754898.0,153519.0,0.0
22127960201,5,,340871.0,,68174.2,287491.0,53380.0,0.0
37129011605,1,0.19,5425.0,1.01,5425.0,5425.0,0.0,0.0
48407200101,3,0.48,283909.0,45.1,94636.33,171861.0,112048.0,0.0
22015011106,18,2.07,1464110.0,168.15,81339.44,1104098.0,360012.0,0.0
48339693300,3,0.4,20698.0,2.76,6899.33,18272.0,2426.0,0.0
48201534100,4,0.48,167961.0,20.12,41990.25,127882.0,40079.0,0.0
22073010202,32,4.7,3305295.0,485.72,103290.47,2490728.0,814567.0,0.0
22079013202,2,,0.0,,0.0,0.0,0.0,0.0
22105954103,6,,226766.0,,37794.33,209167.0,17599.0,0.0
12071060102,7,2.61,71947.0,26.78,10278.14,61207.0,10740.0,0.0
01073011205,12,6.23,292019.0,151.54,24334.92,242779.0,49240.0,0.0
48293970200,14,3.33,190593.0,45.31,13613.79,161134.0,29459.0,0.0
06047001004,1,0.28,7749.0,2.14,7749.0,7749.0,0.0,0.0
48201313200,20,4.82,37258.0,8.98,1862.9,37161.0,97.0,0.0
48497150403,1,0.25,68473.0,16.83,68473.0,68473.0,0.0,0.0
28035000700,4,1.24,93136.0,28.91,23284.0,53899.0,39237.0,0.0
45019000500,2,0.96,3714.0,1.79,1857.0,3714.0,0.0,0.0
22105954001,30,6.42,692085.0,148.04,23069.5,579628.0,112457.0,0.0
22085000600,4,1.14,36334.0,10.33,9083.5,22600.0,13734.0,0.0
37135011203,1,0.17,7324.0,1.27,7324.0,0.0,7324.0,0.0
48201553001,18,3.1,849242.0,146.24,47180.11,815536.0,33706.0,0.0
48201422702,1,0.35,5923.0,2.06,5923.0,5923.0,0.0,0.0
48201431002,4,,40770.0,,10192.5,37000.0,3770.0,0.0
01069041600,3,0.58,11042.0,2.15,3680.67,8882.0,2160.0,0.0
28047003101,1,0.14,0.0,0.0,0.0,0.0,0.0,0.0
22083970600,7,1.79,290594.0,74.47,41513.43,218776.0,71818.0,0.0
48201452000,6,0.67,25908.0,2.9,4318.0,25752.0,156.0,0.0
22105954102,13,1.18,772878.0,70.03,59452.15,584502.0,188376.0,0.0
48201253102,3,,7533.0,,2511.0,7182.0,351.0,0.0
22069000300,18,4.22,1497005.0,350.83,83166.94,1154794.0,342211.0,0.0
22123000300,8,2.57,275425.0,88.62,34428.12,203465.0,71960.0,0.0
22017024304,8,1.7,70459.0,14.93,8807.38,70459.0,0.0,0.0
48021950400,4,0.46,72661.0,8.35,18165.25,65710.0,6951.0,0.0
22069000200,28,7.82,1862269.0,520.04,66509.61,1677362.0,184907.0,0.0
06013378000,1,0.32,8045.0,2.58,8045.0,8045.0,0.0,0.0
13123080200,3,0.54,3486.0,0.63,1162.0,3486.0,0.0,0.0
13177020302,3,,30383.0,,10127.67,22128.0,8255.0,0.0
48201251700,1,0.13,27440.0,3.56,27440.0,21562.0,5878.0,0.0
13151070402,1,0.08,28054.0,2.28,28054.0,26232.0,1822.0,0.0
48199030501,1,0.22,2324.0,0.51,2324.0,2324.0,0.0,0.0
48201241400,5,0.54,69824.0,7.59,13964.8,62077.0,7747.0,0.0
13111050100,7,1.77,36131.0,9.13,5161.57,34874.0,1257.0,0.0
45039960300,4,0.7,51441.0,9.06,12860.25,49515.0,1926.0,0.0
48201450500,30,10.09,1544779.0,519.78,51492.63,1278588.0,266191.0,0.0
01127020802,1,,4561.0,,4561.0,4561.0,0.0,0.0
48201541201,2,0.24,13036.0,1.57,6518.0,13036.0,0.0,0.0
45051010100,1,0.32,0.0,0.0,0.0,0.0,0.0,0.0
48361020300,11,4.16,309246.0,116.87,28113.27,225943.0,83303.0,0.0
22015011110,5,0.57,36446.0,4.16,7289.2,36446.0,0.0,0.0
22105954700,13,2.42,576086.0,107.3,44314.31,491605.0,84481.0,0.0
06037143901,1,0.24,0.0,0.0,0.0,0.0,0.0,0.0
22033004510,15,1.85,216908.0,26.79,14460.53,174062.0,42846.0,0.0
48029191702,1,0.12,14639.0,1.82,14639.0,14639.0,0.0,0.0
48201552302,44,8.35,3659194.0,694.61,83163.5,2629290.0,1029904.0,0.0
37031971101,5,4.56,27898.0,25.43,5579.6,26616.0,1282.0,0.0
28111950102,8,2.14,174724.0,46.79,21840.5,152903.0,21821.0,0.0
48201251000,13,4.04,825695.0,256.75,63515.0,104162.0,721533.0,0.0
45019004902,3,1.25,0.0,0.0,0.0,0.0,0.0,0.0
22005030106,2,,37956.0,,18978.0,37956.0,0.0,0.0
28113950602,1,,37020.0,,37020.0,29300.0,7720.0,0.0
28147950200,2,1.11,179372.0,99.6,89686.0,179372.0,0.0,0.0
48291700600,4,1.42,20768.0,7.4,5192.0,13576.0,7192.0,0.0
48339691400,69,6.61,3559007.0,340.93,51579.81,2781653.0,777354.0,0.0
06073008312,7,1.89,369486.0,99.83,52783.71,353881.0,15605.0,0.0
22063040102,9,,327962.0,,36440.22,289523.0,38439.0,0.0
22115950301,10,,588322.0,,58832.2,410596.0,177726.0,0.0
48245006700,5,1.77,12554.0,4.43,2510.8,8470.0,4084.0,0.0
28121020401,1,0.23,0.0,0.0,0.0,0.0,0.0,0.0
06073016502,2,0.28,25739.0,3.54,12869.5,25739.0,0.0,0.0
48201450200,25,5.15,1000147.0,205.88,40005.88,901133.0,99014.0,0.0
48231961400,2,0.23,64191.0,7.36,32095.5,64191.0,0.0,0.0
22051027807,1,0.11,0.0,0.0,0.0,0.0,0.0,0.0
22105953600,6,0.93,98299.0,15.32,16383.17,98299.0,0.0,0.0
13123080500,6,1.53,72235.0,18.37,12039.17,63093.0,9142.0,0.0
13241970100,1,0.18,5503.0,0.99,5503.0,5503.0,0.0,0.0
48201430900,37,5.98,1046753.0,169.3,28290.62,904356.0,142397.0,0.0
37113970100,4,1.52,43333.0,16.41,10833.25,41368.0,1965.0,0.0
22073001500,11,6.88,134975.0,84.36,12270.45,112328.0,22647.0,0.0
22103040206,7,,233102.0,,33300.29,154781.0,78321.0,0.0
45079010407,1,0.24,0.0,0.0,0.0,0.0,0.0,0.0
12011050301,1,0.11,0.0,0.0,0.0,0.0,0.0,0.0
22073010103,2,,73108.0,,36554.0,52974.0,20134.0,0.0
48201555100,7,0.75,229278.0,24.5,32754.0,215720.0,13558.0,0.0
06067007105,1,0.14,0.0,0.0,0.0,0.0,0.0,0.0
48201341400,1,0.2,8003.0,1.58,8003.0,8003.0,0.0,0.0
48183010500,4,0.79,141057.0,27.7,35264.25,125949.0,15108.0,0.0
12033001101,1,0.18,0.0,0.0,0.0,0.0,0.0,0.0
48157672701,3,0.2,194487.0,12.71,64829.0,151211.0,43276.0,0.0
45063020506,1,0.2,29273.0,5.89,29273.0,27512.0,1761.0,0.0
28053950200,4,2.22,70587.0,39.19,17646.75,70587.0,0.0,0.0
22029000100,3,1.31,64374.0,28.21,21458.0,64374.0,0.0,0.0
48149970100,1,0.52,0.0,0.0,0.0,0.0,0.0,0.0
22033003507,4,0.77,98294.0,19.03,24573.5,98294.0,0.0,0.0
37087920500,1,0.16,0.0,0.0,0.0,0.0,0.0,0.0
28111950200,14,3.62,505943.0,130.87,36138.79,497035.0,8908.0,0.0
48201241201,2,,6527.0,,3263.5,6527.0,0.0,0.0
48201343100,3,0.65,29381.0,6.33,9793.67,29381.0,0.0,0.0
48199030800,2,0.47,7158.0,1.68,3579.0,4292.0,2866.0,0.0
06073006802,3,0.53,758294.0,134.78,252764.67,758294.0,0.0,0.0
45079011413,1,0.13,12546.0,1.58,12546.0,6472.0,6074.0,0.0
22073010700,8,3.02,134045.0,50.54,16755.62,127521.0,6524.0,0.0
12086009807,1,0.13,0.0,0.0,0.0,0.0,0.0,0.0
48201521500,4,0.68,109344.0,18.47,27336.0,93271.0,16073.0,0.0
06085504001,1,0.16,2436.0,0.39,2436.0,2436.0,0.0,0.0
01089011023,3,,57915.0,,19305.0,45146.0,12769.0,0.0
28095950300,3,0.76,47128.0,11.89,15709.33,47128.0,0.0,0.0
48277001000,10,2.88,397807.0,114.54,39780.7,378887.0,18920.0,0.0
13129970500,1,0.21,4263.0,0.91,4263.0,4263.0,0.0,0.0
48201431302,2,0.51,5741.0,1.45,2870.5,5429.0,312.0,0.0
22015010804,2,0.26,3005.0,0.39,1502.5,3005.0,0.0,0.0
06113010401,1,0.23,49357.0,11.14,49357.0,43646.0,5711.0,0.0
48339690700,3,0.29,115941.0,11.32,38647.0,115941.0,0.0,0.0
48351950100,2,0.73,117528.0,42.97,58764.0,78394.0,39134.0,0.0
06085504507,2,0.32,0.0,0.0,0.0,0.0,0.0,0.0
48201542200,6,0.29,180976.0,8.61,30162.67,151498.0,29478.0,0.0
48201251300,4,0.54,120496.0,16.37,30124.0,93196.0,27300.0,0.0
48201222502,14,3.42,567938.0,138.76,40567.0,475044.0,92894.0,0.0
13095011200,2,0.47,8682.0,2.05,4341.0,5800.0,2882.0,0.0
48201413300,10,1.38,361471.0,50.04,36147.1,337621.0,23850.0,0.0
37021002102,5,0.92,184906.0,33.84,36981.2,184906.0,0.0,0.0
12099007612,2,0.39,12888.0,2.54,6444.0,12888.0,0.0,0.0
06059042106,1,0.76,65725.0,49.79,65725.0,51890.0,13835.0,0.0
22005030401,3,0.63,12281.0,2.57,4093.67,5906.0,6375.0,0.0
48021950600,1,0.19,0.0,0.0,0.0,0.0,0.0,0.0
48361021100,7,3.72,995312.0,529.42,142187.43,674640.0,320672.0,0.0
22105954602,20,,727795.0,,36389.75,558081.0,169714.0,0.0
48157673003,2,0.16,0.0,0.0,0.0,0.0,0.0,0.0
22005030500,3,0.32,121825.0,12.91,40608.33,82140.0,39685.0,0.0
37039930500,6,1.29,71006.0,15.32,11834.33,61127.0,9879.0,0.0
48015760100,11,4.48,832028.0,339.05,75638.91,599132.0,232896.0,0.0
48201431600,7,2.26,39196.0,12.66,5599.43,38363.0,833.0,0.0
48029151400,2,0.39,0.0,0.0,0.0,0.0,0.0,0.0
12129010208,1,,72396.0,,72396.0,55108.0,17288.0,0.0
01101003301,1,0.28,4118.0,1.15,4118.0,4118.0,0.0,0.0
48201453300,16,5.76,1864759.0,670.78,116547.44,1305789.0,558970.0,0.0
22033004700,1,0.15,6504.0,0.95,6504.0,6504.0,0.0,0.0
22069000901,7,,265352.0,,37907.43,231904.0,33448.0,0.0
13095000502,2,0.41,9149.0,1.9,4574.5,9149.0,0.0,0.0
22017024002,4,,659672.0,,164918.0,501453.0,158219.0,0.0
48201453602,11,1.33,198714.0,24.08,18064.91,192867.0,5847.0,0.0
06087122201,1,0.14,0.0,0.0,0.0,0.0,0.0,0.0
48201550305,1,,19306.0,,19306.0,13294.0,6012.0,0.0
13089023421,2,0.24,27587.0,3.34,13793.5,27587.0,0.0,0.0
48439121608,2,0.37,5721.0,1.06,2860.5,5721.0,0.0,0.0
48201553500,2,0.33,6971.0,1.17,3485.5,6971.0,0.0,0.0
48201522401,7,1.22,75486.0,13.15,10783.71,65113.0,10373.0,0.0
22033003505,11,2.88,327821.0,85.95,29801.91,237674.0,90147.0,0.0
48245005600,6,1.6,14634.0,3.9,2439.0,14634.0,0.0,0.0
48167721800,1,0.22,6168.0,1.34,6168.0,5618.0,550.0,0.0
22089062900,1,0.4,1858.0,0.75,1858.0,1858.0,0.0,0.0
48489950400,1,0.14,6352.0,0.87,6352.0,6352.0,0.0,0.0
22105953702,17,,680529.0,,40031.12,459016.0,221513.0,0.0
48201553803,1,,25138.0,,25138.0,23584.0,1554.0,0.0
06037574500,1,0.16,0.0,0.0,0.0,0.0,0.0,0.0
48201540800,12,1.57,2253057.0,294.59,187754.75,1233926.0,1019131.0,0.0
12057010213,1,0.51,12388.0,6.26,12388.0,12388.0,0.0,0.0
22105954501,6,1.04,210957.0,36.69,35159.5,135164.0,75793.0,0.0
12031002502,1,0.28,3866.0,1.07,3866.0,3866.0,0.0,0.0
48439113301,1,0.24,678.0,0.16,678.0,678.0,0.0,0.0
22013970300,6,1.91,195464.0,62.25,32577.33,185437.0,10027.0,0.0
13063040306,1,0.24,0.0,0.0,0.0,0.0,0.0,0.0
48121020305,1,0.13,0.0,0.0,0.0,0.0,0.0,0.0
13121011301,4,0.87,58866.0,12.87,14716.5,49380.0,9486.0,0.0
48245005100,1,1.16,0.0,0.0,0.0,0.0,0.0,0.0
01097006405,4,0.5,49230.0,6.1,12307.5,48684.0,546.0,0.0
48201451602,5,0.58,5399.0,0.62,1079.8,4651.0,748.0,0.0
48201541204,3,,75736.0,,25245.33,47934.0,27802.0,0.0
01005950100,7,2.01,606506.0,174.43,86643.71,451292.0,155214.0,0.0
13047030202,1,0.15,0.0,0.0,0.0,0.0,0.0,0.0
06087122005,1,,12270.0,,12270.0,12270.0,0.0,0.0
12086000708,1,0.14,5521.0,0.75,5521.0,5521.0,0.0,0.0
22073010101,6,1.23,384167.0,78.8,64027.83,294133.0,90034.0,0.0
12011110340,1,0.14,0.0,0.0,0.0,0.0,0.0,0.0
22105954504,2,,100305.0,,50152.5,86377.0,13928.0,0.0
22103040401,13,,341690.0,,26283.85,245734.0,95956.0,0.0
28091950500,20,4.49,599134.0,134.46,29956.7,430615.0,168519.0,0.0
13135050220,1,0.17,0.0,0.0,0.0,0.0,0.0,0.0
48201541703,13,,1486558.0,,114350.62,1419979.0,66579.0,0.0
48201541100,11,1.55,376293.0,53.04,34208.45,312715.0,63578.0,0.0
13089021703,1,0.22,6646.0,1.43,6646.0,6306.0,340.0,0.0
22015010500,12,2.65,151901.0,33.5,12658.42,150216.0,1685.0,0.0
48201554002,17,3.87,540798.0,123.13,31811.65,352046.0,188752.0,0.0
13159010500,1,0.12,6699.0,0.78,6699.0,6699.0,0.0,0.0
48201510300,8,1.52,796822.0,151.34,99602.75,683760.0,113062.0,0.0
06073006000,1,0.26,3921.0,1.01,3921.0,3921.0,0.0,0.0
45019002003,5,0.54,32554.0,3.5,6510.8,32554.0,0.0,0.0
48201250802,1,,6248.0,,6248.0,6248.0,0.0,0.0
06037460200,1,0.18,6965.0,1.25,6965.0,6965.0,0.0,0.0
22055001403,1,0.19,0.0,0.0,0.0,0.0,0.0,0.0
01089000403,2,0.42,2970.0,0.62,1485.0,2970.0,0.0,0.0
48201233702,1,0.31,6229.0,1.96,6229.0,6229.0,0.0,0.0
48339694000,4,0.39,36582.0,3.55,9145.5,30712.0,5870.0,0.0
48121021741,1,0.49,21866.0,10.61,21866.0,12858.0,9008.0,0.0
13255160600,1,0.26,8098.0,2.07,8098.0,8098.0,0.0,0.0
48355002102,2,0.64,0.0,0.0,0.0,0.0,0.0,0.0
28049001500,2,0.62,27830.0,8.58,13915.0,27830.0,0.0,0.0
12031002802,1,0.24,29389.0,7.17,29389.0,29389.0,0.0,0.0
12031014101,2,0.44,30184.0,6.67,15092.0,30068.0,116.0,0.0
22055002101,1,0.17,26384.0,4.55,26384.0,26384.0,0.0,0.0
01045021102,1,0.23,40797.0,9.39,40797.0,40797.0,0.0,0.0
48201541700,24,2.12,1971958.0,173.8,82164.92,1661896.0,310062.0,0.0
48201241500,18,1.93,761523.0,81.85,42306.83,568342.0,193181.0,0.0
48201540700,13,1.76,483427.0,65.41,37186.69,309539.0,173888.0,0.0
48201432501,1,,6110.0,,6110.0,0.0,6110.0,0.0
12085001103,1,0.44,0.0,0.0,0.0,0.0,0.0,0.0
22105953902,4,,246239.0,,61559.75,209434.0,36805.0,0.0
01065040100,6,4.36,23285.0,16.91,3880.83,15002.0,8283.0,0.0
48201431000,29,4.95,616495.0,105.2,21258.45,570572.0,45923.0,0.0
28011950400,11,2.7,392913.0,96.56,35719.36,381829.0,11084.0,0.0
45063021106,9,3.1,58821.0,20.29,6535.67,57902.0,919.0,0.0
28059042500,2,0.91,388.0,0.18,194.0,388.0,0.0,0.0
48201550302,5,0.45,143385.0,12.8,28677.0,106663.0,36722.0,0.0
06031000602,1,0.2,3496.0,0.69,3496.0,3496.0,0.0,0.0
12099007505,2,0.82,191471.0,78.96,95735.5,155552.0,35919.0,0.0
22069000602,1,,30045.0,,30045.0,30045.0,0.0,0.0
48339693500,2,0.31,40440.0,6.35,20220.0,40440.0,0.0,0.0
48201420300,20,5.61,909109.0,255.22,45455.45,780125.0,128984.0,0.0
28095950600,1,0.33,1907.0,0.64,1907.0,1907.0,0.0,0.0
48453001761,1,0.14,6525.0,0.88,6525.0,6525.0,0.0,0.0
28149950300,2,0.68,12737.0,4.33,6368.5,12098.0,639.0,0.0
13123080100,3,0.74,15458.0,3.8,5152.67,15458.0,0.0,0.0
48201433300,5,0.96,130176.0,24.93,26035.2,127459.0,2717.0,0.0
48201552002,1,0.7,28757.0,20.04,28757.0,28757.0,0.0,0.0
22105954601,26,,830498.0,,31942.23,717939.0,112559.0,0.0
45013002104,1,0.08,0.0,0.0,0.0,0.0,0.0,0.0
13089023413,2,0.57,19247.0,5.48,9623.5,19247.0,0.0,0.0
48201452500,9,1.02,154862.0,17.52,17206.89,148729.0,6133.0,0.0
01081041800,1,0.13,0.0,0.0,0.0,0.0,0.0,0.0
48201450803,1,,3285.0,,3285.0,3285.0,0.0,0.0
48201312500,5,1.42,69083.0,19.66,13816.6,64889.0,4194.0,0.0
48157673112,2,,281551.0,,140775.5,172776.0,108775.0,0.0
48251130405,3,0.52,63329.0,11.05,21109.67,57807.0,5522.0,0.0
22033003907,1,0.17,12665.0,2.15,12665.0,12665.0,0.0,0.0
37141920204,3,1.35,14739.0,6.65,4913.0,9671.0,5068.0,0.0
48201552003,2,,65348.0,,32674.0,65348.0,0.0,0.0
22061960200,1,0.24,5282.0,1.26,5282.0,5282.0,0.0,0.0
48201541701,4,,663484.0,,165871.0,452294.0,211190.0,0.0
48185180102,3,0.71,64483.0,15.23,21494.33,49634.0,14849.0,0.0
48201423302,4,0.78,92507.0,17.99,23126.75,86267.0,6240.0,0.0
22105953701,1,,36931.0,,36931.0,29583.0,7348.0,0.0
48167725300,1,0.42,5521.0,2.35,5521.0,5521.0,0.0,0.0
28059040600,3,0.52,20679.0,3.59,6893.0,20573.0,106.0,0.0
22017022101,4,,149429.0,,37357.25,124055.0,25374.0,0.0
28047003305,2,,95005.0,,47502.5,95005.0,0.0,0.0
48339694302,3,0.36,21669.0,2.6,7223.0,21669.0,0.0,0.0
22043020401,9,1.46,223247.0,36.1,24805.22,184147.0,39100.0,0.0
12071080203,4,2.44,185171.0,112.77,46292.75,185171.0,0.0,0.0
48037011501,1,0.13,2402.0,0.32,2402.0,2402.0,0.0,0.0
22009030300,3,0.88,95677.0,28.13,31892.33,95677.0,0.0,0.0
13089021912,2,0.52,0.0,0.0,0.0,0.0,0.0,0.0
48201551502,5,,390826.0,,78165.2,342127.0,48699.0,0.0
48201542203,1,,1226.0,,1226.0,1226.0,0.0,0.0
28011950300,4,1.29,77093.0,24.79,19273.25,73111.0,3982.0,0.0
45041000500,1,0.17,0.0,0.0,0.0,0.0,0.0,0.0
13121007810,3,,38911.0,,12970.33,38911.0,0.0,0.0
13089023801,1,0.26,6096.0,1.59,6096.0,6096.0,0.0,0.0
13159010200,2,0.74,45882.0,16.87,22941.0,32759.0,13123.0,0.0
22063040201,9,1.37,337520.0,51.33,37502.22,293607.0,43913.0,0.0
48291700100,1,0.25,33843.0,8.36,33843.0,33843.0,0.0,0.0
22055002103,1,0.23,4205.0,0.96,4205.0,1797.0,2408.0,0.0
48201451300,8,1.15,144945.0,20.87,18118.12,140417.0,4528.0,0.0
48201253600,1,0.18,2656.0,0.48,2656.0,2656.0,0.0,0.0
22119032100,14,1.91,1170345.0,160.01,83596.07,840233.0,330112.0,0.0
48201541603,4,,153084.0,,38271.0,126570.0,26514.0,0.0
48201240600,7,2.49,682552.0,243.25,97507.43,415923.0,266629.0,0.0
48201554803,3,,106597.0,,35532.33,99792.0,6805.0,0.0
12086003801,1,0.17,0.0,0.0,0.0,0.0,0.0,0.0
13135050521,1,0.17,4437.0,0.77,4437.0,4437.0,0.0,0.0
48201554600,10,2.23,504451.0,112.55,50445.1,407472.0,96979.0,0.0
48201552802,5,,127021.0,,25404.2,115071.0,11950.0,0.0
13279970600,7,2.5,55329.0,19.8,7904.14,50053.0,5276.0,0.0
45091061204,1,,7451.0,,7451.0,7451.0,0.0,0.0
01103005701,2,0.73,54428.0,19.92,27214.0,43673.0,10755.0,0.0
12011080402,1,0.39,0.0,0.0,0.0,0.0,0.0,0.0
28151001300,18,7.18,204373.0,81.49,11354.06,175575.0,28798.0,0.0
48201452401,5,,40960.0,,8192.0,38186.0,2774.0,0.0
13121007300,2,0.25,4405.0,0.55,2202.5,4405.0,0.0,0.0
13063040417,3,0.61,181979.0,36.79,60659.67,181979.0,0.0,0.0
48201534202,12,1.36,496330.0,56.37,41360.83,372497.0,123833.0,0.0
48201222602,1,,100481.0,,100481.0,100481.0,0.0,0.0
48201451502,1,,0.0,,0.0,0.0,0.0,0.0
48181001803,2,0.34,101280.0,17.05,50640.0,89875.0,11405.0,0.0
48439113612,1,0.22,3277.0,0.73,3277.0,3277.0,0.0,0.0
22119031501,4,,256323.0,,64080.75,204221.0,52102.0,0.0
13151070109,2,0.57,16189.0,4.6,8094.5,15537.0,652.0,0.0
48339692100,12,0.85,377870.0,26.69,31489.17,295534.0,82336.0,0.0
13121006900,3,0.75,47554.0,11.94,15851.33,39341.0,8213.0,0.0
13063040611,1,0.15,4446.0,0.67,4446.0,4446.0,0.0,0.0
28107950500,2,0.28,21657.0,3.08,10828.5,17470.0,4187.0,0.0
48363000600,1,0.28,5228.0,1.46,5228.0,5228.0,0.0,0.0
22119032000,7,2.03,352685.0,102.41,50383.57,250908.0,101777.0,0.0
48473680202,8,,533303.0,,66662.88,406913.0,126390.0,0.0
48183010302,3,0.53,94455.0,16.7,31485.0,94455.0,0.0,0.0
48015760301,4,,1049344.0,,262336.0,915026.0,134318.0,0.0
48473680500,11,1.17,388604.0,41.29,35327.64,261633.0,126971.0,0.0
13045911002,3,,1724719.0,,574906.33,660398.0,1064321.0,0.0
48201232100,6,1.88,117158.0,36.66,19526.33,106067.0,11091.0,0.0
48201222503,7,0.94,210716.0,28.24,30102.29,163541.0,47175.0,0.0
48157672500,4,0.53,21842.0,2.87,5460.5,21842.0,0.0,0.0
48201551501,4,,163877.0,,40969.25,151791.0,12086.0,0.0
06003010000,2,1.69,13734.0,11.6,6867.0,13734.0,0.0,0.0
06077003305,1,0.25,0.0,0.0,0.0,0.0,0.0,0.0
12101031506,2,0.48,0.0,0.0,0.0,0.0,0.0,0.0
48167721000,2,1.03,12257.0,6.34,6128.5,6876.0,5381.0,0.0
22079011300,3,1.35,368891.0,165.94,122963.67,253194.0,115697.0,0.0
45019005900,1,,18560.0,,18560.0,18560.0,0.0,0.0
22025000200,6,2.38,83544.0,33.15,13924.0,65684.0,17860.0,0.0
12086018601,1,,0.0,,0.0,0.0,0.0,0.0
48201554801,2,0.12,139236.0,8.01,69618.0,137809.0,1427.0,0.0
48201221601,8,,200304.0,,25038.0,168116.0,32188.0,0.0
22085000200,3,0.8,15177.0,4.02,5059.0,15177.0,0.0,0.0
48201241503,4,,122675.0,,30668.75,119473.0,3202.0,0.0
06037141400,2,0.43,0.0,0.0,0.0,0.0,0.0,0.0
48201541802,16,,556.0,,34.75,556.0,0.0,0.0
48201552001,8,0.87,328728.0,35.9,41091.0,323082.0,5646.0,0.0
45051050303,1,0.39,0.0,0.0,0.0,0.0,0.0,0.0
48201221702,1,,35412.0,,35412.0,35412.0,0.0,0.0
22051020203,1,0.13,15918.0,2.04,15918.0,6167.0,9751.0,0.0
48201432500,1,0.17,32326.0,5.58,32326.0,21688.0,10638.0,0.0
48245006600,2,0.49,21804.0,5.31,10902.0,21804.0,0.0,0.0
37019020601,2,0.41,22133.0,4.49,11066.5,22133.0,0.0,0.0
45019002801,2,0.45,5593.0,1.25,2796.5,5593.0,0.0,0.0
48201554802,15,0.84,964127.0,54.02,64275.13,725432.0,238695.0,0.0
48201522201,10,2.27,445429.0,101.21,44542.9,368434.0,76995.0,0.0
48201555701,2,0.24,214950.0,25.53,107475.0,121380.0,93570.0,0.0
45019004606,1,0.11,2423.0,0.26,2423.0,2423.0,0.0,0.0
22063040700,9,2.29,52237.0,13.27,5804.11,50867.0,1370.0,0.0
01127021100,3,0.91,13011.0,3.94,4337.0,13011.0,0.0,0.0
48201312900,3,0.78,13482.0,3.53,4494.0,13482.0,0.0,0.0
37163970700,1,0.14,0.0,0.0,0.0,0.0,0.0,0.0
06115040600,4,0.71,76751.0,13.71,19187.75,75186.0,1565.0,0.0
22113950901,1,0.28,13328.0,3.8,13328.0,13328.0,0.0,0.0
12011030100,1,0.22,0.0,0.0,0.0,0.0,0.0,0.0
48201451500,8,1.71,119593.0,25.51,14949.12,93825.0,25768.0,0.0
22017024305,9,,385150.0,,42794.44,321798.0,63352.0,0.0
22019003600,14,3.1,815187.0,180.43,58227.64,728609.0,86578.0,0.0
01121010900,1,0.31,7742.0,2.39,7742.0,7742.0,0.0,0.0
37133000102,3,0.32,3314.0,0.35,1104.67,3314.0,0.0,0.0
48201211200,2,0.76,19683.0,7.52,9841.5,9642.0,10041.0,0.0
13121000400,1,0.57,0.0,0.0,0.0,0.0,0.0,0.0
22033004508,1,0.12,0.0,0.0,0.0,0.0,0.0,0.0
48339690300,3,0.6,15874.0,3.15,5291.33,15874.0,0.0,0.0
28059041300,9,1.57,138986.0,24.27,15442.89,112506.0,26480.0,0.0
12091022002,1,0.26,25297.0,6.61,25297.0,25297.0,0.0,0.0
48201522402,4,1.14,76858.0,21.81,19214.5,76661.0,197.0,0.0
48439111530,2,0.33,14458.0,2.39,7229.0,14458.0,0.0,0.0
48201543202,10,,213865.0,,21386.5,186932.0,26933.0,0.0
06073022000,2,0.47,23817.0,5.58,11908.5,23817.0,0.0,0.0
48201453002,21,,389117.0,,18529.38,349793.0,39324.0,0.0
48201433400,2,0.41,3823.0,0.78,1911.5,3814.0,9.0,0.0
12111382112,1,0.12,0.0,0.0,0.0,0.0,0.0,0.0
48201554804,2,,303905.0,,151952.5,259631.0,44274.0,0.0
13123080402,1,,0.0,,0.0,0.0,0.0,0.0
22067950800,10,2.56,445914.0,114.19,44591.4,336513.0,109401.0,0.0
48201452700,3,0.26,14841.0,1.26,4947.0,13197.0,1644.0,0.0
22033004302,2,0.37,71544.0,13.38,35772.0,67580.0,3964.0,0.0
22073005900,17,6.51,987938.0,378.09,58114.0,492350.0,495588.0,0.0
48201454700,6,0.92,62952.0,9.66,10492.0,61805.0,1147.0,0.0
22105954400,6,1.69,125053.0,35.19,20842.17,125053.0,0.0,0.0
28047003308,7,,75779.0,,10825.57,53798.0,21981.0,0.0
48201411400,3,1.1,42861.0,15.71,14287.0,42861.0,0.0,0.0
12099007743,1,0.2,0.0,0.0,0.0,0.0,0.0,0.0
45085001704,2,0.36,0.0,0.0,0.0,0.0,0.0,0.0
37025040705,1,,22542.0,,22542.0,14773.0,7769.0,0.0
48201980700,1,,319856.0,,319856.0,286730.0,33126.0,0.0
13175950300,2,1.12,183356.0,102.61,91678.0,154843.0,28513.0,0.0
28035010601,2,,11849.0,,5924.5,8962.0,2887.0,0.0
48201332000,8,1.4,96600.0,16.86,12075.0,96312.0,288.0,0.0
12071020600,1,0.35,13251.0,4.65,13251.0,13251.0,0.0,0.0
48363000400,4,0.69,119360.0,20.69,29840.0,114911.0,4449.0,0.0
48453002436,1,0.36,120023.0,43.52,120023.0,72838.0,47185.0,0.0
45079011419,1,0.21,607.0,0.13,607.0,607.0,0.0,0.0
22045030301,16,3.93,709113.0,174.14,44319.56,531996.0,177117.0,0.0
22103040708,11,1.81,48461.0,7.99,4405.55,29018.0,19443.0,0.0
48201552801,5,,359120.0,,71824.0,278882.0,80238.0,0.0
48439105505,2,0.38,7517.0,1.41,3758.5,7517.0,0.0,0.0
48439106509,2,0.39,5604.0,1.09,2802.0,5604.0,0.0,0.0
22005030402,2,0.26,11492.0,1.49,5746.0,11492.0,0.0,0.0
48201241200,8,1.02,156442.0,20.01,19555.25,118243.0,38199.0,0.0
22117950900,3,2.28,181508.0,137.92,60502.67,144339.0,37169.0,0.0
37155960101,1,0.25,14808.0,3.7,14808.0,14808.0,0.0,0.0
48201412902,3,,62982.0,,20994.0,62982.0,0.0,0.0
48201554101,5,3.55,43959.0,31.22,8791.8,40786.0,3173.0,0.0
22079010102,4,,127053.0,,31763.25,102490.0,24563.0,0.0
48201534204,4,,213092.0,,53273.0,182405.0,30687.0,0.0
13051010810,1,,0.0,,0.0,0.0,0.0,0.0
12103024505,1,0.13,0.0,0.0,0.0,0.0,0.0,0.0
48201252800,8,1.06,280982.0,37.35,35122.75,225692.0,55290.0,0.0
13095010601,1,0.45,4781.0,2.14,4781.0,4781.0,0.0,0.0
48201333300,1,0.09,23968.0,2.23,23968.0,23968.0,0.0,0.0
22073005800,3,1.24,129877.0,53.71,43292.33,125021.0,4856.0,0.0
13063040407,1,0.27,1832.0,0.5,1832.0,1832.0,0.0,0.0
28059041700,3,1.34,16874.0,7.51,5624.67,16874.0,0.0,0.0
13115000203,1,,26955.0,,26955.0,18245.0,8710.0,0.0
28045030601,2,0.28,45950.0,6.36,22975.0,41314.0,4636.0,0.0
22097961800,1,0.14,0.0,0.0,0.0,0.0,0.0,0.0
28151000200,13,6.77,502802.0,261.88,38677.08,404734.0,98068.0,0.0
37119006010,2,0.29,22025.0,3.24,11012.5,19874.0,2151.0,0.0
28035010600,13,1.56,304783.0,36.59,23444.85,285810.0,18973.0,0.0
28049002200,2,0.88,7919.0,3.49,3959.5,7919.0,0.0,0.0
48015760501,3,0.6,124446.0,25.09,41482.0,104856.0,19590.0,0.0
22073010401,4,,146045.0,,36511.25,146045.0,0.0,0.0
12009066301,1,0.14,0.0,0.0,0.0,0.0,0.0,0.0
48293970600,18,3.09,482002.0,82.82,26777.89,363428.0,118574.0,0.0
22115950900,5,0.71,121640.0,17.17,24328.0,121640.0,0.0,0.0
37119003103,1,0.22,5149.0,1.13,5149.0,5149.0,0.0,0.0
37139960300,1,0.34,3099.0,1.06,3099.0,3099.0,0.0,0.0
22115950200,10,1.93,529708.0,102.0,52970.8,443448.0,86260.0,0.0
48361021900,2,0.31,5558.0,0.85,2779.0,5558.0,0.0,0.0
22035000200,1,0.34,954.0,0.33,954.0,954.0,0.0,0.0
48367140603,1,,6969.0,,6969.0,3005.0,3964.0,0.0
22127960100,3,0.93,65907.0,20.34,21969.0,65907.0,0.0,0.0
48201554403,7,0.63,604680.0,54.73,86382.86,482558.0,122122.0,0.0
48201432600,4,1.8,119688.0,53.89,29922.0,59479.0,60209.0,0.0
01045020100,1,0.28,12293.0,3.4,12293.0,12293.0,0.0,0.0
48085031720,1,0.21,0.0,0.0,0.0,0.0,0.0,0.0
13117130504,1,0.26,21406.0,5.61,21406.0,21406.0,0.0,0.0
01055000400,1,0.24,8666.0,2.08,8666.0,8666.0,0.0,0.0
12127082201,1,0.3,0.0,0.0,0.0,0.0,0.0,0.0
48015760201,1,,23908.0,,23908.0,16605.0,7303.0,0.0
45051070602,2,0.46,55199.0,12.63,27599.5,43435.0,11764.0,0.0
37119004000,1,0.22,1029.0,0.22,1029.0,1029.0,0.0,0.0
12085000606,1,0.19,0.0,0.0,0.0,0.0,0.0,0.0
22017022900,9,1.9,206808.0,43.73,22978.67,206808.0,0.0,0.0
22105954505,7,,154339.0,,22048.43,148949.0,5390.0,0.0
48439111525,1,0.15,14069.0,2.15,14069.0,6677.0,7392.0,0.0
45019004609,6,0.82,13022.0,1.79,2170.33,13022.0,0.0,0.0
13285960300,1,0.24,0.0,0.0,0.0,0.0,0.0,0.0
22063040301,3,0.32,32204.0,3.4,10734.67,26051.0,6153.0,0.0
01055000900,1,0.34,10519.0,3.62,10519.0,6846.0,3673.0,0.0
48339691301,1,0.22,0.0,0.0,0.0,0.0,0.0,0.0
22017024001,2,,122599.0,,61299.5,122599.0,0.0,0.0
48201554700,4,0.51,56461.0,7.2,14115.25,56461.0,0.0,0.0
22017024900,18,4.96,936202.0,258.12,52011.22,871699.0,64503.0,0.0
48015760502,6,1.12,196768.0,36.86,32794.67,143810.0,52958.0,0.0
48265960200,1,0.27,0.0,0.0,0.0,0.0,0.0,0.0
48473680302,3,,248665.0,,82888.33,138847.0,109818.0,0.0
37051000200,1,0.47,0.0,0.0,0.0,0.0,0.0,0.0
48401950400,1,0.18,6928.0,1.23,6928.0,6928.0,0.0,0.0
48201511600,1,0.28,36825.0,10.13,36825.0,36825.0,0.0,0.0
13077170501,3,0.41,14467.0,1.99,4822.33,14197.0,270.0,0.0
37161960200,1,0.13,23299.0,3.05,23299.0,21591.0,1708.0,0.0
48039660100,2,0.43,4687.0,1.01,2343.5,4687.0,0.0,0.0
48021950300,3,0.2,81062.0,5.54,27020.67,69861.0,11201.0,0.0
48201450802,5,0.58,309771.0,36.04,61954.2,304093.0,5678.0,0.0
06059062632,3,0.82,18723.0,5.1,6241.0,18723.0,0.0,0.0
45055970800,2,0.3,7014.0,1.06,3507.0,6607.0,407.0,0.0
48201431102,2,0.51,1289.0,0.33,644.5,1289.0,0.0,0.0
13215000200,1,0.36,3324.0,1.19,3324.0,3324.0,0.0,0.0
13115001701,1,0.16,31014.0,4.82,31014.0,31014.0,0.0,0.0
22065960500,4,1.68,42766.0,17.98,10691.5,42766.0,0.0,0.0
22103040705,1,0.14,78000.0,10.91,78000.0,78000.0,0.0,0.0
28045030606,1,,50954.0,,50954.0,41115.0,9839.0,0.0
48157673108,4,,79317.0,,19829.25,55744.0,23573.0,0.0
48225950500,2,0.52,49985.0,12.96,24992.5,37693.0,12292.0,0.0
01115040501,2,0.17,23169.0,1.98,11584.5,15320.0,7849.0,0.0
48201541004,3,,58734.0,,19578.0,46488.0,12246.0,0.0
28109950402,3,0.42,322808.0,45.18,107602.67,276915.0,45893.0,0.0
48201240904,1,,14558.0,,14558.0,14558.0,0.0,0.0
48201554409,3,,343720.0,,114573.33,320746.0,22974.0,0.0
22079010600,1,0.21,0.0,0.0,0.0,0.0,0.0,0.0
48213950800,1,0.21,0.0,0.0,0.0,0.0,0.0,0.0
22115950500,4,0.65,176121.0,28.61,44030.25,176121.0,0.0,0.0
01089011300,6,0.93,147021.0,22.75,24503.5,105282.0,41739.0,0.0
37063000101,1,0.33,5070.0,1.68,5070.0,5070.0,0.0,0.0
48201533600,16,2.97,796570.0,147.73,49785.62,626820.0,169750.0,0.0
01039961800,1,0.32,34468.0,11.04,34468.0,34468.0,0.0,0.0
48201541300,2,0.15,85250.0,6.34,42625.0,58443.0,26807.0,0.0
48201241103,5,1.17,271541.0,63.61,54308.2,161383.0,110158.0,0.0
13121006000,1,0.29,7859.0,2.31,7859.0,7859.0,0.0,0.0
48439113922,1,0.05,18431.0,0.9,18431.0,18431.0,0.0,0.0
22029000300,4,1.03,214574.0,55.03,53643.5,198890.0,15684.0,0.0
22073005203,2,0.64,6338.0,2.03,3169.0,6338.0,0.0,0.0
48201233103,2,0.38,10998.0,2.06,5499.0,10998.0,0.0,0.0
01069041200,2,0.86,19785.0,8.52,9892.5,18732.0,1053.0,0.0
37153970400,1,0.25,0.0,0.0,0.0,0.0,0.0,0.0
13097080304,2,0.38,6013.0,1.15,3006.5,6013.0,0.0,0.0
28109950502,1,0.12,13247.0,1.65,13247.0,13247.0,0.0,0.0
22027950400,4,1.15,530369.0,151.97,132592.25,286906.0,243463.0,0.0
06067005702,1,0.22,0.0,0.0,0.0,0.0,0.0,0.0
48201251502,1,0.1,2317.0,0.22,2317.0,2317.0,0.0,0.0
01003010701,1,0.13,40670.0,5.12,40670.0,33669.0,7001.0,0.0
48201522500,6,1.21,140932.0,28.47,23488.67,138238.0,2694.0,0.0
22005030600,6,1.09,86782.0,15.73,14463.67,86782.0,0.0,0.0
28047003211,1,,509978.0,,509978.0,321179.0,188799.0,0.0
28059040204,1,0.14,0.0,0.0,0.0,0.0,0.0,0.0
48157675800,4,1.26,341902.0,107.31,85475.5,277612.0,64290.0,0.0
13135050415,1,0.27,11290.0,3.0,11290.0,10103.0,1187.0,0.0
06081603900,1,0.18,6340.0,1.13,6340.0,6340.0,0.0,0.0
22071001723,3,0.63,2541.0,0.54,847.0,2541.0,0.0,0.0
28049010807,2,0.55,2773.0,0.76,1386.5,2022.0,751.0,0.0
12099007754,1,0.21,0.0,0.0,0.0,0.0,0.0,0.0
48245006500,3,0.93,15547.0,4.84,5182.33,13708.0,1839.0,0.0
01019955900,1,0.22,113468.0,24.7,113468.0,88036.0,25432.0,0.0
28121020900,3,0.38,38068.0,4.87,12689.33,38068.0,0.0,0.0
22009030200,3,1.05,102834.0,36.13,34278.0,88373.0,14461.0,0.0
13285961000,4,0.65,134716.0,22.02,33679.0,75683.0,59033.0,0.0
48201555501,14,2.64,1189210.0,224.29,84943.57,784043.0,405167.0,0.0
48201451601,10,1.53,457911.0,70.04,45791.1,376634.0,81277.0,0.0
48157675500,5,0.33,106150.0,6.94,21230.0,90961.0,15189.0,0.0
45019002008,1,,0.0,,0.0,0.0,0.0,0.0
48201451001,1,0.18,4262.0,0.78,4262.0,4262.0,0.0,0.0
12086013800,1,0.13,0.0,0.0,0.0,0.0,0.0,0.0
06081602900,1,0.26,0.0,0.0,0.0,0.0,0.0,0.0
01009050102,1,0.14,501000.0,69.56,501000.0,0.0,501000.0,0.0
48201510902,2,,54949.0,,27474.5,49561.0,5388.0,0.0
28095950400,2,0.61,26184.0,7.96,13092.0,26184.0,0.0,0.0
48337950400,1,0.21,102314.0,21.82,102314.0,78652.0,23662.0,0.0
12086008418,1,0.36,0.0,0.0,0.0,0.0,0.0,0.0
22119031700,8,2.49,270960.0,84.23,33870.0,224536.0,46424.0,0.0
48201240101,6,,1042524.0,,173754.0,648188.0,394336.0,0.0
48339692301,4,,213368.0,,53342.0,154298.0,59070.0,0.0
22073010502,12,2.7,275198.0,61.93,22933.17,262525.0,12673.0,0.0
22103040102,4,0.43,58665.0,6.33,14666.25,40685.0,17980.0,0.0
48167720302,1,0.13,9932.0,1.28,9932.0,9932.0,0.0,0.0
48201313202,1,,0.0,,0.0,0.0,0.0,0.0
22017024107,2,0.38,27669.0,5.27,13834.5,22860.0,4809.0,0.0
48157671100,1,0.12,0.0,0.0,0.0,0.0,0.0,0.0
48201334100,1,0.08,18384.0,1.5,18384.0,18384.0,0.0,0.0
01117030316,2,0.34,11358.0,1.91,5679.0,11358.0,0.0,0.0
28125950200,2,0.89,28639.0,12.8,14319.5,26894.0,1745.0,0.0
22017022700,4,1.55,83205.0,32.26,20801.25,83205.0,0.0,0.0
06073007501,2,0.5,6925.0,1.72,3462.5,6925.0,0.0,0.0
12033003608,1,0.12,0.0,0.0,0.0,0.0,0.0,0.0
48201451700,5,1.2,98126.0,23.5,19625.2,70849.0,27277.0,0.0
48201422302,3,1.32,96358.0,42.41,32119.33,95220.0,1138.0,0.0
48201232403,1,0.21,3770.0,0.81,3770.0,3770.0,0.0,0.0
48339692604,2,,75683.0,,37841.5,55892.0,19791.0,0.0
22103041104,3,0.86,12521.0,3.59,4173.67,12521.0,0.0,0.0
12105012503,4,0.23,0.0,0.0,0.0,0.0,0.0,0.0
28059040101,2,0.27,104514.0,14.23,52257.0,79894.0,24620.0,0.0
45029970700,1,0.17,473.0,0.08,473.0,473.0,0.0,0.0
01031010200,2,1.19,166091.0,99.04,83045.5,77210.0,88881.0,0.0
37051002600,1,0.24,0.0,0.0,0.0,0.0,0.0,0.0
48201250800,3,0.35,28898.0,3.39,9632.67,28898.0,0.0,0.0
48201451302,2,,18184.0,,9092.0,17112.0,1072.0,0.0
48201430500,7,2.62,286567.0,107.21,40938.14,281651.0,4916.0,0.0
22073005303,1,,7945.0,,7945.0,7945.0,0.0,0.0
06059042108,1,0.2,25580.0,5.19,25580.0,25580.0,0.0,0.0
37071032100,1,0.33,15612.0,5.16,15612.0,15612.0,0.0,0.0
28031950400,3,0.41,74176.0,10.08,24725.33,74176.0,0.0,0.0
12127090400,1,0.18,0.0,0.0,0.0,0.0,0.0,0.0
48201552103,14,4.39,623481.0,195.69,44534.36,503433.0,120048.0,0.0
48201520500,2,0.21,75024.0,7.94,37512.0,62809.0,12215.0,0.0
28151000600,4,1.4,93027.0,32.6,23256.75,73854.0,19173.0,0.0
22071001743,2,0.85,0.0,0.0,0.0,0.0,0.0,0.0
48201452400,15,1.84,242884.0,29.85,16192.27,238271.0,4613.0,0.0
28011950600,8,1.21,133056.0,20.08,16632.0,131055.0,2001.0,0.0
22111960100,4,0.87,386016.0,84.28,96504.0,300911.0,85105.0,0.0
48061012900,1,0.2,2396.0,0.48,2396.0,2396.0,0.0,0.0
28059041400,2,0.62,6825.0,2.11,3412.5,4677.0,2148.0,0.0
37091950402,1,0.24,636.0,0.15,636.0,636.0,0.0,0.0
28123020300,1,0.2,31156.0,6.1,31156.0,31156.0,0.0,0.0
28137950302,2,0.33,42738.0,6.96,21369.0,42738.0,0.0,0.0
06095252310,1,0.31,0.0,0.0,0.0,0.0,0.0,0.0
48339691900,8,1.19,394347.0,58.6,49293.38,364613.0,29734.0,0.0
48113019014,1,0.13,0.0,0.0,0.0,0.0,0.0,0.0
48201420600,1,0.44,0.0,0.0,0.0,0.0,0.0,0.0
48039661900,2,0.14,25791.0,1.82,12895.5,25791.0,0.0,0.0
48241950700,4,0.48,259024.0,31.07,64756.0,224325.0,34699.0,0.0
01101002600,1,0.17,26271.0,4.48,26271.0,26271.0,0.0,0.0
48201453404,7,,125594.0,,17942.0,116428.0,9166.0,0.0
06073015405,1,0.18,10093.0,1.78,10093.0,10093.0,0.0,0.0
48201330200,1,0.24,16313.0,3.88,16313.0,16313.0,0.0,0.0
22045030302,6,0.94,207131.0,32.61,34521.83,151809.0,55322.0,0.0
48201542500,3,1.06,37392.0,13.22,12464.0,36875.0,517.0,0.0
22069000500,4,0.99,82062.0,20.37,20515.5,82062.0,0.0,0.0
22051020508,1,0.12,0.0,0.0,0.0,0.0,0.0,0.0
48201251200,4,0.64,8117.0,1.31,2029.25,8117.0,0.0,0.0
13055010200,1,0.16,19471.0,3.14,19471.0,19471.0,0.0,0.0
01073011904,4,1.92,59638.0,28.69,14909.5,59638.0,0.0,0.0
37055970102,6,1.77,24008.0,7.09,4001.33,24008.0,0.0,0.0
28047003600,3,2.97,9367.0,9.28,3122.33,8602.0,765.0,0.0
48159950101,3,,104349.0,,34783.0,90131.0,14218.0,0.0
48277000402,1,0.16,3149.0,0.5,3149.0,3149.0,0.0,0.0
48039660500,1,0.11,0.0,0.0,0.0,0.0,0.0,0.0
12099007624,1,,5711.0,,5711.0,5711.0,0.0,0.0
22079013700,1,0.24,25380.0,5.99,25380.0,17630.0,7750.0,0.0
22069000400,2,0.5,36819.0,9.2,18409.5,36819.0,0.0,0.0
12103024004,1,0.2,0.0,0.0,0.0,0.0,0.0,0.0
12103025414,1,0.4,0.0,0.0,0.0,0.0,0.0,0.0
48201552502,2,,60583.0,,30291.5,54372.0,6211.0,0.0
12033001700,1,0.42,4509.0,1.91,4509.0,2399.0,2110.0,0.0
06073006900,1,0.18,0.0,0.0,0.0,0.0,0.0,0.0
13121009101,1,0.22,7697.0,1.69,7697.0,7697.0,0.0,0.0
48113018600,1,0.26,0.0,0.0,0.0,0.0,0.0,0.0
28059040900,2,0.16,3928.0,0.31,1964.0,3928.0,0.0,0.0
28083950800,1,0.25,8111.0,2.05,8111.0,8111.0,0.0,0.0
37141920202,1,0.13,0.0,0.0,0.0,0.0,0.0,0.0
48467951000,2,0.32,58956.0,9.4,29478.0,41121.0,17835.0,0.0
12086019200,4,0.7,398113.0,70.13,99528.25,316848.0,81265.0,0.0
48201240102,4,,887848.0,,221962.0,887848.0,0.0,0.0
01055010501,3,0.36,11513.0,1.4,3837.67,11513.0,0.0,0.0
48201330302,6,0.94,56385.0,8.85,9397.5,55030.0,1355.0,0.0
06019004214,1,0.2,22711.0,4.6,22711.0,22711.0,0.0,0.0
12099007834,1,0.61,18476.0,11.33,18476.0,18476.0,0.0,0.0
48089750200,1,0.5,20822.0,10.4,20822.0,20822.0,0.0,0.0
48201554408,12,,896326.0,,74693.83,721591.0,174735.0,0.0
48213950700,1,0.23,4909.0,1.11,4909.0,4909.0,0.0,0.0
48183001400,2,0.53,70855.0,18.62,35427.5,55731.0,15124.0,0.0
22097961300,1,0.23,0.0,0.0,0.0,0.0,0.0,0.0
48201454800,2,0.27,5207.0,0.69,2603.5,5207.0,0.0,0.0
12071070102,2,0.64,10502.0,3.37,5251.0,10502.0,0.0,0.0
48039662300,2,0.38,11422.0,2.19,5711.0,11422.0,0.0,0.0
22105954003,2,,51297.0,,25648.5,40269.0,11028.0,0.0
12099007618,3,0.65,13739.0,2.97,4579.67,13739.0,0.0,0.0
06059062900,1,0.66,2775.0,1.83,2775.0,2775.0,0.0,0.0
48339694301,2,0.17,7364.0,0.62,3682.0,7364.0,0.0,0.0
48201222402,8,1.21,75259.0,11.37,9407.38,72138.0,3121.0,0.0
06037237402,1,0.33,0.0,0.0,0.0,0.0,0.0,0.0
12011031102,3,0.98,17071.0,5.55,5690.33,10730.0,6341.0,0.0
28157950200,20,4.11,561353.0,115.34,28067.65,512312.0,49041.0,0.0
48201340600,1,0.38,5465.0,2.08,5465.0,5465.0,0.0,0.0
48159950100,7,1.4,210242.0,42.12,30034.57,161538.0,48704.0,0.0
48201533801,9,0.92,290144.0,29.69,32238.22,260305.0,29839.0,0.0
28151000400,8,3.25,334793.0,135.87,41849.12,253355.0,81438.0,0.0
01063060200,2,0.6,21660.0,6.46,10830.0,21660.0,0.0,0.0
28133950200,4,0.91,25705.0,5.85,6426.25,24985.0,720.0,0.0
28047003501,2,0.21,62845.0,6.62,31422.5,49342.0,13503.0,0.0
12086011300,1,0.11,0.0,0.0,0.0,0.0,0.0,0.0
06073017031,1,0.26,0.0,0.0,0.0,0.0,0.0,0.0
01081040500,1,0.11,5921.0,0.64,5921.0,5921.0,0.0,0.0
48201531000,2,0.55,4325.0,1.19,2162.5,3169.0,1156.0,0.0
37151030201,1,0.3,13986.0,4.23,13986.0,12604.0,1382.0,0.0
45019002007,4,1.06,22292.0,5.93,5573.0,22292.0,0.0,0.0
37119002702,1,0.17,9261.0,1.56,9261.0,8960.0,301.0,0.0
48201542102,5,0.31,73928.0,4.52,14785.6,73928.0,0.0,0.0
12086018600,1,0.11,0.0,0.0,0.0,0.0,0.0,0.0
48201231800,1,0.37,62094.0,22.96,62094.0,55705.0,6389.0,0.0
28083950600,3,0.59,22313.0,4.4,7437.67,19845.0,2468.0,0.0
22051022302,1,0.58,4982.0,2.91,4982.0,0.0,4982.0,0.0
28023950300,4,1.16,103512.0,29.89,25878.0,89943.0,13569.0,0.0
22119031800,2,0.71,30646.0,10.95,15323.0,30646.0,0.0,0.0
22127960200,7,1.11,422896.0,66.83,60413.71,318331.0,104565.0,0.0
48199030600,5,1.22,82246.0,20.06,16449.2,69437.0,12809.0,0.0
48113016619,1,0.28,11852.0,3.26,11852.0,5250.0,6602.0,0.0
12131950602,2,0.67,0.0,0.0,0.0,0.0,0.0,0.0
01037961100,1,0.28,43610.0,12.26,43610.0,12445.0,31165.0,0.0
22063040306,2,,30014.0,,15007.0,30014.0,0.0,0.0
28113950101,1,0.21,4183.0,0.9,4183.0,4183.0,0.0,0.0
12086011005,1,0.15,0.0,0.0,0.0,0.0,0.0,0.0
12127082902,1,0.18,11854.0,2.1,11854.0,11854.0,0.0,0.0
48201452801,1,0.18,12798.0,2.31,12798.0,10668.0,2130.0,0.0
48201551201,2,,35451.0,,17725.5,32299.0,3152.0,0.0
13135050416,1,0.29,13128.0,3.8,13128.0,13128.0,0.0,0.0
48201432901,3,0.94,214999.0,67.33,71666.33,0.0,214999.0,0.0
48183000401,4,1.13,135379.0,38.28,33844.75,135379.0,0.0,0.0
48089750300,1,0.18,14482.0,2.67,14482.0,14482.0,0.0,0.0
22103041106,1,,5897.0,,5897.0,5897.0,0.0,0.0
06037194300,1,0.27,15027.0,4.04,15027.0,15027.0,0.0,0.0
48201241001,2,,12111.0,,6055.5,8255.0,3856.0,0.0
48201254000,1,0.24,0.0,0.0,0.0,0.0,0.0,0.0
01117030332,2,1.68,105720.0,88.77,52860.0,85021.0,20699.0,0.0
06001400100,1,0.33,6491.0,2.15,6491.0,3333.0,3158.0,0.0
45051051501,6,1.46,12406.0,3.02,2067.67,11897.0,509.0,0.0
48339690202,9,1.2,195933.0,26.12,21770.33,153904.0,42029.0,0.0
12113010813,1,0.21,0.0,0.0,0.0,0.0,0.0,0.0
12086011405,2,,20743.0,,10371.5,7125.0,13618.0,0.0
12021010419,1,0.25,0.0,0.0,0.0,0.0,0.0,0.0
48467951002,1,,9530.0,,9530.0,9530.0,0.0,0.0
06071010806,1,,6685.0,,6685.0,6685.0,0.0,0.0
06007001500,2,0.36,78294.0,14.12,39147.0,78294.0,0.0,0.0
01073010002,3,0.6,25671.0,5.15,8557.0,25671.0,0.0,0.0
48201451100,10,2.3,161987.0,37.18,16198.7,157742.0,4245.0,0.0
22009030100,7,2.78,197063.0,78.14,28151.86,173501.0,23562.0,0.0
22051021300,1,0.32,7285.0,2.34,7285.0,7285.0,0.0,0.0
01083020802,3,0.34,146777.0,16.65,48925.67,111214.0,35563.0,0.0
45033970600,1,0.13,4854.0,0.64,4854.0,4854.0,0.0,0.0
22031950100,3,0.3,136469.0,13.64,45489.67,129620.0,6849.0,0.0
48201454302,2,0.29,11776.0,1.72,5888.0,11776.0,0.0,0.0
12086000605,1,0.25,0.0,0.0,0.0,0.0,0.0,0.0
48199030900,9,2.03,364741.0,82.26,40526.78,279171.0,85570.0,0.0
28073020302,6,0.59,98787.0,9.65,16464.5,97580.0,1207.0,0.0
28047003402,6,0.47,93575.0,7.29,15595.83,59803.0,33772.0,0.0
48201313600,2,0.46,23511.0,5.39,11755.5,23511.0,0.0,0.0
06087122003,3,0.44,58768.0,8.68,19589.33,58410.0,358.0,0.0
48201554502,8,1.21,610536.0,92.51,76317.0,483621.0,126915.0,0.0
13089023447,1,,1015.0,,1015.0,1015.0,0.0,0.0
13001950300,1,0.2,0.0,0.0,0.0,0.0,0.0,0.0
48167720900,2,0.33,241360.0,39.8,120680.0,241360.0,0.0,0.0
01015001100,1,0.14,35119.0,4.97,35119.0,35119.0,0.0,0.0
48221160208,2,0.32,32736.0,5.23,16368.0,21622.0,11114.0,0.0
01125010303,1,0.39,2023.0,0.8,2023.0,2023.0,0.0,0.0
06059021830,2,0.35,0.0,0.0,0.0,0.0,0.0,0.0
22073010505,3,,25785.0,,8595.0,14554.0,11231.0,0.0
48181000303,1,0.23,14928.0,3.51,14928.0,14492.0,436.0,0.0
48167722100,1,0.14,5056.0,0.72,5056.0,5056.0,0.0,0.0
13089021706,2,0.37,2975.0,0.56,1487.5,2975.0,0.0,0.0
28047003301,2,0.21,18042.0,1.93,9021.0,12534.0,5508.0,0.0
48245010600,1,0.18,17178.0,3.15,17178.0,16767.0,411.0,0.0
48201510200,3,0.51,134686.0,22.85,44895.33,134686.0,0.0,0.0
48201534203,10,5.18,1933653.0,1002.41,193365.3,1028766.0,904887.0,0.0
48201542902,2,,20580.0,,10290.0,579.0,20001.0,0.0
45019002606,2,0.89,8557.0,3.83,4278.5,8557.0,0.0,0.0
13207050302,6,0.91,59954.0,9.09,9992.33,59954.0,0.0,0.0
48201222702,3,,89997.0,,29999.0,86053.0,3944.0,0.0
12033003603,1,0.13,0.0,0.0,0.0,0.0,0.0,0.0
13235950100,1,0.33,62053.0,20.43,62053.0,62053.0,0.0,0.0
48201451901,11,1.44,153796.0,20.2,13981.45,138545.0,15251.0,0.0
48201311100,5,0.85,50027.0,8.54,10005.4,26280.0,23747.0,0.0
48423001101,2,0.54,250276.0,67.28,125138.0,196394.0,53882.0,0.0
13095000600,1,0.35,7684.0,2.66,7684.0,7684.0,0.0,0.0
48339691802,5,,127510.0,,25502.0,127356.0,154.0,0.0
06073017006,2,0.7,8914.0,3.13,4457.0,8755.0,159.0,0.0
22061960500,1,0.23,6376.0,1.48,6376.0,6376.0,0.0,0.0
22021000200,4,1.33,160242.0,53.34,40060.5,105283.0,54959.0,0.0
48403950100,1,0.37,0.0,0.0,0.0,0.0,0.0,0.0
28151000800,7,2.01,42590.0,12.21,6084.29,35171.0,7419.0,0.0
12086001206,3,0.61,10000.0,2.05,3333.33,10000.0,0.0,0.0
12011060212,1,0.29,0.0,0.0,0.0,0.0,0.0,0.0
22073010104,16,,723907.0,,45244.19,581875.0,142032.0,0.0
22103040304,8,1.2,98843.0,14.8,12355.38,85756.0,13087.0,0.0
13121001700,1,0.23,8096.0,1.89,8096.0,8096.0,0.0,0.0
12086017500,1,0.23,0.0,0.0,0.0,0.0,0.0,0.0
12099007602,1,0.21,4853.0,1.01,4853.0,4853.0,0.0,0.0
12005001501,1,0.17,11980.0,2.09,11980.0,10632.0,1348.0,0.0
48201422602,3,,38965.0,,12988.33,37796.0,1169.0,0.0
48201541400,12,0.75,699350.0,43.67,58279.17,595655.0,103695.0,0.0
13123080403,3,,43593.0,,14531.0,37849.0,5744.0,0.0
13045910501,4,0.46,248548.0,28.85,62137.0,243668.0,4880.0,0.0
28049010809,2,0.66,6438.0,2.14,3219.0,6438.0,0.0,0.0
22033000400,1,0.33,747.0,0.24,747.0,747.0,0.0,0.0
06037800102,1,0.15,0.0,0.0,0.0,0.0,0.0,0.0
22105954106,3,,407215.0,,135738.33,314907.0,92308.0,0.0
48201530200,2,0.52,245062.0,63.13,122531.0,245062.0,0.0,0.0
48201313800,1,0.22,3721.0,0.8,3721.0,3721.0,0.0,0.0
48471790103,7,1.27,127364.0,23.04,18194.86,121302.0,6062.0,0.0
48201553602,1,,50780.0,,50780.0,37621.0,13159.0,0.0
12086010013,1,0.22,0.0,0.0,0.0,0.0,0.0,0.0
48407200102,1,0.09,27534.0,2.44,27534.0,27534.0,0.0,0.0
22017022600,1,0.31,0.0,0.0,0.0,0.0,0.0,0.0
48201521502,2,,81747.0,,40873.5,55125.0,26622.0,0.0
48201551500,15,1.86,758875.0,94.12,50591.67,564073.0,194802.0,0.0
01099076200,1,0.61,0.0,0.0,0.0,0.0,0.0,0.0
48201521900,3,0.39,16608.0,2.13,5536.0,14486.0,2122.0,0.0
22063040804,4,0.24,47704.0,2.81,11926.0,32678.0,15026.0,0.0
48001950901,2,0.34,12403.0,2.13,6201.5,7064.0,5339.0,0.0
48113006302,1,0.22,2617.0,0.58,2617.0,2617.0,0.0,0.0
13285960501,3,0.64,40164.0,8.59,13388.0,38777.0,1387.0,0.0
28047001900,1,0.34,4325.0,1.49,4325.0,4325.0,0.0,0.0
48201330100,3,0.33,11719.0,1.28,3906.33,11719.0,0.0,0.0
48201411600,1,0.4,58035.0,23.39,58035.0,52933.0,5102.0,0.0
13095000700,3,1.72,37931.0,21.77,12643.67,36186.0,1745.0,0.0
48201440100,6,0.85,423722.0,59.98,70620.33,406956.0,16766.0,0.0
01089010905,1,,21176.0,,21176.0,21176.0,0.0,0.0
06037543604,1,0.17,0.0,0.0,0.0,0.0,0.0,0.0
01069040500,1,0.28,18359.0,5.1,18359.0,18359.0,0.0,0.0
28039950301,3,0.42,6138.0,0.86,2046.0,6138.0,0.0,0.0
13231010300,2,0.49,5465.0,1.33,2732.5,5465.0,0.0,0.0
48157671001,4,0.71,80776.0,14.36,20194.0,57998.0,22778.0,0.0
48201533300,2,0.32,3114.0,0.49,1557.0,3114.0,0.0,0.0
48201330500,3,0.64,31735.0,6.76,10578.33,29213.0,2522.0,0.0
01017953900,3,0.99,99598.0,32.71,33199.33,99598.0,0.0,0.0
12086002404,1,0.21,0.0,0.0,0.0,0.0,0.0,0.0
48201452501,1,,25729.0,,25729.0,25729.0,0.0,0.0
48021950700,6,1.4,251247.0,58.63,41874.5,194612.0,56635.0,0.0
01001020700,2,0.66,17844.0,5.86,8922.0,17297.0,547.0,0.0
12097041301,2,,4134.0,,2067.0,4134.0,0.0,0.0
13121009502,2,0.6,5859.0,1.75,2929.5,5859.0,0.0,0.0
06073007200,1,0.16,6596.0,1.07,6596.0,6508.0,88.0,0.0
37133001800,1,0.5,28008.0,14.1,28008.0,28008.0,0.0,0.0
48201453200,1,0.12,5028.0,0.59,5028.0,5028.0,0.0,0.0
28047001400,1,0.51,10875.0,5.56,10875.0,10875.0,0.0,0.0
48001950600,3,0.46,59811.0,9.17,19937.0,41750.0,18061.0,0.0
28121020801,1,0.43,3408.0,1.48,3408.0,3408.0,0.0,0.0
48201430700,8,2.34,185053.0,54.11,23131.62,185053.0,0.0,0.0
48201453202,1,,1790.0,,1790.0,1790.0,0.0,0.0
13135050728,2,0.14,17312.0,1.21,8656.0,17312.0,0.0,0.0
45079010104,1,0.23,0.0,0.0,0.0,0.0,0.0,0.0
48201452402,3,,51119.0,,17039.67,44024.0,7095.0,0.0
22033003501,7,2.24,389063.0,124.46,55580.43,273072.0,115991.0,0.0
48201554903,3,0.25,14117.0,1.18,4705.67,14117.0,0.0,0.0
48485013200,1,0.17,801.0,0.14,801.0,801.0,0.0,0.0
12086002600,1,0.14,0.0,0.0,0.0,0.0,0.0,0.0
22073011100,5,1.75,154155.0,54.01,30831.0,102089.0,52066.0,0.0
37133000402,2,0.28,3394.0,0.48,1697.0,3394.0,0.0,0.0
06067007017,2,0.62,3772.0,1.16,1886.0,3772.0,0.0,0.0
48213950601,1,0.3,53201.0,15.94,53201.0,53201.0,0.0,0.0
48481740500,2,0.68,72318.0,24.46,36159.0,60918.0,11400.0,0.0
28083950900,2,0.45,21167.0,4.81,10583.5,21167.0,0.0,0.0
48423002007,1,0.12,29219.0,3.59,29219.0,22328.0,6891.0,0.0
48201411507,1,,36321.0,,36321.0,36321.0,0.0,0.0
28033070721,1,0.23,3070.0,0.7,3070.0,3070.0,0.0,0.0
13309780100,2,0.75,27276.0,10.2,13638.0,27276.0,0.0,0.0
48339691800,6,0.67,288592.0,32.08,48098.67,216480.0,72112.0,0.0
12011070305,1,0.13,0.0,0.0,0.0,0.0,0.0,0.0
06073000900,2,0.35,16566.0,2.86,8283.0,16566.0,0.0,0.0
48339692304,2,,129816.0,,64908.0,129816.0,0.0,0.0
48201510800,4,0.49,290082.0,35.73,72520.5,272351.0,17731.0,0.0
45019003000,2,0.55,11705.0,3.23,5852.5,11360.0,345.0,0.0
01101002000,2,0.47,14508.0,3.4,7254.0,14508.0,0.0,0.0
48201433202,2,0.4,4531.0,0.9,2265.5,4531.0,0.0,0.0
48201553401,9,2.09,448408.0,104.33,49823.11,400831.0,47577.0,0.0
22019003400,6,1.16,267541.0,51.88,44590.17,213005.0,54536.0,0.0
28047003204,5,1.33,179026.0,47.56,35805.2,124807.0,54219.0,0.0
48167723600,1,0.21,0.0,0.0,0.0,0.0,0.0,0.0
45019001600,1,0.59,0.0,0.0,0.0,0.0,0.0,0.0
48113013608,2,0.78,20748.0,8.11,10374.0,20748.0,0.0,0.0
28123020101,1,,11783.0,,11783.0,9756.0,2027.0,0.0
48339691000,7,1.57,224129.0,50.39,32018.43,214773.0,9356.0,0.0
48237950100,1,0.34,35314.0,12.09,35314.0,30636.0,4678.0,0.0
28049011204,1,,1416.0,,1416.0,1416.0,0.0,0.0
22103040607,5,,41722.0,,8344.4,33935.0,7787.0,0.0
48201454301,2,0.16,12706.0,1.03,6353.0,12057.0,649.0,0.0
12045960100,4,0.51,61080.0,7.84,15270.0,60552.0,528.0,0.0
48201232000,1,0.23,125878.0,29.24,125878.0,118387.0,7491.0,0.0
48073950300,1,0.14,35387.0,4.95,35387.0,28599.0,6788.0,0.0
48201554202,2,,56637.0,,28318.5,56637.0,0.0,0.0
48049950200,2,0.47,67965.0,16.09,33982.5,58833.0,9132.0,0.0
48201553101,8,,230491.0,,28811.38,159655.0,70836.0,0.0
48201552902,3,,26988.0,,8996.0,26988.0,0.0,0.0
48201330600,2,0.3,10075.0,1.49,5037.5,6914.0,3161.0,0.0
48201410800,1,0.25,1966.0,0.48,1966.0,0.0,1966.0,0.0
22063040503,1,,0.0,,0.0,0.0,0.0,0.0
06087122500,1,0.16,3053.0,0.49,3053.0,3053.0,0.0,0.0
48339694201,3,0.42,33153.0,4.61,11051.0,26452.0,6701.0,0.0
28047003206,7,0.72,246167.0,25.41,35166.71,175985.0,70182.0,0.0
48439111513,1,0.24,0.0,0.0,0.0,0.0,0.0,0.0
48061010100,1,0.11,0.0,0.0,0.0,0.0,0.0,0.0
48201233003,1,0.42,5014.0,2.11,5014.0,5014.0,0.0,0.0
22017024000,2,0.17,58138.0,4.83,29069.0,55918.0,2220.0,0.0
48201250402,1,0.05,0.0,0.0,0.0,0.0,0.0,0.0
13313001500,2,0.32,21446.0,3.48,10723.0,20255.0,1191.0,0.0
13089023107,3,0.64,41442.0,8.82,13814.0,38615.0,2827.0,0.0
13067031322,1,,4012.0,,4012.0,4012.0,0.0,0.0
22017022100,4,0.67,295804.0,49.41,73951.0,219561.0,76243.0,0.0
28143950200,3,0.62,5588.0,1.16,1862.67,5588.0,0.0,0.0
12086017700,1,0.22,0.0,0.0,0.0,0.0,0.0,0.0
22073000600,12,3.26,592240.0,160.8,49353.33,529201.0,63039.0,0.0
22015010702,2,0.48,27536.0,6.57,13768.0,19241.0,8295.0,0.0
48121020303,1,0.09,10528.0,0.91,10528.0,10528.0,0.0,0.0
22051020302,2,0.33,2489.0,0.4,1244.5,2489.0,0.0,0.0
22113950400,1,0.19,12555.0,2.37,12555.0,12555.0,0.0,0.0
06059086901,1,0.12,0.0,0.0,0.0,0.0,0.0,0.0
06041112100,1,0.2,0.0,0.0,0.0,0.0,0.0,0.0
12099006906,1,0.22,1198.0,0.27,1198.0,0.0,1198.0,0.0
48201555000,3,0.38,12174.0,1.56,4058.0,12174.0,0.0,0.0
12031010103,3,0.48,24472.0,3.94,8157.33,24472.0,0.0,0.0
48201250302,1,0.09,4307.0,0.38,4307.0,4307.0,0.0,0.0
12099000408,3,0.8,162402.0,43.17,54134.0,154927.0,7475.0,0.0
45019002104,2,1.3,16458.0,10.67,8229.0,16458.0,0.0,0.0
48157670500,1,0.24,7706.0,1.82,7706.0,7706.0,0.0,0.0
13007960100,4,1.84,85200.0,39.23,21300.0,82236.0,2964.0,0.0
48339692702,1,,89439.0,,89439.0,89439.0,0.0,0.0
22113950700,5,1.38,87091.0,24.08,17418.2,71920.0,15171.0,0.0
22077951900,3,0.59,20155.0,3.97,6718.33,20155.0,0.0,0.0
06015000202,1,0.27,5754.0,1.53,5754.0,5605.0,149.0,0.0
48201420200,1,0.38,1223.0,0.47,1223.0,1223.0,0.0,0.0
06037920012,1,1.0,0.0,0.0,0.0,0.0,0.0,0.0
22111960200,2,0.59,95595.0,28.05,47797.5,91502.0,4093.0,0.0
48201343600,1,0.31,0.0,0.0,0.0,0.0,0.0,0.0
22015011112,3,,107686.0,,35895.33,85912.0,21774.0,0.0
01069041100,1,0.27,27109.0,7.29,27109.0,24484.0,2625.0,0.0
13089021808,2,0.41,1698.0,0.35,849.0,1698.0,0.0,0.0
48201413302,2,,11950.0,,5975.0,10858.0,1092.0,0.0
48201332800,1,0.19,0.0,0.0,0.0,0.0,0.0,0.0
12041950100,1,0.18,17797.0,3.19,17797.0,17797.0,0.0,0.0
45019002400,1,0.2,0.0,0.0,0.0,0.0,0.0,0.0
28113950103,1,,81175.0,,81175.0,62600.0,18575.0,0.0
13045910502,2,0.6,23861.0,7.15,11930.5,23861.0,0.0,0.0
48167726100,3,1.42,145208.0,68.79,48402.67,145208.0,0.0,0.0
13215002400,1,0.66,0.0,0.0,0.0,0.0,0.0,0.0
48491020108,1,0.34,17506.0,6.01,17506.0,11882.0,5624.0,0.0
48201240903,1,,0.0,,0.0,0.0,0.0,0.0
13121008000,1,0.17,15451.0,2.65,15451.0,15451.0,0.0,0.0
45051051601,2,0.21,0.0,0.0,0.0,0.0,0.0,0.0
48201423201,2,0.61,86673.0,26.31,43336.5,71197.0,15476.0,0.0
01009050300,1,0.2,529.0,0.11,529.0,529.0,0.0,0.0
12105011704,1,0.19,0.0,0.0,0.0,0.0,0.0,0.0
48213950903,1,0.48,0.0,0.0,0.0,0.0,0.0,0.0
06067004203,1,0.18,1464.0,0.26,1464.0,1464.0,0.0,0.0
12086018803,1,,12996.0,,12996.0,12996.0,0.0,0.0
28011950200,2,0.82,45381.0,18.7,22690.5,45381.0,0.0,0.0
13217100901,2,0.19,21509.0,2.09,10754.5,21509.0,0.0,0.0
48363000800,4,1.3,54869.0,17.83,13717.25,54869.0,0.0,0.0
48329001300,1,0.15,3232.0,0.49,3232.0,3232.0,0.0,0.0
48149970400,4,1.12,163812.0,45.87,40953.0,128592.0,35220.0,0.0
01115040204,3,0.42,29581.0,4.18,9860.33,17147.0,12434.0,0.0
13001950100,2,0.64,28920.0,9.2,14460.0,24561.0,4359.0,0.0
37021002204,2,0.23,15209.0,1.74,7604.5,15209.0,0.0,0.0
22051020512,2,0.79,7779.0,3.07,3889.5,7779.0,0.0,0.0
48201533701,1,0.17,13006.0,2.15,13006.0,13006.0,0.0,0.0
12011020413,1,0.13,0.0,0.0,0.0,0.0,0.0,0.0
22117950101,11,3.07,692146.0,193.44,62922.36,508291.0,183855.0,0.0
01071950800,2,0.45,25005.0,5.68,12502.5,25005.0,0.0,0.0
12086008602,1,0.15,0.0,0.0,0.0,0.0,0.0,0.0
37147001002,1,0.15,625.0,0.1,625.0,625.0,0.0,0.0
37031970401,1,0.58,8091.0,4.71,8091.0,7780.0,311.0,0.0
48201423401,3,0.52,7425.0,1.29,2475.0,7425.0,0.0,0.0
22017023800,2,0.34,5026.0,0.86,2513.0,5026.0,0.0,0.0
48251130406,3,0.53,49367.0,8.67,16455.67,44130.0,5237.0,0.0
13077170303,1,0.18,500.0,0.09,500.0,500.0,0.0,0.0
13121007705,2,0.42,29020.0,6.05,14510.0,29020.0,0.0,0.0
01069041900,1,0.13,48990.0,6.54,48990.0,41095.0,7895.0,0.0
22105954503,1,,66292.0,,66292.0,61287.0,5005.0,0.0
28119950300,6,1.64,352333.0,96.34,58722.17,256225.0,96108.0,0.0
12091021101,1,0.32,0.0,0.0,0.0,0.0,0.0,0.0
28025950500,1,0.27,0.0,0.0,0.0,0.0,0.0,0.0
28121020802,1,0.08,43862.0,3.35,43862.0,39425.0,4437.0,0.0
12086003921,1,0.35,0.0,0.0,0.0,0.0,0.0,0.0
48201431402,3,0.85,9546.0,2.72,3182.0,9546.0,0.0,0.0
48201454303,1,,0.0,,0.0,0.0,0.0,0.0
48439104201,1,0.17,2738.0,0.45,2738.0,2738.0,0.0,0.0
28011950701,4,0.87,108611.0,23.53,27152.75,108611.0,0.0,0.0
12011110319,2,0.34,0.0,0.0,0.0,0.0,0.0,0.0
01033020801,2,0.46,78000.0,17.81,39000.0,50555.0,27445.0,0.0
12099007414,2,1.01,0.0,0.0,0.0,0.0,0.0,0.0
48029131507,2,0.31,442.0,0.07,221.0,111.0,331.0,0.0
12099007002,1,0.25,0.0,0.0,0.0,0.0,0.0,0.0
13145120302,1,,3435.0,,3435.0,3435.0,0.0,0.0
48241950200,2,0.59,11581.0,3.43,5790.5,11581.0,0.0,0.0
28059040300,2,0.24,10906.0,1.32,5453.0,8852.0,2054.0,0.0
22015011109,3,0.4,0.0,0.0,0.0,0.0,0.0,0.0
01069041000,1,0.19,26590.0,5.16,26590.0,26590.0,0.0,0.0
48201552401,1,,155686.0,,155686.0,79677.0,76009.0,0.0
12099007614,5,1.15,9231.0,2.12,1846.2,9231.0,0.0,0.0
01095030401,1,0.22,594.0,0.13,594.0,594.0,0.0,0.0
22103041004,2,0.43,6626.0,1.44,3313.0,6626.0,0.0,0.0
45015020904,2,0.51,0.0,0.0,0.0,0.0,0.0,0.0
22005030101,10,1.24,243841.0,30.19,24384.1,222097.0,21744.0,0.0
48201540602,8,1.04,484706.0,62.93,60588.25,405119.0,79587.0,0.0
37063002024,1,0.16,322.0,0.05,322.0,322.0,0.0,0.0
48027022404,1,0.12,0.0,0.0,0.0,0.0,0.0,0.0
48149970200,1,0.43,135355.0,58.44,135355.0,82762.0,52593.0,0.0
12086005001,1,0.13,35126.0,4.53,35126.0,35126.0,0.0,0.0
13271950500,1,0.33,5419.0,1.8,5419.0,2785.0,2634.0,0.0
06037800506,6,1.85,264058.0,81.42,44009.67,264058.0,0.0,0.0
13047030702,1,,10912.0,,10912.0,10912.0,0.0,0.0
48121021747,1,0.21,9395.0,1.98,9395.0,566.0,8829.0,0.0
48201312000,2,0.33,59645.0,9.93,29822.5,56229.0,3416.0,0.0
13269950200,1,0.4,4535.0,1.82,4535.0,4535.0,0.0,0.0
48201550402,1,0.1,62593.0,5.97,62593.0,58373.0,4220.0,0.0
48201430300,9,1.92,133960.0,28.58,14884.44,124856.0,9104.0,0.0
13295020301,1,0.21,7781.0,1.63,7781.0,7781.0,0.0,0.0
12086003922,1,0.35,0.0,0.0,0.0,0.0,0.0,0.0
22017023600,1,0.31,0.0,0.0,0.0,0.0,0.0,0.0
48133950200,2,0.37,48262.0,9.04,24131.0,32907.0,15355.0,0.0
48201550500,1,0.16,7559.0,1.23,7559.0,7559.0,0.0,0.0
48167720200,1,0.21,0.0,0.0,0.0,0.0,0.0,0.0
13089022005,3,0.62,13268.0,2.75,4422.67,13268.0,0.0,0.0
22005030203,4,0.35,19489.0,1.72,4872.25,11957.0,7532.0,0.0
48423000400,1,0.37,11042.0,4.08,11042.0,6231.0,4811.0,0.0
01047956701,1,0.49,3973.0,1.95,3973.0,3973.0,0.0,0.0
48201554701,1,,37462.0,,37462.0,32720.0,4742.0,0.0
06073020014,1,0.13,0.0,0.0,0.0,0.0,0.0,0.0
06037141700,1,0.33,0.0,0.0,0.0,0.0,0.0,0.0
45055970401,1,0.21,5385.0,1.11,5385.0,5385.0,0.0,0.0
48203020604,3,0.82,60711.0,16.63,20237.0,43080.0,17631.0,0.0
06081602202,1,,16506.0,,16506.0,16506.0,0.0,0.0
22085000700,1,0.32,60426.0,19.57,60426.0,60426.0,0.0,0.0
01043965700,1,0.35,11597.0,4.11,11597.0,11597.0,0.0,0.0
13031110601,1,0.14,6937.0,0.99,6937.0,6937.0,0.0,0.0
06073002902,3,0.42,15042.0,2.1,5014.0,10083.0,4959.0,0.0
37039930602,5,1.2,75382.0,18.09,15076.4,75382.0,0.0,0.0
12086001302,2,0.37,11211.0,2.06,5605.5,7317.0,3894.0,0.0
06097151602,1,0.31,0.0,0.0,0.0,0.0,0.0,0.0
48029110900,1,0.84,15698.0,13.22,15698.0,8795.0,6903.0,0.0
12086004000,1,0.18,0.0,0.0,0.0,0.0,0.0,0.0
48015760400,3,0.92,101269.0,31.02,33756.33,73633.0,27636.0,0.0
06073002904,1,0.12,172501.0,20.43,172501.0,172501.0,0.0,0.0
13121010304,3,0.2,18144.0,1.22,6048.0,18144.0,0.0,0.0
37101040600,1,0.27,3848.0,1.03,3848.0,3848.0,0.0,0.0
48473680303,1,,40852.0,,40852.0,40724.0,128.0,0.0
13135050754,2,,6100.0,,3050.0,6100.0,0.0,0.0
48061012504,1,0.06,0.0,0.0,0.0,0.0,0.0,0.0
48201330800,1,0.08,1924.0,0.16,1924.0,1924.0,0.0,0.0
22015011114,1,,134222.0,,134222.0,90300.0,43922.0,0.0
12071010410,1,0.09,0.0,0.0,0.0,0.0,0.0,0.0
28067950302,1,0.31,5246.0,1.62,5246.0,5246.0,0.0,0.0
06081607300,2,0.56,4384.0,1.23,2192.0,4384.0,0.0,0.0
01089003100,1,0.23,1929.0,0.44,1929.0,1929.0,0.0,0.0
22105954104,1,,11584.0,,11584.0,9582.0,2002.0,0.0
37031970102,1,0.36,25027.0,9.04,25027.0,25027.0,0.0,0.0
48201454100,2,0.54,8586.0,2.3,4293.0,8586.0,0.0,0.0
48201551300,6,1.47,107507.0,26.3,17917.83,102545.0,4962.0,0.0
13089023312,2,0.21,16133.0,1.72,8066.5,10803.0,5330.0,0.0
48291700200,6,1.77,144552.0,42.59,24092.0,119348.0,25204.0,0.0
01081040300,1,0.43,6800.0,2.94,6800.0,6800.0,0.0,0.0
13095000400,1,0.16,20397.0,3.29,20397.0,20397.0,0.0,0.0
37141920201,2,0.34,3154.0,0.53,1577.0,3154.0,0.0,0.0
22021000300,2,0.43,5249.0,1.13,2624.5,5249.0,0.0,0.0
12099000600,1,0.7,13745.0,9.56,13745.0,13745.0,0.0,0.0
12037970302,1,0.38,19997.0,7.55,19997.0,18932.0,1065.0,0.0
22123000100,5,1.09,331940.0,72.63,66388.0,264534.0,67406.0,0.0
22103041101,2,0.51,979.0,0.25,489.5,979.0,0.0,0.0
45007000300,1,0.24,31160.0,7.38,31160.0,31160.0,0.0,0.0
48321730100,1,0.33,0.0,0.0,0.0,0.0,0.0,0.0
48339692200,13,1.49,596794.0,68.53,45907.23,520667.0,76127.0,0.0
45071950602,1,0.15,8380.0,1.26,8380.0,8380.0,0.0,0.0
01079979800,3,0.91,61159.0,18.62,20386.33,61159.0,0.0,0.0
48453002110,1,0.23,5214.0,1.22,5214.0,5214.0,0.0,0.0
48201411502,2,0.54,1792.0,0.48,896.0,1792.0,0.0,0.0
13217100802,1,,10148.0,,10148.0,10148.0,0.0,0.0
48167721600,2,0.98,28386.0,13.94,14193.0,28386.0,0.0,0.0
48199030502,8,0.99,94788.0,11.79,11848.5,91403.0,3385.0,0.0
48201541801,5,,168461.0,,33692.2,139688.0,28773.0,0.0
28067950600,5,0.69,127149.0,17.67,25429.8,113389.0,13760.0,0.0
13089021602,1,0.26,21351.0,5.65,21351.0,17095.0,4256.0,0.0
01001020100,2,1.0,0.0,0.0,0.0,0.0,0.0,0.0
48347950400,1,0.13,45180.0,6.09,45180.0,32428.0,12752.0,0.0
22043020404,2,,64358.0,,32179.0,42927.0,21431.0,0.0
22071000606,1,0.21,0.0,0.0,0.0,0.0,0.0,0.0
13063040414,1,0.5,0.0,0.0,0.0,0.0,0.0,0.0
48355003101,2,0.35,0.0,0.0,0.0,0.0,0.0,0.0
13207050101,1,0.17,31465.0,5.45,31465.0,29083.0,2382.0,0.0
48339692700,7,0.92,470737.0,62.16,67248.14,370249.0,100488.0,0.0
22063040810,2,,22017.0,,11008.5,19708.0,2309.0,0.0
22071001722,1,0.24,44673.0,10.79,44673.0,44673.0,0.0,0.0
22105953400,5,0.87,152345.0,26.63,30469.0,113837.0,38508.0,0.0
22019000500,1,0.31,6184.0,1.93,6184.0,6184.0,0.0,0.0
48201543007,3,,398651.0,,132883.67,247471.0,151180.0,0.0
48439113906,1,0.16,37147.0,5.89,37147.0,37147.0,0.0,0.0
48015760202,5,,167510.0,,33502.0,147590.0,19920.0,0.0
13123080302,3,,40463.0,,13487.67,39063.0,1400.0,0.0
12071010407,2,0.24,0.0,0.0,0.0,0.0,0.0,0.0
12011110320,1,0.09,187.0,0.02,187.0,187.0,0.0,0.0
48201541500,1,0.2,72249.0,14.25,72249.0,72249.0,0.0,0.0
13291000205,3,0.5,47237.0,7.87,15745.67,25400.0,21837.0,0.0
48473680201,5,,194792.0,,38958.4,154802.0,39990.0,0.0
48327950300,2,0.92,15063.0,6.96,7531.5,15063.0,0.0,0.0
22063040809,5,,18047.0,,3609.4,14936.0,3111.0,0.0
45043920505,2,0.49,0.0,0.0,0.0,0.0,0.0,0.0
48201431202,1,0.21,8138.0,1.71,8138.0,8138.0,0.0,0.0
45019000200,2,1.42,0.0,0.0,0.0,0.0,0.0,0.0
37043950100,4,0.86,12189.0,2.62,3047.25,12189.0,0.0,0.0
48201452701,1,,12018.0,,12018.0,12018.0,0.0,0.0
22019001801,2,0.19,7848.0,0.74,3924.0,7848.0,0.0,0.0
48291701200,3,0.45,23376.0,3.5,7792.0,23376.0,0.0,0.0
22103041302,1,,0.0,,0.0,0.0,0.0,0.0
13089021909,1,0.15,12101.0,1.78,12101.0,12101.0,0.0,0.0
22017024303,1,0.17,5831.0,1.0,5831.0,5831.0,0.0,0.0
48503950400,1,0.16,51256.0,8.41,51256.0,46473.0,4783.0,0.0
48201556100,2,,58260.0,,29130.0,56302.0,1958.0,0.0
13121010510,1,0.06,0.0,0.0,0.0,0.0,0.0,0.0
48201412500,2,1.15,41133.0,23.56,20566.5,36480.0,4653.0,0.0
48073950200,1,0.15,29165.0,4.5,29165.0,27607.0,1558.0,0.0
48157674602,1,0.13,3052.0,0.39,3052.0,3052.0,0.0,0.0
28091950100,1,0.18,25344.0,4.57,25344.0,23991.0,1353.0,0.0
12031014002,1,0.41,29236.0,12.03,29236.0,28400.0,836.0,0.0
13223120301,1,0.17,909.0,0.16,909.0,909.0,0.0,0.0
48201420900,2,0.3,8762.0,1.32,4381.0,8762.0,0.0,0.0
48201232401,2,0.22,29373.0,3.29,14686.5,25271.0,4102.0,0.0
12099007501,2,0.59,7216.0,2.12,3608.0,7216.0,0.0,0.0
48277000600,1,0.44,1227.0,0.54,1227.0,1227.0,0.0,0.0
06037139802,1,0.25,0.0,0.0,0.0,0.0,0.0,0.0
48201240902,5,0.38,301602.0,22.69,60320.4,222971.0,78631.0,0.0
22103041103,1,0.34,75.0,0.03,75.0,75.0,0.0,0.0
37031970803,1,0.61,5296.0,3.25,5296.0,5296.0,0.0,0.0
12061050805,2,0.49,0.0,0.0,0.0,0.0,0.0,0.0
13117130602,1,0.17,0.0,0.0,0.0,0.0,0.0,0.0
12086011403,5,0.68,34535.0,4.72,6907.0,25665.0,8870.0,0.0
37135012101,1,,0.0,,0.0,0.0,0.0,0.0
01097002800,1,0.21,1637.0,0.34,1637.0,1439.0,198.0,0.0
48201451603,1,,16587.0,,16587.0,16587.0,0.0,0.0
28035000500,1,0.78,1066.0,0.83,1066.0,1066.0,0.0,0.0
12086017402,1,,0.0,,0.0,0.0,0.0,0.0
22031950300,2,0.74,5546.0,2.05,2773.0,5546.0,0.0,0.0
48071710500,1,0.25,5588.0,1.42,5588.0,4775.0,813.0,0.0
13089021101,1,0.26,5755.0,1.51,5755.0,3130.0,2625.0,0.0
13297110301,1,,17435.0,,17435.0,13750.0,3685.0,0.0
48201541005,1,,7099.0,,7099.0,6513.0,586.0,0.0
48453002208,1,0.12,0.0,0.0,0.0,0.0,0.0,0.0
28149950700,1,0.44,7647.0,3.34,7647.0,7647.0,0.0,0.0
28049010304,1,0.16,0.0,0.0,0.0,0.0,0.0,0.0
28143950100,2,0.36,46491.0,8.31,23245.5,30638.0,15853.0,0.0
22117950501,5,,396990.0,,79398.0,322567.0,74423.0,0.0
06053012502,3,0.6,48402.0,9.69,16134.0,42556.0,5846.0,0.0
48167724200,1,0.34,0.0,0.0,0.0,0.0,0.0,0.0
45063020510,1,0.21,701.0,0.15,701.0,701.0,0.0,0.0
48201541001,1,0.09,89740.0,7.76,89740.0,69695.0,20045.0,0.0
48157671002,2,0.3,20798.0,3.1,10399.0,20798.0,0.0,0.0
45043920700,2,0.36,6062.0,1.1,3031.0,6062.0,0.0,0.0
22051022102,1,0.43,0.0,0.0,0.0,0.0,0.0,0.0
22051029000,1,,8595.0,,8595.0,8595.0,0.0,0.0
28083950300,2,0.37,32853.0,6.08,16426.5,25172.0,7681.0,0.0
28027950300,3,0.92,135568.0,41.71,45189.33,135568.0,0.0,0.0
48113019210,1,0.25,4018.0,1.01,4018.0,4018.0,0.0,0.0
45063021014,1,0.15,0.0,0.0,0.0,0.0,0.0,0.0
12011070205,1,0.17,0.0,0.0,0.0,0.0,0.0,0.0
48157670300,1,0.26,15055.0,3.91,15055.0,0.0,15055.0,0.0
22073010800,5,2.78,291820.0,162.48,58364.0,264896.0,26924.0,0.0
48201554702,3,,135668.0,,45222.67,130699.0,4969.0,0.0
28047003102,3,0.4,81776.0,10.87,27258.67,81776.0,0.0,0.0
48339690203,1,,19228.0,,19228.0,19228.0,0.0,0.0
48361021600,9,2.33,69653.0,18.0,7739.22,50442.0,19211.0,0.0
48309002000,2,0.49,14451.0,3.58,7225.5,14451.0,0.0,0.0
13089022008,2,0.24,3505.0,0.42,1752.5,3505.0,0.0,0.0
48067950500,2,0.74,33454.0,12.45,16727.0,26728.0,6726.0,0.0
01097002502,1,0.45,9920.0,4.48,9920.0,9920.0,0.0,0.0
22071001755,1,,0.0,,0.0,0.0,0.0,0.0
13121011625,1,0.13,15518.0,1.99,15518.0,15518.0,0.0,0.0
12086016100,1,0.19,0.0,0.0,0.0,0.0,0.0,0.0
48201554102,5,0.5,137714.0,13.68,27542.8,135585.0,2129.0,0.0
12011042301,2,0.57,20381.0,5.78,10190.5,7550.0,12831.0,0.0
06067001400,1,0.41,0.0,0.0,0.0,0.0,0.0,0.0
37113970700,7,1.1,106501.0,16.77,15214.43,95273.0,11228.0,0.0
01117030315,2,0.35,14750.0,2.62,7375.0,14750.0,0.0,0.0
01101002201,1,0.23,14994.0,3.5,14994.0,12768.0,2226.0,0.0
48201553402,4,0.49,176510.0,21.83,44127.5,164116.0,12394.0,0.0
01097001800,1,0.43,1119.0,0.48,1119.0,1119.0,0.0,0.0
13121002300,1,0.71,0.0,0.0,0.0,0.0,0.0,0.0
28011950500,5,0.9,308082.0,55.16,61616.4,222455.0,85627.0,0.0
06081608023,1,0.37,21087.0,7.76,21087.0,21087.0,0.0,0.0
48291701100,4,0.78,154156.0,30.15,38539.0,132515.0,21641.0,0.0
28035010602,1,,5083.0,,5083.0,5083.0,0.0,0.0
48329010107,1,0.19,0.0,0.0,0.0,0.0,0.0,0.0
13067031110,1,0.28,0.0,0.0,0.0,0.0,0.0,0.0
48113016617,1,0.23,5061.0,1.14,5061.0,654.0,4407.0,0.0
13115000201,5,0.81,423592.0,68.68,84718.4,386924.0,36668.0,0.0
06081602300,6,1.5,90256.0,22.62,15042.67,74297.0,15959.0,0.0
22051021100,1,0.46,3822.0,1.74,3822.0,3822.0,0.0,0.0
12071060201,6,6.52,130522.0,141.87,21753.67,103225.0,27297.0,0.0
01127021900,1,0.43,11351.0,4.88,11351.0,8105.0,3246.0,0.0
22073010400,1,0.1,53000.0,5.52,53000.0,53000.0,0.0,0.0
28089030205,2,0.76,0.0,0.0,0.0,0.0,0.0,0.0
48291700400,4,0.61,38928.0,5.9,9732.0,5928.0,33000.0,0.0
48245000101,2,0.34,54657.0,9.35,27328.5,54657.0,0.0,0.0
48423001905,1,0.11,70626.0,7.86,70626.0,69302.0,1324.0,0.0
48425000200,1,0.58,0.0,0.0,0.0,0.0,0.0,0.0
13145120401,1,0.16,0.0,0.0,0.0,0.0,0.0,0.0
01117030800,1,0.25,0.0,0.0,0.0,0.0,0.0,0.0
12033002300,1,0.22,0.0,0.0,0.0,0.0,0.0,0.0
37133000403,3,1.92,8094.0,5.18,2698.0,8094.0,0.0,0.0
48201322600,1,0.18,0.0,0.0,0.0,0.0,0.0,0.0
37119003400,1,0.2,6318.0,1.26,6318.0,6318.0,0.0,0.0
45063020100,2,0.69,0.0,0.0,0.0,0.0,0.0,0.0
28087000403,1,0.23,25087.0,5.73,25087.0,20476.0,4611.0,0.0
48439106002,1,0.27,0.0,0.0,0.0,0.0,0.0,0.0
48467950800,1,0.16,1750.0,0.27,1750.0,0.0,1750.0,0.0
28059041800,1,0.35,8338.0,2.89,8338.0,8338.0,0.0,0.0
28127950200,1,0.26,20045.0,5.24,20045.0,20045.0,0.0,0.0
28033070811,1,0.18,13061.0,2.29,13061.0,7604.0,5457.0,0.0
12086000134,1,0.3,0.0,0.0,0.0,0.0,0.0,0.0
48423001102,3,1.17,41803.0,16.29,13934.33,41603.0,200.0,0.0
06059063302,1,0.25,0.0,0.0,0.0,0.0,0.0,0.0
13285960600,1,0.18,25939.0,4.59,25939.0,25939.0,0.0,0.0
22051022500,2,0.74,17945.0,6.6,8972.5,17514.0,431.0,0.0
28133950500,4,1.61,98298.0,39.49,24574.5,93594.0,4704.0,0.0
37039930400,2,0.33,6292.0,1.03,3146.0,6292.0,0.0,0.0
48157670101,1,0.14,0.0,0.0,0.0,0.0,0.0,0.0
48201551102,1,,11598.0,,11598.0,11598.0,0.0,0.0
28035010300,1,0.25,9809.0,2.45,9809.0,6793.0,3016.0,0.0
06073002903,1,0.24,5690.0,1.38,5690.0,5690.0,0.0,0.0
48201432001,4,1.12,178694.0,49.83,44673.5,141265.0,37429.0,0.0
48201223100,2,0.92,4457.0,2.05,2228.5,4457.0,0.0,0.0
48281950500,1,0.24,8806.0,2.14,8806.0,8806.0,0.0,0.0
12091022100,1,0.3,0.0,0.0,0.0,0.0,0.0,0.0
01073012802,1,0.36,0.0,0.0,0.0,0.0,0.0,0.0
22071001737,2,0.56,0.0,0.0,0.0,0.0,0.0,0.0
22005030206,1,0.1,55034.0,5.39,55034.0,37533.0,17501.0,0.0
48245000306,2,0.55,6879.0,1.88,3439.5,6101.0,778.0,0.0
48201554103,2,,17518.0,,8759.0,16723.0,795.0,0.0
06073016612,1,0.17,5892.0,1.0,5892.0,5892.0,0.0,0.0
48021950502,2,0.34,71243.0,12.19,35621.5,64555.0,6688.0,0.0
22069000902,4,,118606.0,,29651.5,105186.0,13420.0,0.0
48405950100,1,0.34,0.0,0.0,0.0,0.0,0.0,0.0
06077004704,1,0.2,0.0,0.0,0.0,0.0,0.0,0.0
22067950500,3,0.69,45110.0,10.36,15036.67,45110.0,0.0,0.0
28109950403,5,,130929.0,,26185.8,105079.0,25850.0,0.0
45033970500,1,0.25,12152.0,3.09,12152.0,10803.0,1349.0,0.0
13121009900,1,0.21,8502.0,1.8,8502.0,8502.0,0.0,0.0
45019002009,2,,3535.0,,1767.5,3535.0,0.0,0.0
22041950600,2,0.84,38716.0,16.32,19358.0,33438.0,5278.0,0.0
48423002200,3,0.47,80211.0,12.7,26737.0,79094.0,1117.0,0.0
12086016600,1,0.27,0.0,0.0,0.0,0.0,0.0,0.0
48201550405,1,,56335.0,,56335.0,56335.0,0.0,0.0
48201313300,1,0.39,4767.0,1.88,4767.0,4767.0,0.0,0.0
12086007607,1,,73607.0,,73607.0,53836.0,19771.0,0.0
12086018902,1,,49846.0,,49846.0,40763.0,9083.0,0.0
48201553802,6,0.72,76712.0,9.22,12785.33,76712.0,0.0,0.0
28047003217,4,,184318.0,,46079.5,148997.0,35321.0,0.0
45079010410,1,0.25,3196.0,0.79,3196.0,3196.0,0.0,0.0
48077030302,1,0.4,15315.0,6.14,15315.0,15315.0,0.0,0.0
13121007802,4,0.4,122936.0,12.42,30734.0,115931.0,7005.0,0.0
48373210101,1,0.21,49746.0,10.67,49746.0,49746.0,0.0,0.0
48201451002,1,0.19,4320.0,0.81,4320.0,4320.0,0.0,0.0
06033001000,1,0.16,0.0,0.0,0.0,0.0,0.0,0.0
22015011300,1,0.51,0.0,0.0,0.0,0.0,0.0,0.0
45019004612,1,0.14,223.0,0.03,223.0,223.0,0.0,0.0
48201553102,3,,19032.0,,6344.0,8340.0,10692.0,0.0
48423002009,4,0.48,42664.0,5.13,10666.0,42664.0,0.0,0.0
13067031213,1,,0.0,,0.0,0.0,0.0,0.0
48157672401,1,,65630.0,,65630.0,58074.0,7556.0,0.0
48439105205,2,0.37,23073.0,4.28,11536.5,21025.0,2048.0,0.0
48157672903,1,,3670.0,,3670.0,3670.0,0.0,0.0
48007950100,3,0.57,0.0,0.0,0.0,0.0,0.0,0.0
37141920403,1,0.28,3067.0,0.87,3067.0,3067.0,0.0,0.0
48183000800,2,0.25,19663.0,2.47,9831.5,18841.0,822.0,0.0
22005030503,1,,1676.0,,1676.0,1676.0,0.0,0.0
48201212300,1,0.17,0.0,0.0,0.0,0.0,0.0,0.0
48147950800,4,1.01,66746.0,16.82,16686.5,66746.0,0.0,0.0
48201534201,3,1.18,232614.0,91.33,77538.0,155279.0,77335.0,0.0
45051060301,4,1.0,39028.0,9.78,9757.0,32829.0,6199.0,0.0
48147950402,1,0.17,0.0,0.0,0.0,0.0,0.0,0.0
12131950501,4,0.94,19158.0,4.5,4789.5,19120.0,38.0,0.0
06089012101,1,0.23,12225.0,2.75,12225.0,12225.0,0.0,0.0
12111380500,1,0.17,0.0,0.0,0.0,0.0,0.0,0.0
13111050400,3,0.44,32262.0,4.78,10754.0,32262.0,0.0,0.0
48201451403,3,0.63,6644.0,1.38,2214.67,6644.0,0.0,0.0
28113950102,1,0.24,699.0,0.17,699.0,699.0,0.0,0.0
22079010101,2,,89680.0,,44840.0,73305.0,16375.0,0.0
48201413000,3,0.74,114694.0,28.41,38231.33,114694.0,0.0,0.0
22071013302,1,0.48,2691.0,1.28,2691.0,2691.0,0.0,0.0
48157675600,2,0.3,6965.0,1.06,3482.5,6965.0,0.0,0.0
48201452202,2,0.81,177.0,0.07,88.5,177.0,0.0,0.0
48365950200,2,0.61,38161.0,11.6,19080.5,25252.0,12909.0,0.0
22017022200,2,0.36,3840.0,0.69,1920.0,3840.0,0.0,0.0
22069000600,8,0.94,495859.0,58.52,61982.38,412509.0,83350.0,0.0
22063040906,2,,109021.0,,54510.5,104889.0,4132.0,0.0
06073007100,1,0.21,99004.0,21.02,99004.0,95001.0,4003.0,0.0
48439111301,1,0.1,0.0,0.0,0.0,0.0,0.0,0.0
28107950102,1,,50249.0,,50249.0,35464.0,14785.0,0.0
48065950100,1,0.44,36466.0,15.98,36466.0,36466.0,0.0,0.0
13089022302,2,0.45,11216.0,2.55,5608.0,11216.0,0.0,0.0
48201451904,3,,19914.0,,6638.0,19914.0,0.0,0.0
28113950600,5,0.74,212698.0,31.3,42539.6,113525.0,99173.0,0.0
48201541601,8,1.49,114739.0,21.39,14342.38,108740.0,5999.0,0.0
22049970300,1,0.22,13937.0,3.05,13937.0,11167.0,2770.0,0.0
37049960200,1,0.12,7152.0,0.83,7152.0,7152.0,0.0,0.0
22003950201,1,,89724.0,,89724.0,83368.0,6356.0,0.0
06087120302,2,0.69,0.0,0.0,0.0,0.0,0.0,0.0
37049960101,1,0.24,3298.0,0.8,3298.0,3298.0,0.0,0.0
12095016732,1,0.06,0.0,0.0,0.0,0.0,0.0,0.0
13297110602,1,0.19,14043.0,2.65,14043.0,14043.0,0.0,0.0
48201542004,9,,288737.0,,32081.89,232177.0,56560.0,0.0
48157671601,3,0.45,49218.0,7.32,16406.0,48892.0,326.0,0.0
48253020101,1,0.79,36915.0,29.34,36915.0,26209.0,10706.0,0.0
22051022600,2,0.61,21312.0,6.5,10656.0,21312.0,0.0,0.0
22081960100,2,0.43,79964.0,17.23,39982.0,72312.0,7652.0,0.0
22105953602,3,,66536.0,,22178.67,66536.0,0.0,0.0
48201431401,1,0.52,0.0,0.0,0.0,0.0,0.0,0.0
48201521700,3,0.44,62514.0,9.16,20838.0,39796.0,22718.0,0.0
48201520601,5,2.05,160504.0,65.67,32100.8,89716.0,70788.0,0.0
13207050102,2,0.46,75994.0,17.55,37997.0,52608.0,23386.0,0.0
48201332700,2,0.85,13248.0,5.61,6624.0,13248.0,0.0,0.0
06087120500,1,0.18,0.0,0.0,0.0,0.0,0.0,0.0
01073005903,2,0.39,54180.0,10.64,27090.0,38692.0,15488.0,0.0
22033000602,1,0.21,0.0,0.0,0.0,0.0,0.0,0.0
01079979600,1,0.19,127343.0,23.57,127343.0,127343.0,0.0,0.0
12097041300,3,0.19,3154.0,0.2,1051.33,3154.0,0.0,0.0
01103005302,4,1.04,257885.0,66.93,64471.25,216053.0,41832.0,0.0
12011010401,2,0.38,651643.0,122.81,325821.5,615735.0,35908.0,0.0
37031970503,2,0.86,4621.0,1.98,2310.5,3303.0,1318.0,0.0
22015011108,2,0.14,57860.0,4.09,28930.0,51107.0,6753.0,0.0
48343950100,1,0.22,12837.0,2.87,12837.0,12837.0,0.0,0.0
48035950700,1,0.4,46283.0,18.36,46283.0,27772.0,18511.0,0.0
22071013000,1,0.59,0.0,0.0,0.0,0.0,0.0,0.0
48339690800,5,1.19,180148.0,42.84,36029.6,151070.0,29078.0,0.0
28151002000,1,0.75,51518.0,38.71,51518.0,42018.0,9500.0,0.0
12097043600,1,0.15,0.0,0.0,0.0,0.0,0.0,0.0
48339694307,1,,9871.0,,9871.0,9871.0,0.0,0.0
48339692502,2,,8830.0,,4415.0,1480.0,7350.0,0.0
22073005302,4,0.72,89929.0,16.14,22482.25,78384.0,11545.0,0.0
28109950201,1,,0.0,,0.0,0.0,0.0,0.0
01031011201,1,0.11,783.0,0.09,783.0,783.0,0.0,0.0
01089010627,1,,236.0,,236.0,236.0,0.0,0.0
22051023902,1,0.45,99.0,0.04,99.0,41.0,58.0,0.0
48201433507,1,,2405.0,,2405.0,2405.0,0.0,0.0
01103005103,1,0.97,4968.0,4.81,4968.0,4968.0,0.0,0.0
48201551602,1,,18536.0,,18536.0,17282.0,1254.0,0.0
22117950502,5,,291399.0,,58279.8,219382.0,72017.0,0.0
48361021501,1,0.43,843.0,0.36,843.0,714.0,129.0,0.0
28033070325,1,0.33,0.0,0.0,0.0,0.0,0.0,0.0
48201411200,7,3.71,169188.0,89.61,24169.71,151820.0,17368.0,0.0
12099007202,3,0.7,265786.0,62.23,88595.33,92632.0,173154.0,0.0
48157673103,1,,77820.0,,77820.0,58418.0,19402.0,0.0
01113030600,3,0.38,44872.0,5.65,14957.33,44872.0,0.0,0.0
28033070102,1,0.23,0.0,0.0,0.0,0.0,0.0,0.0
45063021034,1,0.21,0.0,0.0,0.0,0.0,0.0,0.0
28047003307,1,,11448.0,,11448.0,9077.0,2371.0,0.0
12057014106,1,0.35,0.0,0.0,0.0,0.0,0.0,0.0
28133950600,1,0.45,10180.0,4.58,10180.0,5082.0,5098.0,0.0
01125012404,1,0.39,0.0,0.0,0.0,0.0,0.0,0.0
48181000902,1,0.15,11554.0,1.71,11554.0,11554.0,0.0,0.0
48201321900,2,0.33,3105.0,0.51,1552.5,3105.0,0.0,0.0
48251130601,1,0.14,19700.0,2.85,19700.0,19700.0,0.0,0.0
48309001700,1,0.18,4992.0,0.89,4992.0,4992.0,0.0,0.0
48201555703,2,,9978.0,,4989.0,9978.0,0.0,0.0
01015000600,1,0.52,22209.0,11.64,22209.0,22209.0,0.0,0.0
37019020314,1,,0.0,,0.0,0.0,0.0,0.0
06007002200,1,0.19,0.0,0.0,0.0,0.0,0.0,0.0
48201410500,3,0.66,19281.0,4.24,6427.0,19281.0,0.0,0.0
22033000702,1,0.33,3688.0,1.21,3688.0,3688.0,0.0,0.0
12091020500,2,0.26,734.0,0.09,367.0,734.0,0.0,0.0
48397040506,1,0.13,13554.0,1.76,13554.0,13554.0,0.0,0.0
01103005703,1,,1340.0,,1340.0,1340.0,0.0,0.0
01073000800,2,0.6,4839.0,1.45,2419.5,4727.0,112.0,0.0
01095030500,2,0.28,3821.0,0.54,1910.5,2964.0,857.0,0.0
12011020409,1,0.13,0.0,0.0,0.0,0.0,0.0,0.0
12011010902,1,0.37,14601.0,5.34,14601.0,13769.0,832.0,0.0
48201222600,5,1.0,1920386.0,385.31,384077.2,1738104.0,182282.0,0.0
13205090400,1,0.13,27290.0,3.57,27290.0,27290.0,0.0,0.0
37021002402,1,0.21,0.0,0.0,0.0,0.0,0.0,0.0
12057013802,1,0.31,0.0,0.0,0.0,0.0,0.0,0.0
45041000400,2,0.38,13928.0,2.65,6964.0,13928.0,0.0,0.0
13089023603,2,0.61,11159.0,3.39,5579.5,11159.0,0.0,0.0
13175951002,3,,23768.0,,7922.67,17118.0,6650.0,0.0
48201541404,3,,79856.0,,26618.67,56707.0,23149.0,0.0
01003011406,1,0.26,24425.0,6.41,24425.0,19551.0,4874.0,0.0
13089023310,1,0.1,2184.0,0.22,2184.0,2184.0,0.0,0.0
48201530500,2,0.38,0.0,0.0,0.0,0.0,0.0,0.0
22063040303,1,0.09,0.0,0.0,0.0,0.0,0.0,0.0
37031970302,2,1.83,44649.0,40.81,22324.5,44649.0,0.0,0.0
12111382108,1,0.05,0.0,0.0,0.0,0.0,0.0,0.0
01087231603,1,0.88,16085.0,14.11,16085.0,6359.0,9726.0,0.0
01073011901,2,0.75,204424.0,76.28,102212.0,74109.0,130315.0,0.0
06037108103,1,0.34,10640.0,3.61,10640.0,10640.0,0.0,0.0
28001000100,1,0.12,9485.0,1.18,9485.0,7500.0,1985.0,0.0
22071002501,1,0.45,16267.0,7.28,16267.0,16267.0,0.0,0.0
22015011200,4,0.7,98355.0,17.32,24588.75,86362.0,11993.0,0.0
48201533804,2,,38636.0,,19318.0,33825.0,4811.0,0.0
48201455101,4,0.54,118301.0,15.86,29575.25,98699.0,19602.0,0.0
12045960301,1,,24932.0,,24932.0,19966.0,4966.0,0.0
01047956500,2,0.61,1811.0,0.55,905.5,1811.0,0.0,0.0
48245002200,1,0.33,4947.0,1.64,4947.0,4196.0,751.0,0.0
48067950400,1,0.19,17790.0,3.35,17790.0,17790.0,0.0,0.0
06071002017,1,0.18,5306.0,0.95,5306.0,5306.0,0.0,0.0
12011020411,2,0.28,0.0,0.0,0.0,0.0,0.0,0.0
28049010202,3,0.5,40517.0,6.75,13505.67,37251.0,3266.0,0.0
48201451604,4,,27964.0,,6991.0,27254.0,710.0,0.0
48201253100,1,0.1,0.0,0.0,0.0,0.0,0.0,0.0
45057010600,1,0.17,16719.0,2.87,16719.0,16719.0,0.0,0.0
22065960400,2,1.09,22440.0,12.23,11220.0,22440.0,0.0,0.0
12011100300,1,0.13,0.0,0.0,0.0,0.0,0.0,0.0
22063040500,5,0.39,75618.0,5.97,15123.6,74583.0,1035.0,0.0
01121011500,1,0.18,8058.0,1.43,8058.0,7928.0,130.0,0.0
12111382109,1,0.09,0.0,0.0,0.0,0.0,0.0,0.0
48339694204,1,,2659.0,,2659.0,2659.0,0.0,0.0
45079010306,2,0.2,16651.0,1.65,8325.5,16651.0,0.0,0.0
48323950300,1,0.14,0.0,0.0,0.0,0.0,0.0,0.0
48339694600,1,0.13,12413.0,1.65,12413.0,2418.0,9995.0,0.0
01061050400,1,0.18,11390.0,2.01,11390.0,11390.0,0.0,0.0
06073008310,1,0.17,5047.0,0.84,5047.0,5047.0,0.0,0.0
48473680602,3,,138074.0,,46024.67,95145.0,42929.0,0.0
13051010901,1,0.23,0.0,0.0,0.0,0.0,0.0,0.0
12011010611,1,0.24,249.0,0.06,249.0,249.0,0.0,0.0
48201411900,2,0.58,21955.0,6.35,10977.5,21955.0,0.0,0.0
48201432502,1,,70905.0,,70905.0,49483.0,21422.0,0.0
48183000900,2,0.62,452086.0,140.84,226043.0,361085.0,91001.0,0.0
13135050426,1,0.15,11048.0,1.62,11048.0,9081.0,1967.0,0.0
06081604400,1,0.2,29373.0,5.85,29373.0,29373.0,0.0,0.0
22099020200,4,0.5,23972.0,2.99,5993.0,15924.0,8048.0,0.0
12086010801,1,0.13,0.0,0.0,0.0,0.0,0.0,0.0
12115000407,1,0.28,0.0,0.0,0.0,0.0,0.0,0.0
13121004000,2,0.83,951.0,0.4,475.5,951.0,0.0,0.0
22105954105,2,,57205.0,,28602.5,57205.0,0.0,0.0
12011050800,2,0.43,0.0,0.0,0.0,0.0,0.0,0.0
01043964700,1,0.19,53999.0,10.45,53999.0,53999.0,0.0,0.0
48201431900,3,0.87,413907.0,120.18,137969.0,411142.0,2765.0,0.0
22005030900,1,0.22,2558.0,0.57,2558.0,2558.0,0.0,0.0
12099007725,1,0.17,0.0,0.0,0.0,0.0,0.0,0.0
28047001703,1,,9301.0,,9301.0,8031.0,1270.0,0.0
13217100300,1,0.11,205422.0,22.02,205422.0,205422.0,0.0,0.0
45013002108,1,0.21,0.0,0.0,0.0,0.0,0.0,0.0
48029181902,1,0.14,0.0,0.0,0.0,0.0,0.0,0.0
13111050200,3,0.46,56035.0,8.61,18678.33,52100.0,3935.0,0.0
12033002604,1,0.23,0.0,0.0,0.0,0.0,0.0,0.0
22071007608,1,,0.0,,0.0,0.0,0.0,0.0
48201332900,3,0.61,17985.0,3.63,5995.0,16657.0,1328.0,0.0
12045960300,3,0.71,17359.0,4.13,5786.33,17359.0,0.0,0.0
28047003208,11,2.43,381286.0,84.15,34662.36,328331.0,52955.0,0.0
28083950400,2,0.4,13988.0,2.79,6994.0,13988.0,0.0,0.0
12131950102,1,0.32,0.0,0.0,0.0,0.0,0.0,0.0
22051028000,4,0.78,9368.0,1.83,2342.0,9368.0,0.0,0.0
48201454504,1,,1229.0,,1229.0,1229.0,0.0,0.0
06053012000,1,0.25,7534.0,1.89,7534.0,7534.0,0.0,0.0
01089010623,3,0.46,50666.0,7.74,16888.67,35669.0,14997.0,0.0
13209950300,5,2.43,168313.0,81.82,33662.6,158642.0,9671.0,0.0
48439113911,1,0.11,13753.0,1.55,13753.0,9489.0,4264.0,0.0
22063040304,3,0.51,5906.0,1.01,1968.67,5906.0,0.0,0.0
22033004602,1,0.16,42373.0,6.69,42373.0,42373.0,0.0,0.0
37195000100,1,0.29,3033.0,0.88,3033.0,3033.0,0.0,0.0
48291700300,3,0.3,94663.0,9.34,31554.33,65284.0,29379.0,0.0
13135050726,1,0.11,3390.0,0.36,3390.0,3390.0,0.0,0.0
12031014330,2,0.42,0.0,0.0,0.0,0.0,0.0,0.0
12071010416,1,,0.0,,0.0,0.0,0.0,0.0
48401950700,3,0.53,83429.0,14.67,27809.67,77604.0,5825.0,0.0
12099005942,1,0.47,0.0,0.0,0.0,0.0,0.0,0.0
12011090801,1,0.25,0.0,0.0,0.0,0.0,0.0,0.0
06081609400,1,0.28,0.0,0.0,0.0,0.0,0.0,0.0
45003020902,2,0.35,10714.0,1.87,5357.0,10714.0,0.0,0.0
22119032101,4,,456385.0,,114096.25,375030.0,81355.0,0.0
48201450402,2,,11587.0,,5793.5,11587.0,0.0,0.0
01055010402,1,0.19,0.0,0.0,0.0,0.0,0.0,0.0
48209010302,3,0.66,27691.0,6.13,9230.33,27691.0,0.0,0.0
48423001906,2,0.37,73455.0,13.47,36727.5,42138.0,31317.0,0.0
12086010805,1,,8246.0,,8246.0,8246.0,0.0,0.0
12086020100,1,0.19,4351.0,0.84,4351.0,4351.0,0.0,0.0
48201541207,1,,10027.0,,10027.0,10027.0,0.0,0.0
28049000600,2,0.64,12261.0,3.94,6130.5,12194.0,67.0,0.0
22051024002,1,0.33,0.0,0.0,0.0,0.0,0.0,0.0
22071001751,1,1.02,11242.0,11.42,11242.0,10076.0,1166.0,0.0
22105953200,2,0.66,22769.0,7.48,11384.5,8071.0,14698.0,0.0
22001960100,2,0.32,6257.0,0.99,3128.5,3247.0,3010.0,0.0
48201542901,1,,15233.0,,15233.0,15233.0,0.0,0.0
48201532004,1,,8095.0,,8095.0,8095.0,0.0,0.0
48201554805,1,,20412.0,,20412.0,20412.0,0.0,0.0
12013010200,1,0.27,31455.0,8.45,31455.0,27938.0,3517.0,0.0
01081041901,1,,23327.0,,23327.0,19389.0,3938.0,0.0
48157670901,1,0.08,1787.0,0.15,1787.0,1787.0,0.0,0.0
22051023901,1,0.4,6054.0,2.43,6054.0,6054.0,0.0,0.0
12031014341,1,,21716.0,,21716.0,21716.0,0.0,0.0
01055010700,1,0.26,0.0,0.0,0.0,0.0,0.0,0.0
12011020324,1,0.15,2608.0,0.39,2608.0,2316.0,292.0,0.0
45019004701,6,0.96,17189.0,2.76,2864.83,17189.0,0.0,0.0
12099007753,1,0.12,1049.0,0.13,1049.0,1049.0,0.0,0.0
48241950600,3,1.05,120220.0,42.24,40073.33,94898.0,25322.0,0.0
45007000200,1,0.21,0.0,0.0,0.0,0.0,0.0,0.0
13215010701,2,0.33,41993.0,6.91,20996.5,38710.0,3283.0,0.0
48201533400,2,0.17,36405.0,3.13,18202.5,36405.0,0.0,0.0
48265960402,1,0.18,3741.0,0.67,3741.0,3741.0,0.0,0.0
48339690207,1,,128817.0,,128817.0,90564.0,38253.0,0.0
48201210400,1,0.21,4217.0,0.88,4217.0,3832.0,385.0,0.0
22095070300,1,0.17,0.0,0.0,0.0,0.0,0.0,0.0
22033000200,1,0.15,0.0,0.0,0.0,0.0,0.0,0.0
06073011000,1,0.27,0.0,0.0,0.0,0.0,0.0,0.0
22033004301,1,0.16,0.0,0.0,0.0,0.0,0.0,0.0
01117030607,1,0.16,0.0,0.0,0.0,0.0,0.0,0.0
13297110601,1,0.21,262.0,0.06,262.0,262.0,0.0,0.0
45051051403,1,0.22,5666.0,1.25,5666.0,5666.0,0.0,0.0
37031970804,1,0.32,730.0,0.23,730.0,730.0,0.0,0.0
13215002901,6,2.27,187067.0,70.64,31177.83,175256.0,11811.0,0.0
06065045125,1,0.35,13011.0,4.54,13011.0,13011.0,0.0,0.0
28047003215,5,,74863.0,,14972.6,41467.0,33396.0,0.0
01123962501,1,0.23,31854.0,7.4,31854.0,31854.0,0.0,0.0
45067950700,1,0.69,2001.0,1.38,2001.0,2001.0,0.0,0.0
37021000500,1,0.28,0.0,0.0,0.0,0.0,0.0,0.0
01103000200,1,0.27,4337.0,1.17,4337.0,4146.0,191.0,0.0
12086019500,5,0.71,202439.0,28.84,40487.8,104165.0,98274.0,0.0
01083020803,1,,84710.0,,84710.0,84710.0,0.0,0.0
45051060403,1,0.41,3337.0,1.36,3337.0,3337.0,0.0,0.0
12011092000,1,0.26,711.0,0.19,711.0,711.0,0.0,0.0
12097041001,1,0.1,0.0,0.0,0.0,0.0,0.0,0.0
12099007751,1,0.28,0.0,0.0,0.0,0.0,0.0,0.0
48201431802,2,0.47,106880.0,24.88,53440.0,106880.0,0.0,0.0
48113009603,1,0.2,0.0,0.0,0.0,0.0,0.0,0.0
22005030210,1,,16534.0,,16534.0,16534.0,0.0,0.0
48407200300,2,0.47,14065.0,3.28,7032.5,7560.0,6505.0,0.0
06053014700,1,0.14,22173.0,3.17,22173.0,5953.0,16220.0,0.0
48157672400,5,0.53,262845.0,27.62,52569.0,174615.0,88230.0,0.0
48199030400,1,0.42,0.0,0.0,0.0,0.0,0.0,0.0
48201555503,3,,139867.0,,46622.33,137845.0,2022.0,0.0
01039962000,2,0.51,0.0,0.0,0.0,0.0,0.0,0.0
45013010700,1,0.2,3138.0,0.62,3138.0,3138.0,0.0,0.0
48473680301,8,,281694.0,,35211.75,263580.0,18114.0,0.0
01031011202,1,0.12,0.0,0.0,0.0,0.0,0.0,0.0
45019001901,3,0.67,10266.0,2.29,3422.0,10266.0,0.0,0.0
12086015600,1,0.23,0.0,0.0,0.0,0.0,0.0,0.0
48157671200,1,0.15,14300.0,2.2,14300.0,14300.0,0.0,0.0
12031013901,1,0.16,29764.0,4.86,29764.0,27793.0,1971.0,0.0
06065040703,1,0.36,0.0,0.0,0.0,0.0,0.0,0.0
12011020404,1,0.12,0.0,0.0,0.0,0.0,0.0,0.0
37055970601,1,0.15,0.0,0.0,0.0,0.0,0.0,0.0
22105953501,1,,0.0,,0.0,0.0,0.0,0.0
48039663500,1,0.17,1368.0,0.24,1368.0,1368.0,0.0,0.0
48471790300,1,0.14,0.0,0.0,0.0,0.0,0.0,0.0
22051022800,1,0.31,9789.0,3.04,9789.0,9789.0,0.0,0.0
13113140207,2,0.35,28753.0,5.09,14376.5,28753.0,0.0,0.0
06013361000,1,0.21,2345.0,0.5,2345.0,2345.0,0.0,0.0
48339694202,2,0.17,6856.0,0.58,3428.0,6856.0,0.0,0.0
12011110502,2,0.35,0.0,0.0,0.0,0.0,0.0,0.0
06087122402,1,,0.0,,0.0,0.0,0.0,0.0
13285960902,1,0.15,30523.0,4.47,30523.0,27595.0,2928.0,0.0
22051027811,1,0.34,0.0,0.0,0.0,0.0,0.0,0.0
22033004516,2,,55540.0,,27770.0,41117.0,14423.0,0.0
48423001700,1,0.11,54042.0,6.09,54042.0,43837.0,10205.0,0.0
37019020509,1,0.22,23500.0,5.13,23500.0,23500.0,0.0,0.0
48201411902,1,,78100.0,,78100.0,78100.0,0.0,0.0
13095010302,2,0.32,20105.0,3.17,10052.5,20105.0,0.0,0.0
12033003201,1,0.22,0.0,0.0,0.0,0.0,0.0,0.0
12045960200,1,0.26,33169.0,8.58,33169.0,22427.0,10742.0,0.0
48411950100,1,0.41,40442.0,16.65,40442.0,29435.0,11007.0,0.0
48283950300,1,0.14,0.0,0.0,0.0,0.0,0.0,0.0
06001442000,1,0.3,7235.0,2.17,7235.0,7235.0,0.0,0.0
28047001600,2,0.56,13377.0,3.73,6688.5,13377.0,0.0,0.0
06073016901,1,0.15,0.0,0.0,0.0,0.0,0.0,0.0
06061020601,1,0.14,0.0,0.0,0.0,0.0,0.0,0.0
13089023423,2,0.26,18691.0,2.42,9345.5,12224.0,6467.0,0.0
22003950500,1,0.12,28586.0,3.54,28586.0,28586.0,0.0,0.0
48439110402,1,0.21,14797.0,3.07,14797.0,10109.0,4688.0,0.0
48061010401,1,0.16,16098.0,2.5,16098.0,16098.0,0.0,0.0
22113951002,1,0.29,5042.0,1.44,5042.0,3373.0,1669.0,0.0
12071080202,1,0.4,2409.0,0.95,2409.0,2409.0,0.0,0.0
22103041211,1,0.16,0.0,0.0,0.0,0.0,0.0,0.0
48265960700,1,0.19,0.0,0.0,0.0,0.0,0.0,0.0
22097961400,1,0.24,0.0,0.0,0.0,0.0,0.0,0.0
22103041204,2,0.25,0.0,0.0,0.0,0.0,0.0,0.0
12021010804,1,,0.0,,0.0,0.0,0.0,0.0
28049010808,1,0.21,0.0,0.0,0.0,0.0,0.0,0.0
12081000603,1,0.27,0.0,0.0,0.0,0.0,0.0,0.0
28107950501,1,,17440.0,,17440.0,17440.0,0.0,0.0
48439102401,1,0.24,2000.0,0.48,2000.0,2000.0,0.0,0.0
12065250200,1,0.26,0.0,0.0,0.0,0.0,0.0,0.0
28067951100,1,0.14,0.0,0.0,0.0,0.0,0.0,0.0
48201521800,5,0.96,55542.0,10.62,11108.4,50773.0,4769.0,0.0
01113030902,1,0.09,0.0,0.0,0.0,0.0,0.0,0.0
48157674603,1,0.17,0.0,0.0,0.0,0.0,0.0,0.0
12011010601,2,0.24,12155.0,1.47,6077.5,12155.0,0.0,0.0
22099020600,2,0.33,105056.0,17.17,52528.0,91146.0,13910.0,0.0
06111001700,1,0.29,9792.0,2.85,9792.0,9792.0,0.0,0.0
28059041101,1,,19393.0,,19393.0,18442.0,951.0,0.0
48167720501,1,0.23,0.0,0.0,0.0,0.0,0.0,0.0
48201331900,2,0.65,0.0,0.0,0.0,0.0,0.0,0.0
48201530800,2,0.54,38194.0,10.25,19097.0,38194.0,0.0,0.0
01073011117,1,,33508.0,,33508.0,18249.0,15259.0,0.0
22017024106,1,0.13,5068.0,0.64,5068.0,4397.0,671.0,0.0
48201542001,2,,56493.0,,28246.5,51323.0,5170.0,0.0
48481740400,1,0.17,645.0,0.11,645.0,645.0,0.0,0.0
01103005500,3,0.56,77189.0,14.41,25729.67,77189.0,0.0,0.0
06087122202,1,0.43,11838.0,5.08,11838.0,11341.0,497.0,0.0
22045031200,1,0.34,6252.0,2.1,6252.0,6252.0,0.0,0.0
22017024202,2,0.3,57959.0,8.7,28979.5,48472.0,9487.0,0.0
22063040903,3,,114140.0,,38046.67,83588.0,30552.0,0.0
22079010100,7,0.7,161372.0,16.1,23053.14,139254.0,22118.0,0.0
01133965501,1,0.42,0.0,0.0,0.0,0.0,0.0,0.0
22101041500,1,0.53,9339.0,4.98,9339.0,9194.0,145.0,0.0
28107950100,1,0.13,11894.0,1.57,11894.0,11252.0,642.0,0.0
48439113955,1,,0.0,,0.0,0.0,0.0,0.0
06059088502,2,0.38,9920.0,1.91,4960.0,9920.0,0.0,0.0
45079001100,1,0.22,9728.0,2.15,9728.0,9728.0,0.0,0.0
22103040803,1,0.11,4988.0,0.54,4988.0,3337.0,1651.0,0.0
01073010702,1,0.21,5086.0,1.09,5086.0,5086.0,0.0,0.0
28067950601,1,,12475.0,,12475.0,12475.0,0.0,0.0
06007002000,1,0.18,149.0,0.03,149.0,149.0,0.0,0.0
06073006500,2,0.67,14636.0,4.93,7318.0,14636.0,0.0,0.0
01089001903,1,0.41,4604.0,1.89,4604.0,4604.0,0.0,0.0
22105953300,2,0.51,2178.0,0.55,1089.0,2178.0,0.0,0.0
48201532900,3,0.53,5708.0,1.0,1902.67,5708.0,0.0,0.0
48201220400,2,0.47,180.0,0.04,90.0,180.0,0.0,0.0
12099007005,1,0.27,1.0,0.0,1.0,1.0,0.0,0.0
37019020306,1,0.43,8614.0,3.71,8614.0,8614.0,0.0,0.0
48201522202,1,0.23,1754.0,0.41,1754.0,1754.0,0.0,0.0
28087000300,1,0.13,12488.0,1.6,12488.0,12488.0,0.0,0.0
12031014332,4,0.52,718.0,0.09,179.5,718.0,0.0,0.0
22071005602,2,0.75,1295.0,0.49,647.5,0.0,1295.0,0.0
48113016513,1,0.19,0.0,0.0,0.0,0.0,0.0,0.0
12031013904,3,0.64,28051.0,5.98,9350.33,25628.0,2423.0,0.0
37159051204,1,0.27,0.0,0.0,0.0,0.0,0.0,0.0
48201534101,1,,28381.0,,28381.0,28381.0,0.0,0.0
01073000100,2,0.64,25497.0,8.2,12748.5,13894.0,11603.0,0.0
37053110301,1,0.24,18281.0,4.41,18281.0,18281.0,0.0,0.0
48407200202,1,,43794.0,,43794.0,30530.0,13264.0,0.0
45019003900,2,0.35,8025.0,1.42,4012.5,8025.0,0.0,0.0
06095253106,1,0.29,0.0,0.0,0.0,0.0,0.0,0.0
28049003600,3,0.8,33767.0,9.03,11255.67,33767.0,0.0,0.0
48221160209,1,0.12,0.0,0.0,0.0,0.0,0.0,0.0
06077001000,1,0.21,21043.0,4.44,21043.0,21043.0,0.0,0.0
37099950600,1,0.1,64866.0,6.62,64866.0,15855.0,49011.0,0.0
48201540200,7,2.22,41417.0,13.11,5916.71,41417.0,0.0,0.0
22065960100,1,0.63,3236.0,2.03,3236.0,3236.0,0.0,0.0
48201451401,4,1.22,49698.0,15.12,12424.5,49210.0,488.0,0.0
12086004304,2,0.84,0.0,0.0,0.0,0.0,0.0,0.0
13123080301,2,,65002.0,,32501.0,64725.0,277.0,0.0
22051027816,1,,9744.0,,9744.0,9744.0,0.0,0.0
13135050103,1,0.09,0.0,0.0,0.0,0.0,0.0,0.0
01083020804,1,,6565.0,,6565.0,6565.0,0.0,0.0
12099000219,1,,0.0,,0.0,0.0,0.0,0.0
37129012001,1,0.15,5629.0,0.83,5629.0,5629.0,0.0,0.0
12011010504,2,0.31,0.0,0.0,0.0,0.0,0.0,0.0
48481740901,2,,84630.0,,42315.0,84630.0,0.0,0.0
12086008420,1,,0.0,,0.0,0.0,0.0,0.0
37021001700,2,0.83,79166.0,32.99,39583.0,67704.0,11462.0,0.0
13067031005,1,0.19,0.0,0.0,0.0,0.0,0.0,0.0
13051004210,1,0.18,0.0,0.0,0.0,0.0,0.0,0.0
22033004403,1,0.17,3891.0,0.66,3891.0,3891.0,0.0,0.0
13145120300,3,0.33,45480.0,5.0,15160.0,45480.0,0.0,0.0
48199030700,2,0.48,28192.0,6.79,14096.0,23952.0,4240.0,0.0
48201550401,1,0.07,14527.0,1.05,14527.0,14527.0,0.0,0.0
48241950400,1,0.17,0.0,0.0,0.0,0.0,0.0,0.0
13087970200,1,0.39,0.0,0.0,0.0,0.0,0.0,0.0
13127001000,1,0.1,13505.0,1.39,13505.0,13505.0,0.0,0.0
48157672301,2,0.25,62771.0,7.96,31385.5,58932.0,3839.0,0.0
48201240701,1,0.07,7498.0,0.5,7498.0,7498.0,0.0,0.0
48157673102,1,0.06,32152.0,1.94,32152.0,32152.0,0.0,0.0
37055970200,1,0.22,0.0,0.0,0.0,0.0,0.0,0.0
48201542003,1,,22896.0,,22896.0,22398.0,498.0,0.0
06017031503,1,0.37,0.0,0.0,0.0,0.0,0.0,0.0
13121010205,1,0.19,14287.0,2.67,14287.0,14287.0,0.0,0.0
37087921200,2,0.4,28892.0,5.78,14446.0,25980.0,2912.0,0.0
48157671501,2,0.25,6890.0,0.88,3445.0,6890.0,0.0,0.0
48157674800,2,0.36,103641.0,18.42,51820.5,102932.0,709.0,0.0
48201251600,3,0.51,48586.0,8.26,16195.33,38017.0,10569.0,0.0
13089023204,2,0.29,16962.0,2.43,8481.0,14898.0,2064.0,0.0
12086008207,1,0.23,0.0,0.0,0.0,0.0,0.0,0.0
45079002400,1,0.24,0.0,0.0,0.0,0.0,0.0,0.0
45013002106,1,0.12,142.0,0.02,142.0,142.0,0.0,0.0
12103026702,1,0.15,0.0,0.0,0.0,0.0,0.0,0.0
48167725800,2,0.51,18713.0,4.74,9356.5,12630.0,6083.0,0.0
13121009700,1,0.26,21205.0,5.54,21205.0,21205.0,0.0,0.0
06085501300,1,0.22,0.0,0.0,0.0,0.0,0.0,0.0
12086014400,1,0.22,0.0,0.0,0.0,0.0,0.0,0.0
48339691601,4,0.99,143345.0,35.35,35836.25,137698.0,5647.0,0.0
13121009801,1,0.21,5801.0,1.21,5801.0,4177.0,1624.0,0.0
48037010901,3,0.42,6635.0,0.93,2211.67,6635.0,0.0,0.0
22051029100,3,,6361.0,,2120.33,6361.0,0.0,0.0
45045001807,1,0.19,0.0,0.0,0.0,0.0,0.0,0.0
06037701201,1,0.27,0.0,0.0,0.0,0.0,0.0,0.0
22033004504,1,0.17,5049.0,0.86,5049.0,5049.0,0.0,0.0
28041950200,3,0.5,141080.0,23.69,47026.67,115598.0,25482.0,0.0
48113016612,1,0.07,6646.0,0.48,6646.0,6646.0,0.0,0.0
48201551000,1,0.27,67562.0,18.23,67562.0,67562.0,0.0,0.0
12086009305,2,0.41,0.0,0.0,0.0,0.0,0.0,0.0
01097003607,1,0.25,11933.0,3.02,11933.0,9783.0,2150.0,0.0
22017023702,1,,5784.0,,5784.0,5689.0,95.0,0.0
22019003101,2,0.39,4081.0,0.8,2040.5,4081.0,0.0,0.0
01103005304,1,0.18,7555.0,1.32,7555.0,2004.0,5551.0,0.0
06089011900,2,0.44,89964.0,19.58,44982.0,89964.0,0.0,0.0
48423000201,1,0.24,22609.0,5.36,22609.0,20598.0,2011.0,0.0
37049960600,2,0.39,8936.0,1.75,4468.0,8936.0,0.0,0.0
12019030301,1,0.12,0.0,0.0,0.0,0.0,0.0,0.0
37071033202,1,0.44,0.0,0.0,0.0,0.0,0.0,0.0
48041000102,1,0.17,11515.0,1.94,11515.0,11515.0,0.0,0.0
48201542302,2,0.25,0.0,0.0,0.0,0.0,0.0,0.0
48201431504,1,,1563.0,,1563.0,1563.0,0.0,0.0
48183000502,2,0.42,0.0,0.0,0.0,0.0,0.0,0.0
12099007757,1,0.22,7030.0,1.58,7030.0,7030.0,0.0,0.0
22113950600,2,0.62,57549.0,17.84,28774.5,38976.0,18573.0,0.0
48113015403,1,0.31,11039.0,3.46,11039.0,11039.0,0.0,0.0
12011020205,1,0.15,679.0,0.1,679.0,679.0,0.0,0.0
22015011103,2,0.27,70723.0,9.47,35361.5,53738.0,16985.0,0.0
12011091600,1,0.16,0.0,0.0,0.0,0.0,0.0,0.0
48201333800,2,0.2,48706.0,4.78,24353.0,37061.0,11645.0,0.0
37111970200,1,0.2,9371.0,1.92,9371.0,4740.0,4631.0,0.0
22103040604,1,0.11,2889.0,0.31,2889.0,2889.0,0.0,0.0
22071001725,1,0.14,2363.0,0.32,2363.0,2363.0,0.0,0.0
48339691500,2,0.44,107229.0,23.81,53614.5,102495.0,4734.0,0.0
12071050311,1,0.14,2392.0,0.34,2392.0,2392.0,0.0,0.0
48339690602,2,0.09,88923.0,3.88,44461.5,75794.0,13129.0,0.0
22019003000,1,0.21,2426.0,0.52,2426.0,1588.0,838.0,0.0
01073001400,1,0.46,3682.0,1.71,3682.0,3682.0,0.0,0.0
13051010807,1,0.18,0.0,0.0,0.0,0.0,0.0,0.0
13015961000,1,0.14,17711.0,2.43,17711.0,17711.0,0.0,0.0
45019005200,1,0.21,2449.0,0.52,2449.0,2449.0,0.0,0.0
22015011117,2,,37852.0,,18926.0,29444.0,8408.0,0.0
48201221900,1,0.23,2188.0,0.5,2188.0,2188.0,0.0,0.0
48027021400,1,0.25,0.0,0.0,0.0,0.0,0.0,0.0
13215010702,3,0.64,53931.0,11.54,17977.0,43274.0,10657.0,0.0
12087971300,1,0.65,13950.0,9.03,13950.0,13950.0,0.0,0.0
12031014336,1,0.14,4951.0,0.71,4951.0,4951.0,0.0,0.0
48149970700,2,0.99,0.0,0.0,0.0,0.0,0.0,0.0
48027021303,1,0.13,5829.0,0.74,5829.0,5829.0,0.0,0.0
13121002400,1,0.43,17499.0,7.49,17499.0,17499.0,0.0,0.0
12015020900,1,0.14,0.0,0.0,0.0,0.0,0.0,0.0
48027020701,1,0.71,6512.0,4.61,6512.0,6512.0,0.0,0.0
22017024104,2,0.3,3321.0,0.49,1660.5,3321.0,0.0,0.0
12086019401,1,,7431.0,,7431.0,7431.0,0.0,0.0
01093964400,4,0.71,113683.0,20.19,28420.75,98397.0,15286.0,0.0
12005002500,1,0.31,4779.0,1.47,4779.0,4779.0,0.0,0.0
37119001504,1,0.13,0.0,0.0,0.0,0.0,0.0,0.0
28121020304,1,,5017.0,,5017.0,5017.0,0.0,0.0
12053040905,1,0.15,7517.0,1.13,7517.0,7517.0,0.0,0.0
22033004205,1,0.17,0.0,0.0,0.0,0.0,0.0,0.0
12086010622,1,,0.0,,0.0,0.0,0.0,0.0
48029171302,1,0.2,0.0,0.0,0.0,0.0,0.0,0.0
37051002700,1,0.12,2437.0,0.29,2437.0,2437.0,0.0,0.0
06073021402,2,,37824.0,,18912.0,37824.0,0.0,0.0
12011050602,1,0.27,0.0,0.0,0.0,0.0,0.0,0.0
06071009201,1,0.22,0.0,0.0,0.0,0.0,0.0,0.0
13089023311,1,0.2,8859.0,1.8,8859.0,8859.0,0.0,0.0
48439122400,1,0.18,37080.0,6.7,37080.0,37080.0,0.0,0.0
48201554200,1,0.11,25150.0,2.86,25150.0,13931.0,11219.0,0.0
06073017067,1,,12812.0,,12812.0,12812.0,0.0,0.0
22117950300,3,0.76,144941.0,36.56,48313.67,77859.0,67082.0,0.0
22073010506,1,,72258.0,,72258.0,56310.0,15948.0,0.0
48061012305,1,0.31,0.0,0.0,0.0,0.0,0.0,0.0
37081011200,1,0.19,0.0,0.0,0.0,0.0,0.0,0.0
37053110101,2,2.72,819.0,1.11,409.5,819.0,0.0,0.0
48201554809,1,,0.0,,0.0,0.0,0.0,0.0
48157675700,1,0.15,0.0,0.0,0.0,0.0,0.0,0.0
06073020806,1,0.17,2666.0,0.44,2666.0,2666.0,0.0,0.0
48121020103,1,0.09,50178.0,4.28,50178.0,38866.0,11312.0,0.0
12101031708,1,0.17,0.0,0.0,0.0,0.0,0.0,0.0
12011031001,1,0.4,9406.0,3.73,9406.0,9406.0,0.0,0.0
22101040400,1,0.28,7967.0,2.22,7967.0,7967.0,0.0,0.0
37119002006,1,,2291.0,,2291.0,2291.0,0.0,0.0
37021003002,3,0.42,226337.0,32.02,75445.67,226337.0,0.0,0.0
48215022600,1,0.45,22454.0,10.09,22454.0,22156.0,298.0,0.0
22071008300,1,0.84,0.0,0.0,0.0,0.0,0.0,0.0
12061050401,1,0.28,679.0,0.19,679.0,679.0,0.0,0.0
22029000400,1,0.23,0.0,0.0,0.0,0.0,0.0,0.0
01101005406,1,0.1,5407.0,0.56,5407.0,5407.0,0.0,0.0
06053000701,1,0.17,12712.0,2.13,12712.0,12712.0,0.0,0.0
06087101000,1,0.13,10710.0,1.36,10710.0,10441.0,269.0,0.0
48201511502,1,,0.0,,0.0,0.0,0.0,0.0
28031950402,2,,92470.0,,46235.0,45421.0,47049.0,0.0
48441011400,1,0.22,3814.0,0.84,3814.0,3814.0,0.0,0.0
22073000900,3,1.91,52494.0,33.48,17498.0,51208.0,1286.0,0.0
48157672001,2,0.25,70619.0,8.65,35309.5,70217.0,402.0,0.0
12115002303,1,0.2,0.0,0.0,0.0,0.0,0.0,0.0
01103005101,2,0.37,123204.0,22.63,61602.0,83132.0,40072.0,0.0
13285960502,3,0.39,90095.0,11.8,30031.67,66611.0,23484.0,0.0
48339693101,1,0.17,190917.0,31.53,190917.0,92945.0,97972.0,0.0
06079012200,1,0.13,344.0,0.05,344.0,163.0,181.0,0.0
48245011001,2,0.41,3948.0,0.81,1974.0,3948.0,0.0,0.0
12099000214,1,0.14,0.0,0.0,0.0,0.0,0.0,0.0
01043965402,1,0.25,43697.0,10.94,43697.0,43697.0,0.0,0.0
22033003802,2,0.4,0.0,0.0,0.0,0.0,0.0,0.0
12033003503,1,0.14,0.0,0.0,0.0,0.0,0.0,0.0
48157672200,1,0.33,13938.0,4.6,13938.0,11589.0,2349.0,0.0
37013930400,2,0.43,9624.0,2.07,4812.0,9624.0,0.0,0.0
28137950301,2,0.5,76201.0,19.15,38100.5,76201.0,0.0,0.0
06059075604,1,0.13,4323.0,0.54,4323.0,4323.0,0.0,0.0
45067950500,2,0.38,15532.0,2.94,7766.0,15532.0,0.0,0.0
48201551702,1,0.25,0.0,0.0,0.0,0.0,0.0,0.0
01101005402,2,0.32,20757.0,3.3,10378.5,20757.0,0.0,0.0
48073950700,7,1.68,144105.0,34.62,20586.43,144105.0,0.0,0.0
48201350500,1,0.13,0.0,0.0,0.0,0.0,0.0,0.0
48201552604,3,,75302.0,,25100.67,56771.0,18531.0,0.0
13217100902,2,0.35,25021.0,4.32,12510.5,15348.0,9673.0,0.0
22045030600,2,0.31,29391.0,4.55,14695.5,29391.0,0.0,0.0
48213951000,1,0.37,257392.0,94.73,257392.0,52548.0,204844.0,0.0
48183010200,1,0.13,0.0,0.0,0.0,0.0,0.0,0.0
01061050500,1,0.25,4700.0,1.16,4700.0,4700.0,0.0,0.0
13153021000,1,0.16,0.0,0.0,0.0,0.0,0.0,0.0
13045910702,2,0.25,2639.0,0.33,1319.5,2369.0,270.0,0.0
22051023800,2,0.5,19584.0,4.92,9792.0,19584.0,0.0,0.0
45019002612,3,0.45,1203.0,0.18,401.0,1203.0,0.0,0.0
48201553801,2,0.65,31092.0,10.16,15546.0,28996.0,2096.0,0.0
13089023411,1,0.25,0.0,0.0,0.0,0.0,0.0,0.0
12011020207,1,0.17,0.0,0.0,0.0,0.0,0.0,0.0
22095070500,1,0.17,0.0,0.0,0.0,0.0,0.0,0.0
13089023802,1,0.23,79371.0,17.93,79371.0,19488.0,59883.0,0.0
12099007604,2,0.26,52753.0,6.93,26376.5,42895.0,9858.0,0.0
13121009002,1,,5232.0,,5232.0,5232.0,0.0,0.0
06023000900,1,0.18,3379.0,0.6,3379.0,3379.0,0.0,0.0
48251130416,1,,3241.0,,3241.0,3241.0,0.0,0.0
13021011800,1,0.29,1586.0,0.45,1586.0,1586.0,0.0,0.0
48061013303,1,0.25,50962.0,12.87,50962.0,44835.0,6127.0,0.0
28035010101,1,0.15,0.0,0.0,0.0,0.0,0.0,0.0
06073003902,1,0.21,16950.0,3.52,16950.0,8762.0,8188.0,0.0
13293010600,1,0.77,20321.0,15.66,20321.0,17045.0,3276.0,0.0
12031010500,1,0.06,12931.0,0.81,12931.0,12931.0,0.0,0.0
13067031311,1,0.1,16819.0,1.75,16819.0,14058.0,2761.0,0.0
22099020100,1,0.19,6805.0,1.32,6805.0,6805.0,0.0,0.0
45013000901,1,0.34,0.0,0.0,0.0,0.0,0.0,0.0
22017023906,2,,13711.0,,6855.5,13547.0,164.0,0.0
48201230600,2,0.71,10250.0,3.66,5125.0,10250.0,0.0,0.0
22015011116,1,,0.0,,0.0,0.0,0.0,0.0
06047001700,1,0.15,0.0,0.0,0.0,0.0,0.0,0.0
22033004014,1,0.09,1058.0,0.09,1058.0,1058.0,0.0,0.0
06081604101,2,0.24,49287.0,5.98,24643.5,49287.0,0.0,0.0
48201422100,4,0.75,57844.0,10.81,14461.0,57844.0,0.0,0.0
13029920306,2,0.18,0.0,0.0,0.0,0.0,0.0,0.0
13021012000,2,0.45,59147.0,13.26,29573.5,56751.0,2396.0,0.0
48355001802,1,0.4,0.0,0.0,0.0,0.0,0.0,0.0
28059040400,2,0.24,14048.0,1.68,7024.0,14048.0,0.0,0.0
37067003600,1,0.15,20441.0,2.98,20441.0,9164.0,11277.0,0.0
48201510301,1,,11937.0,,11937.0,11937.0,0.0,0.0
48209010902,1,0.07,28905.0,2.14,28905.0,14495.0,14410.0,0.0
48201250401,1,0.08,0.0,0.0,0.0,0.0,0.0,0.0
48439111521,1,0.12,9934.0,1.24,9934.0,9934.0,0.0,0.0
48201342001,1,0.14,0.0,0.0,0.0,0.0,0.0,0.0
06037910809,1,0.45,0.0,0.0,0.0,0.0,0.0,0.0
28163950400,1,0.58,0.0,0.0,0.0,0.0,0.0,0.0
48201453701,1,,4771.0,,4771.0,4771.0,0.0,0.0
12005000900,1,0.22,5543.0,1.23,5543.0,5543.0,0.0,0.0
13241970304,1,,0.0,,0.0,0.0,0.0,0.0
12011020405,2,0.41,2477.0,0.51,1238.5,2477.0,0.0,0.0
48347950800,1,0.25,5078.0,1.29,5078.0,5078.0,0.0,0.0
48201555301,1,1.16,101940.0,118.26,101940.0,91965.0,9975.0,0.0
48201431801,5,1.37,521799.0,143.15,104359.8,409833.0,111966.0,0.0
01089010629,1,,18464.0,,18464.0,17837.0,627.0,0.0
48423002102,1,0.17,5692.0,0.99,5692.0,5692.0,0.0,0.0
48423001200,2,0.63,23904.0,7.58,11952.0,23096.0,808.0,0.0
22105954004,3,,40090.0,,13363.33,25903.0,14187.0,0.0
22051025104,1,0.23,0.0,0.0,0.0,0.0,0.0,0.0
22017025405,1,0.24,9735.0,2.35,9735.0,9735.0,0.0,0.0
48201251702,2,,1528.0,,764.0,1528.0,0.0,0.0
48201555200,4,0.61,80582.0,12.37,20145.5,67322.0,13260.0,0.0
28033070322,2,0.53,41675.0,11.06,20837.5,37344.0,4331.0,0.0
48331950300,2,0.46,52847.0,12.24,26423.5,41347.0,11500.0,0.0
13027960500,2,0.7,0.0,0.0,0.0,0.0,0.0,0.0
28049001400,1,0.35,8601.0,3.02,8601.0,8601.0,0.0,0.0
48245001303,1,0.3,11360.0,3.41,11360.0,11360.0,0.0,0.0
28073020306,1,,3556.0,,3556.0,1957.0,1599.0,0.0
48167723000,1,0.28,2159.0,0.6,2159.0,1790.0,369.0,0.0
12086019400,3,0.37,89708.0,11.17,29902.67,80413.0,9295.0,0.0
13063040613,1,0.12,3368.0,0.4,3368.0,2494.0,874.0,0.0
37119006204,2,0.27,32523.0,4.44,16261.5,32232.0,291.0,0.0
22001960700,1,0.23,685.0,0.16,685.0,685.0,0.0,0.0
48201510600,2,0.38,0.0,0.0,0.0,0.0,0.0,0.0
06115040400,1,0.2,8358.0,1.65,8358.0,8358.0,0.0,0.0
12099005939,1,0.83,0.0,0.0,0.0,0.0,0.0,0.0
22091951201,1,,17344.0,,17344.0,17344.0,0.0,0.0
06001407102,1,0.23,33750.0,7.86,33750.0,33750.0,0.0,0.0
22009030900,1,0.35,4015.0,1.41,4015.0,4015.0,0.0,0.0
13117130410,1,0.22,0.0,0.0,0.0,0.0,0.0,0.0
48201231200,2,0.25,17956.0,2.27,8978.0,17956.0,0.0,0.0
22079011501,1,,13490.0,,13490.0,13490.0,0.0,0.0
12099007010,1,0.63,0.0,0.0,0.0,0.0,0.0,0.0
28049001300,2,0.51,8326.0,2.14,4163.0,8326.0,0.0,0.0
48339693201,2,,51368.0,,25684.0,49134.0,2234.0,0.0
22071002401,1,0.47,8739.0,4.1,8739.0,8504.0,235.0,0.0
48201422000,3,1.07,25031.0,8.97,8343.67,25031.0,0.0,0.0
48497150402,1,0.17,30078.0,5.19,30078.0,27130.0,2948.0,0.0
06083000103,1,0.32,4729.0,1.53,4729.0,4729.0,0.0,0.0
12011060603,2,0.42,7961.0,1.68,3980.5,7961.0,0.0,0.0
48027020402,1,0.36,23799.0,8.52,23799.0,23799.0,0.0,0.0
22051023903,1,0.43,0.0,0.0,0.0,0.0,0.0,0.0
37133001500,1,0.35,0.0,0.0,0.0,0.0,0.0,0.0
01069041700,3,2.44,114694.0,93.4,38231.33,92631.0,22063.0,0.0
13089023114,2,0.73,21906.0,8.03,10953.0,18231.0,3675.0,0.0
06041115000,1,0.14,1118.0,0.16,1118.0,1118.0,0.0,0.0
28047002900,1,0.67,1101.0,0.73,1101.0,1101.0,0.0,0.0
13121011310,1,,18235.0,,18235.0,15011.0,3224.0,0.0
01095030701,1,0.3,10836.0,3.24,10836.0,10706.0,130.0,0.0
06087120600,2,0.42,0.0,0.0,0.0,0.0,0.0,0.0
48201542101,1,0.05,0.0,0.0,0.0,0.0,0.0,0.0
22125951701,1,0.29,7440.0,2.18,7440.0,7440.0,0.0,0.0
12075970301,1,0.77,0.0,0.0,0.0,0.0,0.0,0.0
48339690601,2,0.1,56040.0,2.82,28020.0,56040.0,0.0,0.0
06029003121,1,0.12,0.0,0.0,0.0,0.0,0.0,0.0
01089011302,1,,3866.0,,3866.0,3264.0,602.0,0.0
37021002900,1,0.27,14984.0,4.02,14984.0,14984.0,0.0,0.0
48157672402,1,,14346.0,,14346.0,14346.0,0.0,0.0
06011000400,1,0.43,0.0,0.0,0.0,0.0,0.0,0.0
28047000300,1,0.47,0.0,0.0,0.0,0.0,0.0,0.0
22073010503,1,0.53,185300.0,97.94,185300.0,142158.0,43142.0,0.0
13063040512,1,0.18,3432.0,0.61,3432.0,3432.0,0.0,0.0
45049920500,1,0.52,2417.0,1.25,2417.0,1950.0,467.0,0.0
48201522102,1,,74206.0,,74206.0,74206.0,0.0,0.0
22003950501,1,,32685.0,,32685.0,23459.0,9226.0,0.0
13089023803,1,0.18,1167.0,0.22,1167.0,1167.0,0.0,0.0
12086018900,2,0.29,11618.0,1.7,5809.0,4805.0,6813.0,0.0
48337950200,1,0.54,34271.0,18.58,34271.0,34271.0,0.0,0.0
22033004401,5,1.02,140648.0,28.65,28129.6,113026.0,27622.0,0.0
01101001400,1,0.29,8788.0,2.54,8788.0,4535.0,4253.0,0.0
01073001902,3,1.62,16650.0,8.97,5550.0,14458.0,2192.0,0.0
13167960300,1,0.58,38634.0,22.31,38634.0,38634.0,0.0,0.0
06111002500,2,0.41,62240.0,12.78,31120.0,62240.0,0.0,0.0
01051031300,3,0.75,31643.0,7.91,10547.67,31643.0,0.0,0.0
13087970600,1,0.21,0.0,0.0,0.0,0.0,0.0,0.0
22103040710,1,0.16,0.0,0.0,0.0,0.0,0.0,0.0
22079011500,2,0.27,113352.0,15.4,56676.0,113352.0,0.0,0.0
13089023309,1,0.11,8770.0,0.94,8770.0,6356.0,2414.0,0.0
12099007616,2,0.64,0.0,0.0,0.0,0.0,0.0,0.0
48201542301,1,0.07,0.0,0.0,0.0,0.0,0.0,0.0
48201531800,1,0.44,18687.0,8.17,18687.0,17737.0,950.0,0.0
48201251800,2,0.88,52221.0,22.94,26110.5,32081.0,20140.0,0.0
48201341204,1,,97.0,,97.0,97.0,0.0,0.0
48201511001,1,0.35,2810.0,0.98,2810.0,2810.0,0.0,0.0
48453002428,1,0.14,0.0,0.0,0.0,0.0,0.0,0.0
22061960300,2,0.36,118655.0,21.15,59327.5,118655.0,0.0,0.0
22117950102,3,0.73,109443.0,26.49,36481.0,97487.0,11956.0,0.0
22065960300,2,0.7,11774.0,4.11,5887.0,11774.0,0.0,0.0
01061050100,1,0.21,77539.0,16.14,77539.0,55110.0,22429.0,0.0
28091950400,2,0.54,215647.0,58.28,107823.5,12548.0,203099.0,0.0
01095030600,2,0.3,57234.0,8.67,28617.0,41491.0,15743.0,0.0
13121010532,1,,0.0,,0.0,0.0,0.0,0.0
06079012102,1,0.17,0.0,0.0,0.0,0.0,0.0,0.0
28041950202,1,,7951.0,,7951.0,2362.0,5589.0,0.0
13297110507,1,0.13,30608.0,3.91,30608.0,22941.0,7667.0,0.0
48157674100,3,0.42,31806.0,4.4,10602.0,31806.0,0.0,0.0
48201431301,1,0.2,174.0,0.03,174.0,0.0,174.0,0.0
13089020300,1,0.25,8198.0,2.02,8198.0,6709.0,1489.0,0.0
22103040802,1,0.15,0.0,0.0,0.0,0.0,0.0,0.0
06073020103,1,0.09,0.0,0.0,0.0,0.0,0.0,0.0
12113010815,1,0.11,6843.0,0.77,6843.0,6843.0,0.0,0.0
01101005610,1,0.71,0.0,0.0,0.0,0.0,0.0,0.0
48201341202,1,0.2,7265.0,1.43,7265.0,7265.0,0.0,0.0
01121011700,1,0.24,15061.0,3.65,15061.0,15061.0,0.0,0.0
22041950200,1,0.23,0.0,0.0,0.0,0.0,0.0,0.0
22071001747,1,0.23,0.0,0.0,0.0,0.0,0.0,0.0
13083040101,1,0.22,7446.0,1.62,7446.0,7446.0,0.0,0.0
22071011900,1,0.59,0.0,0.0,0.0,0.0,0.0,0.0
13113140101,1,0.13,0.0,0.0,0.0,0.0,0.0,0.0
06007000201,1,0.22,364.0,0.08,364.0,364.0,0.0,0.0
22033004604,1,0.08,0.0,0.0,0.0,0.0,0.0,0.0
12086010006,1,0.11,0.0,0.0,0.0,0.0,0.0,0.0
48201533902,1,0.2,16955.0,3.46,16955.0,15276.0,1679.0,0.0
48201421600,1,0.14,28121.0,3.87,28121.0,0.0,28121.0,0.0
22075050100,1,0.73,5645.0,4.12,5645.0,5645.0,0.0,0.0
48201530300,2,0.84,1473.0,0.62,736.5,1473.0,0.0,0.0
06087122400,1,0.14,2647.0,0.37,2647.0,2647.0,0.0,0.0
48147950701,1,0.21,5877.0,1.26,5877.0,5877.0,0.0,0.0
45019002702,1,0.23,2011.0,0.46,2011.0,2011.0,0.0,0.0
37055970400,2,0.7,45717.0,15.93,22858.5,45717.0,0.0,0.0
12011041300,3,0.38,0.0,0.0,0.0,0.0,0.0,0.0
48321730501,1,0.35,0.0,0.0,0.0,0.0,0.0,0.0
48491021300,1,0.25,53605.0,13.63,53605.0,44139.0,9466.0,0.0
48201541003,1,0.07,26700.0,1.79,26700.0,26700.0,0.0,0.0
22017022800,1,0.23,1932.0,0.44,1932.0,1932.0,0.0,0.0
22057021400,1,0.25,758.0,0.19,758.0,758.0,0.0,0.0
48361021502,1,0.15,0.0,0.0,0.0,0.0,0.0,0.0
13215011100,1,0.48,44775.0,21.57,44775.0,44775.0,0.0,0.0
48039664100,1,0.17,0.0,0.0,0.0,0.0,0.0,0.0
06065044507,1,0.14,0.0,0.0,0.0,0.0,0.0,0.0
48281950400,1,0.25,0.0,0.0,0.0,0.0,0.0,0.0
48157670200,1,0.12,18281.0,2.19,18281.0,17716.0,565.0,0.0
01097000200,1,0.81,0.0,0.0,0.0,0.0,0.0,0.0
48201211900,1,0.2,3232.0,0.64,3232.0,3232.0,0.0,0.0
48201532101,1,,0.0,,0.0,0.0,0.0,0.0
48201231700,1,0.29,8128.0,2.38,8128.0,8128.0,0.0,0.0
13089023102,1,0.29,47283.0,13.86,47283.0,44168.0,3115.0,0.0
12071050601,2,0.68,9099.0,3.11,4549.5,9028.0,71.0,0.0
45013002110,1,,0.0,,0.0,0.0,0.0,0.0
48339690204,1,,0.0,,0.0,0.0,0.0,0.0
48201543201,1,,22512.0,,22512.0,22512.0,0.0,0.0
48201551704,2,,81374.0,,40687.0,75929.0,5445.0,0.0
48201521402,2,,61181.0,,30590.5,49461.0,11720.0,0.0
48201221000,1,0.26,4989.0,1.28,4989.0,4989.0,0.0,0.0
22073005301,3,0.52,8005.0,1.4,2668.33,8005.0,0.0,0.0
48201350801,1,0.2,195710.0,38.43,195710.0,195710.0,0.0,0.0
48001951002,1,,45491.0,,45491.0,34906.0,10585.0,0.0
06037800410,1,0.24,38383.0,9.36,38383.0,38383.0,0.0,0.0
01103000300,3,1.05,48407.0,16.98,16135.67,46202.0,2205.0,0.0
45013002202,1,0.32,0.0,0.0,0.0,0.0,0.0,0.0
45063021116,1,0.32,0.0,0.0,0.0,0.0,0.0,0.0
13089021806,1,0.15,11594.0,1.78,11594.0,11594.0,0.0,0.0
48245010200,3,1.43,10270.0,4.91,3423.33,8203.0,2067.0,0.0
22017023100,1,0.58,2166.0,1.25,2166.0,2166.0,0.0,0.0
48201555401,1,0.36,33937.0,12.12,33937.0,33937.0,0.0,0.0
06065042743,1,0.34,1727.0,0.59,1727.0,1727.0,0.0,0.0
13121007704,1,0.18,179146.0,32.89,179146.0,64986.0,114160.0,0.0
13045911001,1,,3780.0,,3780.0,3780.0,0.0,0.0
06097152906,1,0.17,0.0,0.0,0.0,0.0,0.0,0.0
13215010401,1,0.15,0.0,0.0,0.0,0.0,0.0,0.0
01089010624,1,0.12,18562.0,2.27,18562.0,0.0,18562.0,0.0
13247060405,1,0.14,0.0,0.0,0.0,0.0,0.0,0.0
28027950500,2,0.37,91802.0,17.16,45901.0,88345.0,3457.0,0.0
13121010306,1,,30245.0,,30245.0,26245.0,4000.0,0.0
22097960300,1,0.27,11685.0,3.14,11685.0,11685.0,0.0,0.0
48201330900,1,0.1,137.0,0.01,137.0,137.0,0.0,0.0
48167721500,1,0.14,13707.0,1.89,13707.0,6998.0,6709.0,0.0
13135050428,1,0.16,2066.0,0.32,2066.0,2066.0,0.0,0.0
22023970203,1,,0.0,,0.0,0.0,0.0,0.0
12086006104,1,,950.0,,950.0,950.0,0.0,0.0
01069041500,1,0.25,11176.0,2.74,11176.0,11176.0,0.0,0.0
48185180200,1,0.15,31602.0,4.69,31602.0,18832.0,12770.0,0.0
06111006200,1,0.34,56612.0,19.44,56612.0,48788.0,7824.0,0.0
13175950202,1,0.21,55141.0,11.57,55141.0,54311.0,830.0,0.0
48201233102,1,0.14,4035.0,0.55,4035.0,4035.0,0.0,0.0
48201552004,1,,44229.0,,44229.0,29098.0,15131.0,0.0
01053969800,1,0.17,17762.0,3.05,17762.0,17762.0,0.0,0.0
48201550601,2,0.28,26145.0,3.7,13072.5,26145.0,0.0,0.0
06073014001,1,0.22,8041.0,1.76,8041.0,8041.0,0.0,0.0
28049010201,1,0.28,658.0,0.19,658.0,658.0,0.0,0.0
22017025300,1,0.69,0.0,0.0,0.0,0.0,0.0,0.0
28147950302,2,,27349.0,,13674.5,12618.0,14731.0,0.0
13089023219,1,,7482.0,,7482.0,7482.0,0.0,0.0
48339694402,2,,906.0,,453.0,906.0,0.0,0.0
48201231400,1,0.38,33873.0,13.01,33873.0,30134.0,3739.0,0.0
48491020111,1,0.3,19195.0,5.71,19195.0,19195.0,0.0,0.0
28089030302,1,0.14,84119.0,11.72,84119.0,42110.0,42009.0,0.0
13065970100,1,0.19,2099.0,0.39,2099.0,2099.0,0.0,0.0
22019002201,1,0.13,7497.0,0.94,7497.0,7497.0,0.0,0.0
28049011103,3,0.5,25200.0,4.16,8400.0,22825.0,2375.0,0.0
22071001702,3,0.95,1705.0,0.54,568.33,1208.0,497.0,0.0
01089011012,1,0.17,1995.0,0.34,1995.0,1995.0,0.0,0.0
12109020902,1,0.04,0.0,0.0,0.0,0.0,0.0,0.0
12099005300,1,0.24,0.0,0.0,0.0,0.0,0.0,0.0
12099005926,1,0.24,0.0,0.0,0.0,0.0,0.0,0.0
22103040303,1,0.11,0.0,0.0,0.0,0.0,0.0,0.0
48167721700,1,0.12,12034.0,1.49,12034.0,11240.0,794.0,0.0
01081040605,1,,0.0,,0.0,0.0,0.0,0.0
13067031101,1,0.19,6157.0,1.17,6157.0,6157.0,0.0,0.0
22097960601,1,,10696.0,,10696.0,10696.0,0.0,0.0
48201324101,1,,15419.0,,15419.0,15419.0,0.0,0.0
48201554908,3,,157443.0,,52481.0,104134.0,53309.0,0.0
28045030500,1,0.12,5125.0,0.61,5125.0,5125.0,0.0,0.0
13153021123,1,,0.0,,0.0,0.0,0.0,0.0
06081603000,1,0.23,0.0,0.0,0.0,0.0,0.0,0.0
06065043279,1,0.2,3317.0,0.65,3317.0,3317.0,0.0,0.0
28073020400,1,0.15,27359.0,4.02,27359.0,27359.0,0.0,0.0
48397040102,1,0.13,0.0,0.0,0.0,0.0,0.0,0.0
06081605600,2,0.33,31433.0,5.26,15716.5,31433.0,0.0,0.0
45035010817,1,0.22,0.0,0.0,0.0,0.0,0.0,0.0
06089010806,1,0.32,62926.0,20.12,62926.0,62926.0,0.0,0.0
48201553601,2,,39222.0,,19611.0,34042.0,5180.0,0.0
48201321402,1,0.22,3471.0,0.78,3471.0,2791.0,680.0,0.0
37135011902,1,0.26,850.0,0.23,850.0,850.0,0.0,0.0
48167721403,1,,12811.0,,12811.0,12811.0,0.0,0.0
48201241302,1,,44466.0,,44466.0,32366.0,12100.0,0.0
28049010102,1,0.17,22222.0,3.87,22222.0,22222.0,0.0,0.0
01097000500,1,0.5,7330.0,3.7,7330.0,2390.0,4940.0,0.0
22067950400,2,0.53,70139.0,18.73,35069.5,70139.0,0.0,0.0
12099000301,1,0.25,0.0,0.0,0.0,0.0,0.0,0.0
12011030904,1,0.22,0.0,0.0,0.0,0.0,0.0,0.0
13113140405,1,0.26,2215.0,0.58,2215.0,2215.0,0.0,0.0
37049960402,1,0.27,972.0,0.27,972.0,972.0,0.0,0.0
48277000900,2,0.44,42387.0,9.27,21193.5,38448.0,3939.0,0.0
48201521600,3,0.8,12525.0,3.35,4175.0,12525.0,0.0,0.0
12021010802,1,0.09,0.0,0.0,0.0,0.0,0.0,0.0
48201411501,1,0.17,15108.0,2.56,15108.0,11398.0,3710.0,0.0
37031971103,1,,3039.0,,3039.0,3039.0,0.0,0.0
48201431502,1,0.28,5990.0,1.69,5990.0,5990.0,0.0,0.0
22087030602,1,0.35,0.0,0.0,0.0,0.0,0.0,0.0
13251970500,1,0.34,0.0,0.0,0.0,0.0,0.0,0.0
12086004203,1,0.23,10161.0,2.37,10161.0,10161.0,0.0,0.0
28121021002,3,0.46,78924.0,12.18,26308.0,72593.0,6331.0,0.0
37133000205,1,,0.0,,0.0,0.0,0.0,0.0
13311950100,3,1.09,13713.0,5.0,4571.0,13713.0,0.0,0.0
06073009603,1,0.2,12751.0,2.5,12751.0,12751.0,0.0,0.0
48423002004,2,0.77,14977.0,5.76,7488.5,14977.0,0.0,0.0
48027023105,1,0.08,0.0,0.0,0.0,0.0,0.0,0.0
06073013906,1,0.19,0.0,0.0,0.0,0.0,0.0,0.0
12099006912,1,0.26,0.0,0.0,0.0,0.0,0.0,0.0
01081041900,2,0.25,56815.0,7.22,28407.5,56815.0,0.0,0.0
12057014117,1,0.36,0.0,0.0,0.0,0.0,0.0,0.0
06073017009,1,0.25,4161.0,1.02,4161.0,4161.0,0.0,0.0
37147000900,1,0.13,0.0,0.0,0.0,0.0,0.0,0.0
48201231000,2,0.52,11047.0,2.88,5523.5,9973.0,1074.0,0.0
12011040402,2,0.67,3993.0,1.34,1996.5,3993.0,0.0,0.0
37031970304,1,0.5,23660.0,11.86,23660.0,23660.0,0.0,0.0
06067009404,1,0.19,0.0,0.0,0.0,0.0,0.0,0.0
48201453900,1,0.1,9779.0,0.97,9779.0,9779.0,0.0,0.0
01125010407,1,0.32,0.0,0.0,0.0,0.0,0.0,0.0
48201340500,1,0.14,7785.0,1.09,7785.0,3893.0,3892.0,0.0
48381020800,1,0.14,0.0,0.0,0.0,0.0,0.0,0.0
22079010500,1,0.15,3656.0,0.56,3656.0,3656.0,0.0,0.0
13067031206,1,0.1,8344.0,0.81,8344.0,8344.0,0.0,0.0
06065044917,1,0.23,0.0,0.0,0.0,0.0,0.0,0.0
48201253300,1,0.28,0.0,0.0,0.0,0.0,0.0,0.0
28121020208,1,0.16,4206.0,0.68,4206.0,4206.0,0.0,0.0
22063040600,1,0.12,695.0,0.08,695.0,695.0,0.0,0.0
22005030102,2,0.4,5896.0,1.17,2948.0,5896.0,0.0,0.0
48201250801,2,,34036.0,,17018.0,32924.0,1112.0,0.0
48201350400,2,0.32,31162.0,4.91,15581.0,26842.0,4320.0,0.0
01061050300,1,0.17,0.0,0.0,0.0,0.0,0.0,0.0
12086008410,2,0.33,66326.0,10.81,33163.0,57645.0,8681.0,0.0
37019020204,1,0.16,1409.0,0.23,1409.0,1041.0,368.0,0.0
48453002430,4,1.21,110762.0,33.4,27690.5,104533.0,6229.0,0.0
13127000401,1,0.12,1197.0,0.15,1197.0,1197.0,0.0,0.0
48407200200,1,0.19,4186.0,0.79,4186.0,4186.0,0.0,0.0
13089021704,1,0.18,0.0,0.0,0.0,0.0,0.0,0.0
12099007605,1,0.22,0.0,0.0,0.0,0.0,0.0,0.0
12091023306,1,0.33,0.0,0.0,0.0,0.0,0.0,0.0
13067031404,1,0.18,1569.0,0.28,1569.0,1569.0,0.0,0.0
22033003202,1,0.3,11638.0,3.48,11638.0,11406.0,232.0,0.0
13255160700,1,0.14,9419.0,1.29,9419.0,9050.0,369.0,0.0
48291701000,1,0.14,129353.0,18.48,129353.0,98473.0,30880.0,0.0
12071030202,1,0.17,0.0,0.0,0.0,0.0,0.0,0.0
48201542304,1,,5948.0,,5948.0,5948.0,0.0,0.0
48201550100,1,0.19,49518.0,9.41,49518.0,39947.0,9571.0,0.0
48355006200,1,0.11,0.0,0.0,0.0,0.0,0.0,0.0
22063040905,1,,0.0,,0.0,0.0,0.0,0.0
12086019802,1,,0.0,,0.0,0.0,0.0,0.0
06073015502,1,0.35,8099.0,2.84,8099.0,8099.0,0.0,0.0
13151070104,1,0.08,0.0,0.0,0.0,0.0,0.0,0.0
06073017020,1,0.27,0.0,0.0,0.0,0.0,0.0,0.0
37133002800,1,0.11,0.0,0.0,0.0,0.0,0.0,0.0
12011050204,1,0.17,0.0,0.0,0.0,0.0,0.0,0.0
28089030501,1,,5572.0,,5572.0,5214.0,358.0,0.0
45019003110,1,0.13,0.0,0.0,0.0,0.0,0.0,0.0
01015000800,1,0.86,0.0,0.0,0.0,0.0,0.0,0.0
06073016902,1,0.39,0.0,0.0,0.0,0.0,0.0,0.0
22051020517,1,0.27,4100.0,1.11,4100.0,4100.0,0.0,0.0
13217100400,1,0.3,174673.0,53.27,174673.0,174673.0,0.0,0.0
06037102107,1,0.25,0.0,0.0,0.0,0.0,0.0,0.0
06087120301,2,0.36,2562.0,0.47,1281.0,2562.0,0.0,0.0
13089021608,1,,0.0,,0.0,0.0,0.0,0.0
48293970500,1,0.53,3250.0,1.74,3250.0,3250.0,0.0,0.0
48201541205,2,,0.0,,0.0,0.0,0.0,0.0
06081602000,1,0.12,0.0,0.0,0.0,0.0,0.0,0.0
48201451402,1,0.21,17903.0,3.77,17903.0,17903.0,0.0,0.0
37021003201,1,0.54,8202.0,4.44,8202.0,8202.0,0.0,0.0
48139060702,1,0.24,18689.0,4.5,18689.0,13983.0,4706.0,0.0
12005000600,1,0.75,13201.0,9.84,13201.0,13201.0,0.0,0.0
12011030704,1,0.19,0.0,0.0,0.0,0.0,0.0,0.0
48085031634,1,0.3,34955.0,10.41,34955.0,34955.0,0.0,0.0
48467950400,1,0.23,708.0,0.16,708.0,708.0,0.0,0.0
22059970200,1,0.16,207334.0,33.66,207334.0,125668.0,81666.0,0.0
12111381402,1,0.16,0.0,0.0,0.0,0.0,0.0,0.0
48201410401,1,0.25,613.0,0.15,613.0,0.0,613.0,0.0
48201452100,1,0.11,0.0,0.0,0.0,0.0,0.0,0.0
22045031301,1,,6022.0,,6022.0,6022.0,0.0,0.0
48021950501,1,0.12,237829.0,28.48,237829.0,182769.0,55060.0,0.0
13115001100,2,0.66,36102.0,11.97,18051.0,36102.0,0.0,0.0
28059040301,1,,4626.0,,4626.0,4626.0,0.0,0.0
13097080602,1,0.17,1470.0,0.25,1470.0,1470.0,0.0,0.0
48213950602,1,0.2,0.0,0.0,0.0,0.0,0.0,0.0
45083023404,1,0.14,1558.0,0.22,1558.0,1558.0,0.0,0.0
12086009503,1,0.22,0.0,0.0,0.0,0.0,0.0,0.0
22115950901,1,,101903.0,,101903.0,67936.0,33967.0,0.0
48201241105,1,,101510.0,,101510.0,83968.0,17542.0,0.0
22099020800,2,0.64,56952.0,18.35,28476.0,41557.0,15395.0,0.0
48373210301,1,0.29,0.0,0.0,0.0,0.0,0.0,0.0
37001020801,1,0.64,7043.0,4.53,7043.0,6188.0,855.0,0.0
12111381300,1,0.26,0.0,0.0,0.0,0.0,0.0,0.0
12099000904,1,0.25,0.0,0.0,0.0,0.0,0.0,0.0
13113140501,1,0.16,14313.0,2.35,14313.0,14313.0,0.0,0.0
06067007024,1,,0.0,,0.0,0.0,0.0,0.0
37025042200,1,0.14,14510.0,2.04,14510.0,14383.0,127.0,0.0
45051040500,2,0.54,3331.0,0.89,1665.5,3331.0,0.0,0.0
22017024204,1,,2453.0,,2453.0,0.0,2453.0,0.0
13067030332,1,0.29,3866.0,1.12,3866.0,3866.0,0.0,0.0
12115001908,2,2.24,104022.0,116.75,52011.0,103026.0,996.0,0.0
48339691200,1,0.13,34219.0,4.51,34219.0,34219.0,0.0,0.0
48201311800,1,0.21,13134.0,2.81,13134.0,10519.0,2615.0,0.0
37119006203,1,0.2,0.0,0.0,0.0,0.0,0.0,0.0
48339690401,2,0.29,138017.0,19.85,69008.5,97531.0,40486.0,0.0
22017022500,1,0.19,11253.0,2.15,11253.0,7005.0,4248.0,0.0
06073013701,1,0.42,0.0,0.0,0.0,0.0,0.0,0.0
48467950900,1,0.14,18104.0,2.46,18104.0,14932.0,3172.0,0.0
48029181303,1,0.26,0.0,0.0,0.0,0.0,0.0,0.0
22099020601,1,,88861.0,,88861.0,81427.0,7434.0,0.0
22117950201,1,,3427.0,,3427.0,3427.0,0.0,0.0
48039660400,1,0.1,4156.0,0.4,4156.0,2622.0,1534.0,0.0
48201241202,2,,29382.0,,14691.0,26695.0,2687.0,0.0
01089010503,1,,15340.0,,15340.0,15340.0,0.0,0.0
06087123100,1,0.37,2481.0,0.91,2481.0,2481.0,0.0,0.0
13047030600,1,0.17,14659.0,2.49,14659.0,14659.0,0.0,0.0
12086011406,1,,43701.0,,43701.0,14987.0,28714.0,0.0
01043964100,1,0.18,66938.0,12.04,66938.0,55658.0,11280.0,0.0
01117030345,1,0.34,33772.0,11.51,33772.0,31759.0,2013.0,0.0
45045002402,1,0.15,0.0,0.0,0.0,0.0,0.0,0.0
48467950802,2,,50383.0,,25191.5,32249.0,18134.0,0.0
48201431505,1,,6447.0,,6447.0,6447.0,0.0,0.0
13177020100,1,0.16,1024.0,0.16,1024.0,1024.0,0.0,0.0
06065030602,1,0.29,579.0,0.17,579.0,579.0,0.0,0.0
12086001101,1,0.18,0.0,0.0,0.0,0.0,0.0,0.0
48201555702,1,0.09,42039.0,3.59,42039.0,42039.0,0.0,0.0
48167723300,1,0.16,17392.0,2.78,17392.0,17392.0,0.0,0.0
48157672100,1,0.26,8337.0,2.19,8337.0,8337.0,0.0,0.0
48339693700,1,0.11,0.0,0.0,0.0,0.0,0.0,0.0
01103005702,2,0.33,28458.0,4.67,14229.0,23003.0,5455.0,0.0
48251130408,1,0.13,6325.0,0.81,6325.0,6325.0,0.0,0.0
12086007300,1,0.25,53718.0,13.38,53718.0,31202.0,22516.0,0.0
06083002906,1,0.24,67303.0,15.84,67303.0,46132.0,21171.0,0.0
48201453902,1,,0.0,,0.0,0.0,0.0,0.0
13095010900,2,1.18,8120.0,4.8,4060.0,8120.0,0.0,0.0
13121009200,2,0.3,16222.0,2.41,8111.0,16222.0,0.0,0.0
22091951200,1,0.15,0.0,0.0,0.0,0.0,0.0,0.0
13057091101,2,0.34,6863.0,1.17,3431.5,6183.0,680.0,0.0
45079010308,1,0.17,0.0,0.0,0.0,0.0,0.0,0.0
01051030901,1,0.16,5073.0,0.82,5073.0,5073.0,0.0,0.0
12009069802,1,0.21,0.0,0.0,0.0,0.0,0.0,0.0
12011040502,1,0.33,1947.0,0.64,1947.0,1947.0,0.0,0.0
48201510100,1,0.39,0.0,0.0,0.0,0.0,0.0,0.0
48121021512,1,0.21,0.0,0.0,0.0,0.0,0.0,0.0
48201332100,1,0.3,0.0,0.0,0.0,0.0,0.0,0.0
12031014001,2,0.46,18577.0,4.23,9288.5,18509.0,68.0,0.0
12011060209,1,0.34,0.0,0.0,0.0,0.0,0.0,0.0
45063021028,1,0.28,6311.0,1.77,6311.0,6311.0,0.0,0.0
01117030344,1,0.33,3880.0,1.26,3880.0,3880.0,0.0,0.0
22031950700,1,0.44,1645.0,0.72,1645.0,1645.0,0.0,0.0
48201553202,1,,12267.0,,12267.0,12267.0,0.0,0.0
22109000402,1,0.25,0.0,0.0,0.0,0.0,0.0,0.0
13063040513,2,0.4,45298.0,9.11,22649.0,45298.0,0.0,0.0
06037103200,1,0.16,0.0,0.0,0.0,0.0,0.0,0.0
22031950200,2,0.52,178807.0,46.14,89403.5,156729.0,22078.0,0.0
22017023700,1,0.16,53740.0,8.66,53740.0,33500.0,20240.0,0.0
12099005702,1,0.15,0.0,0.0,0.0,0.0,0.0,0.0
06083000801,1,0.26,5936.0,1.52,5936.0,0.0,5936.0,0.0
48113015205,1,0.24,5157.0,1.22,5157.0,5157.0,0.0,0.0
13129970100,1,0.16,3045.0,0.5,3045.0,3045.0,0.0,0.0
06107002602,1,0.18,0.0,0.0,0.0,0.0,0.0,0.0
22033003805,1,0.14,333.0,0.05,333.0,333.0,0.0,0.0
22051024400,1,0.35,0.0,0.0,0.0,0.0,0.0,0.0
28039950304,1,,0.0,,0.0,0.0,0.0,0.0
22125951702,1,0.29,17388.0,4.97,17388.0,15549.0,1839.0,0.0
28055950100,1,0.74,61958.0,45.83,61958.0,61958.0,0.0,0.0
06073021400,2,0.29,27026.0,3.88,13513.0,25438.0,1588.0,0.0
28049011102,1,0.09,70020.0,6.62,70020.0,70020.0,0.0,0.0
22019000600,1,0.13,11825.0,1.59,11825.0,11825.0,0.0,0.0
48061011902,1,0.19,0.0,0.0,0.0,0.0,0.0,0.0
28049000200,2,0.38,19537.0,3.76,9768.5,19537.0,0.0,0.0
22055001202,1,,23153.0,,23153.0,23153.0,0.0,0.0
48355002703,1,0.19,0.0,0.0,0.0,0.0,0.0,0.0
22071001720,1,0.31,5178.0,1.62,5178.0,5178.0,0.0,0.0
48157672004,1,,6335.0,,6335.0,6335.0,0.0,0.0
13127000900,2,0.47,13349.0,3.15,6674.5,8453.0,4896.0,0.0
45051040300,1,0.24,2479.0,0.59,2479.0,2479.0,0.0,0.0
48201252200,1,0.13,45863.0,5.76,45863.0,45863.0,0.0,0.0
48201311500,1,0.14,0.0,0.0,0.0,0.0,0.0,0.0
12053041602,1,,6377.0,,6377.0,6377.0,0.0,0.0
28151000701,1,0.26,6160.0,1.61,6160.0,5102.0,1058.0,0.0
13215010201,1,0.15,630.0,0.09,630.0,551.0,79.0,0.0
48183010501,1,,52932.0,,52932.0,45129.0,7803.0,0.0
22079012800,1,1.24,8395.0,10.44,8395.0,8395.0,0.0,0.0
48201533901,2,0.21,10965.0,1.13,5482.5,10965.0,0.0,0.0
01095030904,1,0.18,4881.0,0.88,4881.0,4881.0,0.0,0.0
45043920504,1,0.17,7511.0,1.3,7511.0,7511.0,0.0,0.0
48183000700,1,0.19,17212.0,3.36,17212.0,17212.0,0.0,0.0
22067950700,2,0.67,135161.0,45.28,67580.5,89386.0,45775.0,0.0
48471790101,2,0.28,18945.0,2.67,9472.5,9432.0,9513.0,0.0
37025042604,1,0.21,7613.0,1.58,7613.0,7613.0,0.0,0.0
22001960800,1,0.2,0.0,0.0,0.0,0.0,0.0,0.0
13089021907,1,0.11,0.0,0.0,0.0,0.0,0.0,0.0
13285961100,1,0.35,20832.0,7.2,20832.0,14782.0,6050.0,0.0
01117030701,1,0.22,38361.0,8.42,38361.0,29856.0,8505.0,0.0
22033003806,1,,0.0,,0.0,0.0,0.0,0.0
13121007200,1,0.48,11981.0,5.73,11981.0,11981.0,0.0,0.0
12071080300,1,0.48,0.0,0.0,0.0,0.0,0.0,0.0
06001409500,1,0.23,3704.0,0.85,3704.0,3704.0,0.0,0.0
22071006300,1,0.59,0.0,0.0,0.0,0.0,0.0,0.0
28011950601,1,,21261.0,,21261.0,12186.0,9075.0,0.0
01097003710,1,0.24,2871.0,0.7,2871.0,2641.0,230.0,0.0
12103027314,1,0.27,0.0,0.0,0.0,0.0,0.0,0.0
06059021915,1,0.25,0.0,0.0,0.0,0.0,0.0,0.0
12099007740,2,0.38,0.0,0.0,0.0,0.0,0.0,0.0
01089010621,1,0.13,370.0,0.05,370.0,370.0,0.0,0.0
13161960100,1,0.14,0.0,0.0,0.0,0.0,0.0,0.0
48201431201,2,0.52,55841.0,14.49,27920.5,55841.0,0.0,0.0
06037123602,1,0.3,0.0,0.0,0.0,0.0,0.0,0.0
06053010202,1,0.2,0.0,0.0,0.0,0.0,0.0,0.0
12099006607,1,,0.0,,0.0,0.0,0.0,0.0
12086018801,1,,8876.0,,8876.0,8876.0,0.0,0.0
45019002004,1,0.5,5655.0,2.81,5655.0,5655.0,0.0,0.0
06041117000,1,0.22,12463.0,2.75,12463.0,12463.0,0.0,0.0
45051050402,1,0.5,5191.0,2.61,5191.0,5191.0,0.0,0.0
37119005811,1,0.24,1397.0,0.33,1397.0,1397.0,0.0,0.0
48085030900,1,0.09,15122.0,1.43,15122.0,15122.0,0.0,0.0
13247060407,2,0.57,13696.0,3.87,6848.0,13670.0,26.0,0.0
01127020800,1,0.18,652.0,0.12,652.0,652.0,0.0,0.0
12086010001,1,0.15,0.0,0.0,0.0,0.0,0.0,0.0
12011100107,1,,0.0,,0.0,0.0,0.0,0.0
06019004405,1,0.25,12056.0,2.98,12056.0,12056.0,0.0,0.0
48029120901,1,0.42,7963.0,3.32,7963.0,5395.0,2568.0,0.0
12005002705,1,0.51,4961.0,2.51,4961.0,4961.0,0.0,0.0
22079013300,1,0.22,729.0,0.16,729.0,729.0,0.0,0.0
06059089003,1,0.25,0.0,0.0,0.0,0.0,0.0,0.0
28047003407,2,,210403.0,,105201.5,144987.0,65416.0,0.0
22079011600,1,0.36,40838.0,14.64,40838.0,17299.0,23539.0,0.0
48201541301,1,,7025.0,,7025.0,7025.0,0.0,0.0
48201421800,1,0.18,1178.0,0.21,1178.0,1178.0,0.0,0.0
06083000600,2,0.4,14772.0,2.97,7386.0,14669.0,103.0,0.0
48405950200,1,0.35,1877.0,0.65,1877.0,1877.0,0.0,0.0
48157672305,1,,14506.0,,14506.0,14506.0,0.0,0.0
48339692605,1,,24759.0,,24759.0,23546.0,1213.0,0.0
48201421601,1,,5479.0,,5479.0,0.0,5479.0,0.0
13063040524,1,0.13,465.0,0.06,465.0,465.0,0.0,0.0
48201253700,2,0.32,17948.0,2.88,8974.0,14041.0,3907.0,0.0
22005031000,1,0.14,25407.0,3.59,25407.0,25407.0,0.0,0.0
01101001300,1,0.57,16442.0,9.4,16442.0,16442.0,0.0,0.0
13115001800,1,0.21,9041.0,1.87,9041.0,9041.0,0.0,0.0
13019970600,1,0.27,4947.0,1.35,4947.0,4947.0,0.0,0.0
45045002404,1,0.29,21267.0,6.19,21267.0,21267.0,0.0,0.0
48309003701,1,0.31,19194.0,6.01,19194.0,19194.0,0.0,0.0
48167722001,1,0.19,0.0,0.0,0.0,0.0,0.0,0.0
12086008604,1,,0.0,,0.0,0.0,0.0,0.0
28121021004,2,,88596.0,,44298.0,81155.0,7441.0,0.0
06059042315,1,0.17,0.0,0.0,0.0,0.0,0.0,0.0
22071000611,2,0.43,256.0,0.05,128.0,256.0,0.0,0.0
06067007206,1,0.24,0.0,0.0,0.0,0.0,0.0,0.0
22033002601,1,0.25,0.0,0.0,0.0,0.0,0.0,0.0
37173940100,1,0.19,11309.0,2.1,11309.0,11309.0,0.0,0.0
48201240901,1,0.09,42042.0,3.98,42042.0,42042.0,0.0,0.0
48339690102,2,,767.0,,383.5,767.0,0.0,0.0
06055200601,1,0.19,6978.0,1.33,6978.0,1428.0,5550.0,0.0
37163970301,1,0.16,0.0,0.0,0.0,0.0,0.0,0.0
22103041209,1,0.2,0.0,0.0,0.0,0.0,0.0,0.0
13045910400,1,0.3,0.0,0.0,0.0,0.0,0.0,0.0
37141920102,1,0.83,0.0,0.0,0.0,0.0,0.0,0.0
12011010503,1,0.07,6391.0,0.46,6391.0,6391.0,0.0,0.0
06037621001,1,0.22,0.0,0.0,0.0,0.0,0.0,0.0
48367140704,1,0.12,4554.0,0.53,4554.0,4554.0,0.0,0.0
48199031000,1,0.26,15378.0,3.93,15378.0,15378.0,0.0,0.0
12011020325,1,0.32,14293.0,4.51,14293.0,9988.0,4305.0,0.0
22109000102,1,0.24,0.0,0.0,0.0,0.0,0.0,0.0
01101005101,1,0.26,10208.0,2.64,10208.0,0.0,10208.0,0.0
06073020801,1,0.19,19124.0,3.58,19124.0,19124.0,0.0,0.0
06087110600,1,0.13,0.0,0.0,0.0,0.0,0.0,0.0
22103041102,2,0.26,3730.0,0.49,1865.0,3730.0,0.0,0.0
45019005600,1,0.09,11198.0,0.97,11198.0,11198.0,0.0,0.0
06087121200,1,0.16,10483.0,1.69,10483.0,10483.0,0.0,0.0
28059042000,1,0.23,0.0,0.0,0.0,0.0,0.0,0.0
28035010102,1,0.17,2784.0,0.47,2784.0,2460.0,324.0,0.0
28163950100,1,0.13,10728.0,1.41,10728.0,10728.0,0.0,0.0
13247060201,1,0.21,4039.0,0.84,4039.0,4039.0,0.0,0.0
01097007203,1,,0.0,,0.0,0.0,0.0,0.0
48201240803,2,,50879.0,,25439.5,44523.0,6356.0,0.0
06073009101,1,0.18,9942.0,1.74,9942.0,9942.0,0.0,0.0
48439106202,1,0.19,3719.0,0.71,3719.0,3719.0,0.0,0.0
48201250602,1,,64700.0,,64700.0,61921.0,2779.0,0.0
48157673001,1,0.13,16597.0,2.09,16597.0,16597.0,0.0,0.0
12086004602,1,0.23,1536.0,0.36,1536.0,1536.0,0.0,0.0
48291700500,1,0.42,0.0,0.0,0.0,0.0,0.0,0.0
48085031317,1,0.11,0.0,0.0,0.0,0.0,0.0,0.0
48021950200,1,0.12,28361.0,3.39,28361.0,28361.0,0.0,0.0
45051060204,1,0.12,0.0,0.0,0.0,0.0,0.0,0.0
48201530900,1,0.23,9266.0,2.1,9266.0,9266.0,0.0,0.0
01101002100,2,0.5,1631.0,0.41,815.5,1631.0,0.0,0.0
12099007603,4,1.67,80754.0,33.7,20188.5,77668.0,3086.0,0.0
12033000300,1,0.42,4436.0,1.88,4436.0,4436.0,0.0,0.0
13089023206,2,0.26,30138.0,3.86,15069.0,30138.0,0.0,0.0
01047957200,1,0.72,0.0,0.0,0.0,0.0,0.0,0.0
48245006900,1,0.34,277.0,0.09,277.0,277.0,0.0,0.0
48251130407,2,0.22,65992.0,7.33,32996.0,51731.0,14261.0,0.0
13281960300,1,0.27,18536.0,4.93,18536.0,18127.0,409.0,0.0
22105953601,1,,4858.0,,4858.0,4858.0,0.0,0.0
48213951400,1,0.15,2657.0,0.41,2657.0,2657.0,0.0,0.0
01073013801,1,0.51,18853.0,9.6,18853.0,18853.0,0.0,0.0
48201210100,1,0.18,13590.0,2.42,13590.0,13590.0,0.0,0.0
48201534205,2,,33770.0,,16885.0,33745.0,25.0,0.0
13235950202,1,,35216.0,,35216.0,35216.0,0.0,0.0
37135012100,2,0.25,9696.0,1.23,4848.0,9696.0,0.0,0.0
12015030301,1,0.37,0.0,0.0,0.0,0.0,0.0,0.0
37063002008,1,0.32,3104.0,1.0,3104.0,3104.0,0.0,0.0
48201451902,1,0.4,135.0,0.05,135.0,135.0,0.0,0.0
13051011112,1,,0.0,,0.0,0.0,0.0,0.0
01097003202,1,0.4,1716.0,0.69,1716.0,1716.0,0.0,0.0
06087120700,1,0.25,14262.0,3.63,14262.0,14262.0,0.0,0.0
48157674900,4,0.64,58475.0,9.33,14618.75,45101.0,13374.0,0.0
37095920100,2,0.36,20473.0,3.64,10236.5,20473.0,0.0,0.0
01043964600,1,0.26,18675.0,4.79,18675.0,18675.0,0.0,0.0
12086008423,1,,0.0,,0.0,0.0,0.0,0.0
48351950202,3,,53790.0,,17930.0,36945.0,16845.0,0.0
12071010415,2,,0.0,,0.0,0.0,0.0,0.0
01043965502,1,,12225.0,,12225.0,10206.0,2019.0,0.0
12033002500,1,0.33,4233.0,1.41,4233.0,0.0,4233.0,0.0
48201530600,1,0.25,14325.0,3.53,14325.0,14325.0,0.0,0.0
22071003302,2,0.56,0.0,0.0,0.0,0.0,0.0,0.0
22071000618,1,0.23,0.0,0.0,0.0,0.0,0.0,0.0
22085000400,1,0.21,89484.0,18.95,89484.0,72695.0,16789.0,0.0
48157670700,1,0.2,0.0,0.0,0.0,0.0,0.0,0.0
48183000501,1,0.18,86030.0,15.6,86030.0,83719.0,2311.0,0.0
48157672900,1,0.02,15776.0,0.37,15776.0,15776.0,0.0,0.0
01009050603,1,,17513.0,,17513.0,16840.0,673.0,0.0
28067950100,1,0.15,3617.0,0.54,3617.0,3617.0,0.0,0.0
13297110510,1,,0.0,,0.0,0.0,0.0,0.0
06073008902,1,0.47,10345.0,4.9,10345.0,10345.0,0.0,0.0
48061014001,1,0.49,0.0,0.0,0.0,0.0,0.0,0.0
22057021602,1,0.25,0.0,0.0,0.0,0.0,0.0,0.0
22105954300,1,0.24,6692.0,1.59,6692.0,6692.0,0.0,0.0
22079012302,1,0.23,7766.0,1.76,7766.0,626.0,7140.0,0.0
28021950100,1,0.34,13740.0,4.69,13740.0,12552.0,1188.0,0.0
22033003300,1,0.19,0.0,0.0,0.0,0.0,0.0,0.0
01103005109,1,0.21,76235.0,16.11,76235.0,76235.0,0.0,0.0
48167722300,1,0.16,0.0,0.0,0.0,0.0,0.0,0.0
12097041302,2,,0.0,,0.0,0.0,0.0,0.0
13121008102,1,0.14,0.0,0.0,0.0,0.0,0.0,0.0
12031014701,1,0.14,0.0,0.0,0.0,0.0,0.0,0.0
06073014700,1,0.12,10509.0,1.31,10509.0,10509.0,0.0,0.0
48201450100,1,0.53,0.0,0.0,0.0,0.0,0.0,0.0
22033004606,1,,0.0,,0.0,0.0,0.0,0.0
48157672702,1,0.14,5934.0,0.85,5934.0,5934.0,0.0,0.0
37155961601,1,0.26,0.0,0.0,0.0,0.0,0.0,0.0
48257050208,2,,2197.0,,1098.5,2197.0,0.0,0.0
48201251402,1,0.16,0.0,0.0,0.0,0.0,0.0,0.0
48201532100,1,0.15,20776.0,3.08,20776.0,20776.0,0.0,0.0
48201531100,1,0.35,17087.0,6.0,17087.0,17087.0,0.0,0.0
48113006100,1,0.25,0.0,0.0,0.0,0.0,0.0,0.0
48361022400,1,0.19,8572.0,1.64,8572.0,8230.0,342.0,0.0
48453001817,1,0.25,2296.0,0.58,2296.0,2296.0,0.0,0.0
13089020500,1,0.32,4689.0,1.49,4689.0,4689.0,0.0,0.0
12015010302,1,0.29,0.0,0.0,0.0,0.0,0.0,0.0
45019000900,1,0.75,0.0,0.0,0.0,0.0,0.0,0.0
48201542107,1,,22476.0,,22476.0,17134.0,5342.0,0.0
01081040901,1,0.25,0.0,0.0,0.0,0.0,0.0,0.0
22115950501,1,,9686.0,,9686.0,9686.0,0.0,0.0
22033004402,1,0.15,0.0,0.0,0.0,0.0,0.0,0.0
01121010302,1,0.2,21151.0,4.27,21151.0,21151.0,0.0,0.0
06065045121,1,0.15,0.0,0.0,0.0,0.0,0.0,0.0
06085512314,1,0.16,2735.0,0.43,2735.0,2735.0,0.0,0.0
22057021700,1,0.26,3562.0,0.93,3562.0,3562.0,0.0,0.0
22033003601,1,0.27,4028.0,1.1,4028.0,2777.0,1251.0,0.0
28135950400,1,0.42,8190.0,3.46,8190.0,8190.0,0.0,0.0
12099007301,1,0.24,0.0,0.0,0.0,0.0,0.0,0.0
45047970202,1,0.12,0.0,0.0,0.0,0.0,0.0,0.0
22071001744,2,0.39,0.0,0.0,0.0,0.0,0.0,0.0
45027960703,1,0.29,0.0,0.0,0.0,0.0,0.0,0.0
48201420400,1,0.29,15049.0,4.38,15049.0,14849.0,200.0,0.0
48201240801,3,0.45,30153.0,4.49,10051.0,24336.0,5817.0,0.0
12007000100,1,0.18,3102.0,0.57,3102.0,3102.0,0.0,0.0
37119001100,1,0.44,4818.0,2.12,4818.0,4818.0,0.0,0.0
48005000302,1,0.21,1938.0,0.41,1938.0,1938.0,0.0,0.0
48201554406,1,,349606.0,,349606.0,254250.0,95356.0,0.0
37183052812,1,,0.0,,0.0,0.0,0.0,0.0
48439105511,1,0.16,11985.0,1.98,11985.0,8640.0,3345.0,0.0
22005030302,1,,59555.0,,59555.0,45422.0,14133.0,0.0
48439113709,1,0.21,10029.0,2.1,10029.0,10029.0,0.0,0.0
01015002501,1,0.13,0.0,0.0,0.0,0.0,0.0,0.0
01115040205,1,0.17,0.0,0.0,0.0,0.0,0.0,0.0
12057011605,1,0.17,0.0,0.0,0.0,0.0,0.0,0.0
13119890400,1,0.19,12880.0,2.4,12880.0,12880.0,0.0,0.0
12086011500,1,0.15,12994.0,1.9,12994.0,12722.0,272.0,0.0
22033004505,1,0.12,64843.0,8.04,64843.0,64843.0,0.0,0.0
06059062800,1,0.25,49364.0,12.14,49364.0,49364.0,0.0,0.0
28047003312,2,,0.0,,0.0,0.0,0.0,0.0
48453001826,1,0.38,0.0,0.0,0.0,0.0,0.0,0.0
28047003900,1,0.3,0.0,0.0,0.0,0.0,0.0,0.0
01097006406,1,0.12,4753.0,0.56,4753.0,4318.0,435.0,0.0
48041000103,1,0.57,43343.0,24.74,43343.0,39748.0,3595.0,0.0
48183000300,1,0.21,2362.0,0.51,2362.0,2362.0,0.0,0.0
01089011400,2,0.48,35335.0,8.52,17667.5,26141.0,9194.0,0.0
01051030100,1,0.11,39061.0,4.17,39061.0,24174.0,14887.0,0.0
37029950101,1,0.19,1216.0,0.23,1216.0,1216.0,0.0,0.0
12033002701,1,0.33,0.0,0.0,0.0,0.0,0.0,0.0
48201310900,1,0.18,87461.0,16.06,87461.0,55966.0,31495.0,0.0
48439111545,1,0.44,0.0,0.0,0.0,0.0,0.0,0.0
06053014601,1,0.18,0.0,0.0,0.0,0.0,0.0,0.0
13089021305,1,0.19,18653.0,3.5,18653.0,18653.0,0.0,0.0
22019002800,1,0.23,7477.0,1.69,7477.0,7477.0,0.0,0.0
45019004613,1,0.6,2431.0,1.45,2431.0,2431.0,0.0,0.0
45063021109,1,0.3,1986.0,0.6,1986.0,1986.0,0.0,0.0
12081000704,1,0.15,9346.0,1.44,9346.0,9346.0,0.0,0.0
06059099514,1,0.21,0.0,0.0,0.0,0.0,0.0,0.0
48201554807,1,,10305.0,,10305.0,10305.0,0.0,0.0
01001020600,1,0.27,0.0,0.0,0.0,0.0,0.0,0.0
13205090300,1,0.39,59400.0,23.44,59400.0,59400.0,0.0,0.0
06065040812,1,0.26,26005.0,6.73,26005.0,26005.0,0.0,0.0
12099007607,1,0.17,29329.0,5.05,29329.0,0.0,29329.0,0.0
48029121000,1,0.13,3672.0,0.47,3672.0,3672.0,0.0,0.0
48157674300,1,0.11,102025.0,11.53,102025.0,68820.0,33205.0,0.0
48021950100,1,0.12,0.0,0.0,0.0,0.0,0.0,0.0
06073015602,1,0.43,7910.0,3.43,7910.0,7910.0,0.0,0.0
48201232500,1,0.26,2300.0,0.59,2300.0,347.0,1953.0,0.0
37113970400,1,0.26,649.0,0.17,649.0,649.0,0.0,0.0
22073005201,1,0.27,0.0,0.0,0.0,0.0,0.0,0.0
13127000300,1,0.15,16185.0,2.44,16185.0,16185.0,0.0,0.0
13071970900,1,0.15,8158.0,1.19,8158.0,8158.0,0.0,0.0
48089750500,1,0.3,36821.0,11.07,36821.0,27702.0,9119.0,0.0
48201333100,1,0.23,10421.0,2.44,10421.0,9876.0,545.0,0.0
48201222800,3,1.04,111474.0,38.73,37158.0,101183.0,10291.0,0.0
22103041002,1,0.35,0.0,0.0,0.0,0.0,0.0,0.0
48453002433,1,0.13,0.0,0.0,0.0,0.0,0.0,0.0
12099007734,1,0.44,0.0,0.0,0.0,0.0,0.0,0.0
45063021111,1,0.38,2991.0,1.14,2991.0,2991.0,0.0,0.0
37049960403,1,0.24,10152.0,2.42,10152.0,10152.0,0.0,0.0
37019020510,1,0.57,16562.0,9.46,16562.0,16562.0,0.0,0.0
48439110701,1,0.14,0.0,0.0,0.0,0.0,0.0,0.0
22001960601,1,,0.0,,0.0,0.0,0.0,0.0
48201455103,1,,10469.0,,10469.0,10469.0,0.0,0.0
22071004900,1,0.78,33645.0,26.14,33645.0,33645.0,0.0,0.0
13089021805,1,0.14,1662.0,0.24,1662.0,1662.0,0.0,0.0
13089023211,1,0.28,820.0,0.23,820.0,820.0,0.0,0.0
13215010703,1,0.16,1842.0,0.3,1842.0,1842.0,0.0,0.0
45051040200,1,0.25,0.0,0.0,0.0,0.0,0.0,0.0
13121010118,1,0.17,22483.0,3.83,22483.0,22483.0,0.0,0.0
22071002504,1,0.37,0.0,0.0,0.0,0.0,0.0,0.0
06073019105,1,0.15,0.0,0.0,0.0,0.0,0.0,0.0
48021950101,1,,0.0,,0.0,0.0,0.0,0.0
13089021604,1,0.32,3041.0,0.99,3041.0,3041.0,0.0,0.0
48083950300,1,0.22,8763.0,1.94,8763.0,8763.0,0.0,0.0
12091021900,1,0.12,7274.0,0.89,7274.0,6158.0,1116.0,0.0
22051023600,1,0.19,7196.0,1.37,7196.0,7196.0,0.0,0.0
37129012300,1,0.13,0.0,0.0,0.0,0.0,0.0,0.0
06037400501,1,0.47,20451.0,9.69,20451.0,20451.0,0.0,0.0
01051030600,1,0.14,0.0,0.0,0.0,0.0,0.0,0.0
12086011201,1,0.14,17432.0,2.43,17432.0,9212.0,8220.0,0.0
06067006702,1,0.14,1113.0,0.16,1113.0,1113.0,0.0,0.0
13171970300,1,0.25,17038.0,4.22,17038.0,17038.0,0.0,0.0
06101051100,1,0.39,6078.0,2.38,6078.0,6078.0,0.0,0.0
22051027804,1,0.12,1063.0,0.13,1063.0,1063.0,0.0,0.0
06037700901,1,0.26,0.0,0.0,0.0,0.0,0.0,0.0
01095030300,1,0.15,2634.0,0.39,2634.0,2634.0,0.0,0.0
13285960901,1,0.22,11643.0,2.54,11643.0,11643.0,0.0,0.0
48201313100,1,0.31,3290.0,1.03,3290.0,3290.0,0.0,0.0
48201313000,1,0.38,0.0,0.0,0.0,0.0,0.0,0.0
22061960600,1,0.2,8255.0,1.66,8255.0,8255.0,0.0,0.0
48339690205,1,,13453.0,,13453.0,13453.0,0.0,0.0
06037571800,1,0.33,0.0,0.0,0.0,0.0,0.0,0.0
48439111312,1,0.28,6263.0,1.74,6263.0,6263.0,0.0,0.0
13051004211,1,0.2,0.0,0.0,0.0,0.0,0.0,0.0
45019001100,1,0.41,10035.0,4.1,10035.0,10035.0,0.0,0.0
48001951100,1,0.23,10084.0,2.33,10084.0,10084.0,0.0,0.0
48157672002,1,0.15,49155.0,7.59,49155.0,49155.0,0.0,0.0
13115000500,1,0.21,4808.0,1.03,4808.0,4808.0,0.0,0.0
13129970300,1,0.11,46435.0,5.2,46435.0,43137.0,3298.0,0.0
22071010000,1,0.64,0.0,0.0,0.0,0.0,0.0,0.0
45003020904,1,,14230.0,,14230.0,14230.0,0.0,0.0
12005002609,1,,0.0,,0.0,0.0,0.0,0.0
37021002206,1,0.2,917.0,0.18,917.0,917.0,0.0,0.0
01073005905,1,0.18,13589.0,2.49,13589.0,9184.0,4405.0,0.0
12086007807,1,0.22,0.0,0.0,0.0,0.0,0.0,0.0
48349970900,1,0.11,1741.0,0.2,1741.0,1741.0,0.0,0.0
48491020204,1,0.2,0.0,0.0,0.0,0.0,0.0,0.0
22055001904,1,0.22,30353.0,6.6,30353.0,27328.0,3025.0,0.0
48201431001,1,,17014.0,,17014.0,17014.0,0.0,0.0
01117030703,1,0.26,94.0,0.02,94.0,94.0,0.0,0.0
12103027101,1,0.27,0.0,0.0,0.0,0.0,0.0,0.0
12133970200,1,0.29,12912.0,3.71,12912.0,12912.0,0.0,0.0
12061050903,1,0.15,0.0,0.0,0.0,0.0,0.0,0.0
22051025003,1,0.26,0.0,0.0,0.0,0.0,0.0,0.0
22117950200,1,0.17,73917.0,12.3,73917.0,54465.0,19452.0,0.0
48201455200,1,0.22,24735.0,5.41,24735.0,20398.0,4337.0,0.0
13235950200,1,0.14,21451.0,3.06,21451.0,21451.0,0.0,0.0
48201432701,1,0.15,0.0,0.0,0.0,0.0,0.0,0.0
48041000400,1,0.19,0.0,0.0,0.0,0.0,0.0,0.0
48113013013,1,,0.0,,0.0,0.0,0.0,0.0
12053041105,1,0.21,0.0,0.0,0.0,0.0,0.0,0.0
01089002921,1,0.16,0.0,0.0,0.0,0.0,0.0,0.0
48339694309,1,,764.0,,764.0,764.0,0.0,0.0
48181001900,1,0.09,2112.0,0.2,2112.0,2112.0,0.0,0.0
12071050106,1,0.29,985.0,0.28,985.0,985.0,0.0,0.0
48201520501,2,,7475.0,,3737.5,7475.0,0.0,0.0
48231961700,1,0.36,37432.0,13.48,37432.0,32529.0,4903.0,0.0
48339694400,1,0.12,6293.0,0.77,6293.0,6293.0,0.0,0.0
48201212500,1,0.27,0.0,0.0,0.0,0.0,0.0,0.0
06017030701,1,0.16,5287.0,0.84,5287.0,4098.0,1189.0,0.0
13089023418,1,0.05,0.0,0.0,0.0,0.0,0.0,0.0
12086000118,1,0.85,0.0,0.0,0.0,0.0,0.0,0.0
48041000300,1,0.14,4075.0,0.57,4075.0,3003.0,1072.0,0.0
12071060203,1,0.65,15610.0,10.12,15610.0,14422.0,1188.0,0.0
13127000501,1,0.25,10681.0,2.63,10681.0,9421.0,1260.0,0.0
22019000800,1,0.31,18856.0,5.93,18856.0,18856.0,0.0,0.0
01073011804,1,0.32,17361.0,5.56,17361.0,17361.0,0.0,0.0
13089023424,1,0.17,7999.0,1.34,7999.0,7999.0,0.0,0.0
28011950702,1,0.29,6820.0,1.97,6820.0,6820.0,0.0,0.0
48339691402,1,,51016.0,,51016.0,34008.0,17008.0,0.0
48201230100,1,0.81,26804.0,21.69,26804.0,26804.0,0.0,0.0
12099007767,1,0.26,0.0,0.0,0.0,0.0,0.0,0.0
22127960300,1,0.36,210375.0,75.87,210375.0,196398.0,13977.0,0.0
13311950201,1,0.11,0.0,0.0,0.0,0.0,0.0,0.0
45081960300,1,0.21,1516.0,0.31,1516.0,1516.0,0.0,0.0
48201410402,1,0.41,0.0,0.0,0.0,0.0,0.0,0.0
28059040207,1,,94580.0,,94580.0,81291.0,13289.0,0.0
48029182002,1,0.11,3011.0,0.32,3011.0,3011.0,0.0,0.0
48221160212,1,,0.0,,0.0,0.0,0.0,0.0
45019002101,1,0.08,2332.0,0.19,2332.0,2332.0,0.0,0.0
45021970201,1,0.3,3442.0,1.04,3442.0,3043.0,399.0,0.0
48201413206,1,,18546.0,,18546.0,18546.0,0.0,0.0
01115040503,1,,0.0,,0.0,0.0,0.0,0.0
48201550602,1,0.33,0.0,0.0,0.0,0.0,0.0,0.0
48215022704,1,,0.0,,0.0,0.0,0.0,0.0
13077170404,1,0.18,1909.0,0.34,1909.0,1909.0,0.0,0.0
13293010300,1,0.3,14040.0,4.18,14040.0,14040.0,0.0,0.0
48113018120,1,0.19,21911.0,4.26,21911.0,3025.0,18886.0,0.0
48201341002,1,,3232.0,,3232.0,3232.0,0.0,0.0
48439113622,1,0.16,18120.0,2.85,18120.0,18120.0,0.0,0.0
12103025004,1,0.16,0.0,0.0,0.0,0.0,0.0,0.0
48453001834,1,0.11,23962.0,2.54,23962.0,23962.0,0.0,0.0
12005001502,1,0.17,0.0,0.0,0.0,0.0,0.0,0.0
12031013800,1,0.32,3587.0,1.13,3587.0,3587.0,0.0,0.0
48245002500,1,0.28,0.0,0.0,0.0,0.0,0.0,0.0
48209010804,1,0.11,0.0,0.0,0.0,0.0,0.0,0.0
12086004102,1,0.29,5198.0,1.49,5198.0,5198.0,0.0,0.0
48245006400,1,0.57,1977.0,1.13,1977.0,1977.0,0.0,0.0
48091310300,1,0.13,4343.0,0.56,4343.0,4343.0,0.0,0.0
48201412300,1,0.14,25769.0,3.73,25769.0,25769.0,0.0,0.0
01115040201,1,0.19,340.0,0.06,340.0,340.0,0.0,0.0
22109000900,1,0.2,7921.0,1.61,7921.0,7921.0,0.0,0.0
12013010300,1,0.12,4276.0,0.52,4276.0,4276.0,0.0,0.0
28047001800,2,0.78,1445.0,0.56,722.5,1445.0,0.0,0.0
45003020802,1,0.19,0.0,0.0,0.0,0.0,0.0,0.0
12059960300,1,0.34,1045.0,0.35,1045.0,1045.0,0.0,0.0
48201411100,1,0.27,32137.0,8.83,32137.0,29535.0,2602.0,0.0
28049002500,1,0.49,4301.0,2.09,4301.0,3207.0,1094.0,0.0
12097043302,1,0.08,0.0,0.0,0.0,0.0,0.0,0.0
45013002201,1,0.14,0.0,0.0,0.0,0.0,0.0,0.0
13129970902,1,,5626.0,,5626.0,5626.0,0.0,0.0
01101003100,1,0.26,3819.0,0.98,3819.0,3819.0,0.0,0.0
22045031100,1,0.21,5480.0,1.12,5480.0,5480.0,0.0,0.0
48343950200,1,0.18,12403.0,2.25,12403.0,12403.0,0.0,0.0
28111950101,2,0.44,62978.0,13.77,31489.0,59861.0,3117.0,0.0
12021010105,1,0.23,0.0,0.0,0.0,0.0,0.0,0.0
12021010112,1,,0.0,,0.0,0.0,0.0,0.0
13205090100,1,0.3,31660.0,9.61,31660.0,31660.0,0.0,0.0
13063040412,1,0.13,13391.0,1.68,13391.0,10957.0,2434.0,0.0
48201450302,1,,20099.0,,20099.0,20099.0,0.0,0.0
06073017200,1,0.23,10914.0,2.53,10914.0,10914.0,0.0,0.0
06013346101,1,0.29,0.0,0.0,0.0,0.0,0.0,0.0
12086019402,1,,29921.0,,29921.0,29921.0,0.0,0.0
48201332300,1,0.34,4537.0,1.54,4537.0,4537.0,0.0,0.0
22115950502,1,,44661.0,,44661.0,30392.0,14269.0,0.0
12017450500,1,0.25,1015.0,0.26,1015.0,1015.0,0.0,0.0
48457950400,1,0.2,243.0,0.05,243.0,243.0,0.0,0.0
48039661700,1,0.4,9958.0,3.97,9958.0,9958.0,0.0,0.0
48085031627,1,0.19,2535.0,0.48,2535.0,2535.0,0.0,0.0
48287000100,1,0.2,0.0,0.0,0.0,0.0,0.0,0.0
45051040400,1,0.25,3949.0,0.99,3949.0,3949.0,0.0,0.0
22089062100,1,0.16,44691.0,7.17,44691.0,0.0,44691.0,0.0
48201432100,1,0.18,0.0,0.0,0.0,0.0,0.0,0.0
48029191504,1,0.41,632.0,0.26,632.0,632.0,0.0,0.0
06037275311,1,0.18,4228.0,0.74,4228.0,4228.0,0.0,0.0
48201230900,1,0.28,1881.0,0.53,1881.0,1881.0,0.0,0.0
37051002401,1,0.54,0.0,0.0,0.0,0.0,0.0,0.0
48201451606,1,,17289.0,,17289.0,12205.0,5084.0,0.0
22103041207,1,0.24,14376.0,3.46,14376.0,12445.0,1931.0,0.0
12103025304,1,0.35,0.0,0.0,0.0,0.0,0.0,0.0
13089022900,1,0.29,0.0,0.0,0.0,0.0,0.0,0.0
22019000400,1,0.9,0.0,0.0,0.0,0.0,0.0,0.0
06033000100,1,0.29,15087.0,4.42,15087.0,15087.0,0.0,0.0
22017023401,1,,0.0,,0.0,0.0,0.0,0.0
37133002100,1,0.14,1733.0,0.25,1733.0,1733.0,0.0,0.0
37013930700,1,0.37,0.0,0.0,0.0,0.0,0.0,0.0
48277000800,1,0.27,76547.0,20.69,76547.0,56266.0,20281.0,0.0
13225040102,1,0.1,112269.0,10.85,112269.0,84257.0,28012.0,0.0
48201520400,1,0.32,8911.0,2.89,8911.0,6129.0,2782.0,0.0
28047001700,1,0.18,10816.0,1.95,10816.0,10426.0,390.0,0.0
37179021009,1,0.34,199.0,0.07,199.0,199.0,0.0,0.0
06083000501,1,0.28,0.0,0.0,0.0,0.0,0.0,0.0
48201540504,1,,5819.0,,5819.0,5819.0,0.0,0.0
13151070315,1,,4827.0,,4827.0,4827.0,0.0,0.0
13087970100,1,0.28,42907.0,12.21,42907.0,42907.0,0.0,0.0
28047003504,1,0.14,39610.0,5.51,39610.0,37144.0,2466.0,0.0
12005001000,1,0.43,0.0,0.0,0.0,0.0,0.0,0.0
48213950300,1,0.13,9736.0,1.28,9736.0,9291.0,445.0,0.0
22073005304,1,,0.0,,0.0,0.0,0.0,0.0
13089022800,1,0.24,0.0,0.0,0.0,0.0,0.0,0.0
12107951000,1,0.23,0.0,0.0,0.0,0.0,0.0,0.0
12086018800,1,0.13,176.0,0.02,176.0,176.0,0.0,0.0
48157673800,1,0.1,49248.0,5.09,49248.0,49248.0,0.0,0.0
01089010626,1,,2051.0,,2051.0,2051.0,0.0,0.0
28031950300,1,0.22,2412.0,0.52,2412.0,2412.0,0.0,0.0
13121009501,1,0.27,0.0,0.0,0.0,0.0,0.0,0.0
12061050708,1,,4671.0,,4671.0,4671.0,0.0,0.0
48339691202,1,,25371.0,,25371.0,23588.0,1783.0,0.0
37031970103,1,0.35,1219.0,0.43,1219.0,1219.0,0.0,0.0
13245010104,1,0.28,0.0,0.0,0.0,0.0,0.0,0.0
28015950200,1,0.18,6649.0,1.21,6649.0,6649.0,0.0,0.0
22017021500,2,0.88,21395.0,9.43,10697.5,21395.0,0.0,0.0
13089021812,1,0.44,5036.0,2.21,5036.0,5036.0,0.0,0.0
01101006100,1,0.46,36020.0,16.6,36020.0,28250.0,7770.0,0.0
48355002704,1,0.17,16073.0,2.77,16073.0,0.0,16073.0,0.0
13051010808,1,0.09,0.0,0.0,0.0,0.0,0.0,0.0
06073007600,1,0.22,0.0,0.0,0.0,0.0,0.0,0.0
22005030205,2,0.19,45766.0,4.28,22883.0,45766.0,0.0,0.0
48439111534,1,0.16,0.0,0.0,0.0,0.0,0.0,0.0
45019004901,1,0.52,8254.0,4.31,8254.0,8254.0,0.0,0.0
06065940700,1,0.39,16600.0,6.48,16600.0,16600.0,0.0,0.0
48201250901,1,,8360.0,,8360.0,8360.0,0.0,0.0
48201323500,1,0.18,0.0,0.0,0.0,0.0,0.0,0.0
37071031101,1,0.4,0.0,0.0,0.0,0.0,0.0,0.0
45037970502,1,0.19,3571.0,0.69,3571.0,3571.0,0.0,0.0
45045002301,1,0.26,0.0,0.0,0.0,0.0,0.0,0.0
48201423002,1,,52211.0,,52211.0,44707.0,7504.0,0.0
12071010103,1,0.1,10099.0,1.02,10099.0,10099.0,0.0,0.0
12099000210,1,0.18,30045.0,5.53,30045.0,30045.0,0.0,0.0
48113013004,1,0.15,4077.0,0.61,4077.0,4077.0,0.0,0.0
01015002000,1,0.14,0.0,0.0,0.0,0.0,0.0,0.0
45091061201,1,0.13,1622.0,0.2,1622.0,1622.0,0.0,0.0
06109004100,1,0.19,30239.0,5.63,30239.0,29539.0,700.0,0.0
48439114204,1,0.16,0.0,0.0,0.0,0.0,0.0,0.0
12099007623,1,,5007.0,,5007.0,5007.0,0.0,0.0
12086010614,1,0.11,3500.0,0.39,3500.0,3500.0,0.0,0.0
13217100800,1,0.1,0.0,0.0,0.0,0.0,0.0,0.0
01117030103,1,0.96,15571.0,14.93,15571.0,15571.0,0.0,0.0
28059041900,1,0.39,10144.0,3.95,10144.0,10144.0,0.0,0.0
22051020513,1,0.18,0.0,0.0,0.0,0.0,0.0,0.0
13129970200,1,0.14,78922.0,11.04,78922.0,61064.0,17858.0,0.0
12105012512,1,,31185.0,,31185.0,31185.0,0.0,0.0
37149920101,1,0.3,0.0,0.0,0.0,0.0,0.0,0.0
06037141500,1,0.34,4932.0,1.65,4932.0,4932.0,0.0,0.0
22017023300,2,0.78,2751.0,1.08,1375.5,2751.0,0.0,0.0
48001950800,1,0.2,1968.0,0.39,1968.0,1968.0,0.0,0.0
48201520700,1,0.23,424.0,0.1,424.0,424.0,0.0,0.0
45073030300,1,0.15,0.0,0.0,0.0,0.0,0.0,0.0
01051030101,1,,80231.0,,80231.0,80231.0,0.0,0.0
37119006015,1,,0.0,,0.0,0.0,0.0,0.0
22051024600,1,0.85,0.0,0.0,0.0,0.0,0.0,0.0
12086010022,1,,1651.0,,1651.0,1651.0,0.0,0.0
06083001402,1,0.3,12066.0,3.64,12066.0,12066.0,0.0,0.0
06077003106,1,0.28,13065.0,3.6,13065.0,13065.0,0.0,0.0
13321950100,1,0.35,64915.0,22.41,64915.0,64915.0,0.0,0.0
06087100300,1,0.3,24331.0,7.28,24331.0,18774.0,5557.0,0.0
01073011107,1,0.09,4869.0,0.45,4869.0,4869.0,0.0,0.0
06013345103,1,0.21,3329.0,0.69,3329.0,3329.0,0.0,0.0
12086004303,1,0.41,0.0,0.0,0.0,0.0,0.0,0.0
13051003302,1,0.59,0.0,0.0,0.0,0.0,0.0,0.0
37129011800,1,0.39,0.0,0.0,0.0,0.0,0.0,0.0
22033002802,1,0.24,4964.0,1.19,4964.0,4964.0,0.0,0.0
48029181601,1,0.31,1473.0,0.46,1473.0,1473.0,0.0,0.0
28059042100,1,0.35,0.0,0.0,0.0,0.0,0.0,0.0
12111381804,1,0.2,0.0,0.0,0.0,0.0,0.0,0.0
48085031709,1,0.23,0.0,0.0,0.0,0.0,0.0,0.0
48355005410,1,0.28,0.0,0.0,0.0,0.0,0.0,0.0
06079010504,1,0.33,0.0,0.0,0.0,0.0,0.0,0.0
37063000200,1,0.31,34891.0,10.77,34891.0,16119.0,18772.0,0.0
48201411800,1,0.2,5634.0,1.13,5634.0,0.0,5634.0,0.0
48201341100,1,0.25,9955.0,2.48,9955.0,9955.0,0.0,0.0
48113005400,1,0.17,0.0,0.0,0.0,0.0,0.0,0.0
06059075606,1,0.14,5063.0,0.71,5063.0,5063.0,0.0,0.0
06073007601,1,,213.0,,213.0,213.0,0.0,0.0
45019002002,1,0.16,16171.0,2.65,16171.0,16171.0,0.0,0.0
13281960200,1,0.37,17705.0,6.55,17705.0,17705.0,0.0,0.0
37163970900,1,0.32,17899.0,5.64,17899.0,17899.0,0.0,0.0
48113009105,1,0.25,2401.0,0.6,2401.0,2401.0,0.0,0.0
22051027810,1,0.23,0.0,0.0,0.0,0.0,0.0,0.0
37019020402,1,0.31,8642.0,2.65,8642.0,8636.0,6.0,0.0
01101001100,1,0.28,4286.0,1.2,4286.0,4286.0,0.0,0.0
48201430100,1,0.16,99792.0,15.51,99792.0,99792.0,0.0,0.0
45029970401,1,0.23,0.0,0.0,0.0,0.0,0.0,0.0
28059040302,1,,0.0,,0.0,0.0,0.0,0.0
37107010500,1,0.27,0.0,0.0,0.0,0.0,0.0,0.0
28047003509,1,,4541.0,,4541.0,2521.0,2020.0,0.0
01073004800,1,0.5,15383.0,7.67,15383.0,15383.0,0.0,0.0
13127000403,1,0.31,20184.0,6.35,20184.0,9880.0,10304.0,0.0
28047003304,2,0.48,8735.0,2.11,4367.5,8735.0,0.0,0.0
48141003701,1,0.22,0.0,0.0,0.0,0.0,0.0,0.0
48453001912,1,0.27,17961.0,4.89,17961.0,17961.0,0.0,0.0
48201221400,1,0.17,0.0,0.0,0.0,0.0,0.0,0.0
06073016504,1,0.13,3991.0,0.53,3991.0,3991.0,0.0,0.0
13089021606,1,,0.0,,0.0,0.0,0.0,0.0
48201320900,1,0.13,177.0,0.02,177.0,177.0,0.0,0.0
06073009604,1,0.27,51125.0,13.57,51125.0,49882.0,1243.0,0.0
48367140407,1,0.09,0.0,0.0,0.0,0.0,0.0,0.0
28071950505,1,,11728.0,,11728.0,11728.0,0.0,0.0
12011060111,1,0.16,0.0,0.0,0.0,0.0,0.0,0.0
22071000616,1,0.23,0.0,0.0,0.0,0.0,0.0,0.0
06073017049,1,0.31,14462.0,4.43,14462.0,14462.0,0.0,0.0
48423000100,1,0.16,1090.0,0.17,1090.0,1090.0,0.0,0.0
13285960402,1,,23345.0,,23345.0,23345.0,0.0,0.0
12005001100,1,0.23,7078.0,1.62,7078.0,6935.0,143.0,0.0
48363000900,1,0.43,64139.0,27.81,64139.0,62563.0,1576.0,0.0
48201453603,1,,5120.0,,5120.0,5120.0,0.0,0.0
48361020500,1,0.31,32387.0,9.93,32387.0,0.0,32387.0,0.0
28121020600,1,0.11,4109.0,0.45,4109.0,4109.0,0.0,0.0
01115040505,1,,67030.0,,67030.0,63567.0,3463.0,0.0
12131950601,1,0.09,12049.0,1.14,12049.0,12049.0,0.0,0.0
01073014413,1,0.1,0.0,0.0,0.0,0.0,0.0,0.0
06073002705,1,0.21,7371.0,1.55,7371.0,7371.0,0.0,0.0
13313000400,1,0.12,0.0,0.0,0.0,0.0,0.0,0.0
28059040102,1,0.15,278.0,0.04,278.0,278.0,0.0,0.0
01073011104,1,0.13,4473.0,0.58,4473.0,4473.0,0.0,0.0
12061050806,1,0.21,0.0,0.0,0.0,0.0,0.0,0.0
45019005700,1,0.12,3951.0,0.48,3951.0,3723.0,228.0,0.0
48245005400,1,0.75,0.0,0.0,0.0,0.0,0.0,0.0
48245010100,2,0.59,25493.0,7.58,12746.5,15875.0,9618.0,0.0
06037430301,1,0.22,10517.0,2.28,10517.0,10517.0,0.0,0.0
48167720510,1,,1009.0,,1009.0,1009.0,0.0,0.0
06013338302,1,0.16,0.0,0.0,0.0,0.0,0.0,0.0
13263960100,1,0.43,33228.0,14.25,33228.0,23653.0,9575.0,0.0
13231010100,1,0.14,327.0,0.05,327.0,232.0,95.0,0.0
48245006800,1,0.44,34798.0,15.32,34798.0,32602.0,2196.0,0.0
06103000200,1,0.13,0.0,0.0,0.0,0.0,0.0,0.0
22019001904,1,0.18,1982.0,0.35,1982.0,1982.0,0.0,0.0
48201431901,1,,0.0,,0.0,0.0,0.0,0.0
12011070208,1,0.13,0.0,0.0,0.0,0.0,0.0,0.0
12099007724,1,0.17,0.0,0.0,0.0,0.0,0.0,0.0
01125012406,1,,6715.0,,6715.0,6715.0,0.0,0.0
12099007615,1,0.26,0.0,0.0,0.0,0.0,0.0,0.0
06065043506,1,0.17,2873.0,0.48,2873.0,2873.0,0.0,0.0
48201411000,1,0.2,36989.0,7.26,36989.0,36989.0,0.0,0.0
22103040701,1,0.11,0.0,0.0,0.0,0.0,0.0,0.0
48245010500,1,0.23,7976.0,1.87,7976.0,5878.0,2098.0,0.0
22063040807,1,,2564.0,,2564.0,2564.0,0.0,0.0
12071010105,1,0.18,1754.0,0.32,1754.0,1754.0,0.0,0.0
28095950700,1,0.43,58831.0,25.12,58831.0,58831.0,0.0,0.0
22105954200,1,0.2,0.0,0.0,0.0,0.0,0.0,0.0
48167725900,1,0.39,0.0,0.0,0.0,0.0,0.0,0.0
28059040800,1,0.16,73418.0,11.65,73418.0,71733.0,1685.0,0.0
06037106641,1,0.46,0.0,0.0,0.0,0.0,0.0,0.0
12086004605,1,0.27,0.0,0.0,0.0,0.0,0.0,0.0
13009970400,1,0.2,3493.0,0.71,3493.0,3493.0,0.0,0.0
01089010301,1,0.13,66132.0,8.72,66132.0,42382.0,23750.0,0.0
48291700700,1,0.45,3169.0,1.43,3169.0,3169.0,0.0,0.0
48339691700,1,0.48,10639.0,5.06,10639.0,9639.0,1000.0,0.0
45041000300,1,0.24,25224.0,5.99,25224.0,25224.0,0.0,0.0
13055010300,1,0.35,10882.0,3.76,10882.0,10882.0,0.0,0.0
06071001104,1,0.17,0.0,0.0,0.0,0.0,0.0,0.0
13215010705,1,,22221.0,,22221.0,22221.0,0.0,0.0
01101003000,1,0.32,9569.0,3.03,9569.0,5526.0,4043.0,0.0
01001021100,1,0.31,11167.0,3.44,11167.0,3587.0,7580.0,0.0
01043965500,1,0.18,1908.0,0.34,1908.0,1908.0,0.0,0.0
22031950102,1,,17531.0,,17531.0,15835.0,1696.0,0.0
