event_id,event_name,event_type,event_year,GEOID,claim_count,building_payments,contents_payments,icc_payments,total_claim_payments,average_payment_per_claim,population_2022,claims_per_1000_residents,claim_payments_per_capita
ian,Hurricane Ian,Hurricane,2022,12001001907,1,0.00,0.00,0.00,0.00,0.00,2735,0.365631,0.00
ian,Hurricane Ian,Hurricane,2022,12005002703,1,0.00,0.00,0.00,0.00,0.00,3562,0.280741,0.00
ian,Hurricane Ian,Hurricane,2022,12005002713,1,0.00,0.00,0.00,0.00,0.00,1224,0.816993,0.00
ian,Hurricane Ian,Hurricane,2022,12009060103,4,321508.35,65336.74,0.00,386845.09,96711.27,2446,1.635323,158.15
ian,Hurricane Ian,Hurricane,2022,12009060104,4,107750.16,15386.03,0.00,123136.19,30784.05,1504,2.659574,81.87
ian,Hurricane Ian,Hurricane,2022,12009060105,2,69692.52,2573.17,0.00,72265.69,36132.85,2534,0.789266,28.52
ian,Hurricane Ian,Hurricane,2022,12009060106,1,0.00,0.00,0.00,0.00,0.00,1632,0.612745,0.00
ian,Hurricane Ian,Hurricane,2022,12009060201,3,407021.21,127249.23,0.00,534270.44,178090.15,2483,1.208216,215.17
ian,Hurricane Ian,Hurricane,2022,12009060400,1,4271.05,0.00,0.00,4271.05,4271.05,4385,0.228050,0.97
ian,Hurricane Ian,Hurricane,2022,12009060500,2,5282.55,0.00,0.00,5282.55,2641.28,5067,0.394711,1.04
ian,Hurricane Ian,Hurricane,2022,12009061001,3,44006.04,4859.90,0.00,48865.94,16288.65,6411,0.467946,7.62
ian,Hurricane Ian,Hurricane,2022,12009061201,3,32300.12,12087.86,0.00,44387.98,14795.99,8085,0.371058,5.49
ian,Hurricane Ian,Hurricane,2022,12009061202,5,124507.13,16235.17,0.00,140742.30,28148.46,3510,1.424501,40.10
ian,Hurricane Ian,Hurricane,2022,12009062112,3,34557.40,0.00,0.00,34557.40,11519.13,1223,2.452984,28.26
ian,Hurricane Ian,Hurricane,2022,12009062113,1,29729.39,0.00,0.00,29729.39,29729.39,6111,0.163639,4.86
ian,Hurricane Ian,Hurricane,2022,12009062402,1,9279.57,0.00,0.00,9279.57,9279.57,5525,0.180995,1.68
ian,Hurricane Ian,Hurricane,2022,12009062500,2,121358.49,84891.60,0.00,206250.09,103125.05,3989,0.501379,51.70
ian,Hurricane Ian,Hurricane,2022,12009062600,1,10376.96,0.00,0.00,10376.96,10376.96,2950,0.338983,3.52
ian,Hurricane Ian,Hurricane,2022,12009063000,1,7841.52,0.00,0.00,7841.52,7841.52,4284,0.233427,1.83
ian,Hurricane Ian,Hurricane,2022,12009063105,2,8247.21,337.13,0.00,8584.34,4292.17,9709,0.205994,0.88
ian,Hurricane Ian,Hurricane,2022,12009063106,1,0.00,0.00,0.00,0.00,0.00,5540,0.180505,0.00
ian,Hurricane Ian,Hurricane,2022,12009063108,1,0.00,0.00,0.00,0.00,0.00,5701,0.175408,0.00
ian,Hurricane Ian,Hurricane,2022,12009064102,1,0.00,0.00,0.00,0.00,0.00,5772,0.173250,0.00
ian,Hurricane Ian,Hurricane,2022,12009064123,1,8716.97,0.00,0.00,8716.97,8716.97,6498,0.153894,1.34
ian,Hurricane Ian,Hurricane,2022,12009064127,2,4576.44,0.00,0.00,4576.44,2288.22,9194,0.217533,0.50
ian,Hurricane Ian,Hurricane,2022,12009064128,23,0.00,0.00,0.00,0.00,0.00,11596,1.983443,0.00
ian,Hurricane Ian,Hurricane,2022,12009064202,1,6553.43,0.00,0.00,6553.43,6553.43,3034,0.329598,2.16
ian,Hurricane Ian,Hurricane,2022,12009064702,2,805.23,230.91,0.00,1036.14,518.07,1695,1.179941,0.61
ian,Hurricane Ian,Hurricane,2022,12009065123,1,0.00,0.00,0.00,0.00,0.00,3805,0.262812,0.00
ian,Hurricane Ian,Hurricane,2022,12009065129,1,0.00,0.00,0.00,0.00,0.00,4342,0.230309,0.00
ian,Hurricane Ian,Hurricane,2022,12009065231,3,116878.58,8462.99,0.00,125341.57,41780.52,6275,0.478088,19.97
ian,Hurricane Ian,Hurricane,2022,12009065240,1,579.48,0.00,0.00,579.48,579.48,2213,0.451875,0.26
ian,Hurricane Ian,Hurricane,2022,12009066101,1,0.00,0.00,0.00,0.00,0.00,4209,0.237586,0.00
ian,Hurricane Ian,Hurricane,2022,12009066104,2,0.00,0.00,0.00,0.00,0.00,4862,0.411353,0.00
ian,Hurricane Ian,Hurricane,2022,12009066400,1,0.00,0.00,0.00,0.00,0.00,5402,0.185117,0.00
ian,Hurricane Ian,Hurricane,2022,12009066700,1,0.00,0.00,0.00,0.00,0.00,5169,0.193461,0.00
ian,Hurricane Ian,Hurricane,2022,12009066900,3,0.00,0.00,0.00,0.00,0.00,6720,0.446429,0.00
ian,Hurricane Ian,Hurricane,2022,12009068101,2,52752.51,12755.54,0.00,65508.05,32754.02,3480,0.574713,18.82
ian,Hurricane Ian,Hurricane,2022,12009068102,1,0.00,0.00,0.00,0.00,0.00,2287,0.437254,0.00
ian,Hurricane Ian,Hurricane,2022,12009068400,4,0.00,0.00,0.00,0.00,0.00,1849,2.163332,0.00
ian,Hurricane Ian,Hurricane,2022,12009068501,50,0.00,0.00,0.00,0.00,0.00,2064,24.224806,0.00
ian,Hurricane Ian,Hurricane,2022,12009068601,1,2990.31,0.00,0.00,2990.31,2990.31,2173,0.460193,1.38
ian,Hurricane Ian,Hurricane,2022,12009069100,1,0.00,0.00,0.00,0.00,0.00,4638,0.215610,0.00
ian,Hurricane Ian,Hurricane,2022,12009069200,5,57837.41,1846.63,0.00,59684.04,11936.81,2461,2.031694,24.25
ian,Hurricane Ian,Hurricane,2022,12009069300,5,12754.83,14394.64,0.00,27149.47,5429.89,3023,1.653986,8.98
ian,Hurricane Ian,Hurricane,2022,12009069400,4,39779.29,0.00,0.00,39779.29,9944.82,6416,0.623441,6.20
ian,Hurricane Ian,Hurricane,2022,12009069801,4,0.00,0.00,0.00,0.00,0.00,3899,1.025904,0.00
ian,Hurricane Ian,Hurricane,2022,12009069903,3,24188.05,4792.71,0.00,28980.76,9660.25,3113,0.963701,9.31
ian,Hurricane Ian,Hurricane,2022,12009069904,1,90165.15,30141.89,0.00,120307.04,120307.04,5920,0.168919,20.32
ian,Hurricane Ian,Hurricane,2022,12009069907,1,0.00,0.00,0.00,0.00,0.00,2838,0.352361,0.00
ian,Hurricane Ian,Hurricane,2022,12009071100,6,175096.27,47610.97,0.00,222707.24,37117.87,3850,1.558442,57.85
ian,Hurricane Ian,Hurricane,2022,12009071202,1,143194.88,30274.90,0.00,173469.78,173469.78,1770,0.564972,98.01
ian,Hurricane Ian,Hurricane,2022,12009071203,1,0.00,0.00,0.00,0.00,0.00,3659,0.273299,0.00
ian,Hurricane Ian,Hurricane,2022,12009071205,2,0.00,0.00,0.00,0.00,0.00,5887,0.339732,0.00
ian,Hurricane Ian,Hurricane,2022,12009071345,1,0.00,0.00,0.00,0.00,0.00,7072,0.141403,0.00
ian,Hurricane Ian,Hurricane,2022,12009071349,2,0.00,0.00,0.00,0.00,0.00,4605,0.434311,0.00
ian,Hurricane Ian,Hurricane,2022,12009071353,1,3657.22,0.00,0.00,3657.22,3657.22,4814,0.207727,0.76
ian,Hurricane Ian,Hurricane,2022,12009071401,1,0.00,0.00,0.00,0.00,0.00,1287,0.777001,0.00
ian,Hurricane Ian,Hurricane,2022,12009071402,1,15497.88,0.00,0.00,15497.88,15497.88,2097,0.476872,7.39
ian,Hurricane Ian,Hurricane,2022,12009071500,1,24588.99,0.00,0.00,24588.99,24588.99,2404,0.415973,10.23
ian,Hurricane Ian,Hurricane,2022,12009071700,1,29029.24,2630.66,0.00,31659.90,31659.90,5504,0.181686,5.75
ian,Hurricane Ian,Hurricane,2022,12011010304,1,0.00,0.00,0.00,0.00,0.00,3931,0.254388,0.00
ian,Hurricane Ian,Hurricane,2022,12011020312,1,0.00,0.00,0.00,0.00,0.00,5126,0.195084,0.00
ian,Hurricane Ian,Hurricane,2022,12011031206,202,0.00,0.00,0.00,0.00,0.00,2836,71.227080,0.00
ian,Hurricane Ian,Hurricane,2022,12011040102,1,0.00,0.00,0.00,0.00,0.00,2536,0.394322,0.00
ian,Hurricane Ian,Hurricane,2022,12011041700,1,0.00,0.00,0.00,0.00,0.00,4307,0.232180,0.00
ian,Hurricane Ian,Hurricane,2022,12011041900,1,18683.52,0.00,0.00,18683.52,18683.52,3338,0.299581,5.60
ian,Hurricane Ian,Hurricane,2022,12011050100,1,0.00,0.00,0.00,0.00,0.00,4381,0.228258,0.00
ian,Hurricane Ian,Hurricane,2022,12011060109,1,0.00,0.00,0.00,0.00,0.00,3973,0.251699,0.00
ian,Hurricane Ian,Hurricane,2022,12011060209,1,0.00,0.00,0.00,0.00,0.00,2543,0.393236,0.00
ian,Hurricane Ian,Hurricane,2022,12011060306,1,0.00,0.00,0.00,0.00,0.00,2197,0.455166,0.00
ian,Hurricane Ian,Hurricane,2022,12011070306,2,1516.06,0.00,0.00,1516.06,758.03,7627,0.262226,0.20
ian,Hurricane Ian,Hurricane,2022,12011070316,1,0.00,0.00,0.00,0.00,0.00,5534,0.180701,0.00
ian,Hurricane Ian,Hurricane,2022,12011070501,1,0.00,0.00,0.00,0.00,0.00,5715,0.174978,0.00
ian,Hurricane Ian,Hurricane,2022,12011070602,1,5928.57,0.00,0.00,5928.57,5928.57,7513,0.133103,0.79
ian,Hurricane Ian,Hurricane,2022,12011090304,1,0.00,0.00,0.00,0.00,0.00,4623,0.216310,0.00
ian,Hurricane Ian,Hurricane,2022,12011090601,1,0.00,0.00,0.00,0.00,0.00,3132,0.319285,0.00
ian,Hurricane Ian,Hurricane,2022,12011092000,1,8414.04,0.00,0.00,8414.04,8414.04,3598,0.277932,2.34
ian,Hurricane Ian,Hurricane,2022,12011100803,1,0.00,0.00,0.00,0.00,0.00,3479,0.287439,0.00
ian,Hurricane Ian,Hurricane,2022,12011110313,1,0.00,0.00,0.00,0.00,0.00,5121,0.195274,0.00
ian,Hurricane Ian,Hurricane,2022,12015010100,3,4657.18,0.00,0.00,4657.18,1552.39,5110,0.587084,0.91
ian,Hurricane Ian,Hurricane,2022,12015010200,30,652992.95,34975.19,0.00,687968.14,22932.27,4644,6.459948,148.14
ian,Hurricane Ian,Hurricane,2022,12015010301,41,17836.82,230695.02,0.00,248531.84,6061.75,3378,12.137359,73.57
ian,Hurricane Ian,Hurricane,2022,12015010302,33,307960.57,0.00,0.00,307960.57,9332.14,4683,7.046765,65.76
ian,Hurricane Ian,Hurricane,2022,12015010401,80,118272.33,7917.80,0.00,126190.13,1577.38,3195,25.039124,39.50
ian,Hurricane Ian,Hurricane,2022,12015010402,17,10499.30,0.00,0.00,10499.30,617.61,2555,6.653620,4.11
ian,Hurricane Ian,Hurricane,2022,12015010405,132,145580.92,0.00,0.00,145580.92,1102.89,7074,18.659881,20.58
ian,Hurricane Ian,Hurricane,2022,12015010503,4,12804.04,0.00,0.00,12804.04,3201.01,4079,0.980633,3.14
ian,Hurricane Ian,Hurricane,2022,12015010504,1,27587.44,1877.57,0.00,29465.01,29465.01,2220,0.450450,13.27
ian,Hurricane Ian,Hurricane,2022,12015010505,147,27690.08,0.00,0.00,27690.08,188.37,4640,31.681034,5.97
ian,Hurricane Ian,Hurricane,2022,12015010506,26,241359.58,19033.09,0.00,260392.67,10015.10,2335,11.134904,111.52
ian,Hurricane Ian,Hurricane,2022,12015020101,13,365472.65,26318.19,0.00,391790.84,30137.76,8074,1.610107,48.52
ian,Hurricane Ian,Hurricane,2022,12015020103,12,25800.23,0.00,0.00,25800.23,2150.02,6217,1.930191,4.15
ian,Hurricane Ian,Hurricane,2022,12015020104,4,1903.88,0.00,0.00,1903.88,475.97,2860,1.398601,0.67
ian,Hurricane Ian,Hurricane,2022,12015020203,3,0.00,0.00,0.00,0.00,0.00,4226,0.709891,0.00
ian,Hurricane Ian,Hurricane,2022,12015020204,7,133204.07,1742.98,0.00,134947.05,19278.15,3780,1.851852,35.70
ian,Hurricane Ian,Hurricane,2022,12015020205,8,19833.79,1071.20,0.00,20904.99,2613.12,5239,1.527009,3.99
ian,Hurricane Ian,Hurricane,2022,12015020206,2,0.00,0.00,0.00,0.00,0.00,3162,0.632511,0.00
ian,Hurricane Ian,Hurricane,2022,12015020301,9,193689.17,54053.85,0.00,247743.02,27527.00,6597,1.364256,37.55
ian,Hurricane Ian,Hurricane,2022,12015020302,16,415326.16,1194.91,0.00,416521.07,26032.57,4825,3.316062,86.33
ian,Hurricane Ian,Hurricane,2022,12015020303,39,207742.98,7379.76,0.00,215122.74,5515.97,5590,6.976744,38.48
ian,Hurricane Ian,Hurricane,2022,12015020401,56,164653.32,25463.14,0.00,190116.46,3394.94,4044,13.847676,47.01
ian,Hurricane Ian,Hurricane,2022,12015020402,45,252790.35,6922.01,0.00,259712.36,5771.39,6949,6.475752,37.37
ian,Hurricane Ian,Hurricane,2022,12015020501,83,424905.80,41297.97,0.00,466203.77,5616.91,4957,16.743998,94.05
ian,Hurricane Ian,Hurricane,2022,12015020502,31,75149.12,0.00,0.00,75149.12,2424.17,1686,18.386714,44.57
ian,Hurricane Ian,Hurricane,2022,12015020601,59,679987.21,31551.05,0.00,711538.26,12059.97,2856,20.658263,249.14
ian,Hurricane Ian,Hurricane,2022,12015020602,58,651921.50,19012.91,0.00,670934.41,11567.83,3928,14.765784,170.81
ian,Hurricane Ian,Hurricane,2022,12015020700,12,592227.86,203995.21,0.00,796223.07,66351.92,4390,2.733485,181.37
ian,Hurricane Ian,Hurricane,2022,12015020800,13,258328.49,48303.18,0.00,306631.67,23587.05,4861,2.674347,63.08
ian,Hurricane Ian,Hurricane,2022,12015020900,36,174770.52,39899.57,0.00,214670.09,5963.06,7004,5.139920,30.65
ian,Hurricane Ian,Hurricane,2022,12015021001,11,63728.80,0.00,0.00,63728.80,5793.53,2006,5.483549,31.77
ian,Hurricane Ian,Hurricane,2022,12015021002,20,363038.79,23647.25,0.00,386686.04,19334.30,3399,5.884084,113.76
ian,Hurricane Ian,Hurricane,2022,12015021003,81,821504.31,112970.02,0.00,934474.33,11536.72,3969,20.408163,235.44
ian,Hurricane Ian,Hurricane,2022,12015030101,35,149501.91,18340.32,0.00,167842.23,4795.49,3550,9.859155,47.28
ian,Hurricane Ian,Hurricane,2022,12015030102,274,12158435.20,1139396.57,0.00,13297831.77,48532.23,3892,70.400822,3416.71
ian,Hurricane Ian,Hurricane,2022,12015030201,13,168635.50,22644.48,0.00,191279.98,14713.84,5465,2.378774,35.00
ian,Hurricane Ian,Hurricane,2022,12015030202,81,4265350.20,668206.29,0.00,4933556.49,60908.10,3078,26.315789,1602.84
ian,Hurricane Ian,Hurricane,2022,12015030301,364,3749378.38,281373.74,0.00,4030752.12,11073.49,3114,116.891458,1294.40
ian,Hurricane Ian,Hurricane,2022,12015030302,88,3317110.33,303339.74,0.00,3620450.07,41141.48,3118,28.223220,1161.14
ian,Hurricane Ian,Hurricane,2022,12015030401,57,3459075.57,525423.11,0.00,3984498.68,69903.49,1937,29.426949,2057.05
ian,Hurricane Ian,Hurricane,2022,12015030402,177,1152916.38,30319.31,0.00,1183235.69,6684.95,1862,95.059076,635.46
ian,Hurricane Ian,Hurricane,2022,12015030501,217,447568.39,25633.68,0.00,473202.07,2180.65,6486,33.456676,72.96
ian,Hurricane Ian,Hurricane,2022,12015030504,88,227676.92,461.74,0.00,228138.66,2592.48,1214,72.487644,187.92
ian,Hurricane Ian,Hurricane,2022,12015030505,506,9070166.56,434794.14,0.00,9504960.70,18784.51,5595,90.437891,1698.83
ian,Hurricane Ian,Hurricane,2022,12015030506,84,1062522.60,92276.49,0.00,1154799.09,13747.61,3558,23.608769,324.56
ian,Hurricane Ian,Hurricane,2022,12015030507,72,618510.84,125846.57,0.00,744357.41,10338.30,2499,28.811525,297.86
ian,Hurricane Ian,Hurricane,2022,12017450502,1,0.00,0.00,0.00,0.00,0.00,2965,0.337268,0.00
ian,Hurricane Ian,Hurricane,2022,12017451400,1,0.00,0.00,0.00,0.00,0.00,5777,0.173100,0.00
ian,Hurricane Ian,Hurricane,2022,12019030704,1,226.60,0.00,0.00,226.60,226.60,5870,0.170358,0.04
ian,Hurricane Ian,Hurricane,2022,12019030705,2,70201.17,0.00,0.00,70201.17,35100.58,6302,0.317360,11.14
ian,Hurricane Ian,Hurricane,2022,12019030802,1,36068.25,0.00,0.00,36068.25,36068.25,6329,0.158003,5.70
ian,Hurricane Ian,Hurricane,2022,12019030905,2,67626.71,0.00,0.00,67626.71,33813.36,5496,0.363901,12.30
ian,Hurricane Ian,Hurricane,2022,12019031500,1,7856.29,150.25,0.00,8006.54,8006.54,2902,0.344590,2.76
ian,Hurricane Ian,Hurricane,2022,12021000101,1517,58303717.32,9387941.71,150000.00,67841659.03,44720.94,1307,1160.673298,51906.40
ian,Hurricane Ian,Hurricane,2022,12021000102,381,18532848.92,5285401.59,0.00,23818250.51,62515.09,1544,246.761658,15426.33
ian,Hurricane Ian,Hurricane,2022,12021000200,49,3825836.30,749392.18,30000.00,4605228.48,93984.25,2102,23.311132,2190.88
ian,Hurricane Ian,Hurricane,2022,12021000301,1020,98912164.31,16646664.37,102766.51,115661595.19,113393.72,3101,328.926153,37298.16
ian,Hurricane Ian,Hurricane,2022,12021000302,362,35876432.26,7717662.47,0.00,43594094.73,120425.68,1384,261.560694,31498.62
ian,Hurricane Ian,Hurricane,2022,12021000401,3394,50226631.00,2098581.13,0.00,52325212.13,15416.97,2079,1632.515633,25168.45
ian,Hurricane Ian,Hurricane,2022,12021000402,2027,84934785.61,5373445.42,0.00,90308231.03,44552.65,2049,989.263055,44074.30
ian,Hurricane Ian,Hurricane,2022,12021000500,493,37993703.26,9535018.17,0.00,47528721.43,96407.14,1612,305.831266,29484.32
ian,Hurricane Ian,Hurricane,2022,12021000600,662,32423005.82,6380282.46,0.00,38803288.28,58615.24,1020,649.019608,38042.44
ian,Hurricane Ian,Hurricane,2022,12021000700,504,5098446.28,526800.08,0.00,5625246.36,11161.20,1414,356.435644,3978.25
ian,Hurricane Ian,Hurricane,2022,12021010102,4,3721.48,0.00,0.00,3721.48,930.37,6131,0.652422,0.61
ian,Hurricane Ian,Hurricane,2022,12021010107,102,2672567.92,495856.31,22969.80,3191394.03,31288.18,4185,24.372760,762.58
ian,Hurricane Ian,Hurricane,2022,12021010108,65,2114660.44,256561.03,0.00,2371221.47,36480.33,3225,20.155039,735.26
ian,Hurricane Ian,Hurricane,2022,12021010109,69,5007450.81,841278.47,30000.00,5878729.28,85198.98,1489,46.339825,3948.11
ian,Hurricane Ian,Hurricane,2022,12021010110,86,5130882.34,750490.58,0.00,5881372.92,68388.06,4118,20.883924,1428.21
ian,Hurricane Ian,Hurricane,2022,12021010111,851,18141114.79,1090161.17,76799.00,19308074.96,22688.69,2437,349.199836,7922.89
ian,Hurricane Ian,Hurricane,2022,12021010113,857,3743538.32,217622.31,0.00,3961160.63,4622.12,2336,366.866438,1695.70
ian,Hurricane Ian,Hurricane,2022,12021010114,798,20831935.88,2809253.54,30000.00,23671189.42,29663.14,1682,474.435196,14073.24
ian,Hurricane Ian,Hurricane,2022,12021010205,9,0.00,0.00,0.00,0.00,0.00,2569,3.503309,0.00
ian,Hurricane Ian,Hurricane,2022,12021010208,828,7907863.55,965258.58,0.00,8873122.13,10716.33,3278,252.593045,2706.87
ian,Hurricane Ian,Hurricane,2022,12021010209,3201,79888586.69,10718004.98,67269.92,90673861.59,28326.73,2682,1193.512304,33808.30
ian,Hurricane Ian,Hurricane,2022,12021010210,23,1153734.93,216709.87,30000.00,1400444.80,60888.90,3265,7.044410,428.93
ian,Hurricane Ian,Hurricane,2022,12021010213,46,0.00,0.00,0.00,0.00,0.00,4353,10.567425,0.00
ian,Hurricane Ian,Hurricane,2022,12021010215,2804,32508910.98,3614150.68,0.00,36123061.66,12882.69,2956,948.579161,12220.25
ian,Hurricane Ian,Hurricane,2022,12021010216,2,0.00,0.00,0.00,0.00,0.00,3422,0.584454,0.00
ian,Hurricane Ian,Hurricane,2022,12021010217,2,35000.00,0.00,0.00,35000.00,17500.00,2750,0.727273,12.73
ian,Hurricane Ian,Hurricane,2022,12021010300,10,86509.64,25183.24,0.00,111692.88,11169.29,3851,2.596728,29.00
ian,Hurricane Ian,Hurricane,2022,12021010401,347,39675266.32,4444361.79,0.00,44119628.11,127145.90,4175,83.113772,10567.58
ian,Hurricane Ian,Hurricane,2022,12021010408,4,6010.65,0.00,0.00,6010.65,1502.66,3885,1.029601,1.55
ian,Hurricane Ian,Hurricane,2022,12021010411,9,49594.95,0.00,0.00,49594.95,5510.55,8083,1.113448,6.14
ian,Hurricane Ian,Hurricane,2022,12021010416,5,69609.34,0.00,0.00,69609.34,13921.87,5974,0.836960,11.65
ian,Hurricane Ian,Hurricane,2022,12021010419,1,6819.36,0.00,0.00,6819.36,6819.36,4355,0.229621,1.57
ian,Hurricane Ian,Hurricane,2022,12021010420,1,0.00,0.00,0.00,0.00,0.00,7506,0.133227,0.00
ian,Hurricane Ian,Hurricane,2022,12021010421,2,0.00,0.00,0.00,0.00,0.00,5340,0.374532,0.00
ian,Hurricane Ian,Hurricane,2022,12021010423,1,0.00,0.00,0.00,0.00,0.00,7879,0.126920,0.00
ian,Hurricane Ian,Hurricane,2022,12021010424,2,0.00,0.00,0.00,0.00,0.00,5800,0.344828,0.00
ian,Hurricane Ian,Hurricane,2022,12021010425,1,0.00,0.00,0.00,0.00,0.00,2974,0.336247,0.00
ian,Hurricane Ian,Hurricane,2022,12021010426,1,0.00,0.00,0.00,0.00,0.00,6638,0.150648,0.00
ian,Hurricane Ian,Hurricane,2022,12021010428,4,16982.28,0.00,0.00,16982.28,4245.57,8868,0.451060,1.92
ian,Hurricane Ian,Hurricane,2022,12021010430,3,0.00,0.00,0.00,0.00,0.00,4344,0.690608,0.00
ian,Hurricane Ian,Hurricane,2022,12021010433,1,0.00,0.00,0.00,0.00,0.00,2169,0.461042,0.00
ian,Hurricane Ian,Hurricane,2022,12021010434,2,0.00,0.00,0.00,0.00,0.00,5510,0.362976,0.00
ian,Hurricane Ian,Hurricane,2022,12021010435,2,0.00,0.00,0.00,0.00,0.00,4843,0.412967,0.00
ian,Hurricane Ian,Hurricane,2022,12021010437,1,0.00,0.00,0.00,0.00,0.00,2586,0.386698,0.00
ian,Hurricane Ian,Hurricane,2022,12021010508,1,8179.44,0.00,0.00,8179.44,8179.44,4241,0.235793,1.93
ian,Hurricane Ian,Hurricane,2022,12021010511,1,100021.55,0.00,0.00,100021.55,100021.55,4637,0.215657,21.57
ian,Hurricane Ian,Hurricane,2022,12021010512,1,21299.53,0.00,0.00,21299.53,21299.53,2425,0.412371,8.78
ian,Hurricane Ian,Hurricane,2022,12021010513,1,0.00,0.00,0.00,0.00,0.00,2835,0.352734,0.00
ian,Hurricane Ian,Hurricane,2022,12021010516,54,0.00,0.00,0.00,0.00,0.00,2010,26.865672,0.00
ian,Hurricane Ian,Hurricane,2022,12021010517,1,8329.83,5737.19,0.00,14067.02,14067.02,1140,0.877193,12.34
ian,Hurricane Ian,Hurricane,2022,12021010518,5,18709.90,0.00,0.00,18709.90,3741.98,4371,1.143903,4.28
ian,Hurricane Ian,Hurricane,2022,12021010601,366,30089269.99,2400006.04,70152.20,32559428.23,88960.19,1929,189.735614,16878.92
ian,Hurricane Ian,Hurricane,2022,12021010602,224,9547085.49,692153.16,0.00,10239238.65,45710.89,2856,78.431373,3585.17
ian,Hurricane Ian,Hurricane,2022,12021010604,3,1109.66,0.00,0.00,1109.66,369.89,3384,0.886525,0.33
ian,Hurricane Ian,Hurricane,2022,12021010605,3,47288.22,0.00,0.00,47288.22,15762.74,3306,0.907441,14.30
ian,Hurricane Ian,Hurricane,2022,12021010606,2,0.00,0.00,0.00,0.00,0.00,2449,0.816660,0.00
ian,Hurricane Ian,Hurricane,2022,12021010701,872,50579984.84,1866910.03,40200.00,52487094.87,60191.62,4082,213.620774,12858.18
ian,Hurricane Ian,Hurricane,2022,12021010702,363,12502680.50,1137419.75,24350.00,13664450.25,37643.11,4274,84.932148,3197.11
ian,Hurricane Ian,Hurricane,2022,12021010801,2,22727.35,0.00,0.00,22727.35,11363.67,3548,0.563698,6.41
ian,Hurricane Ian,Hurricane,2022,12021010804,3,0.00,0.00,0.00,0.00,0.00,5882,0.510031,0.00
ian,Hurricane Ian,Hurricane,2022,12021010805,648,21950036.39,3902191.04,0.00,25852227.43,39895.41,1886,343.584305,13707.44
ian,Hurricane Ian,Hurricane,2022,12021010807,1,0.00,0.00,0.00,0.00,0.00,5595,0.178731,0.00
ian,Hurricane Ian,Hurricane,2022,12021010808,12,452730.03,165587.61,0.00,618317.64,51526.47,4070,2.948403,151.92
ian,Hurricane Ian,Hurricane,2022,12021010902,295,4755738.72,664584.03,0.00,5420322.75,18373.98,3762,78.415736,1440.81
ian,Hurricane Ian,Hurricane,2022,12021010904,438,1599872.31,117177.23,0.00,1717049.54,3920.20,2202,198.910082,779.77
ian,Hurricane Ian,Hurricane,2022,12021010905,1931,16667453.02,1603427.74,0.00,18270880.76,9461.88,2509,769.629334,7282.14
ian,Hurricane Ian,Hurricane,2022,12021010906,190,3409264.96,522379.26,0.00,3931644.22,20692.86,1361,139.603233,2888.79
ian,Hurricane Ian,Hurricane,2022,12021010907,184,2130256.12,501756.10,0.00,2632012.22,14304.41,2637,69.776261,998.11
ian,Hurricane Ian,Hurricane,2022,12021011003,3995,9239796.35,214139.35,0.00,9453935.70,2366.44,3626,1101.765030,2607.26
ian,Hurricane Ian,Hurricane,2022,12021011103,83,1671482.62,133261.88,0.00,1804744.50,21743.91,2208,37.590580,817.37
ian,Hurricane Ian,Hurricane,2022,12021011107,119,3433521.90,442914.87,0.00,3876436.77,32575.10,1262,94.294770,3071.66
ian,Hurricane Ian,Hurricane,2022,12021011108,1,0.00,0.00,0.00,0.00,0.00,7377,0.135556,0.00
ian,Hurricane Ian,Hurricane,2022,12021011109,2,19187.94,0.00,0.00,19187.94,9593.97,2010,0.995025,9.55
ian,Hurricane Ian,Hurricane,2022,12021011110,254,137580.73,3436.63,0.00,141017.36,555.19,1492,170.241287,94.52
ian,Hurricane Ian,Hurricane,2022,12021011112,353,1473369.70,1548.00,0.00,1474917.70,4178.24,1151,306.689835,1281.42
ian,Hurricane Ian,Hurricane,2022,12021011113,5,73416.37,3543.61,0.00,76959.98,15392.00,1134,4.409171,67.87
ian,Hurricane Ian,Hurricane,2022,12021011114,4,3623.59,0.00,0.00,3623.59,905.90,3532,1.132503,1.03
ian,Hurricane Ian,Hurricane,2022,12021011204,1,2867.79,0.00,0.00,2867.79,2867.79,4637,0.215657,0.62
ian,Hurricane Ian,Hurricane,2022,12021011205,1,0.00,0.00,0.00,0.00,0.00,3281,0.304785,0.00
ian,Hurricane Ian,Hurricane,2022,12021011206,1,0.00,0.00,0.00,0.00,0.00,6812,0.146800,0.00
ian,Hurricane Ian,Hurricane,2022,12021011211,2,0.00,0.00,0.00,0.00,0.00,5369,0.372509,0.00
ian,Hurricane Ian,Hurricane,2022,12021011213,2,0.00,0.00,0.00,0.00,0.00,4123,0.485084,0.00
ian,Hurricane Ian,Hurricane,2022,12021011214,1,0.00,0.00,0.00,0.00,0.00,4643,0.215378,0.00
ian,Hurricane Ian,Hurricane,2022,12021011304,1,0.00,0.00,0.00,0.00,0.00,3032,0.329815,0.00
ian,Hurricane Ian,Hurricane,2022,12027010101,25,1999427.66,467465.32,0.00,2466892.98,98675.72,4155,6.016847,593.72
ian,Hurricane Ian,Hurricane,2022,12027010102,1,155569.23,24801.55,0.00,180370.78,180370.78,4768,0.209732,37.83
ian,Hurricane Ian,Hurricane,2022,12027010200,7,459329.04,72738.55,0.00,532067.59,76009.66,5179,1.351612,102.74
ian,Hurricane Ian,Hurricane,2022,12027010301,1,4766.40,0.00,0.00,4766.40,4766.40,6721,0.148787,0.71
ian,Hurricane Ian,Hurricane,2022,12027010302,1,9334.27,0.00,0.00,9334.27,9334.27,2051,0.487567,4.55
ian,Hurricane Ian,Hurricane,2022,12027010403,74,5408516.34,789312.24,60000.00,6257828.58,84565.25,3419,21.643755,1830.31
ian,Hurricane Ian,Hurricane,2022,12027010404,28,1139036.80,158547.09,17500.03,1315083.92,46967.28,2837,9.869581,463.55
ian,Hurricane Ian,Hurricane,2022,12027010405,6,53294.19,8191.15,0.00,61485.34,10247.56,1591,3.771213,38.65
ian,Hurricane Ian,Hurricane,2022,12027010406,5,19275.68,737.97,0.00,20013.65,4002.73,3537,1.413627,5.66
ian,Hurricane Ian,Hurricane,2022,12031000101,3,38075.40,0.00,0.00,38075.40,12691.80,2550,1.176471,14.93
ian,Hurricane Ian,Hurricane,2022,12031001401,1,5981.52,0.00,0.00,5981.52,5981.52,2891,0.345901,2.07
ian,Hurricane Ian,Hurricane,2022,12031010105,1,0.00,0.00,0.00,0.00,0.00,2479,0.403388,0.00
ian,Hurricane Ian,Hurricane,2022,12031010107,5,155067.54,22902.92,0.00,177970.46,35594.09,5174,0.966370,34.40
ian,Hurricane Ian,Hurricane,2022,12031011000,3,51652.37,3370.33,0.00,55022.70,18340.90,3481,0.861821,15.81
ian,Hurricane Ian,Hurricane,2022,12031011100,1,0.00,0.00,0.00,0.00,0.00,3257,0.307031,0.00
ian,Hurricane Ian,Hurricane,2022,12031011200,1,0.00,35690.06,0.00,35690.06,35690.06,3076,0.325098,11.60
ian,Hurricane Ian,Hurricane,2022,12031011300,1,40648.77,56059.89,0.00,96708.66,96708.66,3055,0.327332,31.66
ian,Hurricane Ian,Hurricane,2022,12031014101,1,22317.79,2041.54,0.00,24359.33,24359.33,4764,0.209908,5.11
ian,Hurricane Ian,Hurricane,2022,12031014203,36,55257.71,0.00,0.00,55257.71,1534.94,4507,7.987575,12.26
ian,Hurricane Ian,Hurricane,2022,12031014204,1,0.00,0.00,0.00,0.00,0.00,5725,0.174672,0.00
ian,Hurricane Ian,Hurricane,2022,12031014329,1,0.00,0.00,0.00,0.00,0.00,3239,0.308737,0.00
ian,Hurricane Ian,Hurricane,2022,12031014330,2,0.00,0.00,0.00,0.00,0.00,4672,0.428082,0.00
ian,Hurricane Ian,Hurricane,2022,12031014340,1,0.00,0.00,0.00,0.00,0.00,5048,0.198098,0.00
ian,Hurricane Ian,Hurricane,2022,12031014408,7,317894.60,96761.12,0.00,414655.72,59236.53,4061,1.723713,102.11
ian,Hurricane Ian,Hurricane,2022,12031014425,1,0.00,0.00,0.00,0.00,0.00,3712,0.269397,0.00
ian,Hurricane Ian,Hurricane,2022,12031014603,1,11164.12,0.00,0.00,11164.12,11164.12,5645,0.177148,1.98
ian,Hurricane Ian,Hurricane,2022,12031014702,1,0.00,0.00,0.00,0.00,0.00,2801,0.357015,0.00
ian,Hurricane Ian,Hurricane,2022,12031016500,2,3749.47,0.00,0.00,3749.47,1874.73,5397,0.370576,0.69
ian,Hurricane Ian,Hurricane,2022,12031016812,4,16537.40,0.00,0.00,16537.40,4134.35,4521,0.884760,3.66
ian,Hurricane Ian,Hurricane,2022,12035060103,1,0.00,0.00,0.00,0.00,0.00,2323,0.430478,0.00
ian,Hurricane Ian,Hurricane,2022,12035060104,3,0.00,0.00,0.00,0.00,0.00,5538,0.541712,0.00
ian,Hurricane Ian,Hurricane,2022,12035060105,9,3900.46,0.00,0.00,3900.46,433.38,4511,1.995123,0.86
ian,Hurricane Ian,Hurricane,2022,12035060106,228,297741.72,58915.36,0.00,356657.08,1564.29,4200,54.285714,84.92
ian,Hurricane Ian,Hurricane,2022,12035060107,1,0.00,0.00,0.00,0.00,0.00,5126,0.195084,0.00
ian,Hurricane Ian,Hurricane,2022,12035060206,2,93400.19,0.00,0.00,93400.19,46700.10,5401,0.370302,17.29
ian,Hurricane Ian,Hurricane,2022,12035060207,1,7646.59,0.00,0.00,7646.59,7646.59,6052,0.165235,1.26
ian,Hurricane Ian,Hurricane,2022,12035060208,3,12798.31,0.00,0.00,12798.31,4266.10,8627,0.347745,1.48
ian,Hurricane Ian,Hurricane,2022,12035060210,1,0.00,0.00,0.00,0.00,0.00,4005,0.249688,0.00
ian,Hurricane Ian,Hurricane,2022,12035060215,1,0.00,0.00,0.00,0.00,0.00,4896,0.204248,0.00
ian,Hurricane Ian,Hurricane,2022,12035060219,1,0.00,0.00,0.00,0.00,0.00,5016,0.199362,0.00
ian,Hurricane Ian,Hurricane,2022,12035060301,6,445420.24,37754.17,0.00,483174.41,80529.07,6490,0.924499,74.45
ian,Hurricane Ian,Hurricane,2022,12035060302,57,2069407.55,327362.77,0.00,2396770.32,42048.60,3536,16.119910,677.82
ian,Hurricane Ian,Hurricane,2022,12035060303,135,912922.35,187972.48,0.00,1100894.83,8154.78,3160,42.721519,348.38
ian,Hurricane Ian,Hurricane,2022,12035060304,4,29540.35,0.00,0.00,29540.35,7385.09,3135,1.275917,9.42
ian,Hurricane Ian,Hurricane,2022,12037970200,1,0.00,0.00,0.00,0.00,0.00,3221,0.310463,0.00
ian,Hurricane Ian,Hurricane,2022,12043000201,2,0.00,0.00,0.00,0.00,0.00,3009,0.664673,0.00
ian,Hurricane Ian,Hurricane,2022,12049970101,11,740226.55,75793.20,0.00,816019.75,74183.61,3095,3.554120,263.66
ian,Hurricane Ian,Hurricane,2022,12049970102,15,1229339.68,382883.65,0.00,1612223.33,107481.56,3876,3.869969,415.95
ian,Hurricane Ian,Hurricane,2022,12049970201,1,121991.89,13260.44,0.00,135252.33,135252.33,3153,0.317158,42.90
ian,Hurricane Ian,Hurricane,2022,12049970202,1,57200.00,0.00,0.00,57200.00,57200.00,1225,0.816327,46.69
ian,Hurricane Ian,Hurricane,2022,12049970301,13,762019.73,154805.49,0.00,916825.22,70525.02,5092,2.553024,180.05
ian,Hurricane Ian,Hurricane,2022,12049970302,2,45502.04,1081.60,0.00,46583.64,23291.82,3084,0.648508,15.10
ian,Hurricane Ian,Hurricane,2022,12049970401,4,160947.92,5188.51,0.00,166136.43,41534.11,3451,1.159084,48.14
ian,Hurricane Ian,Hurricane,2022,12049970402,6,467471.48,75231.52,0.00,542703.00,90450.50,2552,2.351097,212.66
ian,Hurricane Ian,Hurricane,2022,12051000300,1,0.00,0.00,0.00,0.00,0.00,8675,0.115274,0.00
ian,Hurricane Ian,Hurricane,2022,12051000401,1,69753.81,0.00,0.00,69753.81,69753.81,3970,0.251889,17.57
ian,Hurricane Ian,Hurricane,2022,12053041501,1,0.00,0.00,0.00,0.00,0.00,3350,0.298507,0.00
ian,Hurricane Ian,Hurricane,2022,12055960104,7,81445.42,0.00,0.00,81445.42,11635.06,3157,2.217295,25.80
ian,Hurricane Ian,Hurricane,2022,12055960501,1,0.00,0.00,0.00,0.00,0.00,1163,0.859845,0.00
ian,Hurricane Ian,Hurricane,2022,12055960503,2,131522.11,53113.97,0.00,184636.08,92318.04,4710,0.424628,39.20
ian,Hurricane Ian,Hurricane,2022,12055960601,3,172572.14,63960.82,0.00,236532.96,78844.32,2830,1.060071,83.58
ian,Hurricane Ian,Hurricane,2022,12055960602,9,370440.13,65022.70,0.00,435462.83,48384.76,5945,1.513877,73.25
ian,Hurricane Ian,Hurricane,2022,12055960700,4,186460.63,12683.79,0.00,199144.42,49786.11,3758,1.064396,52.99
ian,Hurricane Ian,Hurricane,2022,12055961000,2,6466.39,0.00,0.00,6466.39,3233.20,4722,0.423549,1.37
ian,Hurricane Ian,Hurricane,2022,12055961301,2,20126.58,1363.48,0.00,21490.06,10745.03,7112,0.281215,3.02
ian,Hurricane Ian,Hurricane,2022,12055961304,1,7642.51,0.00,0.00,7642.51,7642.51,3135,0.318979,2.44
ian,Hurricane Ian,Hurricane,2022,12055961401,1,0.00,0.00,0.00,0.00,0.00,3475,0.287770,0.00
ian,Hurricane Ian,Hurricane,2022,12057001002,2,0.00,0.00,0.00,0.00,0.00,5377,0.371955,0.00
ian,Hurricane Ian,Hurricane,2022,12057002400,1,0.00,0.00,0.00,0.00,0.00,4337,0.230574,0.00
ian,Hurricane Ian,Hurricane,2022,12057002600,1,0.00,0.00,0.00,0.00,0.00,1041,0.960615,0.00
ian,Hurricane Ian,Hurricane,2022,12057005302,1,0.00,0.00,0.00,0.00,0.00,1914,0.522466,0.00
ian,Hurricane Ian,Hurricane,2022,12057006000,1,1406.83,0.00,0.00,1406.83,1406.83,5626,0.177746,0.25
ian,Hurricane Ian,Hurricane,2022,12057006103,1,5470.70,0.00,0.00,5470.70,5470.70,3777,0.264760,1.45
ian,Hurricane Ian,Hurricane,2022,12057006900,2,0.00,0.00,0.00,0.00,0.00,6008,0.332889,0.00
ian,Hurricane Ian,Hurricane,2022,12057007102,2,0.00,0.00,0.00,0.00,0.00,4114,0.486145,0.00
ian,Hurricane Ian,Hurricane,2022,12057010218,1,0.00,0.00,0.00,0.00,0.00,5717,0.174917,0.00
ian,Hurricane Ian,Hurricane,2022,12057011109,1,0.00,0.00,0.00,0.00,0.00,4692,0.213129,0.00
ian,Hurricane Ian,Hurricane,2022,12057011203,1,0.00,0.00,0.00,0.00,0.00,3386,0.295334,0.00
ian,Hurricane Ian,Hurricane,2022,12057011410,1,0.00,0.00,0.00,0.00,0.00,6570,0.152207,0.00
ian,Hurricane Ian,Hurricane,2022,12057011411,1,1326.76,0.00,0.00,1326.76,1326.76,2276,0.439367,0.58
ian,Hurricane Ian,Hurricane,2022,12057011418,1,27482.26,0.00,0.00,27482.26,27482.26,3687,0.271223,7.45
ian,Hurricane Ian,Hurricane,2022,12057011527,1,0.00,0.00,0.00,0.00,0.00,3905,0.256082,0.00
ian,Hurricane Ian,Hurricane,2022,12057011715,2,116.00,0.00,0.00,116.00,58.00,2725,0.733945,0.04
ian,Hurricane Ian,Hurricane,2022,12057013003,2,0.00,0.00,0.00,0.00,0.00,4055,0.493218,0.00
ian,Hurricane Ian,Hurricane,2022,12057013206,1,0.00,0.00,0.00,0.00,0.00,5025,0.199005,0.00
ian,Hurricane Ian,Hurricane,2022,12057013313,1,0.00,0.00,0.00,0.00,0.00,4746,0.210704,0.00
ian,Hurricane Ian,Hurricane,2022,12057013407,2,33331.08,0.00,0.00,33331.08,16665.54,7176,0.278707,4.64
ian,Hurricane Ian,Hurricane,2022,12057013409,6,17807.48,2499.02,0.00,20306.50,3384.42,5705,1.051709,3.56
ian,Hurricane Ian,Hurricane,2022,12057013410,1,0.00,0.00,0.00,0.00,0.00,4392,0.227687,0.00
ian,Hurricane Ian,Hurricane,2022,12057013412,1,0.00,0.00,0.00,0.00,0.00,4175,0.239521,0.00
ian,Hurricane Ian,Hurricane,2022,12057013415,1,0.00,0.00,0.00,0.00,0.00,3929,0.254518,0.00
ian,Hurricane Ian,Hurricane,2022,12057013504,1,0.00,0.00,0.00,0.00,0.00,2921,0.342349,0.00
ian,Hurricane Ian,Hurricane,2022,12057013702,4,15290.02,2992.72,0.00,18282.74,4570.69,11169,0.358134,1.64
ian,Hurricane Ian,Hurricane,2022,12057013703,1,1536.65,0.00,0.00,1536.65,1536.65,8611,0.116131,0.18
ian,Hurricane Ian,Hurricane,2022,12057013802,1,0.00,0.00,0.00,0.00,0.00,3487,0.286779,0.00
ian,Hurricane Ian,Hurricane,2022,12057013804,1,0.00,0.00,0.00,0.00,0.00,10339,0.096721,0.00
ian,Hurricane Ian,Hurricane,2022,12057013916,2,2171.08,0.00,0.00,2171.08,1085.54,17063,0.117213,0.13
ian,Hurricane Ian,Hurricane,2022,12057013917,4,53620.63,0.00,0.00,53620.63,13405.16,7152,0.559284,7.50
ian,Hurricane Ian,Hurricane,2022,12057013926,1,0.00,0.00,0.00,0.00,0.00,8297,0.120525,0.00
ian,Hurricane Ian,Hurricane,2022,12057014010,1,0.00,0.00,0.00,0.00,0.00,2208,0.452899,0.00
ian,Hurricane Ian,Hurricane,2022,12057014011,1,0.00,0.00,0.00,0.00,0.00,4184,0.239006,0.00
ian,Hurricane Ian,Hurricane,2022,12057014013,1,2694.49,0.00,0.00,2694.49,2694.49,1261,0.793021,2.14
ian,Hurricane Ian,Hurricane,2022,12057014017,1,3711.42,0.00,0.00,3711.42,3711.42,2947,0.339328,1.26
ian,Hurricane Ian,Hurricane,2022,12057014106,5,0.00,0.00,0.00,0.00,0.00,3762,1.329080,0.00
ian,Hurricane Ian,Hurricane,2022,12057014108,1,2206.01,0.00,0.00,2206.01,2206.01,6257,0.159821,0.35
ian,Hurricane Ian,Hurricane,2022,12057014109,1,0.00,0.00,0.00,0.00,0.00,8481,0.117911,0.00
ian,Hurricane Ian,Hurricane,2022,12057014118,1,0.00,0.00,0.00,0.00,0.00,4186,0.238892,0.00
ian,Hurricane Ian,Hurricane,2022,12057014119,1,64547.61,0.00,0.00,64547.61,64547.61,11291,0.088566,5.72
ian,Hurricane Ian,Hurricane,2022,12057014122,2,0.00,0.00,0.00,0.00,0.00,8334,0.239981,0.00
ian,Hurricane Ian,Hurricane,2022,12057014400,2,0.00,0.00,0.00,0.00,0.00,5354,0.373552,0.00
ian,Hurricane Ian,Hurricane,2022,12061050508,1,0.00,0.00,0.00,0.00,0.00,2295,0.435730,0.00
ian,Hurricane Ian,Hurricane,2022,12061050601,1,0.00,0.00,0.00,0.00,0.00,3088,0.323834,0.00
ian,Hurricane Ian,Hurricane,2022,12061050903,1,0.00,0.00,0.00,0.00,0.00,7084,0.141163,0.00
ian,Hurricane Ian,Hurricane,2022,12069030102,29,723124.46,11683.34,0.00,734807.80,25338.20,3385,8.567208,217.08
ian,Hurricane Ian,Hurricane,2022,12069030106,2,0.00,0.00,0.00,0.00,0.00,1545,1.294498,0.00
ian,Hurricane Ian,Hurricane,2022,12069030211,1,0.00,0.00,0.00,0.00,0.00,4030,0.248139,0.00
ian,Hurricane Ian,Hurricane,2022,12069030307,1,4141.63,0.00,0.00,4141.63,4141.63,5731,0.174490,0.72
ian,Hurricane Ian,Hurricane,2022,12069030803,1,0.00,0.00,0.00,0.00,0.00,6062,0.164962,0.00
ian,Hurricane Ian,Hurricane,2022,12069031002,1,0.00,0.00,0.00,0.00,0.00,6413,0.155933,0.00
ian,Hurricane Ian,Hurricane,2022,12069031108,1,0.00,0.00,0.00,0.00,0.00,2657,0.376364,0.00
ian,Hurricane Ian,Hurricane,2022,12069031202,1,6251.10,0.00,0.00,6251.10,6251.10,8037,0.124425,0.78
ian,Hurricane Ian,Hurricane,2022,12069031203,2,0.00,0.00,0.00,0.00,0.00,6512,0.307125,0.00
ian,Hurricane Ian,Hurricane,2022,12069031206,1,0.00,0.00,0.00,0.00,0.00,3981,0.251193,0.00
ian,Hurricane Ian,Hurricane,2022,12069031207,1,0.00,0.00,0.00,0.00,0.00,13733,0.072817,0.00
ian,Hurricane Ian,Hurricane,2022,12069031301,1,63467.88,0.00,0.00,63467.88,63467.88,7771,0.128684,8.17
ian,Hurricane Ian,Hurricane,2022,12069031316,1,0.00,0.00,0.00,0.00,0.00,10698,0.093475,0.00
ian,Hurricane Ian,Hurricane,2022,12069031323,2,0.00,0.00,0.00,0.00,0.00,5927,0.337439,0.00
ian,Hurricane Ian,Hurricane,2022,12071000303,75,8890819.89,1236266.71,30000.00,10157086.60,135427.82,3456,21.701389,2938.97
ian,Hurricane Ian,Hurricane,2022,12071000304,273,2681265.69,317022.71,0.00,2998288.40,10982.74,1659,164.556962,1807.29
ian,Hurricane Ian,Hurricane,2022,12071000305,11,1090369.43,542900.00,0.00,1633269.43,148479.04,1894,5.807814,862.34
ian,Hurricane Ian,Hurricane,2022,12071000306,2,62982.46,0.00,0.00,62982.46,31491.23,3557,0.562272,17.71
ian,Hurricane Ian,Hurricane,2022,12071000401,106,12314857.85,1556009.85,16470.00,13887337.70,131012.62,2960,35.810811,4691.67
ian,Hurricane Ian,Hurricane,2022,12071000402,30,2928754.30,448914.23,0.00,3377668.53,112588.95,2232,13.440860,1513.29
ian,Hurricane Ian,Hurricane,2022,12071000503,28,889698.62,24112.79,0.00,913811.41,32636.12,4291,6.525285,212.96
ian,Hurricane Ian,Hurricane,2022,12071000600,5,7565.56,0.00,0.00,7565.56,1513.11,3762,1.329080,2.01
ian,Hurricane Ian,Hurricane,2022,12071000700,1,0.00,0.00,0.00,0.00,0.00,2609,0.383289,0.00
ian,Hurricane Ian,Hurricane,2022,12071000800,633,6289709.40,327138.47,0.00,6616847.87,10453.16,1943,325.784869,3405.48
ian,Hurricane Ian,Hurricane,2022,12071000900,285,31147964.29,5280786.29,26782.00,36455532.58,127914.15,2859,99.685205,12751.15
ian,Hurricane Ian,Hurricane,2022,12071001001,1,9088.65,720.23,0.00,9808.88,9808.88,3625,0.275862,2.71
ian,Hurricane Ian,Hurricane,2022,12071001002,4,124387.07,0.00,0.00,124387.07,31096.77,2798,1.429593,44.46
ian,Hurricane Ian,Hurricane,2022,12071001101,2,0.00,0.00,0.00,0.00,0.00,4628,0.432152,0.00
ian,Hurricane Ian,Hurricane,2022,12071001104,2,0.00,0.00,0.00,0.00,0.00,2645,0.756144,0.00
ian,Hurricane Ian,Hurricane,2022,12071001203,88,0.00,0.00,0.00,0.00,0.00,5125,17.170732,0.00
ian,Hurricane Ian,Hurricane,2022,12071001204,1,22496.19,0.00,0.00,22496.19,22496.19,2935,0.340716,7.66
ian,Hurricane Ian,Hurricane,2022,12071001206,5,95102.60,0.00,0.00,95102.60,19020.52,2296,2.177700,41.42
ian,Hurricane Ian,Hurricane,2022,12071001207,3,4225.15,0.00,0.00,4225.15,1408.38,1865,1.608579,2.27
ian,Hurricane Ian,Hurricane,2022,12071001208,7,105697.93,34017.96,0.00,139715.89,19959.41,3558,1.967397,39.27
ian,Hurricane Ian,Hurricane,2022,12071001300,1,0.00,0.00,0.00,0.00,0.00,3713,0.269324,0.00
ian,Hurricane Ian,Hurricane,2022,12071001401,3,0.00,0.00,0.00,0.00,0.00,5527,0.542790,0.00
ian,Hurricane Ian,Hurricane,2022,12071001402,14,92138.21,17265.30,0.00,109403.51,7814.54,3198,4.377736,34.21
ian,Hurricane Ian,Hurricane,2022,12071001501,15,13774.26,0.00,0.00,13774.26,918.28,2601,5.767013,5.30
ian,Hurricane Ian,Hurricane,2022,12071001502,2,0.00,0.00,0.00,0.00,0.00,6195,0.322841,0.00
ian,Hurricane Ian,Hurricane,2022,12071001601,3,0.00,0.00,0.00,0.00,0.00,4674,0.641849,0.00
ian,Hurricane Ian,Hurricane,2022,12071001602,20,72000.26,1908.91,0.00,73909.17,3695.46,3363,5.947071,21.98
ian,Hurricane Ian,Hurricane,2022,12071001701,183,147467.42,10915.78,0.00,158383.20,865.48,3040,60.197368,52.10
ian,Hurricane Ian,Hurricane,2022,12071001705,319,2252338.50,141235.42,0.00,2393573.92,7503.37,4422,72.139303,541.29
ian,Hurricane Ian,Hurricane,2022,12071001706,198,3770067.67,225371.67,0.00,3995439.34,20178.99,3095,63.974152,1290.93
ian,Hurricane Ian,Hurricane,2022,12071001708,3,0.00,0.00,0.00,0.00,0.00,3346,0.896593,0.00
ian,Hurricane Ian,Hurricane,2022,12071001709,230,231245.80,12701.63,0.00,243947.43,1060.64,2456,93.648208,99.33
ian,Hurricane Ian,Hurricane,2022,12071001710,20,166726.29,1890.98,0.00,168617.27,8430.86,2101,9.519277,80.26
ian,Hurricane Ian,Hurricane,2022,12071001711,33,4800775.68,0.00,0.00,4800775.68,145478.05,2038,16.192345,2355.63
ian,Hurricane Ian,Hurricane,2022,12071001801,507,44179929.39,6499883.57,0.00,50679812.96,99960.18,4520,112.168142,11212.35
ian,Hurricane Ian,Hurricane,2022,12071001802,701,27679907.21,5026640.39,0.00,32706547.60,46656.99,2622,267.353166,12473.89
ian,Hurricane Ian,Hurricane,2022,12071001903,1056,10652441.42,1503650.88,0.00,12156092.30,11511.45,2713,389.237007,4480.68
ian,Hurricane Ian,Hurricane,2022,12071001908,205,21694762.08,4567032.48,88670.62,26350465.18,128538.85,761,269.382392,34626.10
ian,Hurricane Ian,Hurricane,2022,12071001910,74,5921120.43,1112632.07,17728.00,7051480.50,95290.28,1453,50.929112,4853.05
ian,Hurricane Ian,Hurricane,2022,12071001911,762,46475950.09,4184634.79,14000.00,50674584.88,66502.08,815,934.969325,62177.40
ian,Hurricane Ian,Hurricane,2022,12071001912,1066,81632612.24,12051172.34,30000.00,93713784.58,87911.62,1455,732.646048,64408.10
ian,Hurricane Ian,Hurricane,2022,12071001913,1167,60912405.93,9450150.42,22124.29,70384680.64,60312.49,1435,813.240418,49048.56
ian,Hurricane Ian,Hurricane,2022,12071001915,838,48266997.90,5467153.51,19750.00,53753901.41,64145.47,2936,285.422343,18308.55
ian,Hurricane Ian,Hurricane,2022,12071001916,277,17307265.11,2122349.69,94099.66,19523714.46,70482.72,1535,180.456026,12719.03
ian,Hurricane Ian,Hurricane,2022,12071001917,166,4990781.63,508790.70,30000.00,5529572.33,33310.68,2658,62.452972,2080.35
ian,Hurricane Ian,Hurricane,2022,12071001918,529,23463600.84,603936.61,0.00,24067537.45,45496.29,1931,273.951321,12463.77
ian,Hurricane Ian,Hurricane,2022,12071001919,258,12089582.45,1572145.45,0.00,13661727.90,52952.43,2773,93.040029,4926.70
ian,Hurricane Ian,Hurricane,2022,12071001920,676,35837201.64,6835301.69,30000.00,42702503.33,63169.38,3773,179.167771,11317.92
ian,Hurricane Ian,Hurricane,2022,12071001921,1887,124371644.64,11885251.87,0.00,136256896.51,72208.21,2756,684.687954,49440.09
ian,Hurricane Ian,Hurricane,2022,12071001922,496,35656443.83,6911965.12,0.00,42568408.95,85823.41,2674,185.489903,15919.38
ian,Hurricane Ian,Hurricane,2022,12071001923,859,61945193.62,6999124.52,30000.00,68974318.14,80296.06,2575,333.592233,26786.14
ian,Hurricane Ian,Hurricane,2022,12071010104,469,0.00,0.00,0.00,0.00,0.00,2311,202.942449,0.00
ian,Hurricane Ian,Hurricane,2022,12071010106,25,29191.26,0.00,0.00,29191.26,1167.65,5319,4.700132,5.49
ian,Hurricane Ian,Hurricane,2022,12071010107,6,0.00,0.00,0.00,0.00,0.00,3958,1.515917,0.00
ian,Hurricane Ian,Hurricane,2022,12071010108,13,24355.32,0.00,0.00,24355.32,1873.49,4193,3.100405,5.81
ian,Hurricane Ian,Hurricane,2022,12071010109,165,3695694.48,505344.38,0.00,4201038.86,25460.84,3615,45.643154,1162.11
ian,Hurricane Ian,Hurricane,2022,12071010110,53,110528.34,0.00,0.00,110528.34,2085.44,2392,22.157191,46.21
ian,Hurricane Ian,Hurricane,2022,12071010111,13,202033.80,4343.13,0.00,206376.93,15875.15,6256,2.078005,32.99
ian,Hurricane Ian,Hurricane,2022,12071010113,4,0.00,0.00,0.00,0.00,0.00,2843,1.406964,0.00
ian,Hurricane Ian,Hurricane,2022,12071010203,6,0.00,0.00,0.00,0.00,0.00,7892,0.760264,0.00
ian,Hurricane Ian,Hurricane,2022,12071010205,3,15019.58,0.00,0.00,15019.58,5006.53,5113,0.586740,2.94
ian,Hurricane Ian,Hurricane,2022,12071010206,7,0.00,203011.90,0.00,203011.90,29001.70,8406,0.832739,24.15
ian,Hurricane Ian,Hurricane,2022,12071010207,3,0.00,0.00,0.00,0.00,0.00,5563,0.539277,0.00
ian,Hurricane Ian,Hurricane,2022,12071010208,1,26310.14,1492.11,0.00,27802.25,27802.25,4009,0.249439,6.93
ian,Hurricane Ian,Hurricane,2022,12071010209,3,7805.34,0.00,0.00,7805.34,2601.78,1840,1.630435,4.24
ian,Hurricane Ian,Hurricane,2022,12071010210,1,0.00,0.00,0.00,0.00,0.00,3180,0.314465,0.00
ian,Hurricane Ian,Hurricane,2022,12071010302,5,298912.85,11069.33,0.00,309982.18,61996.44,7442,0.671862,41.65
ian,Hurricane Ian,Hurricane,2022,12071010303,15,0.00,0.00,0.00,0.00,0.00,5669,2.645969,0.00
ian,Hurricane Ian,Hurricane,2022,12071010305,619,31049529.20,3979879.98,0.00,35029409.18,56590.32,4351,142.266146,8050.89
ian,Hurricane Ian,Hurricane,2022,12071010306,4,0.00,0.00,0.00,0.00,0.00,6683,0.598534,0.00
ian,Hurricane Ian,Hurricane,2022,12071010307,14,161264.72,4917.85,0.00,166182.57,11870.18,8793,1.592176,18.90
ian,Hurricane Ian,Hurricane,2022,12071010308,35,498097.38,29844.67,0.00,527942.05,15084.06,5678,6.164142,92.98
ian,Hurricane Ian,Hurricane,2022,12071010309,315,2023924.38,154951.10,0.00,2178875.48,6917.07,4960,63.508065,439.29
ian,Hurricane Ian,Hurricane,2022,12071010404,10,8183.05,0.00,0.00,8183.05,818.31,8782,1.138693,0.93
ian,Hurricane Ian,Hurricane,2022,12071010411,274,18177383.99,3201586.00,29300.00,21408269.99,78132.37,5301,51.688361,4038.53
ian,Hurricane Ian,Hurricane,2022,12071010412,308,13534542.93,856734.94,0.00,14391277.87,46724.93,5178,59.482426,2779.31
ian,Hurricane Ian,Hurricane,2022,12071010413,1,0.00,0.00,0.00,0.00,0.00,5789,0.172741,0.00
ian,Hurricane Ian,Hurricane,2022,12071010414,14,0.00,0.00,0.00,0.00,0.00,2849,4.914005,0.00
ian,Hurricane Ian,Hurricane,2022,12071010415,733,22215328.78,3136312.20,0.00,25351640.98,34586.14,4010,182.793017,6322.10
ian,Hurricane Ian,Hurricane,2022,12071010416,475,14090498.13,1462534.82,0.00,15553032.95,32743.23,3901,121.763650,3986.93
ian,Hurricane Ian,Hurricane,2022,12071010417,720,45009319.82,8786079.55,54825.50,53850224.87,74791.98,2173,331.339162,24781.51
ian,Hurricane Ian,Hurricane,2022,12071010418,870,53979987.11,8479062.80,0.00,62459049.91,71792.01,5556,156.587473,11241.73
ian,Hurricane Ian,Hurricane,2022,12071010419,12,2500.00,2500.00,0.00,5000.00,416.67,5485,2.187785,0.91
ian,Hurricane Ian,Hurricane,2022,12071010420,55,489224.53,53517.10,0.00,542741.63,9868.03,7629,7.209333,71.14
ian,Hurricane Ian,Hurricane,2022,12071010421,40,174959.65,33655.35,0.00,208615.00,5215.38,6695,5.974608,31.16
ian,Hurricane Ian,Hurricane,2022,12071010422,327,4050866.63,341794.34,0.00,4392660.97,13433.21,3823,85.534920,1149.01
ian,Hurricane Ian,Hurricane,2022,12071010423,200,6431870.17,863544.81,0.00,7295414.98,36477.07,4023,49.714144,1813.43
ian,Hurricane Ian,Hurricane,2022,12071010501,19,5734.76,0.00,0.00,5734.76,301.83,3856,4.927386,1.49
ian,Hurricane Ian,Hurricane,2022,12071010503,247,13228069.02,788777.75,0.00,14016846.77,56748.37,2603,94.890511,5384.88
ian,Hurricane Ian,Hurricane,2022,12071010504,200,10748316.36,876716.35,30000.00,11655032.71,58275.16,3205,62.402496,3636.52
ian,Hurricane Ian,Hurricane,2022,12071010601,20,8979.64,0.00,0.00,8979.64,448.98,4347,4.600874,2.07
ian,Hurricane Ian,Hurricane,2022,12071010602,93,523195.40,52188.85,0.00,575384.25,6186.93,2937,31.664964,195.91
ian,Hurricane Ian,Hurricane,2022,12071010701,146,2920432.67,289508.26,13937.94,3223878.87,22081.36,3903,37.407123,826.00
ian,Hurricane Ian,Hurricane,2022,12071010702,674,17157321.64,1830449.10,30000.00,19017770.74,28216.28,2622,257.055683,7253.15
ian,Hurricane Ian,Hurricane,2022,12071010801,653,54842567.42,7166813.23,222522.00,62231902.65,95301.54,1642,397.685749,37900.06
ian,Hurricane Ian,Hurricane,2022,12071010802,923,60140718.20,5820974.71,60000.00,66021692.91,71529.46,3197,288.708164,20651.14
ian,Hurricane Ian,Hurricane,2022,12071010803,560,55862300.83,8684751.97,303258.48,64850311.28,115804.13,1697,329.994107,38214.68
ian,Hurricane Ian,Hurricane,2022,12071020102,9,52549.83,34673.94,0.00,87223.77,9691.53,3875,2.322581,22.51
ian,Hurricane Ian,Hurricane,2022,12071020104,2,0.00,0.00,0.00,0.00,0.00,2630,0.760456,0.00
ian,Hurricane Ian,Hurricane,2022,12071020201,5,62430.15,3897.42,0.00,66327.57,13265.51,1261,3.965107,52.60
ian,Hurricane Ian,Hurricane,2022,12071020202,12,325688.72,11087.07,0.00,336775.79,28064.65,2877,4.171011,117.06
ian,Hurricane Ian,Hurricane,2022,12071020301,3,6441.12,0.00,0.00,6441.12,2147.04,3193,0.939555,2.02
ian,Hurricane Ian,Hurricane,2022,12071020400,710,55808858.90,8436099.40,0.00,64244958.30,90485.86,3163,224.470439,20311.40
ian,Hurricane Ian,Hurricane,2022,12071020501,1,25159.78,0.00,0.00,25159.78,25159.78,3153,0.317158,7.98
ian,Hurricane Ian,Hurricane,2022,12071020502,930,59412759.87,4123109.92,59700.00,63595569.79,68382.33,3754,247.735749,16940.75
ian,Hurricane Ian,Hurricane,2022,12071020600,694,27437713.12,1648451.15,30000.00,29116164.27,41954.13,3373,205.751556,8632.13
ian,Hurricane Ian,Hurricane,2022,12071020700,260,19589751.22,2927615.38,0.00,22517366.60,86605.26,3749,69.351827,6006.23
ian,Hurricane Ian,Hurricane,2022,12071020801,2,36643.71,0.00,0.00,36643.71,18321.85,1832,1.091703,20.00
ian,Hurricane Ian,Hurricane,2022,12071020802,21,89561.72,10360.92,0.00,99922.64,4758.22,2138,9.822264,46.74
ian,Hurricane Ian,Hurricane,2022,12071030100,289,16723538.07,2155585.86,0.00,18879123.93,65325.69,2651,109.015466,7121.51
ian,Hurricane Ian,Hurricane,2022,12071030201,13,193780.03,21084.47,0.00,214864.50,16528.04,1767,7.357102,121.60
ian,Hurricane Ian,Hurricane,2022,12071030202,349,35827806.33,6164788.06,10000.00,42002594.39,120351.27,6103,57.184991,6882.29
ian,Hurricane Ian,Hurricane,2022,12071030205,124,11800950.68,1919402.87,0.00,13720353.55,110648.01,3238,38.295244,4237.29
ian,Hurricane Ian,Hurricane,2022,12071030300,49,2944258.28,585993.03,27950.00,3558201.31,72616.35,2801,17.493752,1270.33
ian,Hurricane Ian,Hurricane,2022,12071040108,1,0.00,0.00,0.00,0.00,0.00,4715,0.212089,0.00
ian,Hurricane Ian,Hurricane,2022,12071040109,1,19811.11,0.00,0.00,19811.11,19811.11,7090,0.141044,2.79
ian,Hurricane Ian,Hurricane,2022,12071040110,7,0.00,0.00,0.00,0.00,0.00,3550,1.971831,0.00
ian,Hurricane Ian,Hurricane,2022,12071040113,7,6479.43,0.00,0.00,6479.43,925.63,1455,4.810997,4.45
ian,Hurricane Ian,Hurricane,2022,12071040117,5,0.00,0.00,0.00,0.00,0.00,3765,1.328021,0.00
ian,Hurricane Ian,Hurricane,2022,12071040118,1,0.00,0.00,0.00,0.00,0.00,2290,0.436681,0.00
ian,Hurricane Ian,Hurricane,2022,12071040123,53,3393966.39,398715.06,0.00,3792681.45,71560.03,5749,9.218995,659.71
ian,Hurricane Ian,Hurricane,2022,12071040127,8,280498.88,33484.53,0.00,313983.41,39247.93,3922,2.039776,80.06
ian,Hurricane Ian,Hurricane,2022,12071040128,1,0.00,0.00,0.00,0.00,0.00,2554,0.391543,0.00
ian,Hurricane Ian,Hurricane,2022,12071040129,1,0.00,0.00,0.00,0.00,0.00,1482,0.674764,0.00
ian,Hurricane Ian,Hurricane,2022,12071040130,1,0.00,0.00,0.00,0.00,0.00,3822,0.261643,0.00
ian,Hurricane Ian,Hurricane,2022,12071040131,1,0.00,0.00,0.00,0.00,0.00,1070,0.934579,0.00
ian,Hurricane Ian,Hurricane,2022,12071040132,2,4327.12,0.00,0.00,4327.12,2163.56,1499,1.334223,2.89
ian,Hurricane Ian,Hurricane,2022,12071040134,3,0.00,0.00,0.00,0.00,0.00,1139,2.633889,0.00
ian,Hurricane Ian,Hurricane,2022,12071040135,3,0.00,0.00,0.00,0.00,0.00,2167,1.384402,0.00
ian,Hurricane Ian,Hurricane,2022,12071040136,4,0.00,0.00,0.00,0.00,0.00,5265,0.759734,0.00
ian,Hurricane Ian,Hurricane,2022,12071040138,5,9320.23,3548.82,0.00,12869.05,2573.81,4996,1.000801,2.58
ian,Hurricane Ian,Hurricane,2022,12071040206,5,59857.62,14793.98,0.00,74651.60,14930.32,3179,1.572822,23.48
ian,Hurricane Ian,Hurricane,2022,12071040207,3,14069.39,0.00,0.00,14069.39,4689.80,5625,0.533333,2.50
ian,Hurricane Ian,Hurricane,2022,12071040209,1,3997.33,0.00,0.00,3997.33,3997.33,2792,0.358166,1.43
ian,Hurricane Ian,Hurricane,2022,12071040302,1,40580.72,669.29,0.00,41250.01,41250.01,4390,0.227790,9.40
ian,Hurricane Ian,Hurricane,2022,12071050103,384,36818142.54,7635642.39,0.00,44453784.93,115765.06,1310,293.129771,33934.19
ian,Hurricane Ian,Hurricane,2022,12071050104,119,13767839.67,2345379.96,58750.98,16171970.61,135898.91,2675,44.485981,6045.60
ian,Hurricane Ian,Hurricane,2022,12071050105,815,40020959.30,3850133.53,30000.00,43901092.83,53866.37,2867,284.269271,15312.55
ian,Hurricane Ian,Hurricane,2022,12071050106,1652,123165303.81,11971507.10,202465.00,135339275.91,81924.50,4852,340.478153,27893.50
ian,Hurricane Ian,Hurricane,2022,12071050204,1,0.00,0.00,0.00,0.00,0.00,4304,0.232342,0.00
ian,Hurricane Ian,Hurricane,2022,12071050205,22,864082.84,231264.17,0.00,1095347.01,49788.50,1800,12.222222,608.53
ian,Hurricane Ian,Hurricane,2022,12071050206,2,0.00,0.00,0.00,0.00,0.00,3839,0.520969,0.00
ian,Hurricane Ian,Hurricane,2022,12071050207,2,5924.27,0.00,0.00,5924.27,2962.14,2684,0.745156,2.21
ian,Hurricane Ian,Hurricane,2022,12071050208,13,21752.56,5808.24,0.00,27560.80,2120.06,6086,2.136050,4.53
ian,Hurricane Ian,Hurricane,2022,12071050210,1,0.00,0.00,0.00,0.00,0.00,2354,0.424809,0.00
ian,Hurricane Ian,Hurricane,2022,12071050211,3,17451.49,4008.43,0.00,21459.92,7153.31,2180,1.376147,9.84
ian,Hurricane Ian,Hurricane,2022,12071050212,11,14621.45,0.00,0.00,14621.45,1329.22,4431,2.482510,3.30
ian,Hurricane Ian,Hurricane,2022,12071050213,3,379.94,0.00,0.00,379.94,126.65,4743,0.632511,0.08
ian,Hurricane Ian,Hurricane,2022,12071050305,2143,61166003.64,8541406.90,0.00,69707410.54,32527.96,3481,615.627693,20025.11
ian,Hurricane Ian,Hurricane,2022,12071050306,3,13189.30,0.00,0.00,13189.30,4396.43,2333,1.285898,5.65
ian,Hurricane Ian,Hurricane,2022,12071050311,5,0.00,0.00,0.00,0.00,0.00,8863,0.564143,0.00
ian,Hurricane Ian,Hurricane,2022,12071050312,8,2576.70,0.00,0.00,2576.70,322.09,4151,1.927246,0.62
ian,Hurricane Ian,Hurricane,2022,12071050315,1,0.00,0.00,0.00,0.00,0.00,1343,0.744602,0.00
ian,Hurricane Ian,Hurricane,2022,12071050316,4,20366.64,0.00,0.00,20366.64,5091.66,2358,1.696353,8.64
ian,Hurricane Ian,Hurricane,2022,12071050317,11,106358.67,9729.47,0.00,116088.14,10553.47,2855,3.852890,40.66
ian,Hurricane Ian,Hurricane,2022,12071050318,2,0.00,0.00,0.00,0.00,0.00,5527,0.361860,0.00
ian,Hurricane Ian,Hurricane,2022,12071050319,382,22234519.92,6716432.83,0.00,28950952.75,75787.83,2536,150.630915,11415.99
ian,Hurricane Ian,Hurricane,2022,12071050320,284,12102362.96,2609293.63,0.00,14711656.59,51801.61,5421,52.388858,2713.83
ian,Hurricane Ian,Hurricane,2022,12071050321,916,19951480.17,1858070.91,81312.96,21890864.04,23898.32,2128,430.451128,10287.06
ian,Hurricane Ian,Hurricane,2022,12071050322,56,2141971.18,390001.80,0.00,2531972.98,45213.80,2949,18.989488,858.59
ian,Hurricane Ian,Hurricane,2022,12071050401,412,17281339.89,1882322.46,14962.82,19178625.17,46550.06,3782,108.937070,5071.03
ian,Hurricane Ian,Hurricane,2022,12071050402,2,0.00,0.00,0.00,0.00,0.00,6339,0.315507,0.00
ian,Hurricane Ian,Hurricane,2022,12071050501,2,2562.16,0.00,0.00,2562.16,1281.08,5104,0.391850,0.50
ian,Hurricane Ian,Hurricane,2022,12071050502,17,487191.00,21000.00,0.00,508191.00,29893.59,2804,6.062767,181.24
ian,Hurricane Ian,Hurricane,2022,12071050601,393,20172040.78,2884554.90,101769.36,23158365.04,58927.14,3002,130.912725,7714.31
ian,Hurricane Ian,Hurricane,2022,12071050603,248,15453996.56,2119735.63,72624.85,17646357.04,71154.67,3550,69.859155,4970.80
ian,Hurricane Ian,Hurricane,2022,12071060101,214,20814083.91,2510161.47,78000.00,23402245.38,109356.29,1127,189.884650,20765.08
ian,Hurricane Ian,Hurricane,2022,12071060102,1967,182308610.05,18113219.56,373167.40,200794997.01,102081.85,2010,978.606965,99898.01
ian,Hurricane Ian,Hurricane,2022,12071060201,2141,133512811.32,2961466.90,0.00,136474278.22,63743.24,757,2828.269485,180283.06
ian,Hurricane Ian,Hurricane,2022,12071060202,2309,51847826.34,2493910.68,79242.45,54420979.47,23569.07,1489,1550.705171,36548.68
ian,Hurricane Ian,Hurricane,2022,12071060203,821,76072779.81,9195907.68,184044.02,85452731.51,104083.72,1394,588.952654,61300.38
ian,Hurricane Ian,Hurricane,2022,12071060300,1819,102651033.42,3145682.03,112760.00,105909475.45,58224.01,1028,1769.455253,103024.78
ian,Hurricane Ian,Hurricane,2022,12071070101,140,1802122.55,290818.51,0.00,2092941.06,14949.58,2023,69.204152,1034.57
ian,Hurricane Ian,Hurricane,2022,12071070102,402,15893071.64,1645087.73,95920.00,17634079.37,43865.87,3128,128.516624,5637.49
ian,Hurricane Ian,Hurricane,2022,12071070201,763,36079565.91,5060135.23,222417.53,41362118.67,54209.85,2281,334.502411,18133.33
ian,Hurricane Ian,Hurricane,2022,12071070202,307,15276273.54,2685581.20,0.00,17961854.74,58507.67,1134,270.723104,15839.38
ian,Hurricane Ian,Hurricane,2022,12071080100,584,13100532.45,1809793.87,0.00,14910326.32,25531.38,161,3627.329193,92610.72
ian,Hurricane Ian,Hurricane,2022,12071080202,4290,367341584.73,26735833.82,146500.00,394223918.55,91893.69,2324,1845.955250,169631.63
ian,Hurricane Ian,Hurricane,2022,12071080203,1602,127745971.34,13705868.44,232000.00,141683839.78,88441.85,1417,1130.557516,99988.60
ian,Hurricane Ian,Hurricane,2022,12071080204,1449,86675707.50,13522541.34,94974.95,100293223.79,69215.48,2679,540.873460,37436.81
ian,Hurricane Ian,Hurricane,2022,12071080300,440,11860004.17,1495133.04,0.00,13355137.21,30352.58,2885,152.512998,4629.16
ian,Hurricane Ian,Hurricane,2022,12071090100,59,352914.42,0.00,0.00,352914.42,5981.60,696,84.770115,507.06
ian,Hurricane Ian,Hurricane,2022,12081000101,49,0.00,0.00,0.00,0.00,0.00,1969,24.885729,0.00
ian,Hurricane Ian,Hurricane,2022,12081000201,3,0.00,0.00,0.00,0.00,0.00,4880,0.614754,0.00
ian,Hurricane Ian,Hurricane,2022,12081000204,2,0.00,0.00,0.00,0.00,0.00,2268,0.881834,0.00
ian,Hurricane Ian,Hurricane,2022,12081000312,1,0.00,0.00,0.00,0.00,0.00,1808,0.553097,0.00
ian,Hurricane Ian,Hurricane,2022,12081000405,1,0.00,0.00,0.00,0.00,0.00,3194,0.313087,0.00
ian,Hurricane Ian,Hurricane,2022,12081000501,1,0.00,0.00,0.00,0.00,0.00,2818,0.354862,0.00
ian,Hurricane Ian,Hurricane,2022,12081000704,2,6605.17,0.00,0.00,6605.17,3302.59,6350,0.314961,1.04
ian,Hurricane Ian,Hurricane,2022,12081000705,1,0.00,0.00,0.00,0.00,0.00,6318,0.158278,0.00
ian,Hurricane Ian,Hurricane,2022,12081000805,1,0.00,0.00,0.00,0.00,0.00,7836,0.127616,0.00
ian,Hurricane Ian,Hurricane,2022,12081000814,2,146.12,0.00,0.00,146.12,73.06,3822,0.523286,0.04
ian,Hurricane Ian,Hurricane,2022,12081000901,4,0.00,0.00,0.00,0.00,0.00,5719,0.699423,0.00
ian,Hurricane Ian,Hurricane,2022,12081000902,1,2500.00,0.00,0.00,2500.00,2500.00,5566,0.179662,0.45
ian,Hurricane Ian,Hurricane,2022,12081001108,1,0.00,0.00,0.00,0.00,0.00,3139,0.318573,0.00
ian,Hurricane Ian,Hurricane,2022,12081001203,1,0.00,0.00,0.00,0.00,0.00,4529,0.220799,0.00
ian,Hurricane Ian,Hurricane,2022,12081001204,18,0.00,0.00,0.00,0.00,0.00,6365,2.827965,0.00
ian,Hurricane Ian,Hurricane,2022,12081001300,3,5853.64,0.00,0.00,5853.64,1951.21,3822,0.784929,1.53
ian,Hurricane Ian,Hurricane,2022,12081001402,2,0.00,0.00,0.00,0.00,0.00,1534,1.303781,0.00
ian,Hurricane Ian,Hurricane,2022,12081001404,4,0.00,0.00,0.00,0.00,0.00,3945,1.013942,0.00
ian,Hurricane Ian,Hurricane,2022,12081001405,1,13078.44,0.00,0.00,13078.44,13078.44,2442,0.409500,5.36
ian,Hurricane Ian,Hurricane,2022,12081001603,1,1758.00,0.00,0.00,1758.00,1758.00,1477,0.677048,1.19
ian,Hurricane Ian,Hurricane,2022,12081001604,1,0.00,2106.52,0.00,2106.52,2106.52,4771,0.209600,0.44
ian,Hurricane Ian,Hurricane,2022,12081001705,6,0.00,12446.74,0.00,12446.74,2074.46,2730,2.197802,4.56
ian,Hurricane Ian,Hurricane,2022,12081001802,1,0.00,0.00,0.00,0.00,0.00,1072,0.932836,0.00
ian,Hurricane Ian,Hurricane,2022,12081001907,2,0.00,0.00,0.00,0.00,0.00,6451,0.310029,0.00
ian,Hurricane Ian,Hurricane,2022,12081001909,2,0.00,0.00,0.00,0.00,0.00,3834,0.521648,0.00
ian,Hurricane Ian,Hurricane,2022,12081001913,1,149.45,0.00,0.00,149.45,149.45,6101,0.163908,0.02
ian,Hurricane Ian,Hurricane,2022,12081001916,2,0.00,0.00,0.00,0.00,0.00,4851,0.412286,0.00
ian,Hurricane Ian,Hurricane,2022,12081002005,2,0.00,0.00,0.00,0.00,0.00,6050,0.330579,0.00
ian,Hurricane Ian,Hurricane,2022,12081002010,30,1145164.65,306158.89,0.00,1451323.54,48377.45,3979,7.539583,364.75
ian,Hurricane Ian,Hurricane,2022,12081002014,2,0.00,0.00,0.00,0.00,0.00,7778,0.257136,0.00
ian,Hurricane Ian,Hurricane,2022,12081002016,1,0.00,0.00,0.00,0.00,0.00,6048,0.165344,0.00
ian,Hurricane Ian,Hurricane,2022,12081002017,2,0.00,0.00,0.00,0.00,0.00,4298,0.465333,0.00
ian,Hurricane Ian,Hurricane,2022,12081002019,1,0.00,0.00,0.00,0.00,0.00,6724,0.148721,0.00
ian,Hurricane Ian,Hurricane,2022,12081002020,2,0.00,0.00,0.00,0.00,0.00,4090,0.488998,0.00
ian,Hurricane Ian,Hurricane,2022,12081002021,1,0.00,0.00,0.00,0.00,0.00,7839,0.127567,0.00
ian,Hurricane Ian,Hurricane,2022,12081002023,2,3997.76,0.00,0.00,3997.76,1998.88,8240,0.242718,0.49
ian,Hurricane Ian,Hurricane,2022,12083001003,1,5400.45,0.00,0.00,5400.45,5400.45,1662,0.601685,3.25
ian,Hurricane Ian,Hurricane,2022,12085000501,1,0.00,0.00,0.00,0.00,0.00,4850,0.206186,0.00
ian,Hurricane Ian,Hurricane,2022,12085000702,1,0.00,0.00,0.00,0.00,0.00,1795,0.557103,0.00
ian,Hurricane Ian,Hurricane,2022,12085001500,1,0.00,0.00,0.00,0.00,0.00,3638,0.274876,0.00
ian,Hurricane Ian,Hurricane,2022,12085001701,2,3498.85,0.00,0.00,3498.85,1749.42,3744,0.534188,0.93
ian,Hurricane Ian,Hurricane,2022,12086000216,1,0.00,0.00,0.00,0.00,0.00,4719,0.211909,0.00
ian,Hurricane Ian,Hurricane,2022,12086000219,1,0.00,0.00,0.00,0.00,0.00,4965,0.201410,0.00
ian,Hurricane Ian,Hurricane,2022,12086000227,1,0.00,0.00,0.00,0.00,0.00,3170,0.315457,0.00
ian,Hurricane Ian,Hurricane,2022,12086000419,1,0.00,0.00,0.00,0.00,0.00,3388,0.295159,0.00
ian,Hurricane Ian,Hurricane,2022,12086000508,4,81879.19,0.00,0.00,81879.19,20469.80,3907,1.023803,20.96
ian,Hurricane Ian,Hurricane,2022,12086000607,1,0.00,0.00,0.00,0.00,0.00,4497,0.222370,0.00
ian,Hurricane Ian,Hurricane,2022,12086000611,1,0.00,0.00,0.00,0.00,0.00,2604,0.384025,0.00
ian,Hurricane Ian,Hurricane,2022,12086001003,1,0.00,0.00,0.00,0.00,0.00,6442,0.155231,0.00
ian,Hurricane Ian,Hurricane,2022,12086001204,1,0.00,0.00,0.00,0.00,0.00,5915,0.169062,0.00
ian,Hurricane Ian,Hurricane,2022,12086001207,2,0.00,0.00,0.00,0.00,0.00,2168,0.922509,0.00
ian,Hurricane Ian,Hurricane,2022,12086001704,2,0.00,0.00,0.00,0.00,0.00,2179,0.917852,0.00
ian,Hurricane Ian,Hurricane,2022,12086002202,1,0.00,0.00,0.00,0.00,0.00,5332,0.187547,0.00
ian,Hurricane Ian,Hurricane,2022,12086002709,704,0.00,0.00,0.00,0.00,0.00,4070,172.972973,0.00
ian,Hurricane Ian,Hurricane,2022,12086004208,1,0.00,0.00,0.00,0.00,0.00,1071,0.933707,0.00
ian,Hurricane Ian,Hurricane,2022,12086004904,1,0.00,0.00,0.00,0.00,0.00,2302,0.434405,0.00
ian,Hurricane Ian,Hurricane,2022,12086005004,1,0.00,0.00,0.00,0.00,0.00,3908,0.255885,0.00
ian,Hurricane Ian,Hurricane,2022,12086005104,1,0.00,0.00,0.00,0.00,0.00,4386,0.227998,0.00
ian,Hurricane Ian,Hurricane,2022,12086005407,1,0.00,0.00,0.00,0.00,0.00,2559,0.390778,0.00
ian,Hurricane Ian,Hurricane,2022,12086005503,1,0.00,0.00,0.00,0.00,0.00,3658,0.273373,0.00
ian,Hurricane Ian,Hurricane,2022,12086005506,1,0.00,0.00,0.00,0.00,0.00,3358,0.297796,0.00
ian,Hurricane Ian,Hurricane,2022,12086006003,1,4212.31,0.00,0.00,4212.31,4212.31,2894,0.345543,1.46
ian,Hurricane Ian,Hurricane,2022,12086006103,1,0.00,0.00,0.00,0.00,0.00,2014,0.496524,0.00
ian,Hurricane Ian,Hurricane,2022,12086007103,1,28190.31,0.00,0.00,28190.31,28190.31,2079,0.481000,13.56
ian,Hurricane Ian,Hurricane,2022,12086007706,1,0.00,0.00,0.00,0.00,0.00,3065,0.326264,0.00
ian,Hurricane Ian,Hurricane,2022,12086007902,2,33097.26,0.00,0.00,33097.26,16548.63,2984,0.670241,11.09
ian,Hurricane Ian,Hurricane,2022,12086008415,1,0.00,0.00,0.00,0.00,0.00,4695,0.212993,0.00
ian,Hurricane Ian,Hurricane,2022,12086009029,1,0.00,0.00,0.00,0.00,0.00,4234,0.236183,0.00
ian,Hurricane Ian,Hurricane,2022,12086009065,16,70239.89,0.00,0.00,70239.89,4389.99,3463,4.620271,20.28
ian,Hurricane Ian,Hurricane,2022,12086009066,1,54980.76,36660.20,0.00,91640.96,91640.96,6923,0.144446,13.24
ian,Hurricane Ian,Hurricane,2022,12086010012,1,0.00,0.00,0.00,0.00,0.00,6646,0.150466,0.00
ian,Hurricane Ian,Hurricane,2022,12086010501,1,0.00,0.00,0.00,0.00,0.00,5391,0.185494,0.00
ian,Hurricane Ian,Hurricane,2022,12086010625,1,0.00,0.00,0.00,0.00,0.00,5580,0.179211,0.00
ian,Hurricane Ian,Hurricane,2022,12086010705,1,0.00,0.00,0.00,0.00,0.00,4795,0.208551,0.00
ian,Hurricane Ian,Hurricane,2022,12086010706,1,0.00,0.00,0.00,0.00,0.00,3334,0.299940,0.00
ian,Hurricane Ian,Hurricane,2022,12086011012,1,0.00,0.00,0.00,0.00,0.00,2268,0.440917,0.00
ian,Hurricane Ian,Hurricane,2022,12086011014,1,26646.48,0.00,0.00,26646.48,26646.48,4569,0.218866,5.83
ian,Hurricane Ian,Hurricane,2022,12086011015,1,0.00,0.00,0.00,0.00,0.00,10301,0.097078,0.00
ian,Hurricane Ian,Hurricane,2022,12086011500,1,0.00,0.00,0.00,0.00,0.00,5644,0.177179,0.00
ian,Hurricane Ian,Hurricane,2022,12086011900,1,0.00,0.00,0.00,0.00,0.00,5785,0.172861,0.00
ian,Hurricane Ian,Hurricane,2022,12086012403,1,4924.97,0.00,0.00,4924.97,4924.97,1725,0.579710,2.86
ian,Hurricane Ian,Hurricane,2022,12086012501,1,26747.05,0.00,0.00,26747.05,26747.05,1851,0.540249,14.45
ian,Hurricane Ian,Hurricane,2022,12086018001,1,0.00,0.00,0.00,0.00,0.00,1529,0.654022,0.00
ian,Hurricane Ian,Hurricane,2022,12086018003,1,0.00,0.00,0.00,0.00,0.00,8306,0.120395,0.00
ian,Hurricane Ian,Hurricane,2022,12086018801,1,0.00,0.00,0.00,0.00,0.00,2729,0.366435,0.00
ian,Hurricane Ian,Hurricane,2022,12086019600,1,0.00,0.00,0.00,0.00,0.00,6530,0.153139,0.00
ian,Hurricane Ian,Hurricane,2022,12086490100,1,0.00,0.00,0.00,0.00,0.00,1373,0.728332,0.00
ian,Hurricane Ian,Hurricane,2022,12087970400,8,50184.29,4037.16,0.00,54221.45,6777.68,4365,1.832761,12.42
ian,Hurricane Ian,Hurricane,2022,12087970500,4,108349.32,0.00,0.00,108349.32,27087.33,3086,1.296176,35.11
ian,Hurricane Ian,Hurricane,2022,12087970600,2,0.00,0.00,0.00,0.00,0.00,1634,1.223990,0.00
ian,Hurricane Ian,Hurricane,2022,12087970700,1,124612.82,0.00,0.00,124612.82,124612.82,2796,0.357654,44.57
ian,Hurricane Ian,Hurricane,2022,12087970800,2,34317.39,1408.87,0.00,35726.26,17863.13,4319,0.463070,8.27
ian,Hurricane Ian,Hurricane,2022,12087970900,13,196749.52,0.00,0.00,196749.52,15134.58,2190,5.936073,89.84
ian,Hurricane Ian,Hurricane,2022,12087971001,50,336034.72,56707.63,0.00,392742.35,7854.85,1300,38.461538,302.11
ian,Hurricane Ian,Hurricane,2022,12087971002,1,5160.14,0.00,0.00,5160.14,5160.14,1743,0.573723,2.96
ian,Hurricane Ian,Hurricane,2022,12087971100,9,275926.59,12325.36,0.00,288251.95,32027.99,3990,2.255639,72.24
ian,Hurricane Ian,Hurricane,2022,12087971200,2,3351.50,0.00,0.00,3351.50,1675.75,2712,0.737463,1.24
ian,Hurricane Ian,Hurricane,2022,12087971300,2,30838.61,3764.86,0.00,34603.47,17301.74,1765,1.133144,19.61
ian,Hurricane Ian,Hurricane,2022,12087971401,8,61769.55,0.00,0.00,61769.55,7721.19,2894,2.764340,21.34
ian,Hurricane Ian,Hurricane,2022,12087971501,15,173079.66,13627.75,0.00,186707.41,12447.16,2238,6.702413,83.43
ian,Hurricane Ian,Hurricane,2022,12087971502,14,101750.56,21927.68,0.00,123678.24,8834.16,3399,4.118858,36.39
ian,Hurricane Ian,Hurricane,2022,12087971600,5,104630.44,0.00,0.00,104630.44,20926.09,2300,2.173913,45.49
ian,Hurricane Ian,Hurricane,2022,12087971700,11,154086.12,12320.74,0.00,166406.86,15127.90,3409,3.226753,48.81
ian,Hurricane Ian,Hurricane,2022,12087971800,27,214126.21,9771.34,0.00,223897.55,8292.50,5943,4.543160,37.67
ian,Hurricane Ian,Hurricane,2022,12087971900,12,741519.94,305960.99,0.00,1047480.93,87290.08,6647,1.805326,157.59
ian,Hurricane Ian,Hurricane,2022,12087972000,525,16598758.13,1939712.75,0.00,18538470.88,35311.37,4452,117.924528,4164.08
ian,Hurricane Ian,Hurricane,2022,12087972100,37,1335572.46,146323.86,0.00,1481896.32,40051.25,4741,7.804261,312.57
ian,Hurricane Ian,Hurricane,2022,12087972200,18,639028.42,25127.95,0.00,664156.37,36897.58,3373,5.336496,196.90
ian,Hurricane Ian,Hurricane,2022,12087972400,52,2492871.36,178682.79,0.00,2671554.15,51376.04,2866,18.143754,932.15
ian,Hurricane Ian,Hurricane,2022,12087972500,1,5530.18,0.00,0.00,5530.18,5530.18,994,1.006036,5.56
ian,Hurricane Ian,Hurricane,2022,12087972700,23,480203.32,21315.82,0.00,501519.14,21805.18,4212,5.460589,119.07
ian,Hurricane Ian,Hurricane,2022,12087972800,61,1150390.23,127666.90,0.00,1278057.13,20951.76,3005,20.299501,425.31
ian,Hurricane Ian,Hurricane,2022,12087980000,1,16881.16,0.00,0.00,16881.16,16881.16,16,62.500000,1055.07
ian,Hurricane Ian,Hurricane,2022,12087990000,1,250000.00,0.00,0.00,250000.00,250000.00,,,
ian,Hurricane Ian,Hurricane,2022,12089050104,1,0.00,0.00,0.00,0.00,0.00,3741,0.267308,0.00
ian,Hurricane Ian,Hurricane,2022,12089050308,2,6619.24,0.00,0.00,6619.24,3309.62,8227,0.243102,0.80
ian,Hurricane Ian,Hurricane,2022,12089050309,2,45793.00,20000.00,0.00,65793.00,32896.50,5268,0.379651,12.49
ian,Hurricane Ian,Hurricane,2022,12093910102,1,0.00,0.00,0.00,0.00,0.00,3212,0.311333,0.00
ian,Hurricane Ian,Hurricane,2022,12093910500,1,0.00,0.00,0.00,0.00,0.00,4260,0.234742,0.00
ian,Hurricane Ian,Hurricane,2022,12095010202,4,206704.41,1261.14,0.00,207965.55,51991.39,3682,1.086366,56.48
ian,Hurricane Ian,Hurricane,2022,12095010300,5,372563.81,4794.52,0.00,377358.33,75471.67,3065,1.631321,123.12
ian,Hurricane Ian,Hurricane,2022,12095011000,4,9100.65,896.75,0.00,9997.40,2499.35,2988,1.338688,3.35
ian,Hurricane Ian,Hurricane,2022,12095011300,41,3335662.21,594704.55,0.00,3930366.76,95862.60,5284,7.759273,743.82
ian,Hurricane Ian,Hurricane,2022,12095011600,11,404297.00,146386.17,0.00,550683.17,50062.11,4346,2.531063,126.71
ian,Hurricane Ian,Hurricane,2022,12095011701,5,281068.03,0.00,0.00,281068.03,56213.61,3962,1.261989,70.94
ian,Hurricane Ian,Hurricane,2022,12095011702,4,11374.55,0.00,0.00,11374.55,2843.64,3123,1.280820,3.64
ian,Hurricane Ian,Hurricane,2022,12095012000,1,67665.97,0.00,0.00,67665.97,67665.97,9109,0.109782,7.43
ian,Hurricane Ian,Hurricane,2022,12095012304,1,0.00,0.00,0.00,0.00,0.00,8407,0.118948,0.00
ian,Hurricane Ian,Hurricane,2022,12095012402,1,7911.36,0.00,0.00,7911.36,7911.36,5344,0.187126,1.48
ian,Hurricane Ian,Hurricane,2022,12095012403,1,65472.09,13189.96,0.00,78662.05,78662.05,7408,0.134989,10.62
ian,Hurricane Ian,Hurricane,2022,12095012500,7,579374.88,105386.81,0.00,684761.69,97823.10,2433,2.877106,281.45
ian,Hurricane Ian,Hurricane,2022,12095012600,7,486744.63,8019.38,0.00,494764.01,70680.57,5138,1.362398,96.30
ian,Hurricane Ian,Hurricane,2022,12095012701,4,81402.24,52190.35,0.00,133592.59,33398.15,5471,0.731128,24.42
ian,Hurricane Ian,Hurricane,2022,12095012800,17,1185486.82,137156.16,0.00,1322642.98,77802.53,3759,4.522479,351.86
ian,Hurricane Ian,Hurricane,2022,12095012900,1,0.00,0.00,0.00,0.00,0.00,3868,0.258532,0.00
ian,Hurricane Ian,Hurricane,2022,12095013300,9,421484.57,72244.45,0.00,493729.02,54858.78,7183,1.252958,68.74
ian,Hurricane Ian,Hurricane,2022,12095013402,18,1009908.26,239632.77,0.00,1249541.03,69418.95,3631,4.957312,344.13
ian,Hurricane Ian,Hurricane,2022,12095013405,86,2535571.65,42512.01,0.00,2578083.66,29977.72,2582,33.307514,998.48
ian,Hurricane Ian,Hurricane,2022,12095013406,5,178316.75,7726.65,0.00,186043.40,37208.68,4388,1.139471,42.40
ian,Hurricane Ian,Hurricane,2022,12095013505,3,0.00,10000.00,0.00,10000.00,3333.33,5741,0.522557,1.74
ian,Hurricane Ian,Hurricane,2022,12095013511,1,4109.47,0.00,0.00,4109.47,4109.47,6205,0.161160,0.66
ian,Hurricane Ian,Hurricane,2022,12095013512,16,308645.41,29560.25,0.00,338205.66,21137.85,5396,2.965159,62.68
ian,Hurricane Ian,Hurricane,2022,12095013603,1,104131.48,29634.13,0.00,133765.61,133765.61,5732,0.174459,23.34
ian,Hurricane Ian,Hurricane,2022,12095013605,1,0.00,0.00,0.00,0.00,0.00,3525,0.283688,0.00
ian,Hurricane Ian,Hurricane,2022,12095013607,20,689141.62,35745.81,0.00,724887.43,36244.37,5344,3.742515,135.65
ian,Hurricane Ian,Hurricane,2022,12095013702,5,181340.10,11538.93,0.00,192879.03,38575.81,5606,0.891902,34.41
ian,Hurricane Ian,Hurricane,2022,12095013803,17,805942.74,78846.48,0.00,884789.22,52046.42,2911,5.839918,303.95
ian,Hurricane Ian,Hurricane,2022,12095013900,3,48589.21,1248.07,0.00,49837.28,16612.43,4461,0.672495,11.17
ian,Hurricane Ian,Hurricane,2022,12095014000,5,230845.54,63283.77,0.00,294129.31,58825.86,6368,0.785176,46.19
ian,Hurricane Ian,Hurricane,2022,12095014100,8,534637.28,133231.42,0.00,667868.70,83483.59,6365,1.256874,104.93
ian,Hurricane Ian,Hurricane,2022,12095014201,3,78568.04,0.00,0.00,78568.04,26189.35,5750,0.521739,13.66
ian,Hurricane Ian,Hurricane,2022,12095014202,2,26943.57,0.00,0.00,26943.57,13471.78,3781,0.528961,7.13
ian,Hurricane Ian,Hurricane,2022,12095014301,8,232360.19,25865.70,0.00,258225.89,32278.24,4322,1.850995,59.75
ian,Hurricane Ian,Hurricane,2022,12095014302,25,905516.60,68799.33,0.00,974315.93,38972.64,5454,4.583792,178.64
ian,Hurricane Ian,Hurricane,2022,12095014601,2,7176.12,711.77,0.00,7887.89,3943.94,7910,0.252845,1.00
ian,Hurricane Ian,Hurricane,2022,12095014608,3,65192.43,2941.74,0.00,68134.17,22711.39,5435,0.551978,12.54
ian,Hurricane Ian,Hurricane,2022,12095014701,23,1443425.25,213997.50,0.00,1657422.75,72061.86,5799,3.966201,285.81
ian,Hurricane Ian,Hurricane,2022,12095014806,1,0.00,0.00,0.00,0.00,0.00,4855,0.205973,0.00
ian,Hurricane Ian,Hurricane,2022,12095014809,3,95571.72,0.00,0.00,95571.72,31857.24,3009,0.997009,31.76
ian,Hurricane Ian,Hurricane,2022,12095014810,1,168258.51,52715.90,0.00,220974.41,220974.41,6580,0.151976,33.58
ian,Hurricane Ian,Hurricane,2022,12095014812,1,53506.93,0.00,0.00,53506.93,53506.93,6093,0.164123,8.78
ian,Hurricane Ian,Hurricane,2022,12095014813,1,0.00,0.00,0.00,0.00,0.00,4036,0.247770,0.00
ian,Hurricane Ian,Hurricane,2022,12095014814,2,5514.24,0.00,0.00,5514.24,2757.12,6262,0.319387,0.88
ian,Hurricane Ian,Hurricane,2022,12095015005,1,0.00,0.00,0.00,0.00,0.00,3204,0.312110,0.00
ian,Hurricane Ian,Hurricane,2022,12095015106,1,0.00,1208.24,0.00,1208.24,1208.24,7980,0.125313,0.15
ian,Hurricane Ian,Hurricane,2022,12095015202,11,527948.67,69149.38,0.00,597098.05,54281.64,6572,1.673767,90.85
ian,Hurricane Ian,Hurricane,2022,12095015204,1,0.00,0.00,0.00,0.00,0.00,6077,0.164555,0.00
ian,Hurricane Ian,Hurricane,2022,12095015300,12,415987.18,21387.59,0.00,437374.77,36447.90,3866,3.103983,113.13
ian,Hurricane Ian,Hurricane,2022,12095015501,2,74196.30,31526.90,0.00,105723.20,52861.60,5678,0.352237,18.62
ian,Hurricane Ian,Hurricane,2022,12095015601,5,41121.50,0.00,0.00,41121.50,8224.30,2743,1.822822,14.99
ian,Hurricane Ian,Hurricane,2022,12095015602,1,45898.23,4140.16,0.00,50038.39,50038.39,2080,0.480769,24.06
ian,Hurricane Ian,Hurricane,2022,12095015701,1,121391.47,37389.39,0.00,158780.86,158780.86,2396,0.417362,66.27
ian,Hurricane Ian,Hurricane,2022,12095015702,5,208389.02,15500.28,0.00,223889.30,44777.86,1527,3.274394,146.62
ian,Hurricane Ian,Hurricane,2022,12095015801,1,5186.97,5373.08,0.00,10560.05,10560.05,1721,0.581058,6.14
ian,Hurricane Ian,Hurricane,2022,12095015802,3,158292.45,25028.09,0.00,183320.54,61106.85,2642,1.135503,69.39
ian,Hurricane Ian,Hurricane,2022,12095015901,1,500000.00,150000.00,0.00,650000.00,650000.00,2676,0.373692,242.90
ian,Hurricane Ian,Hurricane,2022,12095016002,16,844204.38,132014.08,0.00,976218.46,61013.65,2582,6.196747,378.09
ian,Hurricane Ian,Hurricane,2022,12095016100,8,395603.56,93626.82,0.00,489230.38,61153.80,4702,1.701404,104.05
ian,Hurricane Ian,Hurricane,2022,12095016200,6,155309.87,53971.60,0.00,209281.47,34880.25,6306,0.951475,33.19
ian,Hurricane Ian,Hurricane,2022,12095016301,3,25864.66,18556.32,0.00,44420.98,14806.99,6224,0.482005,7.14
ian,Hurricane Ian,Hurricane,2022,12095016302,12,4105409.35,25298.50,0.00,4130707.85,344225.65,4462,2.689377,925.75
ian,Hurricane Ian,Hurricane,2022,12095016402,1,4154.95,0.00,0.00,4154.95,4154.95,2741,0.364830,1.52
ian,Hurricane Ian,Hurricane,2022,12095016406,1,17711.28,0.00,0.00,17711.28,17711.28,2176,0.459559,8.14
ian,Hurricane Ian,Hurricane,2022,12095016407,2,389739.62,0.00,0.00,389739.62,194869.81,6009,0.332834,64.86
ian,Hurricane Ian,Hurricane,2022,12095016408,2,111485.02,75661.58,0.00,187146.60,93573.30,2401,0.832986,77.95
ian,Hurricane Ian,Hurricane,2022,12095016409,3,4536.25,0.00,0.00,4536.25,1512.08,3225,0.930233,1.41
ian,Hurricane Ian,Hurricane,2022,12095016411,2,6859.31,2180.27,0.00,9039.58,4519.79,4471,0.447327,2.02
ian,Hurricane Ian,Hurricane,2022,12095016413,1,18168.92,0.00,0.00,18168.92,18168.92,4543,0.220119,4.00
ian,Hurricane Ian,Hurricane,2022,12095016414,1,16658.50,16171.87,0.00,32830.37,32830.37,3852,0.259605,8.52
ian,Hurricane Ian,Hurricane,2022,12095016503,4,958556.54,327541.94,0.00,1286098.48,321524.62,7237,0.552715,177.71
ian,Hurricane Ian,Hurricane,2022,12095016504,17,1310148.18,241780.62,0.00,1551928.80,91289.93,5174,3.285659,299.95
ian,Hurricane Ian,Hurricane,2022,12095016505,1,22619.43,0.00,0.00,22619.43,22619.43,2784,0.359195,8.12
ian,Hurricane Ian,Hurricane,2022,12095016509,1,112998.45,0.00,0.00,112998.45,112998.45,4569,0.218866,24.73
ian,Hurricane Ian,Hurricane,2022,12095016511,11,1791110.45,619098.99,0.00,2410209.44,219109.95,4956,2.219532,486.32
ian,Hurricane Ian,Hurricane,2022,12095016514,7,277270.59,67396.76,0.00,344667.35,49238.19,7463,0.937961,46.18
ian,Hurricane Ian,Hurricane,2022,12095016603,4,58648.16,0.00,0.00,58648.16,14662.04,8447,0.473541,6.94
ian,Hurricane Ian,Hurricane,2022,12095016604,5,65610.57,9980.26,0.00,75590.83,15118.17,4025,1.242236,18.78
ian,Hurricane Ian,Hurricane,2022,12095016605,3,54652.97,0.00,0.00,54652.97,18217.66,1631,1.839362,33.51
ian,Hurricane Ian,Hurricane,2022,12095016606,2,10825.74,0.00,0.00,10825.74,5412.87,2878,0.694927,3.76
ian,Hurricane Ian,Hurricane,2022,12095016607,3,48749.89,11054.70,0.00,59804.59,19934.86,6486,0.462535,9.22
ian,Hurricane Ian,Hurricane,2022,12095016709,32,2123587.29,200460.81,0.00,2324048.10,72626.50,6858,4.666083,338.88
ian,Hurricane Ian,Hurricane,2022,12095016713,4,145537.28,2788.00,0.00,148325.28,37081.32,9757,0.409962,15.20
ian,Hurricane Ian,Hurricane,2022,12095016714,1,10081.91,2615.14,0.00,12697.05,12697.05,3441,0.290613,3.69
ian,Hurricane Ian,Hurricane,2022,12095016715,8,196988.53,26118.93,0.00,223107.46,27888.43,6413,1.247466,34.79
ian,Hurricane Ian,Hurricane,2022,12095016716,75,7187780.63,1170252.59,0.00,8358033.22,111440.44,5995,12.510425,1394.17
ian,Hurricane Ian,Hurricane,2022,12095016717,5,192575.92,23706.95,0.00,216282.87,43256.57,3714,1.346257,58.23
ian,Hurricane Ian,Hurricane,2022,12095016723,1,44103.15,0.00,0.00,44103.15,44103.15,5725,0.174672,7.70
ian,Hurricane Ian,Hurricane,2022,12095016728,1,0.00,0.00,0.00,0.00,0.00,5235,0.191022,0.00
ian,Hurricane Ian,Hurricane,2022,12095016731,2,15381.34,0.00,0.00,15381.34,7690.67,7577,0.263957,2.03
ian,Hurricane Ian,Hurricane,2022,12095016733,25,2136186.37,566762.31,0.00,2702948.68,108117.95,6110,4.091653,442.38
ian,Hurricane Ian,Hurricane,2022,12095016736,3,154843.51,38024.48,0.00,192867.99,64289.33,11969,0.250648,16.11
ian,Hurricane Ian,Hurricane,2022,12095016737,16,357556.79,121657.67,0.00,479214.46,29950.90,8310,1.925391,57.67
ian,Hurricane Ian,Hurricane,2022,12095016740,5,188367.79,21556.56,0.00,209924.35,41984.87,3797,1.316829,55.29
ian,Hurricane Ian,Hurricane,2022,12095016745,6,258530.10,0.00,0.00,258530.10,43088.35,4563,1.314924,56.66
ian,Hurricane Ian,Hurricane,2022,12095016746,2,1348.42,0.00,0.00,1348.42,674.21,4941,0.404776,0.27
ian,Hurricane Ian,Hurricane,2022,12095016747,3,1683.79,0.00,0.00,1683.79,561.26,5951,0.504117,0.28
ian,Hurricane Ian,Hurricane,2022,12095016748,1,6246.20,0.00,0.00,6246.20,6246.20,7529,0.132820,0.83
ian,Hurricane Ian,Hurricane,2022,12095016750,8,179955.44,48690.26,0.00,228645.70,28580.71,11826,0.676476,19.33
ian,Hurricane Ian,Hurricane,2022,12095016751,1,16946.12,0.00,0.00,16946.12,16946.12,5854,0.170823,2.89
ian,Hurricane Ian,Hurricane,2022,12095016752,1,0.00,0.00,0.00,0.00,0.00,3553,0.281452,0.00
ian,Hurricane Ian,Hurricane,2022,12095016753,5,182436.60,52363.57,0.00,234800.17,46960.03,6477,0.771962,36.25
ian,Hurricane Ian,Hurricane,2022,12095016754,27,991507.86,116889.39,0.00,1108397.25,41051.75,5856,4.610656,189.28
ian,Hurricane Ian,Hurricane,2022,12095016756,7,268745.50,53849.05,0.00,322594.55,46084.94,2994,2.338009,107.75
ian,Hurricane Ian,Hurricane,2022,12095016802,4,49700.10,19277.31,0.00,68977.41,17244.35,19400,0.206186,3.56
ian,Hurricane Ian,Hurricane,2022,12095016803,3,480077.46,0.00,0.00,480077.46,160025.82,2192,1.368613,219.01
ian,Hurricane Ian,Hurricane,2022,12095016804,1,8293.79,0.00,0.00,8293.79,8293.79,5488,0.182216,1.51
ian,Hurricane Ian,Hurricane,2022,12095016809,3,165885.24,11722.33,0.00,177607.57,59202.52,8951,0.335158,19.84
ian,Hurricane Ian,Hurricane,2022,12095016810,1,57887.39,19464.31,0.00,77351.70,77351.70,9646,0.103670,8.02
ian,Hurricane Ian,Hurricane,2022,12095016811,2,17647.39,9527.62,0.00,27175.01,13587.51,11436,0.174886,2.38
ian,Hurricane Ian,Hurricane,2022,12095016812,2,42786.56,12917.99,0.00,55704.55,27852.27,6908,0.289519,8.06
ian,Hurricane Ian,Hurricane,2022,12095016902,61,3774348.82,502405.22,0.00,4276754.04,70110.72,6311,9.665663,677.67
ian,Hurricane Ian,Hurricane,2022,12095016906,1,1098.59,0.00,0.00,1098.59,1098.59,2417,0.413736,0.45
ian,Hurricane Ian,Hurricane,2022,12095016910,1,0.00,0.00,0.00,0.00,0.00,998,1.002004,0.00
ian,Hurricane Ian,Hurricane,2022,12095017001,4,0.00,0.00,0.00,0.00,0.00,4783,0.836295,0.00
ian,Hurricane Ian,Hurricane,2022,12095017011,2,99171.11,0.00,0.00,99171.11,49585.56,5307,0.376861,18.69
ian,Hurricane Ian,Hurricane,2022,12095017012,1,0.00,0.00,0.00,0.00,0.00,2941,0.340020,0.00
ian,Hurricane Ian,Hurricane,2022,12095017013,2,0.00,0.00,0.00,0.00,0.00,7334,0.272702,0.00
ian,Hurricane Ian,Hurricane,2022,12095017015,2,6982.12,0.00,0.00,6982.12,3491.06,6627,0.301796,1.05
ian,Hurricane Ian,Hurricane,2022,12095017025,1,25716.66,0.00,0.00,25716.66,25716.66,3501,0.285633,7.35
ian,Hurricane Ian,Hurricane,2022,12095017108,5,28025.30,7802.50,0.00,35827.80,7165.56,10215,0.489476,3.51
ian,Hurricane Ian,Hurricane,2022,12095017109,4,0.00,0.00,0.00,0.00,0.00,5494,0.728067,0.00
ian,Hurricane Ian,Hurricane,2022,12095017111,1,0.00,0.00,0.00,0.00,0.00,17580,0.056883,0.00
ian,Hurricane Ian,Hurricane,2022,12095017113,4,19489.70,0.00,0.00,19489.70,4872.42,14852,0.269324,1.31
ian,Hurricane Ian,Hurricane,2022,12095017114,1,0.00,0.00,0.00,0.00,0.00,10615,0.094206,0.00
ian,Hurricane Ian,Hurricane,2022,12095017115,1,0.00,0.00,0.00,0.00,0.00,3478,0.287522,0.00
ian,Hurricane Ian,Hurricane,2022,12095017116,1,3671.98,0.00,0.00,3671.98,3671.98,8122,0.123122,0.45
ian,Hurricane Ian,Hurricane,2022,12095017120,2,33434.97,0.00,0.00,33434.97,16717.49,6366,0.314169,5.25
ian,Hurricane Ian,Hurricane,2022,12095017122,1,0.00,0.00,0.00,0.00,0.00,2517,0.397298,0.00
ian,Hurricane Ian,Hurricane,2022,12095017123,2,0.00,0.00,0.00,0.00,0.00,4856,0.411862,0.00
ian,Hurricane Ian,Hurricane,2022,12095017504,1,54488.35,0.00,0.00,54488.35,54488.35,9532,0.104910,5.72
ian,Hurricane Ian,Hurricane,2022,12095018000,4,383302.22,148665.38,0.00,531967.60,132991.90,3889,1.028542,136.79
ian,Hurricane Ian,Hurricane,2022,12095018201,1,28581.10,0.00,0.00,28581.10,28581.10,5218,0.191644,5.48
ian,Hurricane Ian,Hurricane,2022,12095018203,2,62671.60,6382.65,0.00,69054.25,34527.13,1610,1.242236,42.89
ian,Hurricane Ian,Hurricane,2022,12095018204,2,169890.13,34441.02,0.00,204331.15,102165.58,2075,0.963855,98.47
ian,Hurricane Ian,Hurricane,2022,12095018300,10,531700.23,31841.05,0.00,563541.28,56354.13,2541,3.935458,221.78
ian,Hurricane Ian,Hurricane,2022,12095018500,2,12769.63,1190.83,0.00,13960.46,6980.23,3038,0.658328,4.60
ian,Hurricane Ian,Hurricane,2022,12095018700,4,385669.28,128930.96,0.00,514600.24,128650.06,5058,0.790826,101.74
ian,Hurricane Ian,Hurricane,2022,12095018800,5,229562.47,447.50,0.00,230009.97,46001.99,5231,0.955840,43.97
ian,Hurricane Ian,Hurricane,2022,12095019000,5,145802.50,10824.94,0.00,156627.44,31325.49,3991,1.252819,39.25
ian,Hurricane Ian,Hurricane,2022,12097040808,1,4417.19,0.00,0.00,4417.19,4417.19,8367,0.119517,0.53
ian,Hurricane Ian,Hurricane,2022,12097040810,6,101156.27,9002.30,0.00,110158.57,18359.76,3039,1.974334,36.25
ian,Hurricane Ian,Hurricane,2022,12097040812,5,0.00,0.00,0.00,0.00,0.00,6152,0.812744,0.00
ian,Hurricane Ian,Hurricane,2022,12097040901,1,0.00,0.00,0.00,0.00,0.00,4795,0.208551,0.00
ian,Hurricane Ian,Hurricane,2022,12097040903,1,0.00,0.00,0.00,0.00,0.00,4116,0.242954,0.00
ian,Hurricane Ian,Hurricane,2022,12097040904,1,25677.12,7014.63,0.00,32691.75,32691.75,7295,0.137080,4.48
ian,Hurricane Ian,Hurricane,2022,12097041003,2,23140.58,0.00,0.00,23140.58,11570.29,8805,0.227144,2.63
ian,Hurricane Ian,Hurricane,2022,12097041005,23,510103.41,259824.37,0.00,769927.78,33475.12,2663,8.636876,289.12
ian,Hurricane Ian,Hurricane,2022,12097041006,1,0.00,0.00,0.00,0.00,0.00,10168,0.098348,0.00
ian,Hurricane Ian,Hurricane,2022,12097041101,3,9265.77,0.00,0.00,9265.77,3088.59,9844,0.304754,0.94
ian,Hurricane Ian,Hurricane,2022,12097041102,1,0.00,0.00,0.00,0.00,0.00,11054,0.090465,0.00
ian,Hurricane Ian,Hurricane,2022,12097041301,4,82128.18,0.00,0.00,82128.18,20532.04,8968,0.446030,9.16
ian,Hurricane Ian,Hurricane,2022,12097041302,19,134030.19,1073.02,0.00,135103.21,7110.70,8583,2.213678,15.74
ian,Hurricane Ian,Hurricane,2022,12097041501,2,25227.32,4905.93,0.00,30133.25,15066.63,8221,0.243279,3.67
ian,Hurricane Ian,Hurricane,2022,12097041502,8,56640.71,4873.77,0.00,61514.48,7689.31,10522,0.760312,5.85
ian,Hurricane Ian,Hurricane,2022,12097041600,24,1490922.81,179348.05,0.00,1670270.86,69594.62,4702,5.104211,355.23
ian,Hurricane Ian,Hurricane,2022,12097041700,7,85099.46,20000.00,0.00,105099.46,15014.21,5715,1.224847,18.39
ian,Hurricane Ian,Hurricane,2022,12097041800,42,2687208.57,357764.69,0.00,3044973.26,72499.36,3294,12.750455,924.40
ian,Hurricane Ian,Hurricane,2022,12097041900,2,187443.87,48680.66,0.00,236124.53,118062.26,6592,0.303398,35.82
ian,Hurricane Ian,Hurricane,2022,12097042000,4,65501.37,1333.31,0.00,66834.68,16708.67,12882,0.310511,5.19
ian,Hurricane Ian,Hurricane,2022,12097042100,1,18098.93,0.00,0.00,18098.93,18098.93,11697,0.085492,1.55
ian,Hurricane Ian,Hurricane,2022,12097042201,1,5135.94,0.00,0.00,5135.94,5135.94,7916,0.126326,0.65
ian,Hurricane Ian,Hurricane,2022,12097042202,25,2819556.65,266248.44,0.00,3085805.09,123432.20,3642,6.864360,847.28
ian,Hurricane Ian,Hurricane,2022,12097042300,33,2062084.49,179230.24,0.00,2241314.73,67918.63,8564,3.853340,261.71
ian,Hurricane Ian,Hurricane,2022,12097042400,75,4555781.44,844273.79,0.00,5400055.23,72000.74,6579,11.399909,820.80
ian,Hurricane Ian,Hurricane,2022,12097042500,5,169975.50,35844.71,0.00,205820.21,41164.04,7546,0.662603,27.28
ian,Hurricane Ian,Hurricane,2022,12097042603,17,1242796.49,394495.14,0.00,1637291.63,96311.27,9555,1.779173,171.35
ian,Hurricane Ian,Hurricane,2022,12097042604,3,102995.06,73709.50,0.00,176704.56,58901.52,5322,0.563698,33.20
ian,Hurricane Ian,Hurricane,2022,12097042701,3,26970.54,3491.77,0.00,30462.31,10154.10,10046,0.298626,3.03
ian,Hurricane Ian,Hurricane,2022,12097042702,6,214334.30,84503.65,0.00,298837.95,49806.32,7398,0.811030,40.39
ian,Hurricane Ian,Hurricane,2022,12097042800,21,556191.68,97578.76,0.00,653770.44,31131.93,16247,1.292546,40.24
ian,Hurricane Ian,Hurricane,2022,12097042901,2,5994.12,0.00,0.00,5994.12,2997.06,5638,0.354736,1.06
ian,Hurricane Ian,Hurricane,2022,12097042904,4,187669.50,3466.77,0.00,191136.27,47784.07,6219,0.643190,30.73
ian,Hurricane Ian,Hurricane,2022,12097043100,3,122974.96,0.00,0.00,122974.96,40991.65,5895,0.508906,20.86
ian,Hurricane Ian,Hurricane,2022,12097043208,1,5719.54,2894.73,0.00,8614.27,8614.27,12477,0.080147,0.69
ian,Hurricane Ian,Hurricane,2022,12097043209,2,10723.42,0.00,0.00,10723.42,5361.71,1456,1.373626,7.36
ian,Hurricane Ian,Hurricane,2022,12097043301,1,40317.24,0.00,0.00,40317.24,40317.24,3953,0.252972,10.20
ian,Hurricane Ian,Hurricane,2022,12097043304,1,0.00,0.00,0.00,0.00,0.00,7880,0.126904,0.00
ian,Hurricane Ian,Hurricane,2022,12097043400,8,233185.86,10629.01,0.00,243814.87,30476.86,5536,1.445087,44.04
ian,Hurricane Ian,Hurricane,2022,12097043500,1,35389.60,0.00,0.00,35389.60,35389.60,4734,0.211238,7.48
ian,Hurricane Ian,Hurricane,2022,12097043600,9,65846.74,12215.14,0.00,78061.88,8673.54,11291,0.797095,6.91
ian,Hurricane Ian,Hurricane,2022,12097043700,7,61907.39,0.00,0.00,61907.39,8843.91,12477,0.561032,4.96
ian,Hurricane Ian,Hurricane,2022,12097043801,1,29259.75,14000.00,0.00,43259.75,43259.75,6646,0.150466,6.51
ian,Hurricane Ian,Hurricane,2022,12097043802,1,0.00,0.00,0.00,0.00,0.00,2991,0.334336,0.00
ian,Hurricane Ian,Hurricane,2022,12099000211,1,0.00,0.00,0.00,0.00,0.00,3976,0.251509,0.00
ian,Hurricane Ian,Hurricane,2022,12099000301,1,0.00,0.00,0.00,0.00,0.00,3449,0.289939,0.00
ian,Hurricane Ian,Hurricane,2022,12099000805,1,0.00,0.00,0.00,0.00,0.00,5784,0.172891,0.00
ian,Hurricane Ian,Hurricane,2022,12099003507,29,0.00,0.00,0.00,0.00,0.00,2028,14.299803,0.00
ian,Hurricane Ian,Hurricane,2022,12099005950,1,0.00,0.00,0.00,0.00,0.00,4026,0.248385,0.00
ian,Hurricane Ian,Hurricane,2022,12099007010,1,0.00,0.00,0.00,0.00,0.00,2145,0.466200,0.00
ian,Hurricane Ian,Hurricane,2022,12099007738,1,0.00,0.00,0.00,0.00,0.00,4719,0.211909,0.00
ian,Hurricane Ian,Hurricane,2022,12099007752,1,0.00,0.00,0.00,0.00,0.00,6896,0.145012,0.00
ian,Hurricane Ian,Hurricane,2022,12099007759,1,1043.00,0.00,0.00,1043.00,1043.00,1192,0.838926,0.88
ian,Hurricane Ian,Hurricane,2022,12099007777,1,0.00,0.00,0.00,0.00,0.00,4447,0.224871,0.00
ian,Hurricane Ian,Hurricane,2022,12099007834,1,0.00,0.00,0.00,0.00,0.00,1589,0.629327,0.00
ian,Hurricane Ian,Hurricane,2022,12099007835,1,0.00,0.00,0.00,0.00,0.00,4806,0.208073,0.00
ian,Hurricane Ian,Hurricane,2022,12099007840,1,64627.51,0.00,0.00,64627.51,64627.51,1931,0.517866,33.47
ian,Hurricane Ian,Hurricane,2022,12099007841,1,0.00,0.00,0.00,0.00,0.00,5746,0.174034,0.00
ian,Hurricane Ian,Hurricane,2022,12099007848,1,0.00,0.00,0.00,0.00,0.00,3392,0.294811,0.00
ian,Hurricane Ian,Hurricane,2022,12099007918,1,5967.80,0.00,0.00,5967.80,5967.80,2916,0.342936,2.05
ian,Hurricane Ian,Hurricane,2022,12101030102,1,0.00,0.00,0.00,0.00,0.00,2491,0.401445,0.00
ian,Hurricane Ian,Hurricane,2022,12101030304,3,0.00,0.00,0.00,0.00,0.00,4963,0.604473,0.00
ian,Hurricane Ian,Hurricane,2022,12101030409,1,14652.52,0.00,0.00,14652.52,14652.52,2599,0.384763,5.64
ian,Hurricane Ian,Hurricane,2022,12101030411,1,0.00,0.00,0.00,0.00,0.00,3485,0.286944,0.00
ian,Hurricane Ian,Hurricane,2022,12101030502,1,0.00,0.00,0.00,0.00,0.00,4528,0.220848,0.00
ian,Hurricane Ian,Hurricane,2022,12101030601,1,0.00,0.00,0.00,0.00,0.00,2179,0.458926,0.00
ian,Hurricane Ian,Hurricane,2022,12101030906,1,0.00,0.00,0.00,0.00,0.00,5780,0.173010,0.00
ian,Hurricane Ian,Hurricane,2022,12101031903,1,0.00,0.00,0.00,0.00,0.00,6310,0.158479,0.00
ian,Hurricane Ian,Hurricane,2022,12101032112,1,17503.99,0.00,0.00,17503.99,17503.99,4303,0.232396,4.07
ian,Hurricane Ian,Hurricane,2022,12103020105,1,0.00,0.00,0.00,0.00,0.00,5557,0.179953,0.00
ian,Hurricane Ian,Hurricane,2022,12103020106,3,0.00,0.00,0.00,0.00,0.00,4107,0.730460,0.00
ian,Hurricane Ian,Hurricane,2022,12103020600,1,0.00,0.00,0.00,0.00,0.00,4350,0.229885,0.00
ian,Hurricane Ian,Hurricane,2022,12103020700,1,0.00,0.00,0.00,0.00,0.00,3146,0.317864,0.00
ian,Hurricane Ian,Hurricane,2022,12103022503,2,15127.58,0.00,0.00,15127.58,7563.79,6178,0.323729,2.45
ian,Hurricane Ian,Hurricane,2022,12103024002,2,0.00,0.00,0.00,0.00,0.00,5890,0.339559,0.00
ian,Hurricane Ian,Hurricane,2022,12103024005,2,0.00,0.00,0.00,0.00,0.00,3581,0.558503,0.00
ian,Hurricane Ian,Hurricane,2022,12103024403,1,0.00,0.00,0.00,0.00,0.00,4552,0.219684,0.00
ian,Hurricane Ian,Hurricane,2022,12103024508,1,0.00,0.00,0.00,0.00,0.00,4931,0.202799,0.00
ian,Hurricane Ian,Hurricane,2022,12103024516,1,0.00,0.00,0.00,0.00,0.00,2016,0.496032,0.00
ian,Hurricane Ian,Hurricane,2022,12103024901,1,0.00,0.00,0.00,0.00,0.00,5669,0.176398,0.00
ian,Hurricane Ian,Hurricane,2022,12103024906,1,0.00,0.00,0.00,0.00,0.00,3716,0.269107,0.00
ian,Hurricane Ian,Hurricane,2022,12103025019,1,0.00,0.00,0.00,0.00,0.00,2188,0.457038,0.00
ian,Hurricane Ian,Hurricane,2022,12103025412,1,0.00,0.00,0.00,0.00,0.00,4129,0.242189,0.00
ian,Hurricane Ian,Hurricane,2022,12103025505,1,0.00,0.00,0.00,0.00,0.00,2299,0.434972,0.00
ian,Hurricane Ian,Hurricane,2022,12103026704,1,0.00,0.00,0.00,0.00,0.00,3706,0.269833,0.00
ian,Hurricane Ian,Hurricane,2022,12103027105,1,833.50,0.00,0.00,833.50,833.50,3978,0.251383,0.21
ian,Hurricane Ian,Hurricane,2022,12103027202,1,0.00,0.00,0.00,0.00,0.00,6217,0.160849,0.00
ian,Hurricane Ian,Hurricane,2022,12103027332,1,13816.74,0.00,0.00,13816.74,13816.74,2618,0.381971,5.28
ian,Hurricane Ian,Hurricane,2022,12103027501,1,0.00,0.00,0.00,0.00,0.00,6245,0.160128,0.00
ian,Hurricane Ian,Hurricane,2022,12103027603,1,0.00,0.00,0.00,0.00,0.00,2007,0.498256,0.00
ian,Hurricane Ian,Hurricane,2022,12103027701,1,0.00,0.00,0.00,0.00,0.00,2596,0.385208,0.00
ian,Hurricane Ian,Hurricane,2022,12103027801,2,14162.82,1418.28,0.00,15581.10,7790.55,1165,1.716738,13.37
ian,Hurricane Ian,Hurricane,2022,12103027901,1,0.00,0.00,0.00,0.00,0.00,2071,0.482859,0.00
ian,Hurricane Ian,Hurricane,2022,12103028002,3,0.00,0.00,0.00,0.00,0.00,3920,0.765306,0.00
ian,Hurricane Ian,Hurricane,2022,12103028005,1,0.00,0.00,0.00,0.00,0.00,1540,0.649351,0.00
ian,Hurricane Ian,Hurricane,2022,12103028006,2,0.00,0.00,0.00,0.00,0.00,1697,1.178550,0.00
ian,Hurricane Ian,Hurricane,2022,12103028403,1,0.00,0.00,0.00,0.00,0.00,2949,0.339098,0.00
ian,Hurricane Ian,Hurricane,2022,12103028500,1,0.00,0.00,0.00,0.00,0.00,1772,0.564334,0.00
ian,Hurricane Ian,Hurricane,2022,12105010603,1,0.00,0.00,0.00,0.00,0.00,3465,0.288600,0.00
ian,Hurricane Ian,Hurricane,2022,12105010604,1,0.00,0.00,0.00,0.00,0.00,3756,0.266241,0.00
ian,Hurricane Ian,Hurricane,2022,12105011502,2,15677.12,0.00,0.00,15677.12,7838.56,7534,0.265463,2.08
ian,Hurricane Ian,Hurricane,2022,12105011605,1,0.00,0.00,0.00,0.00,0.00,4001,0.249938,0.00
ian,Hurricane Ian,Hurricane,2022,12105011721,1,1008.38,0.00,0.00,1008.38,1008.38,3317,0.301477,0.30
ian,Hurricane Ian,Hurricane,2022,12105011822,1,0.00,0.00,0.00,0.00,0.00,4147,0.241138,0.00
ian,Hurricane Ian,Hurricane,2022,12105011835,1,0.00,0.00,0.00,0.00,0.00,4839,0.206654,0.00
ian,Hurricane Ian,Hurricane,2022,12105012001,2,2981.65,0.00,0.00,2981.65,1490.83,5178,0.386250,0.58
ian,Hurricane Ian,Hurricane,2022,12105012003,2,1472.86,0.00,0.00,1472.86,736.43,6332,0.315856,0.23
ian,Hurricane Ian,Hurricane,2022,12105012004,1,9947.46,0.00,0.00,9947.46,9947.46,2889,0.346141,3.44
ian,Hurricane Ian,Hurricane,2022,12105012124,1,0.00,0.00,0.00,0.00,0.00,5698,0.175500,0.00
ian,Hurricane Ian,Hurricane,2022,12105012209,2,0.00,0.00,0.00,0.00,0.00,7186,0.278319,0.00
ian,Hurricane Ian,Hurricane,2022,12105012306,1,0.00,0.00,0.00,0.00,0.00,1904,0.525210,0.00
ian,Hurricane Ian,Hurricane,2022,12105012404,1,42630.11,0.00,0.00,42630.11,42630.11,2208,0.452899,19.31
ian,Hurricane Ian,Hurricane,2022,12105012405,1,0.00,0.00,0.00,0.00,0.00,9464,0.105664,0.00
ian,Hurricane Ian,Hurricane,2022,12105012408,2,19770.57,4562.48,0.00,24333.05,12166.52,5772,0.346500,4.22
ian,Hurricane Ian,Hurricane,2022,12105012409,1,21900.64,0.00,0.00,21900.64,21900.64,2337,0.427899,9.37
ian,Hurricane Ian,Hurricane,2022,12105012410,8,166360.84,0.00,0.00,166360.84,20795.10,3100,2.580645,53.66
ian,Hurricane Ian,Hurricane,2022,12105012411,1,6342.73,0.00,0.00,6342.73,6342.73,7351,0.136036,0.86
ian,Hurricane Ian,Hurricane,2022,12105012506,1,0.00,0.00,0.00,0.00,0.00,12031,0.083119,0.00
ian,Hurricane Ian,Hurricane,2022,12105012510,3,8859.25,1089.53,0.00,9948.78,3316.26,3530,0.849858,2.82
ian,Hurricane Ian,Hurricane,2022,12105012511,18,63804.81,0.00,0.00,63804.81,3544.71,5369,3.352580,11.88
ian,Hurricane Ian,Hurricane,2022,12105012512,1,2120.54,0.00,0.00,2120.54,2120.54,4029,0.248201,0.53
ian,Hurricane Ian,Hurricane,2022,12105012513,5,2409.62,0.00,0.00,2409.62,481.92,4964,1.007252,0.49
ian,Hurricane Ian,Hurricane,2022,12105012602,3,63760.32,4318.85,0.00,68079.17,22693.06,6409,0.468092,10.62
ian,Hurricane Ian,Hurricane,2022,12105012802,3,0.00,0.00,0.00,0.00,0.00,5856,0.512295,0.00
ian,Hurricane Ian,Hurricane,2022,12105013102,1,0.00,0.00,0.00,0.00,0.00,3704,0.269978,0.00
ian,Hurricane Ian,Hurricane,2022,12105013500,1,9542.62,0.00,0.00,9542.62,9542.62,3684,0.271444,2.59
ian,Hurricane Ian,Hurricane,2022,12105013601,1,0.00,0.00,0.00,0.00,0.00,2442,0.409500,0.00
ian,Hurricane Ian,Hurricane,2022,12105013702,1,0.00,0.00,0.00,0.00,0.00,6688,0.149522,0.00
ian,Hurricane Ian,Hurricane,2022,12105013801,3,5835.35,6014.28,0.00,11849.63,3949.88,4109,0.730105,2.88
ian,Hurricane Ian,Hurricane,2022,12105013802,1,1096.86,0.00,0.00,1096.86,1096.86,6343,0.157654,0.17
ian,Hurricane Ian,Hurricane,2022,12105013902,1,3973.92,0.00,0.00,3973.92,3973.92,5788,0.172771,0.69
ian,Hurricane Ian,Hurricane,2022,12105014001,4,92807.19,7924.68,0.00,100731.87,25182.97,7049,0.567456,14.29
ian,Hurricane Ian,Hurricane,2022,12105014005,3,167140.62,13396.96,0.00,180537.58,60179.19,3902,0.768836,46.27
ian,Hurricane Ian,Hurricane,2022,12105014006,1,0.00,0.00,0.00,0.00,0.00,3299,0.303122,0.00
ian,Hurricane Ian,Hurricane,2022,12105014123,4,190018.37,2696.87,0.00,192715.24,48178.81,7773,0.514602,24.79
ian,Hurricane Ian,Hurricane,2022,12105014126,2,0.00,0.00,0.00,0.00,0.00,3993,0.500877,0.00
ian,Hurricane Ian,Hurricane,2022,12105014131,1,16580.14,0.00,0.00,16580.14,16580.14,3102,0.322373,5.34
ian,Hurricane Ian,Hurricane,2022,12105014201,2,0.00,0.00,0.00,0.00,0.00,4910,0.407332,0.00
ian,Hurricane Ian,Hurricane,2022,12105014203,1,0.00,0.00,0.00,0.00,0.00,2707,0.369413,0.00
ian,Hurricane Ian,Hurricane,2022,12105014401,2,48984.79,0.00,0.00,48984.79,24492.40,8592,0.232775,5.70
ian,Hurricane Ian,Hurricane,2022,12105014501,3,24382.67,3841.75,0.00,28224.42,9408.14,10401,0.288434,2.71
ian,Hurricane Ian,Hurricane,2022,12105014502,2,35218.25,0.00,0.00,35218.25,17609.13,3213,0.622471,10.96
ian,Hurricane Ian,Hurricane,2022,12105014701,3,36665.64,0.00,0.00,36665.64,12221.88,6265,0.478851,5.85
ian,Hurricane Ian,Hurricane,2022,12105015102,1,85240.60,0.00,0.00,85240.60,85240.60,2640,0.378788,32.29
ian,Hurricane Ian,Hurricane,2022,12105015200,2,60116.86,0.00,0.00,60116.86,30058.43,4073,0.491039,14.76
ian,Hurricane Ian,Hurricane,2022,12105015301,3,134047.17,2000.00,0.00,136047.17,45349.06,4201,0.714116,32.38
ian,Hurricane Ian,Hurricane,2022,12105015302,4,92578.19,11059.79,0.00,103637.98,25909.49,2569,1.557026,40.34
ian,Hurricane Ian,Hurricane,2022,12105015401,1,34523.04,0.00,0.00,34523.04,34523.04,2625,0.380952,13.15
ian,Hurricane Ian,Hurricane,2022,12105015405,1,78588.74,7000.00,0.00,85588.74,85588.74,2887,0.346380,29.65
ian,Hurricane Ian,Hurricane,2022,12105015600,9,184741.42,9893.30,0.00,194634.72,21626.08,2747,3.276301,70.85
ian,Hurricane Ian,Hurricane,2022,12105015701,3,32833.46,3633.21,0.00,36466.67,12155.56,2558,1.172791,14.26
ian,Hurricane Ian,Hurricane,2022,12105015702,4,93794.65,11061.01,0.00,104855.66,26213.91,3915,1.021711,26.78
ian,Hurricane Ian,Hurricane,2022,12105015801,1,75000.00,7333.54,0.00,82333.54,82333.54,1981,0.504796,41.56
ian,Hurricane Ian,Hurricane,2022,12105015802,1,87441.60,0.00,0.00,87441.60,87441.60,3178,0.314663,27.51
ian,Hurricane Ian,Hurricane,2022,12105016003,1,10643.58,0.00,0.00,10643.58,10643.58,2874,0.347947,3.70
ian,Hurricane Ian,Hurricane,2022,12107950100,8,289474.34,10398.13,0.00,299872.47,37484.06,4485,1.783724,66.86
ian,Hurricane Ian,Hurricane,2022,12107951000,5,71615.21,10904.05,0.00,82519.26,16503.85,3840,1.302083,21.49
ian,Hurricane Ian,Hurricane,2022,12107951100,15,448597.41,29566.35,0.00,478163.76,31877.58,4206,3.566334,113.69
ian,Hurricane Ian,Hurricane,2022,12107951300,10,142846.54,30986.39,0.00,173832.93,17383.29,3661,2.731494,47.48
ian,Hurricane Ian,Hurricane,2022,12107951401,1,3562.17,0.00,0.00,3562.17,3562.17,3451,0.289771,1.03
ian,Hurricane Ian,Hurricane,2022,12107951402,8,277965.35,22414.35,0.00,300379.70,37547.46,4106,1.948368,73.16
ian,Hurricane Ian,Hurricane,2022,12109020200,16,506582.83,59839.69,0.00,566422.52,35401.41,2619,6.109202,216.27
ian,Hurricane Ian,Hurricane,2022,12109020300,6,137505.71,20000.00,0.00,157505.71,26250.95,3196,1.877347,49.28
ian,Hurricane Ian,Hurricane,2022,12109020400,78,1558446.98,89962.69,30000.00,1678409.67,21518.07,3505,22.253923,478.86
ian,Hurricane Ian,Hurricane,2022,12109020500,292,11248977.08,1488702.07,51500.00,12789179.15,43798.56,4104,71.150097,3116.27
ian,Hurricane Ian,Hurricane,2022,12109020603,51,1468299.73,232880.82,0.00,1701180.55,33356.48,1774,28.748591,958.95
ian,Hurricane Ian,Hurricane,2022,12109020604,19,263672.00,42728.91,30000.00,336400.91,17705.31,2499,7.603041,134.61
ian,Hurricane Ian,Hurricane,2022,12109020606,4,40104.50,8348.63,0.00,48453.13,12113.28,11502,0.347766,4.21
ian,Hurricane Ian,Hurricane,2022,12109020708,34,770399.08,108092.09,0.00,878491.17,25837.98,8703,3.906699,100.94
ian,Hurricane Ian,Hurricane,2022,12109020710,1,0.00,0.00,0.00,0.00,0.00,2305,0.433839,0.00
ian,Hurricane Ian,Hurricane,2022,12109020713,1,0.00,0.00,0.00,0.00,0.00,2252,0.444050,0.00
ian,Hurricane Ian,Hurricane,2022,12109020903,7,90551.66,3709.83,0.00,94261.49,13465.93,4377,1.599269,21.54
ian,Hurricane Ian,Hurricane,2022,12109020908,3,3060.11,2121.14,0.00,5181.25,1727.08,10627,0.282300,0.49
ian,Hurricane Ian,Hurricane,2022,12109021004,3,95199.84,59560.87,0.00,154760.71,51586.90,3388,0.885478,45.68
ian,Hurricane Ian,Hurricane,2022,12109021101,3,58956.74,0.00,0.00,58956.74,19652.25,5670,0.529101,10.40
ian,Hurricane Ian,Hurricane,2022,12109021102,2,58565.64,10771.60,0.00,69337.24,34668.62,4959,0.403307,13.98
ian,Hurricane Ian,Hurricane,2022,12109021209,93,2012815.66,116512.00,0.00,2129327.66,22896.00,3037,30.622325,701.13
ian,Hurricane Ian,Hurricane,2022,12109021211,1,4355.86,0.00,0.00,4355.86,4355.86,4165,0.240096,1.05
ian,Hurricane Ian,Hurricane,2022,12109021302,1,21359.73,2435.54,0.00,23795.27,23795.27,5371,0.186185,4.43
ian,Hurricane Ian,Hurricane,2022,12109021403,53,74048.21,194.93,0.00,74243.14,1400.81,1948,27.207392,38.11
ian,Hurricane Ian,Hurricane,2022,12109021404,110,3060538.22,401675.10,30000.00,3492213.32,31747.39,2788,39.454806,1252.59
ian,Hurricane Ian,Hurricane,2022,12109021408,11,287863.92,67164.40,0.00,355028.32,32275.30,6130,1.794454,57.92
ian,Hurricane Ian,Hurricane,2022,12109021409,119,27242.02,0.00,0.00,27242.02,228.92,3140,37.898089,8.68
ian,Hurricane Ian,Hurricane,2022,12109021410,1,1266.98,0.00,0.00,1266.98,1266.98,2455,0.407332,0.52
ian,Hurricane Ian,Hurricane,2022,12111381000,1,14278.19,0.00,0.00,14278.19,14278.19,1570,0.636943,9.09
ian,Hurricane Ian,Hurricane,2022,12111381300,1,0.00,0.00,0.00,0.00,0.00,4319,0.231535,0.00
ian,Hurricane Ian,Hurricane,2022,12111381702,1,0.00,0.00,0.00,0.00,0.00,1955,0.511509,0.00
ian,Hurricane Ian,Hurricane,2022,12111381900,2,0.00,0.00,0.00,0.00,0.00,6493,0.308024,0.00
ian,Hurricane Ian,Hurricane,2022,12111382122,1,35745.16,0.00,0.00,35745.16,35745.16,5740,0.174216,6.23
ian,Hurricane Ian,Hurricane,2022,12113010814,1,0.00,0.00,0.00,0.00,0.00,6169,0.162101,0.00
ian,Hurricane Ian,Hurricane,2022,12115000103,1,0.00,0.00,0.00,0.00,0.00,4083,0.244918,0.00
ian,Hurricane Ian,Hurricane,2022,12115000104,2,0.00,0.00,0.00,0.00,0.00,1474,1.356852,0.00
ian,Hurricane Ian,Hurricane,2022,12115000200,2,20480.70,0.00,0.00,20480.70,10240.35,4938,0.405022,4.15
ian,Hurricane Ian,Hurricane,2022,12115000300,1,0.00,0.00,0.00,0.00,0.00,4090,0.244499,0.00
ian,Hurricane Ian,Hurricane,2022,12115000405,1,14237.69,0.00,0.00,14237.69,14237.69,2910,0.343643,4.89
ian,Hurricane Ian,Hurricane,2022,12115000406,1,0.00,0.00,0.00,0.00,0.00,3330,0.300300,0.00
ian,Hurricane Ian,Hurricane,2022,12115000501,1,0.00,0.00,0.00,0.00,0.00,1697,0.589275,0.00
ian,Hurricane Ian,Hurricane,2022,12115000700,3,0.00,0.00,0.00,0.00,0.00,3235,0.927357,0.00
ian,Hurricane Ian,Hurricane,2022,12115000801,70,34729.26,0.00,0.00,34729.26,496.13,2057,34.030141,16.88
ian,Hurricane Ian,Hurricane,2022,12115000802,105,0.00,0.00,0.00,0.00,0.00,2692,39.004458,0.00
ian,Hurricane Ian,Hurricane,2022,12115000900,3,0.00,0.00,0.00,0.00,0.00,2488,1.205788,0.00
ian,Hurricane Ian,Hurricane,2022,12115001000,1,35054.96,3066.19,0.00,38121.15,38121.15,3548,0.281849,10.74
ian,Hurricane Ian,Hurricane,2022,12115001206,1,1246.66,0.00,0.00,1246.66,1246.66,3132,0.319285,0.40
ian,Hurricane Ian,Hurricane,2022,12115001301,2,108506.40,0.00,0.00,108506.40,54253.20,3715,0.538358,29.21
ian,Hurricane Ian,Hurricane,2022,12115001303,2,0.00,0.00,0.00,0.00,0.00,3472,0.576037,0.00
ian,Hurricane Ian,Hurricane,2022,12115001304,2,1133.21,0.00,0.00,1133.21,566.61,2165,0.923788,0.52
ian,Hurricane Ian,Hurricane,2022,12115001403,7,14435.51,0.00,0.00,14435.51,2062.22,6806,1.028504,2.12
ian,Hurricane Ian,Hurricane,2022,12115001404,1,0.00,0.00,0.00,0.00,0.00,5396,0.185322,0.00
ian,Hurricane Ian,Hurricane,2022,12115001503,31,27909.69,0.00,0.00,27909.69,900.31,3543,8.749647,7.88
ian,Hurricane Ian,Hurricane,2022,12115001505,2,0.00,0.00,0.00,0.00,0.00,4335,0.461361,0.00
ian,Hurricane Ian,Hurricane,2022,12115001509,1,2886.02,25373.34,0.00,28259.36,28259.36,3338,0.299581,8.47
ian,Hurricane Ian,Hurricane,2022,12115001510,1,35444.87,0.00,0.00,35444.87,35444.87,4646,0.215239,7.63
ian,Hurricane Ian,Hurricane,2022,12115001511,1,586.91,0.00,0.00,586.91,586.91,3107,0.321854,0.19
ian,Hurricane Ian,Hurricane,2022,12115001601,1,0.00,0.00,0.00,0.00,0.00,3820,0.261780,0.00
ian,Hurricane Ian,Hurricane,2022,12115001602,1,0.00,0.00,0.00,0.00,0.00,3933,0.254259,0.00
ian,Hurricane Ian,Hurricane,2022,12115001702,1,1965.67,0.00,0.00,1965.67,1965.67,6149,0.162628,0.32
ian,Hurricane Ian,Hurricane,2022,12115001703,1,0.00,0.00,0.00,0.00,0.00,3957,0.252717,0.00
ian,Hurricane Ian,Hurricane,2022,12115001805,1,29661.14,2802.05,0.00,32463.19,32463.19,2107,0.474608,15.41
ian,Hurricane Ian,Hurricane,2022,12115001903,4,0.00,0.00,0.00,0.00,0.00,1730,2.312139,0.00
ian,Hurricane Ian,Hurricane,2022,12115001904,5,115619.41,0.00,0.00,115619.41,23123.88,2525,1.980198,45.79
ian,Hurricane Ian,Hurricane,2022,12115001905,260,27698.88,0.00,0.00,27698.88,106.53,1208,215.231788,22.93
ian,Hurricane Ian,Hurricane,2022,12115001909,45,0.00,0.00,0.00,0.00,0.00,2139,21.037868,0.00
ian,Hurricane Ian,Hurricane,2022,12115002003,1,17244.16,0.00,0.00,17244.16,17244.16,5401,0.185151,3.19
ian,Hurricane Ian,Hurricane,2022,12115002004,2,0.00,0.00,0.00,0.00,0.00,4478,0.446628,0.00
ian,Hurricane Ian,Hurricane,2022,12115002008,1,0.00,0.00,0.00,0.00,0.00,3184,0.314070,0.00
ian,Hurricane Ian,Hurricane,2022,12115002011,2,0.00,0.00,0.00,0.00,0.00,1012,1.976285,0.00
ian,Hurricane Ian,Hurricane,2022,12115002012,2,0.00,0.00,0.00,0.00,0.00,3631,0.550812,0.00
ian,Hurricane Ian,Hurricane,2022,12115002014,4,13969.84,139.82,0.00,14109.66,3527.41,6192,0.645995,2.28
ian,Hurricane Ian,Hurricane,2022,12115002016,3,41720.43,0.00,0.00,41720.43,13906.81,4849,0.618684,8.60
ian,Hurricane Ian,Hurricane,2022,12115002102,3,746.70,0.00,0.00,746.70,248.90,3061,0.980072,0.24
ian,Hurricane Ian,Hurricane,2022,12115002201,4,86748.28,0.00,0.00,86748.28,21687.07,2865,1.396161,30.28
ian,Hurricane Ian,Hurricane,2022,12115002203,13,184829.45,17896.23,0.00,202725.68,15594.28,4085,3.182375,49.63
ian,Hurricane Ian,Hurricane,2022,12115002204,2,0.00,0.00,0.00,0.00,0.00,2499,0.800320,0.00
ian,Hurricane Ian,Hurricane,2022,12115002205,13,28169.37,571.60,0.00,28740.97,2210.84,2301,5.649718,12.49
ian,Hurricane Ian,Hurricane,2022,12115002302,8,45344.48,1791.84,0.00,47136.32,5892.04,4677,1.710498,10.08
ian,Hurricane Ian,Hurricane,2022,12115002304,147,650500.02,21992.88,0.00,672492.90,4574.78,2361,62.261753,284.83
ian,Hurricane Ian,Hurricane,2022,12115002305,1,0.00,0.00,0.00,0.00,0.00,1768,0.565611,0.00
ian,Hurricane Ian,Hurricane,2022,12115002306,34,1946577.22,244837.45,0.00,2191414.67,64453.37,3398,10.005886,644.91
ian,Hurricane Ian,Hurricane,2022,12115002307,3,0.00,0.00,0.00,0.00,0.00,1616,1.856436,0.00
ian,Hurricane Ian,Hurricane,2022,12115002401,22,478082.85,82522.23,0.00,560605.08,25482.05,3025,7.272727,185.32
ian,Hurricane Ian,Hurricane,2022,12115002403,19,14875.89,0.00,0.00,14875.89,782.94,1459,13.022618,10.20
ian,Hurricane Ian,Hurricane,2022,12115002404,9,392604.17,61858.70,0.00,454462.87,50495.87,2293,3.924989,198.20
ian,Hurricane Ian,Hurricane,2022,12115002504,5,38420.60,0.00,0.00,38420.60,7684.12,2912,1.717033,13.19
ian,Hurricane Ian,Hurricane,2022,12115002505,29,1774669.89,195691.42,0.00,1970361.31,67943.49,2732,10.614934,721.22
ian,Hurricane Ian,Hurricane,2022,12115002507,37,1215106.35,130882.96,0.00,1345989.31,36378.09,5532,6.688359,243.31
ian,Hurricane Ian,Hurricane,2022,12115002508,14,617046.57,77961.10,0.00,695007.67,49643.41,2882,4.857738,241.15
ian,Hurricane Ian,Hurricane,2022,12115002509,82,2854150.17,444193.20,0.00,3298343.37,40223.70,6063,13.524658,544.01
ian,Hurricane Ian,Hurricane,2022,12115002510,42,2918125.25,463710.73,0.00,3381835.98,80519.90,3584,11.718750,943.59
ian,Hurricane Ian,Hurricane,2022,12115002511,35,1258568.65,288159.00,0.00,1546727.65,44192.22,2664,13.138138,580.60
ian,Hurricane Ian,Hurricane,2022,12115002601,54,1239629.34,180550.06,0.00,1420179.40,26299.62,2396,22.537563,592.73
ian,Hurricane Ian,Hurricane,2022,12115002602,39,1058140.24,139065.62,0.00,1197205.86,30697.59,2266,17.210944,528.33
ian,Hurricane Ian,Hurricane,2022,12115002603,32,793345.70,140348.38,0.00,933694.08,29177.94,1914,16.718913,487.82
ian,Hurricane Ian,Hurricane,2022,12115002604,64,2772606.27,253245.58,0.00,3025851.85,47278.94,2788,22.955524,1085.31
ian,Hurricane Ian,Hurricane,2022,12115002605,272,5742256.70,554944.81,0.00,6297201.51,23151.48,2414,112.676056,2608.62
ian,Hurricane Ian,Hurricane,2022,12115002710,9,22065.98,279.60,0.00,22345.58,2482.84,2637,3.412969,8.47
ian,Hurricane Ian,Hurricane,2022,12115002714,9,165101.58,32547.65,0.00,197649.23,21961.03,5585,1.611459,35.39
ian,Hurricane Ian,Hurricane,2022,12115002716,39,823605.02,258710.75,0.00,1082315.77,27751.69,7137,5.464481,151.65
ian,Hurricane Ian,Hurricane,2022,12115002720,13,161610.67,8750.49,0.00,170361.16,13104.70,3110,4.180064,54.78
ian,Hurricane Ian,Hurricane,2022,12115002721,22,1078527.40,195331.95,0.00,1273859.35,57902.70,4970,4.426559,256.31
ian,Hurricane Ian,Hurricane,2022,12115002723,28,412085.70,21615.38,0.00,433701.08,15489.32,2505,11.177645,173.13
ian,Hurricane Ian,Hurricane,2022,12115002724,23,86744.55,1734.33,0.00,88478.88,3846.91,2092,10.994264,42.29
ian,Hurricane Ian,Hurricane,2022,12115002725,3,10010.63,1406.45,0.00,11417.08,3805.69,6657,0.450653,1.72
ian,Hurricane Ian,Hurricane,2022,12115002726,63,4218581.93,800278.03,0.00,5018859.96,79664.44,5245,12.011439,956.88
ian,Hurricane Ian,Hurricane,2022,12115002728,4,0.00,0.00,0.00,0.00,0.00,2742,1.458789,0.00
ian,Hurricane Ian,Hurricane,2022,12115002729,18,1223284.04,236245.25,0.00,1459529.29,81084.96,1453,12.388162,1004.49
ian,Hurricane Ian,Hurricane,2022,12115002730,9,447438.11,170929.53,0.00,618367.64,68707.52,2643,3.405221,233.96
ian,Hurricane Ian,Hurricane,2022,12115002731,41,1218271.93,76722.89,0.00,1294994.82,31585.24,4169,9.834493,310.62
ian,Hurricane Ian,Hurricane,2022,12115002732,29,812381.55,124385.83,0.00,936767.38,32302.32,4007,7.237335,233.78
ian,Hurricane Ian,Hurricane,2022,12115002733,36,910809.53,144860.92,0.00,1055670.45,29324.18,3550,10.140845,297.37
ian,Hurricane Ian,Hurricane,2022,12115002734,23,152845.02,8398.78,0.00,161243.80,7010.60,8244,2.789908,19.56
ian,Hurricane Ian,Hurricane,2022,12115002735,13,794236.76,76896.12,0.00,871132.88,67010.22,1772,7.336343,491.61
ian,Hurricane Ian,Hurricane,2022,12115002736,19,1297419.19,359413.41,0.00,1656832.60,87201.72,4374,4.343850,378.79
ian,Hurricane Ian,Hurricane,2022,12115002737,56,4241093.97,1078715.16,0.00,5319809.13,94996.59,6074,9.219625,875.83
ian,Hurricane Ian,Hurricane,2022,12115002738,7,140594.26,22631.92,0.00,163226.18,23318.03,5477,1.278072,29.80
ian,Hurricane Ian,Hurricane,2022,12115002739,9,488694.94,97639.66,0.00,586334.60,65148.29,4373,2.058084,134.08
ian,Hurricane Ian,Hurricane,2022,12115002740,26,1537322.31,66058.34,0.00,1603380.65,61668.49,4937,5.266356,324.77
ian,Hurricane Ian,Hurricane,2022,12115002741,6,6662.36,0.00,0.00,6662.36,1110.39,4414,1.359311,1.51
ian,Hurricane Ian,Hurricane,2022,12115002742,3,45147.40,16824.38,0.00,61971.78,20657.26,6813,0.440335,9.10
ian,Hurricane Ian,Hurricane,2022,12115002743,10,465656.00,61236.61,0.00,526892.61,52689.26,4435,2.254791,118.80
ian,Hurricane Ian,Hurricane,2022,12115002744,55,2892280.58,661735.95,0.00,3554016.53,64618.48,3123,17.611271,1138.01
ian,Hurricane Ian,Hurricane,2022,12115002745,16,268951.28,118185.79,0.00,387137.07,24196.07,5959,2.685014,64.97
ian,Hurricane Ian,Hurricane,2022,12115002746,6,136204.44,8.06,0.00,136212.50,22702.08,6108,0.982318,22.30
ian,Hurricane Ian,Hurricane,2022,12117020101,75,112063.31,3408.25,0.00,115471.56,1539.62,1310,57.251908,88.15
ian,Hurricane Ian,Hurricane,2022,12117020102,1,8698.10,130.37,0.00,8828.47,8828.47,1214,0.823723,7.27
ian,Hurricane Ian,Hurricane,2022,12117020201,12,264343.92,4872.35,0.00,269216.27,22434.69,2123,5.652379,126.81
ian,Hurricane Ian,Hurricane,2022,12117020202,4,142072.22,15435.90,0.00,157508.12,39377.03,5253,0.761470,29.98
ian,Hurricane Ian,Hurricane,2022,12117020402,11,525015.02,98794.22,0.00,623809.24,56709.93,3492,3.150057,178.64
ian,Hurricane Ian,Hurricane,2022,12117020500,5,248180.06,34518.63,0.00,282698.69,56539.74,3237,1.544640,87.33
ian,Hurricane Ian,Hurricane,2022,12117020601,5,819957.75,0.00,0.00,819957.75,163991.55,9060,0.551876,90.50
ian,Hurricane Ian,Hurricane,2022,12117020602,1,0.00,0.00,0.00,0.00,0.00,6586,0.151837,0.00
ian,Hurricane Ian,Hurricane,2022,12117020703,3,83465.05,28822.66,0.00,112287.71,37429.24,5826,0.514933,19.27
ian,Hurricane Ian,Hurricane,2022,12117020706,1,1189.56,0.00,0.00,1189.56,1189.56,9236,0.108272,0.13
ian,Hurricane Ian,Hurricane,2022,12117020707,24,380337.01,51878.28,0.00,432215.29,18008.97,9220,2.603037,46.88
ian,Hurricane Ian,Hurricane,2022,12117020803,3,78304.90,6090.11,0.00,84395.01,28131.67,6167,0.486460,13.68
ian,Hurricane Ian,Hurricane,2022,12117020805,2,10351.32,0.00,0.00,10351.32,5175.66,9202,0.217344,1.12
ian,Hurricane Ian,Hurricane,2022,12117020806,2,15126.79,534.79,0.00,15661.58,7830.79,6643,0.301069,2.36
ian,Hurricane Ian,Hurricane,2022,12117020807,1,0.00,0.00,0.00,0.00,0.00,7080,0.141243,0.00
ian,Hurricane Ian,Hurricane,2022,12117020808,3,11897.85,0.00,0.00,11897.85,3965.95,3807,0.788022,3.13
ian,Hurricane Ian,Hurricane,2022,12117020811,1,22539.82,0.00,0.00,22539.82,22539.82,6873,0.145497,3.28
ian,Hurricane Ian,Hurricane,2022,12117020901,5,99856.79,25799.99,0.00,125656.78,25131.36,4911,1.018123,25.59
ian,Hurricane Ian,Hurricane,2022,12117020902,3,250135.97,68497.30,0.00,318633.27,106211.09,2628,1.141553,121.25
ian,Hurricane Ian,Hurricane,2022,12117020905,1,0.00,0.00,0.00,0.00,0.00,4990,0.200401,0.00
ian,Hurricane Ian,Hurricane,2022,12117021000,14,363103.14,31567.73,0.00,394670.87,28190.78,5433,2.576845,72.64
ian,Hurricane Ian,Hurricane,2022,12117021100,10,145838.44,7570.90,0.00,153409.34,15340.93,4115,2.430134,37.28
ian,Hurricane Ian,Hurricane,2022,12117021201,109,7098943.65,1635501.67,49268.36,8783713.68,80584.53,6090,17.898194,1442.32
ian,Hurricane Ian,Hurricane,2022,12117021203,14,1277810.10,279383.71,0.00,1557193.81,111228.13,6318,2.215891,246.47
ian,Hurricane Ian,Hurricane,2022,12117021205,9,131351.17,27846.71,0.00,159197.88,17688.65,4483,2.007584,35.51
ian,Hurricane Ian,Hurricane,2022,12117021206,2,0.00,0.00,0.00,0.00,0.00,5624,0.355619,0.00
ian,Hurricane Ian,Hurricane,2022,12117021306,11,455623.89,62136.87,0.00,517760.76,47069.16,9423,1.167356,54.95
ian,Hurricane Ian,Hurricane,2022,12117021307,9,588553.05,32931.83,0.00,621484.88,69053.88,7238,1.243437,85.86
ian,Hurricane Ian,Hurricane,2022,12117021311,12,500122.39,122728.10,0.00,622850.49,51904.21,5692,2.108222,109.43
ian,Hurricane Ian,Hurricane,2022,12117021312,1,10459.90,1686.59,0.00,12146.49,12146.49,5473,0.182715,2.22
ian,Hurricane Ian,Hurricane,2022,12117021313,18,1281311.03,312559.30,30000.00,1623870.33,90215.02,8361,2.152853,194.22
ian,Hurricane Ian,Hurricane,2022,12117021315,27,3319788.02,914377.52,0.00,4234165.54,156820.95,7664,3.522965,552.47
ian,Hurricane Ian,Hurricane,2022,12117021316,18,2404201.54,654902.62,0.00,3059104.16,169950.23,4598,3.914746,665.31
ian,Hurricane Ian,Hurricane,2022,12117021317,19,2303941.21,552968.27,0.00,2856909.48,150363.66,8265,2.298851,345.66
ian,Hurricane Ian,Hurricane,2022,12117021318,3,47820.23,29277.99,0.00,77098.22,25699.41,8293,0.361751,9.30
ian,Hurricane Ian,Hurricane,2022,12117021319,3,58631.67,12000.00,0.00,70631.67,23543.89,1558,1.925546,45.33
ian,Hurricane Ian,Hurricane,2022,12117021320,4,84286.15,15406.65,0.00,99692.80,24923.20,7601,0.526247,13.12
ian,Hurricane Ian,Hurricane,2022,12117021321,1,6644.57,0.00,0.00,6644.57,6644.57,2954,0.338524,2.25
ian,Hurricane Ian,Hurricane,2022,12117021401,13,612762.43,73139.47,0.00,685901.90,52761.68,8825,1.473088,77.72
ian,Hurricane Ian,Hurricane,2022,12117021403,18,1270780.93,364371.53,0.00,1635152.46,90841.80,8653,2.080203,188.97
ian,Hurricane Ian,Hurricane,2022,12117021404,17,780067.07,121641.78,0.00,901708.85,53041.70,9152,1.857517,98.53
ian,Hurricane Ian,Hurricane,2022,12117021504,2,247939.84,15000.00,0.00,262939.84,131469.92,3077,0.649984,85.45
ian,Hurricane Ian,Hurricane,2022,12117021507,3,90021.55,0.00,0.00,90021.55,30007.18,7313,0.410228,12.31
ian,Hurricane Ian,Hurricane,2022,12117021606,2,3366.79,0.00,0.00,3366.79,1683.39,7286,0.274499,0.46
ian,Hurricane Ian,Hurricane,2022,12117021608,4,152776.26,0.00,0.00,152776.26,38194.06,6805,0.587803,22.45
ian,Hurricane Ian,Hurricane,2022,12117021612,3,14385.27,0.00,0.00,14385.27,4795.09,4942,0.607042,2.91
ian,Hurricane Ian,Hurricane,2022,12117021614,23,1697068.32,412940.71,0.00,2110009.03,91739.52,5245,4.385129,402.29
ian,Hurricane Ian,Hurricane,2022,12117021617,3,260713.54,91121.56,0.00,351835.10,117278.37,7033,0.426561,50.03
ian,Hurricane Ian,Hurricane,2022,12117021704,1,0.00,0.00,0.00,0.00,0.00,4908,0.203749,0.00
ian,Hurricane Ian,Hurricane,2022,12117021705,1,139000.00,1000.00,0.00,140000.00,140000.00,5543,0.180408,25.26
ian,Hurricane Ian,Hurricane,2022,12117021706,3,34474.54,2322.55,0.00,36797.09,12265.70,3841,0.781047,9.58
ian,Hurricane Ian,Hurricane,2022,12117021707,1,0.00,0.00,0.00,0.00,0.00,7086,0.141123,0.00
ian,Hurricane Ian,Hurricane,2022,12117021802,31,2258665.16,297093.70,0.00,2555758.86,82443.83,4381,7.076010,583.37
ian,Hurricane Ian,Hurricane,2022,12117021806,2,3326.64,0.00,0.00,3326.64,1663.32,5569,0.359131,0.60
ian,Hurricane Ian,Hurricane,2022,12117021901,1,22846.33,0.00,0.00,22846.33,22846.33,5186,0.192827,4.41
ian,Hurricane Ian,Hurricane,2022,12117021902,2,2649.97,0.00,0.00,2649.97,1324.98,4772,0.419111,0.56
ian,Hurricane Ian,Hurricane,2022,12117022001,7,161413.23,8139.69,0.00,169552.92,24221.85,2955,2.368866,57.38
ian,Hurricane Ian,Hurricane,2022,12117022002,11,225763.33,18255.56,0.00,244018.89,22183.54,5650,1.946903,43.19
ian,Hurricane Ian,Hurricane,2022,12117022006,7,404404.30,19725.88,0.00,424130.18,60590.03,3381,2.070393,125.45
ian,Hurricane Ian,Hurricane,2022,12117022007,1,0.00,0.00,0.00,0.00,0.00,4402,0.227169,0.00
ian,Hurricane Ian,Hurricane,2022,12117022101,9,144802.77,22157.60,0.00,166960.37,18551.15,7481,1.203048,22.32
ian,Hurricane Ian,Hurricane,2022,12117022104,2,8171.83,1227.13,0.00,9398.96,4699.48,6101,0.327815,1.54
ian,Hurricane Ian,Hurricane,2022,12117022105,9,537391.57,90494.11,0.00,627885.68,69765.08,3017,2.983096,208.12
ian,Hurricane Ian,Hurricane,2022,12117022201,7,291444.72,42996.27,0.00,334440.99,47777.28,5172,1.353442,64.66
ian,Hurricane Ian,Hurricane,2022,12117022205,4,74953.48,4436.71,0.00,79390.19,19847.55,3365,1.188707,23.59
ian,Hurricane Ian,Hurricane,2022,12117022206,7,372520.24,113961.17,0.00,486481.41,69497.34,6117,1.144352,79.53
ian,Hurricane Ian,Hurricane,2022,12117022207,5,170330.04,38537.11,0.00,208867.15,41773.43,6757,0.739973,30.91
ian,Hurricane Ian,Hurricane,2022,12117022208,2,72819.09,0.00,0.00,72819.09,36409.54,4327,0.462214,16.83
ian,Hurricane Ian,Hurricane,2022,12117022209,7,627169.23,46202.00,0.00,673371.23,96195.89,3894,1.797637,172.93
ian,Hurricane Ian,Hurricane,2022,12127080101,36,2188387.47,502658.17,23425.00,2714470.64,75401.96,4595,7.834603,590.74
ian,Hurricane Ian,Hurricane,2022,12127080201,96,553255.56,8810.94,0.00,562066.50,5854.86,2347,40.903281,239.48
ian,Hurricane Ian,Hurricane,2022,12127080202,4,126462.30,27680.91,0.00,154143.21,38535.80,2376,1.683502,64.88
ian,Hurricane Ian,Hurricane,2022,12127080300,131,80057.50,0.00,0.00,80057.50,611.13,3153,41.547732,25.39
ian,Hurricane Ian,Hurricane,2022,12127080400,16,381011.65,79017.47,0.00,460029.12,28751.82,3235,4.945904,142.20
ian,Hurricane Ian,Hurricane,2022,12127080500,386,79697.49,18815.72,0.00,98513.21,255.22,2798,137.955683,35.21
ian,Hurricane Ian,Hurricane,2022,12127080600,6,100568.20,10202.74,0.00,110770.94,18461.82,3930,1.526718,28.19
ian,Hurricane Ian,Hurricane,2022,12127080700,17,298502.99,115882.99,0.00,414385.98,24375.65,4410,3.854875,93.97
ian,Hurricane Ian,Hurricane,2022,12127080803,20,481693.70,53280.16,0.00,534973.86,26748.69,4880,4.098361,109.63
ian,Hurricane Ian,Hurricane,2022,12127080805,2,0.00,0.00,0.00,0.00,0.00,6010,0.332779,0.00
ian,Hurricane Ian,Hurricane,2022,12127080806,17,1501082.50,193189.96,0.00,1694272.46,99663.09,2676,6.352765,633.14
ian,Hurricane Ian,Hurricane,2022,12127080807,3,31244.80,0.00,0.00,31244.80,10414.93,5129,0.584909,6.09
ian,Hurricane Ian,Hurricane,2022,12127080808,3,5478.53,0.00,0.00,5478.53,1826.18,6313,0.475210,0.87
ian,Hurricane Ian,Hurricane,2022,12127080901,37,1252691.41,167831.18,0.00,1420522.59,38392.50,4773,7.751938,297.62
ian,Hurricane Ian,Hurricane,2022,12127080902,79,3091964.99,694371.79,0.00,3786336.78,47928.31,3626,21.787093,1044.22
ian,Hurricane Ian,Hurricane,2022,12127081001,2,112754.34,50000.00,0.00,162754.34,81377.17,1806,1.107420,90.12
ian,Hurricane Ian,Hurricane,2022,12127081002,12,339680.66,155003.49,0.00,494684.15,41223.68,2549,4.707729,194.07
ian,Hurricane Ian,Hurricane,2022,12127081101,854,895528.77,79515.76,0.00,975044.53,1141.74,2617,326.327856,372.58
ian,Hurricane Ian,Hurricane,2022,12127081102,108,193245.11,936.82,0.00,194181.93,1797.98,1774,60.879369,109.46
ian,Hurricane Ian,Hurricane,2022,12127081201,733,1507446.44,100000.00,0.00,1607446.44,2192.97,3140,233.439490,511.93
ian,Hurricane Ian,Hurricane,2022,12127081202,2,18126.21,0.00,0.00,18126.21,9063.10,1171,1.707942,15.48
ian,Hurricane Ian,Hurricane,2022,12127081300,422,130435.63,23758.39,0.00,154194.02,365.39,1647,256.223437,93.62
ian,Hurricane Ian,Hurricane,2022,12127081500,16,463805.33,345049.19,0.00,808854.52,50553.41,1552,10.309278,521.17
ian,Hurricane Ian,Hurricane,2022,12127081600,34,1065512.85,54392.68,0.00,1119905.53,32938.40,2595,13.102119,431.56
ian,Hurricane Ian,Hurricane,2022,12127081701,2,0.00,0.00,0.00,0.00,0.00,3234,0.618429,0.00
ian,Hurricane Ian,Hurricane,2022,12127081702,1,0.00,0.00,0.00,0.00,0.00,4993,0.200280,0.00
ian,Hurricane Ian,Hurricane,2022,12127081800,7,305463.57,64891.17,0.00,370354.74,52907.82,2709,2.583979,136.71
ian,Hurricane Ian,Hurricane,2022,12127081900,8,175583.87,32931.74,0.00,208515.61,26064.45,4231,1.890806,49.28
ian,Hurricane Ian,Hurricane,2022,12127082000,22,1813263.67,283392.31,0.00,2096655.98,95302.54,3114,7.064868,673.30
ian,Hurricane Ian,Hurricane,2022,12127082100,129,8913454.53,1382092.27,12439.00,10307985.80,79906.87,4303,29.979084,2395.53
ian,Hurricane Ian,Hurricane,2022,12127082201,72,2362707.14,69058.28,0.00,2431765.42,33774.52,4167,17.278618,583.58
ian,Hurricane Ian,Hurricane,2022,12127082202,166,12011860.36,2462358.10,0.00,14474218.46,87194.09,1970,84.263959,7347.32
ian,Hurricane Ian,Hurricane,2022,12127082302,13,770196.28,108831.17,0.00,879027.45,67617.50,4254,3.055947,206.64
ian,Hurricane Ian,Hurricane,2022,12127082401,89,2365687.26,317321.98,0.00,2683009.24,30146.17,3743,23.777718,716.81
ian,Hurricane Ian,Hurricane,2022,12127082404,172,12788001.12,3617783.96,0.00,16405785.08,95382.47,2807,61.275383,5844.60
ian,Hurricane Ian,Hurricane,2022,12127082405,162,11977957.30,2543437.42,0.00,14521394.72,89638.24,4063,39.872016,3574.06
ian,Hurricane Ian,Hurricane,2022,12127082406,66,4937647.60,1273550.34,0.00,6211197.94,94109.06,2638,25.018954,2354.51
ian,Hurricane Ian,Hurricane,2022,12127082410,43,1653940.01,326714.55,0.00,1980654.56,46061.73,6706,6.412168,295.36
ian,Hurricane Ian,Hurricane,2022,12127082411,14,257414.75,11768.93,0.00,269183.68,19227.41,3979,3.518472,67.65
ian,Hurricane Ian,Hurricane,2022,12127082412,190,4748337.50,72009.92,0.00,4820347.42,25370.25,2918,65.113091,1651.94
ian,Hurricane Ian,Hurricane,2022,12127082413,9,59133.41,5294.32,0.00,64427.73,7158.64,3446,2.611724,18.70
ian,Hurricane Ian,Hurricane,2022,12127082414,2,285198.34,7736.40,0.00,292934.74,146467.37,4079,0.490316,71.82
ian,Hurricane Ian,Hurricane,2022,12127082415,5,395511.08,87308.79,0.00,482819.87,96563.97,2906,1.720578,166.15
ian,Hurricane Ian,Hurricane,2022,12127082503,239,18105518.06,3962622.58,30000.00,22098140.64,92460.84,5628,42.466240,3926.46
ian,Hurricane Ian,Hurricane,2022,12127082506,18,169201.39,28928.33,0.00,198129.72,11007.21,5208,3.456221,38.04
ian,Hurricane Ian,Hurricane,2022,12127082508,17,774137.04,159355.82,0.00,933492.86,54911.34,4638,3.665373,201.27
ian,Hurricane Ian,Hurricane,2022,12127082509,95,6820519.83,1402944.16,0.00,8223463.99,86562.78,4096,23.193359,2007.68
ian,Hurricane Ian,Hurricane,2022,12127082510,58,2744751.72,537677.29,40550.00,3322979.01,57292.74,3545,16.361072,937.37
ian,Hurricane Ian,Hurricane,2022,12127082511,73,2866192.18,470150.84,0.00,3336343.02,45703.33,2387,30.582321,1397.71
ian,Hurricane Ian,Hurricane,2022,12127082512,31,1606651.80,406986.23,0.00,2013638.03,64956.07,5497,5.639440,366.32
ian,Hurricane Ian,Hurricane,2022,12127082513,3,59390.51,0.00,0.00,59390.51,19796.84,1645,1.823708,36.10
ian,Hurricane Ian,Hurricane,2022,12127082604,938,1087876.39,281154.64,0.00,1369031.03,1459.52,3065,306.035889,446.67
ian,Hurricane Ian,Hurricane,2022,12127082605,649,619218.67,121463.76,0.00,740682.43,1141.27,3898,166.495639,190.02
ian,Hurricane Ian,Hurricane,2022,12127082606,173,2614310.32,540895.79,0.00,3155206.11,18238.19,3364,51.426873,937.93
ian,Hurricane Ian,Hurricane,2022,12127082607,362,848918.38,193361.32,0.00,1042279.70,2879.23,1922,188.345473,542.29
ian,Hurricane Ian,Hurricane,2022,12127082701,88,1130053.83,233003.99,0.00,1363057.82,15489.29,1809,48.645661,753.49
ian,Hurricane Ian,Hurricane,2022,12127082703,109,2861118.32,628976.95,0.00,3490095.27,32019.22,3230,33.746130,1080.52
ian,Hurricane Ian,Hurricane,2022,12127082704,40,397530.00,159573.43,0.00,557103.43,13927.59,2247,17.801513,247.93
ian,Hurricane Ian,Hurricane,2022,12127082705,139,2493.51,0.00,0.00,2493.51,17.94,2301,60.408518,1.08
ian,Hurricane Ian,Hurricane,2022,12127082801,58,3078046.43,472558.70,60000.00,3610605.13,62251.81,3147,18.430251,1147.32
ian,Hurricane Ian,Hurricane,2022,12127082802,152,3049009.12,390279.11,0.00,3439288.23,22626.90,3717,40.893193,925.29
ian,Hurricane Ian,Hurricane,2022,12127082902,126,8179113.81,2292858.02,0.00,10471971.83,83110.89,6316,19.949335,1658.01
ian,Hurricane Ian,Hurricane,2022,12127082903,150,8555277.38,1477797.42,0.00,10033074.80,66887.17,5362,27.974636,1871.14
ian,Hurricane Ian,Hurricane,2022,12127082904,328,24735240.91,4928447.05,30000.00,29693687.96,90529.54,5934,55.274688,5003.99
ian,Hurricane Ian,Hurricane,2022,12127083003,9,271903.61,19056.49,0.00,290960.10,32328.90,6305,1.427439,46.15
ian,Hurricane Ian,Hurricane,2022,12127083005,9,143720.91,9553.76,0.00,153274.67,17030.52,3707,2.427839,41.35
ian,Hurricane Ian,Hurricane,2022,12127083006,48,2566032.62,814827.49,0.00,3380860.11,70434.59,6610,7.261725,511.48
ian,Hurricane Ian,Hurricane,2022,12127083007,6,144851.24,47806.17,0.00,192657.41,32109.57,4744,1.264755,40.61
ian,Hurricane Ian,Hurricane,2022,12127083008,35,1627785.87,346108.55,0.00,1973894.42,56396.98,3793,9.227524,520.40
ian,Hurricane Ian,Hurricane,2022,12127083009,17,676249.28,191677.85,0.00,867927.13,51054.54,3690,4.607046,235.21
ian,Hurricane Ian,Hurricane,2022,12127083203,16,1433849.55,133682.75,0.00,1567532.30,97970.77,8514,1.879258,184.11
ian,Hurricane Ian,Hurricane,2022,12127083205,9,864286.71,329813.73,0.00,1194100.44,132677.83,5168,1.741486,231.06
ian,Hurricane Ian,Hurricane,2022,12127083206,2,978.90,0.00,0.00,978.90,489.45,3008,0.664894,0.33
ian,Hurricane Ian,Hurricane,2022,12127083207,39,2488645.04,833895.67,0.00,3322540.71,85193.35,9131,4.271164,363.87
ian,Hurricane Ian,Hurricane,2022,12127083209,70,2290738.19,521136.17,26241.15,2838115.51,40544.51,7306,9.581166,388.46
ian,Hurricane Ian,Hurricane,2022,12127083210,18,572113.98,86840.32,0.00,658954.30,36608.57,6915,2.603037,95.29
ian,Hurricane Ian,Hurricane,2022,12127083211,21,1124123.40,215169.03,0.00,1339292.43,63775.83,6701,3.133861,199.86
ian,Hurricane Ian,Hurricane,2022,12127090101,1,0.00,0.00,0.00,0.00,0.00,5098,0.196155,0.00
ian,Hurricane Ian,Hurricane,2022,12127090102,35,990666.24,56111.29,0.00,1046777.53,29907.93,3890,8.997429,269.09
ian,Hurricane Ian,Hurricane,2022,12127090204,10,282227.37,35000.00,0.00,317227.37,31722.74,8276,1.208313,38.33
ian,Hurricane Ian,Hurricane,2022,12127090305,3,0.00,0.00,0.00,0.00,0.00,4195,0.715137,0.00
ian,Hurricane Ian,Hurricane,2022,12127090306,5,171852.25,145850.64,0.00,317702.89,63540.58,8646,0.578302,36.75
ian,Hurricane Ian,Hurricane,2022,12127090307,2,75286.85,9654.01,0.00,84940.86,42470.43,7510,0.266312,11.31
ian,Hurricane Ian,Hurricane,2022,12127090701,17,791241.12,58595.94,0.00,849837.06,49990.42,5211,3.262330,163.09
ian,Hurricane Ian,Hurricane,2022,12127090803,2,3908.03,0.00,0.00,3908.03,1954.02,5810,0.344234,0.67
ian,Hurricane Ian,Hurricane,2022,12127090806,1,0.00,0.00,0.00,0.00,0.00,5209,0.191975,0.00
ian,Hurricane Ian,Hurricane,2022,12127090807,3,98930.34,185619.19,0.00,284549.53,94849.84,5004,0.599520,56.86
ian,Hurricane Ian,Hurricane,2022,12127090903,2,0.00,0.00,0.00,0.00,0.00,4706,0.424989,0.00
ian,Hurricane Ian,Hurricane,2022,12127090904,3,108353.94,0.00,0.00,108353.94,36117.98,7358,0.407719,14.73
ian,Hurricane Ian,Hurricane,2022,12127090905,2,0.00,0.00,0.00,0.00,0.00,7528,0.265675,0.00
ian,Hurricane Ian,Hurricane,2022,12127090906,4,18571.32,0.00,0.00,18571.32,4642.83,3477,1.150417,5.34
ian,Hurricane Ian,Hurricane,2022,12127091001,3,14481.41,0.00,0.00,14481.41,4827.14,7938,0.377929,1.82
ian,Hurricane Ian,Hurricane,2022,12127091005,29,1287933.60,440452.36,0.00,1728385.96,59599.52,1962,14.780836,880.93
ian,Hurricane Ian,Hurricane,2022,12127091015,3,22578.86,0.00,0.00,22578.86,7526.29,4808,0.623960,4.70
ian,Hurricane Ian,Hurricane,2022,12127091016,1,43335.21,13.51,0.00,43348.72,43348.72,7243,0.138064,5.98
ian,Hurricane Ian,Hurricane,2022,12127091018,2,82950.22,5762.07,0.00,88712.29,44356.15,6404,0.312305,13.85
ian,Hurricane Ian,Hurricane,2022,12127091019,6,378382.85,128246.85,0.00,506629.70,84438.28,6416,0.935162,78.96
ian,Hurricane Ian,Hurricane,2022,12127091020,32,2344450.76,525651.17,0.00,2870101.93,89690.69,8570,3.733956,334.90
ian,Hurricane Ian,Hurricane,2022,12127091021,8,172133.66,63027.18,0.00,235160.84,29395.10,2689,2.975084,87.45
ian,Hurricane Ian,Hurricane,2022,12127091023,1,0.00,0.00,0.00,0.00,0.00,3088,0.323834,0.00
ian,Hurricane Ian,Hurricane,2022,12127091025,6,267.42,19880.49,0.00,20147.91,3357.99,4374,1.371742,4.61
ian,Hurricane Ian,Hurricane,2022,12127091029,61,4101340.84,959079.56,0.00,5060420.40,82957.71,5292,11.526833,956.24
ian,Hurricane Ian,Hurricane,2022,12127091031,4,149820.15,61931.57,0.00,211751.72,52937.93,5466,0.731797,38.74
ian,Hurricane Ian,Hurricane,2022,12127091032,1,24127.58,0.00,0.00,24127.58,24127.58,3280,0.304878,7.36
ian,Hurricane Ian,Hurricane,2022,12127091033,1,0.00,0.00,0.00,0.00,0.00,3983,0.251067,0.00
ian,Hurricane Ian,Hurricane,2022,12127091034,1,0.00,0.00,0.00,0.00,0.00,4078,0.245218,0.00
ian,Hurricane Ian,Hurricane,2022,12127091035,1,8409.29,0.00,0.00,8409.29,8409.29,4245,0.235571,1.98
ian,Hurricane Ian,Hurricane,2022,12127091036,2,81058.38,0.00,0.00,81058.38,40529.19,3066,0.652316,26.44
ian,Hurricane Ian,Hurricane,2022,12127091037,5,0.00,0.00,0.00,0.00,0.00,3888,1.286008,0.00
ian,Hurricane Ian,Hurricane,2022,12127091039,3,109274.98,8024.13,0.00,117299.11,39099.70,2910,1.030928,40.31
ian,Hurricane Ian,Hurricane,2022,12127092500,22,3262873.21,535662.91,0.00,3798536.12,172660.73,5359,4.105244,708.81
