GEOID,claim_count,claims_per_1000_residents,total_claim_payments,claim_payments_per_capita,average_payment_per_claim,building_payments,contents_payments,icc_payments
12021010210,31,8.67,731433.0,204.48,23594.61,586605.0,144828.0,0.0
12087972200,122,35.33,1960335.0,567.72,16068.32,1632402.0,327933.0,0.0
12087972700,134,,3100713.0,,23139.65,2776039.0,324674.0,0.0
12087970400,187,49.79,5297847.0,1410.5,28330.73,3954311.0,1343536.0,0.0
12021010905,126,38.61,5239562.0,1605.75,41583.83,4833846.0,405716.0,0.0
12071040123,46,9.9,2564098.0,551.77,55741.26,2007826.0,556272.0,0.0
12021010516,9,,74355.0,,8261.67,11372.0,62983.0,0.0
12011092000,59,14.47,1125091.0,276.03,19069.34,848231.0,276860.0,0.0
12097041600,5,1.29,80549.0,20.72,16109.8,63169.0,17380.0,0.0
12011043100,12,2.53,202667.0,42.81,16888.92,183119.0,19548.0,0.0
12086014600,2,0.24,0.0,0.0,0.0,0.0,0.0,0.0
12087971401,719,201.18,38628847.0,10808.3,53725.8,32475753.0,6153094.0,0.0
45019005602,10,,389656.0,,38965.6,340060.0,49596.0,0.0
12035060302,420,115.67,30618998.0,8432.66,72902.38,23683266.0,6935732.0,0.0
12105012001,29,5.33,2097934.0,385.3,72342.55,1306449.0,791485.0,0.0
12057005102,3,0.81,0.0,0.0,0.0,0.0,0.0,0.0
12127081300,4,2.26,44904.0,25.38,11226.0,44904.0,0.0,0.0
12099007748,2,0.43,183966.0,39.56,91983.0,99780.0,84186.0,0.0
12109020500,415,106.3,18010960.0,4613.46,43399.9,15930937.0,2080023.0,0.0
12057013409,23,4.68,1366070.0,278.17,59394.35,864128.0,501942.0,0.0
12087971001,775,592.96,45438175.0,34765.24,58629.9,38055799.0,7382376.0,0.0
12019030705,41,,3406502.0,,83085.41,2604512.0,801990.0,0.0
12086019302,1,,0.0,,0.0,0.0,0.0,0.0
12021010902,112,30.93,1083704.0,299.28,9675.93,942515.0,141189.0,0.0
12087971700,159,46.57,1312870.0,384.55,8257.04,1140176.0,172694.0,0.0
12031013000,86,34.95,10646068.0,4325.91,123791.49,7718020.0,2928048.0,0.0
12021000102,28,20.71,773936.0,572.44,27640.57,655459.0,118477.0,0.0
12087971002,438,272.05,15922662.0,9889.85,36353.11,13456062.0,2466600.0,0.0
12086003915,47,8.25,1540478.0,270.31,32776.13,1431985.0,108493.0,0.0
12087971502,851,268.03,24563342.0,7736.49,28864.09,19932100.0,4631242.0,0.0
12109020601,141,26.22,5900092.0,1097.28,41844.62,5209119.0,690973.0,0.0
12011040602,6,2.05,60326.0,20.59,10054.33,45136.0,15190.0,0.0
13029920305,12,2.64,79135.0,17.43,6594.58,73768.0,5367.0,0.0
12031010500,19,1.17,938423.0,57.85,49390.68,661386.0,277037.0,0.0
12087970800,250,59.62,9809320.0,2339.45,39237.28,8099132.0,1710188.0,0.0
12011060203,7,1.08,43199.0,6.67,6171.29,39584.0,3615.0,0.0
12031014204,23,4.43,862773.0,166.08,37511.87,697139.0,165634.0,0.0
12011090700,14,1.9,80450.0,10.89,5746.43,78585.0,1865.0,0.0
45019002005,65,9.71,1582339.0,236.38,24343.68,1326016.0,256323.0,0.0
12109021404,163,51.76,5178122.0,1644.37,31767.62,4577003.0,601119.0,0.0
12011091802,3,0.89,1179.0,0.35,393.0,1179.0,0.0,0.0
12087971600,284,133.46,4207235.0,1977.08,14814.21,3556349.0,650886.0,0.0
13127001000,49,5.12,1117903.0,116.85,22814.35,952381.0,165522.0,0.0
45019003900,11,2.02,275089.0,50.4,25008.09,261028.0,14061.0,0.0
12071050602,34,5.95,1718342.0,300.72,50539.47,1165664.0,552678.0,0.0
12011060501,3,0.4,0.0,0.0,0.0,0.0,0.0,0.0
12086011015,6,,70300.0,,11716.67,47935.0,22365.0,0.0
12071050209,38,4.37,1007204.0,115.76,26505.37,848547.0,158657.0,0.0
12011060126,45,8.55,482861.0,91.78,10730.24,445353.0,37508.0,0.0
12087971402,310,171.18,6165133.0,3404.27,19887.53,5120563.0,1044570.0,0.0
12099007602,14,2.86,0.0,0.0,0.0,0.0,0.0,0.0
45013001200,210,196.08,4770740.0,4454.47,22717.81,4225897.0,544843.0,0.0
12021010701,76,18.3,2786434.0,670.78,36663.61,2479189.0,307245.0,0.0
12009069300,43,13.64,1163238.0,368.93,27052.05,1027899.0,135339.0,0.0
12011110324,9,0.53,37143.0,2.19,4127.0,34510.0,2633.0,0.0
12019030600,51,11.17,3817478.0,835.88,74852.51,3053647.0,763831.0,0.0
45019004300,3,1.08,85048.0,30.68,28349.33,85048.0,0.0,0.0
13127000503,23,5.47,1196914.0,284.57,52039.74,1112658.0,84256.0,0.0
12086010012,11,1.86,57377.0,9.69,5216.09,46853.0,10524.0,0.0
12086011013,3,,58507.0,,19502.33,47632.0,10875.0,0.0
12021010300,106,24.46,4836299.0,1116.15,45625.46,4096279.0,740020.0,0.0
12021011103,17,6.79,111159.0,44.43,6538.76,98155.0,13004.0,0.0
12031000800,194,69.81,17045089.0,6133.53,87861.28,15292109.0,1752980.0,0.0
12086016501,1,,0.0,,0.0,0.0,0.0,0.0
12087970600,242,151.34,6967785.0,4357.59,28792.5,5628502.0,1339283.0,0.0
12071050401,16,,312236.0,,19514.75,263373.0,48863.0,0.0
12071050501,39,,1860756.0,,47711.69,1529879.0,330877.0,0.0
12071001801,12,2.62,56497.0,12.34,4708.08,35989.0,20508.0,0.0
12109020400,152,45.56,4566038.0,1368.72,30039.72,4325755.0,240283.0,0.0
12071010416,4,,22733.0,,5683.25,22733.0,0.0,0.0
12009062109,4,0.91,10173.0,2.31,2543.25,10173.0,0.0,0.0
12099005926,5,1.18,17932.0,4.23,3586.4,17932.0,0.0,0.0
12021011107,65,,3494429.0,,53760.45,3007287.0,487142.0,0.0
12087971900,154,24.12,3177493.0,497.57,20633.07,2515784.0,661709.0,0.0
12071030300,28,9.56,887327.0,303.05,31690.25,705023.0,182304.0,0.0
12087971800,186,34.49,2020303.0,374.62,10861.84,1780496.0,239807.0,0.0
12087971200,425,175.84,17269213.0,7144.9,40633.44,15274137.0,1995076.0,0.0
13051011111,115,,3605042.0,,31348.19,2950111.0,654931.0,0.0
12087970900,536,315.29,40862481.0,24036.75,76235.97,34751959.0,6110522.0,0.0
12011100105,9,3.03,1728792.0,582.67,192088.0,1633198.0,95594.0,0.0
13103030309,1,,34871.0,,34871.0,34871.0,0.0,0.0
12071010602,4,1.72,0.0,0.0,0.0,0.0,0.0,0.0
12086010010,7,1.34,83691.0,16.0,11955.86,75877.0,7814.0,0.0
12107951300,55,17.38,1464875.0,462.98,26634.09,1137686.0,327189.0,0.0
12087971100,605,172.46,43803285.0,12486.68,72402.12,36541132.0,7262153.0,0.0
45013000700,20,3.33,732359.0,121.84,36617.95,612317.0,120042.0,0.0
12105011606,2,1.08,51826.0,27.98,25913.0,51826.0,0.0,0.0
13127000201,34,,1223184.0,,35976.0,1054552.0,168632.0,0.0
13051011114,9,,42358.0,,4706.44,38232.0,4126.0,0.0
12031016801,35,14.63,3212184.0,1342.89,91776.69,2497996.0,714188.0,0.0
12086000706,7,0.85,1525.0,0.18,217.86,1525.0,0.0,0.0
12087971501,438,231.01,6556215.0,3457.92,14968.53,5495415.0,1060800.0,0.0
12086004602,145,34.86,9967601.0,2396.06,68742.08,7364155.0,2603446.0,0.0
12109020603,49,,1233453.0,,25172.51,1098584.0,134869.0,0.0
45019002105,45,25.7,355058.0,202.77,7890.18,346398.0,8660.0,0.0
12086001301,44,10.37,1593899.0,375.74,36224.98,1345234.0,248665.0,0.0
12085001500,3,0.81,120909.0,32.63,40303.0,117694.0,3215.0,0.0
12071060201,24,30.42,397301.0,503.55,16554.21,373909.0,23392.0,0.0
12021011102,119,12.81,5159202.0,555.47,43354.64,4099036.0,1060166.0,0.0
12031011200,21,7.73,1537049.0,565.51,73192.81,1303280.0,233769.0,0.0
12011042200,11,4.12,51779.0,19.39,4707.18,51779.0,0.0,0.0
12109020200,106,42.4,2027779.0,811.11,19129.99,1855704.0,172075.0,0.0
12011070314,7,1.4,47768.0,9.53,6824.0,21156.0,26612.0,0.0
12071010303,9,1.42,0.0,0.0,0.0,0.0,0.0,0.0
12109021406,20,3.7,332565.0,61.48,16628.25,300166.0,32399.0,0.0
12009066700,19,3.86,380502.0,77.37,20026.42,304071.0,76431.0,0.0
12086000109,9,2.06,264712.0,60.57,29412.44,257170.0,7542.0,0.0
12061050703,6,0.64,59405.0,6.29,9900.83,29494.0,29911.0,0.0
12021010109,22,9.87,381152.0,171.07,17325.09,343594.0,37558.0,0.0
12021010801,27,7.09,288419.0,75.74,10682.19,225829.0,62590.0,0.0
12086007902,6,1.96,99363.0,32.48,16560.5,99363.0,0.0,0.0
12001000500,1,0.19,32397.0,6.23,32397.0,32397.0,0.0,0.0
12027010403,22,6.59,1409176.0,422.41,64053.45,1178988.0,230188.0,0.0
12087971300,226,149.17,6870413.0,4534.93,30400.06,5902196.0,968217.0,0.0
12011020405,9,1.79,13174.0,2.62,1463.78,10517.0,2657.0,0.0
12021010904,65,38.21,55668.0,32.73,856.43,51589.0,4079.0,0.0
12086009043,2,0.44,0.0,0.0,0.0,0.0,0.0,0.0
12086004607,63,20.19,2649881.0,849.05,42061.6,2296966.0,352915.0,0.0
12086016100,7,1.31,45480.0,8.51,6497.14,45480.0,0.0,0.0
12087970500,286,121.75,9382945.0,3994.44,32807.5,8138957.0,1243988.0,0.0
12086014700,3,0.43,0.0,0.0,0.0,0.0,0.0,0.0
12009066302,13,2.84,444851.0,97.13,34219.31,382351.0,62500.0,0.0
13039010100,26,9.32,447713.0,160.41,17219.73,381721.0,65992.0,0.0
12069031306,2,0.3,0.0,0.0,0.0,0.0,0.0,0.0
12071060300,39,37.43,1147693.0,1101.43,29428.03,959505.0,188188.0,0.0
12057011107,2,0.28,57722.0,8.06,28861.0,49792.0,7930.0,0.0
13127000102,9,2.84,60510.0,19.12,6723.33,57174.0,3336.0,0.0
12101030405,9,4.64,32808.0,16.93,3645.33,29579.0,3229.0,0.0
12127083003,24,3.93,607264.0,99.34,25302.67,520046.0,87218.0,0.0
45019000200,100,69.64,5350568.0,3726.02,53505.68,5125134.0,225434.0,0.0
12105012131,9,,86026.0,,9558.44,79105.0,6921.0,0.0
12099007834,1,0.61,4115.0,2.52,4115.0,4115.0,0.0,0.0
45019002006,21,4.15,519977.0,102.8,24760.81,465403.0,54574.0,0.0
13127000406,19,,371495.0,,19552.37,366063.0,5432.0,0.0
12031013404,34,10.65,2035497.0,637.49,59867.56,1740659.0,294838.0,0.0
12015020502,13,7.78,2532.0,1.52,194.77,2532.0,0.0,0.0
12057002800,1,0.31,0.0,0.0,0.0,0.0,0.0,0.0
12031014601,14,2.42,520319.0,90.07,37165.64,449688.0,70631.0,0.0
12071060102,61,20.6,988676.0,333.9,16207.8,806944.0,181732.0,0.0
12109020901,32,3.64,918596.0,104.54,28706.12,839514.0,79082.0,0.0
12086003921,6,1.63,203946.0,55.53,33991.0,203946.0,0.0,0.0
12117021000,10,2.05,370734.0,75.83,37073.4,258704.0,112030.0,0.0
12031011000,61,14.59,5145258.0,1230.92,84348.49,3527605.0,1617653.0,0.0
12011050204,7,1.21,15847.0,2.73,2263.86,15847.0,0.0,0.0
12071020202,29,10.94,240243.0,90.62,8284.24,186044.0,54199.0,0.0
12087970700,208,80.34,4658924.0,1799.51,22398.67,4008115.0,650809.0,0.0
12086011500,18,2.47,179058.0,24.56,9947.67,141187.0,37871.0,0.0
12087972500,142,126.79,2216944.0,1979.41,15612.28,1419913.0,797031.0,0.0
12009062103,13,1.68,283806.0,36.69,21831.23,271447.0,12359.0,0.0
12011090200,51,12.46,1085218.0,265.2,21278.78,944355.0,140863.0,0.0
12057010304,1,0.25,38257.0,9.7,38257.0,32007.0,6250.0,0.0
12086001204,59,9.91,3718721.0,624.58,63029.17,2842426.0,876295.0,0.0
12035060212,4,0.67,132602.0,22.26,33150.5,110055.0,22547.0,0.0
12107951100,46,10.62,763515.0,176.25,16598.15,702668.0,60847.0,0.0
12035060106,101,36.53,2222401.0,803.76,22003.97,1901423.0,320978.0,0.0
12087970300,84,35.49,1816010.0,767.22,21619.17,1534666.0,281344.0,0.0
12101031605,6,1.79,195630.0,58.36,32605.0,163513.0,32117.0,0.0
13051003601,1,0.3,12811.0,3.79,12811.0,8364.0,4447.0,0.0
12031012602,23,4.15,2344917.0,422.81,101952.91,2005789.0,339128.0,0.0
12031013403,18,5.76,1619167.0,517.8,89953.72,1112953.0,506214.0,0.0
12019030703,70,5.68,6396933.0,518.81,91384.76,4202171.0,2194762.0,0.0
12021010702,33,10.07,705725.0,215.29,21385.61,560656.0,145069.0,0.0
12021010515,3,,94357.0,,31452.33,58169.0,36188.0,0.0
12086008102,5,0.94,6132.0,1.16,1226.4,6132.0,0.0,0.0
12071001906,10,1.33,100627.0,13.38,10062.7,99127.0,1500.0,0.0
12109020705,4,0.68,0.0,0.0,0.0,0.0,0.0,0.0
12086009312,2,0.37,37891.0,6.93,18945.5,37891.0,0.0,0.0
12011110600,16,2.88,260151.0,46.82,16259.44,217307.0,42844.0,0.0
12019030904,9,1.34,619034.0,92.24,68781.56,544516.0,74518.0,0.0
12071010701,29,7.63,81504.0,21.44,2810.48,71991.0,9513.0,0.0
12031010402,19,4.5,1132661.0,268.28,59613.74,840227.0,292434.0,0.0
12011040601,10,2.89,47521.0,13.75,4752.1,47521.0,0.0,0.0
13191110200,10,1.98,361130.0,71.4,36113.0,344053.0,17077.0,0.0
45019000400,1,0.31,15095.0,4.68,15095.0,14685.0,410.0,0.0
12011042000,24,7.68,2212421.0,707.52,92184.21,1436615.0,775806.0,0.0
12086019900,13,1.08,47979.0,3.98,3690.69,36149.0,11830.0,0.0
12055961000,17,3.94,124505.0,28.82,7323.82,118583.0,5922.0,0.0
12031002200,32,7.54,2858101.0,673.13,89315.66,2253306.0,604795.0,0.0
12021000402,43,22.58,436538.0,229.27,10152.05,396846.0,39692.0,0.0
12127080201,49,19.05,5428827.0,2110.74,110792.39,4780849.0,647978.0,0.0
12071040109,9,1.53,642243.0,109.02,71360.33,465265.0,176978.0,0.0
45013000100,28,6.72,1008416.0,242.17,36014.86,837495.0,170921.0,0.0
12009064125,6,1.0,227695.0,38.01,37949.17,151302.0,76393.0,0.0
12086001006,25,5.3,638777.0,135.45,25551.08,523516.0,115261.0,0.0
12011042800,3,0.38,65083.0,8.25,21694.33,65083.0,0.0,0.0
12021000101,86,63.24,3984707.0,2929.93,46333.8,2951547.0,1033160.0,0.0
12109020708,166,45.01,7311682.0,1982.56,44046.28,5872792.0,1438890.0,0.0
12031014341,10,,481095.0,,48109.5,445065.0,36030.0,0.0
12071020600,19,5.66,301281.0,89.75,15856.89,269587.0,31694.0,0.0
45013010200,48,12.18,994623.0,252.31,20721.31,931746.0,62877.0,0.0
13051011108,58,18.35,1472651.0,465.88,25390.53,1213891.0,258760.0,0.0
12021010604,11,3.32,56916.0,17.19,5174.18,56916.0,0.0,0.0
12031011100,39,11.7,2352087.0,705.49,60309.92,1738551.0,613536.0,0.0
12109021302,10,1.75,244560.0,42.7,24456.0,231305.0,13255.0,0.0
45019001901,16,3.6,289766.0,65.17,18110.38,279383.0,10383.0,0.0
12086011003,11,2.09,126258.0,24.04,11478.0,100532.0,25726.0,0.0
45019002300,14,9.4,135986.0,91.27,9713.29,117681.0,18305.0,0.0
12071010407,13,1.77,0.0,0.0,0.0,0.0,0.0,0.0
12031017300,11,1.48,311856.0,41.89,28350.55,252441.0,59415.0,0.0
12105012503,20,1.11,79451.0,4.42,3972.55,69896.0,9555.0,0.0
12021010803,56,12.91,1473288.0,339.62,26308.71,1168718.0,304570.0,0.0
12009064601,18,2.57,1150542.0,164.5,63919.0,771055.0,379487.0,0.0
12086010705,8,,108280.0,,13535.0,84560.0,23720.0,0.0
12031002300,43,24.94,3367231.0,1953.15,78307.7,2524349.0,842882.0,0.0
12031016604,24,5.1,2687044.0,571.47,111960.17,2598644.0,88400.0,0.0
12071050211,2,,7991.0,,3995.5,5577.0,2414.0,0.0
12021010805,24,,905924.0,,37746.83,811012.0,94912.0,0.0
12011050800,7,1.37,71166.0,13.97,10166.57,46987.0,24179.0,0.0
45019004800,22,10.73,660530.0,322.21,30024.09,626384.0,34146.0,0.0
12101030502,9,2.02,38889.0,8.74,4321.0,36441.0,2448.0,0.0
13051011006,27,7.2,346125.0,92.25,12819.44,327820.0,18305.0,0.0
12086011600,5,0.79,43394.0,6.88,8678.8,36463.0,6931.0,0.0
12071060203,49,35.23,745900.0,536.23,15222.45,606073.0,139827.0,0.0
13051011103,136,38.31,5341067.0,1504.53,39272.55,4424786.0,916281.0,0.0
12111381300,33,9.18,984531.0,274.01,29834.27,848271.0,136260.0,0.0
12117021201,44,7.58,1033804.0,178.21,23495.55,765296.0,268508.0,0.0
12086009006,14,1.3,111031.0,10.31,7930.79,76207.0,34824.0,0.0
45013000200,27,4.5,263852.0,43.95,9772.3,227240.0,36612.0,0.0
12086007300,107,27.18,9265602.0,2354.07,86594.41,6690454.0,2575148.0,0.0
12071050106,140,38.82,1832703.0,508.24,13090.74,1497396.0,335307.0,0.0
12127090204,7,0.91,97410.0,12.6,13915.71,89217.0,8193.0,0.0
12115000102,1,0.22,0.0,0.0,0.0,0.0,0.0,0.0
12071010305,39,11.15,230553.0,65.91,5911.62,211793.0,18760.0,0.0
12071020502,24,6.14,465498.0,119.11,19395.75,352891.0,112607.0,0.0
12011020210,8,1.17,47693.0,6.97,5961.62,47032.0,661.0,0.0
12086006802,173,49.9,10402347.0,3000.39,60129.17,8287326.0,2115021.0,0.0
12071001707,30,5.43,7496242.0,1356.29,249874.73,7447487.0,48755.0,0.0
12086000903,1,0.32,0.0,0.0,0.0,0.0,0.0,0.0
12127080400,3,0.89,580878.0,172.98,193626.0,366062.0,214816.0,0.0
12057011519,1,0.43,0.0,0.0,0.0,0.0,0.0,0.0
12011040101,18,12.04,81705.0,54.65,4539.17,81705.0,0.0,0.0
12103025408,1,0.15,0.0,0.0,0.0,0.0,0.0,0.0
12011031207,3,,8707.0,,2902.33,8707.0,0.0,0.0
12086015900,4,0.94,41642.0,9.84,10410.5,41642.0,0.0,0.0
12087970200,76,69.53,1415376.0,1294.95,18623.37,1094052.0,321324.0,0.0
12071050105,25,13.55,427426.0,231.67,17097.04,357277.0,70149.0,0.0
45019000100,339,144.01,11120909.0,4724.26,32805.04,10628686.0,492223.0,0.0
12009071334,1,0.11,0.0,0.0,0.0,0.0,0.0,0.0
12086017500,4,0.89,25423.0,5.63,6355.75,25423.0,0.0,0.0
12083002402,5,0.95,311299.0,59.23,62259.8,236459.0,74840.0,0.0
12061050504,6,4.36,620904.0,450.91,103484.0,507016.0,113888.0,0.0
12001001811,4,0.57,298293.0,42.82,74573.25,184251.0,114042.0,0.0
12086010625,5,,82926.0,,16585.2,60121.0,22805.0,0.0
12009062400,16,2.26,526717.0,74.53,32919.81,391123.0,135594.0,0.0
12086006702,17,1.95,337552.0,38.79,19856.0,331857.0,5695.0,0.0
45013011000,18,9.2,200432.0,102.47,11135.11,173737.0,26695.0,0.0
12057012208,1,0.14,2158.0,0.31,2158.0,2158.0,0.0,0.0
12009069901,31,3.98,1101724.0,141.3,35539.48,912882.0,188842.0,0.0
12097042800,9,0.74,152873.0,12.51,16985.89,137512.0,15361.0,0.0
12011043301,7,1.37,151715.0,29.63,21673.57,151715.0,0.0,0.0
12071050208,60,10.3,1769695.0,303.86,29494.92,1597422.0,172273.0,0.0
45019002007,21,5.77,812586.0,223.36,38694.57,666469.0,146117.0,0.0
12057013804,4,0.4,82342.0,8.15,20585.5,82342.0,0.0,0.0
12001001000,9,1.56,338789.0,58.64,37643.22,303838.0,34951.0,0.0
12021010903,141,26.2,3728689.0,692.94,26444.6,2834680.0,894009.0,0.0
12031010107,25,,623152.0,,24926.08,415426.0,207726.0,0.0
12086002705,9,2.96,1471296.0,483.98,163477.33,1470640.0,656.0,0.0
13127000101,124,82.72,5639190.0,3761.97,45477.34,4917206.0,721984.0,0.0
12109020604,32,,984722.0,,30772.56,924197.0,60525.0,0.0
12086010613,19,3.48,71305.0,13.06,3752.89,71305.0,0.0,0.0
12086000609,2,,0.0,,0.0,0.0,0.0,0.0
12031016804,40,5.3,2985306.0,395.4,74632.65,2315217.0,670089.0,0.0
12021010513,12,,766528.0,,63877.33,714188.0,52340.0,0.0
12019031200,33,2.21,3860867.0,258.36,116995.97,2954940.0,905927.0,0.0
12109021204,18,19.42,666704.0,719.21,37039.11,604019.0,62685.0,0.0
12021010212,17,2.81,421583.0,69.71,24799.0,262810.0,158773.0,0.0
12021010601,56,20.04,2861452.0,1024.14,51097.36,2373467.0,487985.0,0.0
12086000120,38,8.69,1380178.0,315.61,36320.47,1096678.0,283500.0,0.0
12099007738,6,1.54,87134.0,22.41,14522.33,32075.0,55059.0,0.0
12021010401,35,7.53,276773.0,59.52,7907.8,250342.0,26431.0,0.0
12019030103,99,18.48,11666190.0,2177.75,117840.3,9827601.0,1838589.0,0.0
45051040200,2,0.49,1234.0,0.31,617.0,1234.0,0.0,0.0
12011050501,9,2.3,170589.0,43.57,18954.33,165705.0,4884.0,0.0
12086004102,32,9.37,876762.0,256.66,27398.81,823208.0,53554.0,0.0
12009069400,17,2.65,431329.0,67.17,25372.29,382951.0,48378.0,0.0
12086000508,2,,53623.0,,26811.5,52910.0,713.0,0.0
45019002004,63,32.21,1447128.0,739.84,22970.29,1175957.0,271171.0,0.0
12071040206,15,10.07,503362.0,337.83,33557.47,415420.0,87942.0,0.0
12031013100,103,48.11,9893810.0,4621.12,96056.41,7629282.0,2264528.0,0.0
12071000503,24,5.35,772619.0,172.34,32192.46,643995.0,128624.0,0.0
12009071201,2,,4242.0,,2121.0,4242.0,0.0,0.0
12071001602,5,1.64,624809.0,204.39,124961.8,623581.0,1228.0,0.0
13051010803,1,0.09,0.0,0.0,0.0,0.0,0.0,0.0
45013010100,45,23.17,1166481.0,600.66,25921.8,1044996.0,121485.0,0.0
12086000301,6,0.84,64033.0,8.93,10672.17,35968.0,28065.0,0.0
12086000132,18,3.19,55680.0,9.87,3093.33,55680.0,0.0,0.0
12086004103,24,11.08,879083.0,405.86,36628.46,878038.0,1045.0,0.0
12031010104,17,,675473.0,,39733.71,550354.0,125119.0,0.0
12097042400,20,2.5,772524.0,96.4,38626.2,635989.0,136535.0,0.0
12041950100,9,1.6,124706.0,22.19,13856.22,120112.0,4594.0,0.0
12071030202,18,2.82,111135.0,17.41,6174.17,110918.0,217.0,0.0
12099004601,2,0.52,0.0,0.0,0.0,0.0,0.0,0.0
12011060505,4,0.82,0.0,0.0,0.0,0.0,0.0,0.0
45019002802,26,9.78,1037119.0,390.19,39889.19,960180.0,76939.0,0.0
12086010018,2,,2225.0,,1112.5,2225.0,0.0,0.0
12127082510,42,11.37,2457197.0,665.19,58504.69,2058879.0,398318.0,0.0
12103027802,10,3.69,94516.0,34.92,9451.6,85699.0,8817.0,0.0
12001001818,5,,537312.0,,107462.4,491639.0,45673.0,0.0
12011031205,13,8.53,613478.0,402.54,47190.62,542027.0,71451.0,0.0
12127082511,31,12.34,1108058.0,441.11,35743.81,946035.0,162023.0,0.0
12086008000,216,31.9,7603994.0,1122.86,35203.68,6105139.0,1498855.0,0.0
12019030202,23,2.6,1659711.0,187.92,72161.35,1310622.0,349089.0,0.0
12086010214,4,,167255.0,,41813.75,148377.0,18878.0,0.0
12071000306,1,,0.0,,0.0,0.0,0.0,0.0
12011050601,11,3.1,83292.0,23.51,7572.0,71142.0,12150.0,0.0
12031000700,44,11.01,2516311.0,629.87,57188.89,2120401.0,395910.0,0.0
45013010600,16,3.67,66817.0,15.32,4176.06,63835.0,2982.0,0.0
12099003507,8,3.17,54058.0,21.42,6757.25,54058.0,0.0,0.0
12119911400,3,0.22,10096.0,0.75,3365.33,5401.0,4695.0,0.0
12086012400,5,0.51,35286.0,3.61,7057.2,10631.0,24655.0,0.0
12086004206,30,23.02,237037.0,181.92,7901.23,220766.0,16271.0,0.0
12011020413,1,0.13,0.0,0.0,0.0,0.0,0.0,0.0
12105011835,4,0.88,83015.0,18.35,20753.75,82124.0,891.0,0.0
12086006206,1,0.35,0.0,0.0,0.0,0.0,0.0,0.0
12057011716,2,,0.0,,0.0,0.0,0.0,0.0
12071010102,1,0.11,0.0,0.0,0.0,0.0,0.0,0.0
12011091901,6,1.63,68629.0,18.6,11438.17,68629.0,0.0,0.0
12035060303,91,34.13,3528480.0,1323.51,38774.51,2858169.0,670311.0,0.0
12011050310,9,1.56,29850.0,5.19,3316.67,26313.0,3537.0,0.0
12031010102,31,3.05,1166931.0,114.95,37642.94,956233.0,210698.0,0.0
12001001816,1,,40512.0,,40512.0,40512.0,0.0,0.0
12031016603,22,6.67,1598515.0,484.84,72659.77,1453025.0,145490.0,0.0
12127082802,17,4.4,927807.0,240.3,54576.88,802203.0,125604.0,0.0
12031014408,46,11.22,2662190.0,649.16,57873.7,2100324.0,561866.0,0.0
12031012200,9,1.22,582347.0,79.03,64705.22,438128.0,144219.0,0.0
12071010802,8,2.29,0.0,0.0,0.0,0.0,0.0,0.0
12011050301,32,3.38,202788.0,21.43,6337.12,171556.0,31232.0,0.0
12127091029,17,3.32,484847.0,94.79,28520.41,434994.0,49853.0,0.0
12019030902,20,2.0,872236.0,87.13,43611.8,747235.0,125001.0,0.0
12086000115,22,8.26,729620.0,274.09,33164.55,600297.0,129323.0,0.0
45019000600,18,14.1,668803.0,523.73,37155.72,668802.0,1.0,0.0
12021000700,7,4.22,247055.0,148.92,35293.57,145819.0,101236.0,0.0
12009065122,15,2.12,1015871.0,143.28,67724.73,739211.0,276660.0,0.0
45019002104,77,51.75,428096.0,287.7,5559.69,418466.0,9630.0,0.0
12081000202,2,0.51,31771.0,8.05,15885.5,31771.0,0.0,0.0
12019030201,31,1.68,3739937.0,203.26,120643.13,2886586.0,853351.0,0.0
12071001914,20,3.9,342392.0,66.83,17119.6,315775.0,26617.0,0.0
12087972100,101,20.33,8977066.0,1807.34,88881.84,8563578.0,413488.0,0.0
12011050207,5,0.7,44831.0,6.27,8966.2,27071.0,17760.0,0.0
12086014702,5,,35285.0,,7057.0,32348.0,2937.0,0.0
12031011300,11,3.31,372814.0,112.19,33892.18,279637.0,93177.0,0.0
12011110340,4,0.56,38540.0,5.4,9635.0,21110.0,17430.0,0.0
12109020602,22,1.21,136152.0,7.49,6188.73,123367.0,12785.0,0.0
45019001902,24,5.34,583821.0,129.88,24325.88,538260.0,45561.0,0.0
13051004211,3,0.59,15307.0,2.99,5102.33,15307.0,0.0,0.0
12015030401,2,0.92,0.0,0.0,0.0,0.0,0.0,0.0
12021000500,78,45.72,2987027.0,1750.9,38295.22,2326493.0,660534.0,0.0
12071030203,7,3.8,208297.0,113.14,29756.71,165550.0,42747.0,0.0
12011060107,11,3.3,74753.0,22.42,6795.73,67402.0,7351.0,0.0
12087972800,16,,371600.0,,23225.0,255056.0,116544.0,0.0
13051010603,1,0.53,5109.0,2.72,5109.0,4403.0,706.0,0.0
12115002604,4,1.47,1884.0,0.69,471.0,1884.0,0.0,0.0
12086004500,24,6.39,58593.0,15.6,2441.38,58593.0,0.0,0.0
12127082606,28,8.89,2622000.0,832.91,93642.86,2317590.0,304410.0,0.0
12031014340,3,,201211.0,,67070.33,151177.0,50034.0,0.0
12009060500,2,0.44,7756.0,1.72,3878.0,7756.0,0.0,0.0
13179010501,59,19.19,2388599.0,777.03,40484.73,1919115.0,469484.0,0.0
12071090100,7,9.67,69768.0,96.36,9966.86,69768.0,0.0,0.0
12086003702,4,0.82,0.0,0.0,0.0,0.0,0.0,0.0
12071040113,25,14.14,443854.0,251.05,17754.16,398556.0,45298.0,0.0
13127000300,103,15.29,2746927.0,407.74,26669.19,2326673.0,420254.0,0.0
12031016711,10,2.42,737751.0,178.55,73775.1,583673.0,154078.0,0.0
12086011205,5,,57550.0,,11510.0,33248.0,24302.0,0.0
12095011300,6,1.13,305921.0,57.63,50986.83,296531.0,9390.0,0.0
12021010906,58,,890836.0,,15359.24,729006.0,161830.0,0.0
12061050402,12,5.63,659573.0,309.37,54964.42,659573.0,0.0,0.0
13051011004,65,19.06,1419951.0,416.41,21845.4,1097112.0,322839.0,0.0
12086003804,32,5.48,471732.0,80.72,14741.62,422726.0,49006.0,0.0
12019030701,84,10.47,4373462.0,545.05,52065.02,3300878.0,1072584.0,0.0
12086000119,20,4.35,93319.0,20.31,4665.95,93319.0,0.0,0.0
12009066101,20,4.5,402054.0,90.53,20102.7,327163.0,74891.0,0.0
12127080202,11,3.79,672653.0,232.03,61150.27,535331.0,137322.0,0.0
12086017600,3,0.41,12857.0,1.77,4285.67,12857.0,0.0,0.0
12057013413,13,3.26,218786.0,54.94,16829.69,190270.0,28516.0,0.0
45043920509,4,,12386.0,,3096.5,12386.0,0.0,0.0
45013010300,61,13.52,1166230.0,258.47,19118.52,1080610.0,85620.0,0.0
12081001904,4,0.76,3218.0,0.61,804.5,3218.0,0.0,0.0
12086018801,6,,63869.0,,10644.83,63869.0,0.0,0.0
12031016400,16,2.67,417915.0,69.68,26119.69,304197.0,113718.0,0.0
12117021609,3,1.03,117536.0,40.52,39178.67,100938.0,16598.0,0.0
12111380700,25,3.09,3835925.0,474.16,153437.0,2192893.0,1643032.0,0.0
12086018400,3,0.75,0.0,0.0,0.0,0.0,0.0,0.0
45013001104,6,,88431.0,,14738.5,81379.0,7052.0,0.0
12081001000,2,0.33,955.0,0.16,477.5,955.0,0.0,0.0
12103027202,8,1.46,0.0,0.0,0.0,0.0,0.0,0.0
12097041300,14,0.84,135109.0,8.13,9650.64,132269.0,2840.0,0.0
12099005921,3,0.39,0.0,0.0,0.0,0.0,0.0,0.0
12071050312,42,13.96,668350.0,222.12,15913.1,596430.0,71920.0,0.0
12071001908,7,7.74,9364.0,10.36,1337.71,7317.0,2047.0,0.0
45019002611,4,1.34,131529.0,43.95,32882.25,124288.0,7241.0,0.0
12011020322,6,1.98,86301.0,28.53,14383.5,84472.0,1829.0,0.0
12011100201,3,1.77,0.0,0.0,0.0,0.0,0.0,0.0
12099005411,29,8.55,377149.0,111.25,13005.14,246497.0,130652.0,0.0
12099000101,2,0.26,0.0,0.0,0.0,0.0,0.0,0.0
12011110502,8,1.37,16709.0,2.87,2088.62,14087.0,2622.0,0.0
12021000401,15,5.7,85045.0,32.3,5669.67,85045.0,0.0,0.0
12035060301,61,11.16,4509643.0,825.04,73928.57,3564442.0,945201.0,0.0
45019005400,10,4.31,359019.0,154.88,35901.9,333135.0,25884.0,0.0
12089050503,11,1.66,205953.0,31.04,18723.0,201451.0,4502.0,0.0
12031015600,22,5.36,1626610.0,396.06,73936.82,1209513.0,417097.0,0.0
12023110903,10,2.46,500310.0,122.93,50031.0,382479.0,117831.0,0.0
12011090101,22,4.01,842981.0,153.83,38317.32,745482.0,97499.0,0.0
12099007749,1,0.17,0.0,0.0,0.0,0.0,0.0,0.0
12031012400,17,5.95,1734641.0,607.58,102037.71,1076899.0,657742.0,0.0
12015021003,18,5.49,677435.0,206.47,37635.28,533113.0,144322.0,0.0
12019030301,28,3.24,1871302.0,216.39,66832.21,1406654.0,464648.0,0.0
12111382111,3,0.2,6088.0,0.4,2029.33,6088.0,0.0,0.0
45019005600,16,1.36,458643.0,39.0,28665.19,439153.0,19490.0,0.0
12001001907,8,2.81,48040.0,16.89,6005.0,45682.0,2358.0,0.0
12001001100,2,0.29,98871.0,14.22,49435.5,51861.0,47010.0,0.0
12086010612,20,1.89,20026.0,1.89,1001.3,19384.0,642.0,0.0
12086008208,9,1.77,98873.0,19.49,10985.89,69745.0,29128.0,0.0
12083002401,12,2.26,1803608.0,340.05,150300.67,1623349.0,180259.0,0.0
45035010820,2,0.28,68831.0,9.72,34415.5,67086.0,1745.0,0.0
12031014206,2,,50326.0,,25163.0,50326.0,0.0,0.0
13051011005,135,29.5,1526538.0,333.6,11307.69,1451585.0,74953.0,0.0
13031110300,1,0.12,9013.0,1.1,9013.0,9013.0,0.0,0.0
12097041001,6,0.6,158796.0,15.84,26466.0,103381.0,55415.0,0.0
12031012000,3,0.62,99911.0,20.8,33303.67,86162.0,13749.0,0.0
12021010605,29,8.82,259477.0,78.89,8947.48,230062.0,29415.0,0.0
12127082401,87,23.55,5512343.0,1492.24,63360.26,4745864.0,766479.0,0.0
45019004702,5,1.63,74448.0,24.22,14889.6,74448.0,0.0,0.0
13051010700,1,0.04,12022.0,0.49,12022.0,11080.0,942.0,0.0
12099003509,4,1.56,74034.0,28.96,18508.5,19199.0,54835.0,0.0
12019030204,19,,2018216.0,,106221.89,1630185.0,388031.0,0.0
12057013208,6,1.19,222040.0,43.99,37006.67,209641.0,12399.0,0.0
12011110100,11,1.5,135290.0,18.44,12299.09,114874.0,20416.0,0.0
12086000503,6,0.74,9671.0,1.19,1611.83,9671.0,0.0,0.0
12021000302,23,13.62,329799.0,195.26,14339.09,249276.0,80523.0,0.0
12086000305,24,2.79,680579.0,79.16,28357.46,606473.0,74106.0,0.0
12086001007,3,,30658.0,,10219.33,26804.0,3854.0,0.0
12053040102,31,14.9,619136.0,297.66,19972.13,524702.0,94434.0,0.0
12086004303,10,3.86,51403.0,19.82,5140.3,50607.0,796.0,0.0
12021011213,4,,95264.0,,23816.0,94395.0,869.0,0.0
12099007302,4,0.77,59677.0,11.51,14919.25,39774.0,19903.0,0.0
12086001206,68,13.21,2554171.0,496.34,37561.34,1896151.0,658020.0,0.0
12021011001,32,20.08,307707.0,193.04,9615.84,231818.0,75889.0,0.0
12071050500,92,13.89,3591145.0,542.06,39034.18,3080709.0,510436.0,0.0
12053041401,1,0.2,36700.0,7.33,36700.0,13637.0,23063.0,0.0
12086019700,5,1.3,0.0,0.0,0.0,0.0,0.0,0.0
12117021505,2,0.42,187940.0,39.89,93970.0,187940.0,0.0,0.0
45019002504,1,,0.0,,0.0,0.0,0.0,0.0
13039010202,8,,84229.0,,10528.62,54012.0,30217.0,0.0
12086003918,17,5.66,588578.0,196.0,34622.24,473010.0,115568.0,0.0
12031010201,3,0.29,138297.0,13.59,46099.0,124444.0,13853.0,0.0
13051011007,66,,4121530.0,,62447.42,2847650.0,1273880.0,0.0
12009069802,7,1.47,60604.0,12.71,8657.71,46438.0,14166.0,0.0
12011091202,8,1.36,74653.0,12.69,9331.62,56641.0,18012.0,0.0
12099007837,3,0.46,12600.0,1.93,4200.0,12600.0,0.0,0.0
45019004610,5,1.43,59996.0,17.12,11999.2,59996.0,0.0,0.0
12071080100,17,75.56,2705.0,12.02,159.12,2705.0,0.0,0.0
12127082201,140,41.53,9328746.0,2767.35,66633.9,9167355.0,161391.0,0.0
12009071600,3,0.72,170154.0,40.56,56718.0,134862.0,35292.0,0.0
12111381000,12,9.8,365959.0,298.99,30496.58,307324.0,58635.0,0.0
12107951000,13,2.96,431385.0,98.15,33183.46,382665.0,48720.0,0.0
12081001202,2,0.45,0.0,0.0,0.0,0.0,0.0,0.0
12021010412,27,2.94,119486.0,13.01,4425.41,68641.0,50845.0,0.0
12115001904,3,0.98,25273.0,8.28,8424.33,25273.0,0.0,0.0
45013000503,8,1.41,215128.0,38.0,26891.0,187728.0,27400.0,0.0
12021010107,22,5.11,261262.0,60.65,11875.55,224736.0,36526.0,0.0
12109020902,35,1.15,1031775.0,33.82,29479.29,872950.0,158825.0,0.0
45029970800,61,30.12,615523.0,303.96,10090.54,580491.0,35032.0,0.0
12103025021,1,,982.0,,982.0,982.0,0.0,0.0
12109021205,35,25.64,1438703.0,1053.99,41105.8,1315789.0,122914.0,0.0
45019002002,38,6.09,1003142.0,160.79,26398.47,884940.0,118202.0,0.0
12107951401,2,0.53,33309.0,8.78,16654.5,17531.0,15778.0,0.0
12086000128,13,4.99,12244.0,4.7,941.85,12244.0,0.0,0.0
12117021404,7,0.95,477647.0,64.74,68235.29,432559.0,45088.0,0.0
12109020710,24,10.5,4694784.0,2054.61,195616.0,3687369.0,1007415.0,0.0
12021010804,12,,22600.0,,1883.33,22600.0,0.0,0.0
12071050207,17,6.93,108519.0,44.24,6383.47,54891.0,53628.0,0.0
13051010901,29,6.89,1394143.0,331.31,48073.9,1015203.0,378940.0,0.0
12031010401,43,12.15,3152413.0,890.51,73311.93,2429473.0,722940.0,0.0
12086007901,7,1.91,247745.0,67.65,35392.14,198050.0,49695.0,0.0
12086009305,7,1.36,39042.0,7.58,5577.43,36251.0,2791.0,0.0
12071000301,6,1.22,141248.0,28.82,23541.33,116673.0,24575.0,0.0
12021010907,49,,563197.0,,11493.82,445239.0,117958.0,0.0
12031013727,2,0.26,86219.0,11.04,43109.5,51338.0,34881.0,0.0
12099000410,3,0.81,255416.0,68.68,85138.67,168145.0,87271.0,0.0
12021010415,14,0.83,240277.0,14.32,17162.64,167037.0,73240.0,0.0
12031014312,1,0.14,3288.0,0.46,3288.0,3288.0,0.0,0.0
12021010108,23,6.4,118917.0,33.1,5170.3,118917.0,0.0,0.0
45019000900,7,4.99,203379.0,145.06,29054.14,179398.0,23981.0,0.0
12011050100,6,1.28,20927.0,4.45,3487.83,20927.0,0.0,0.0
12031001400,5,0.94,328962.0,62.12,65792.4,273397.0,55565.0,0.0
45019002103,8,2.3,178320.0,51.32,22290.0,159935.0,18385.0,0.0
12117022105,2,0.56,0.0,0.0,0.0,0.0,0.0,0.0
12021011003,54,,1043310.0,,19320.56,1020972.0,22338.0,0.0
12127082903,19,4.07,460607.0,98.65,24242.47,460553.0,54.0,0.0
12109021408,14,,260563.0,,18611.64,229200.0,31363.0,0.0
13127000501,57,14.49,3660407.0,930.45,64217.67,3142413.0,517994.0,0.0
12031011400,5,2.28,341076.0,155.6,68215.2,267689.0,73387.0,0.0
12071000305,4,,176862.0,,44215.5,112082.0,64780.0,0.0
12103022503,2,0.37,9396.0,1.75,4698.0,9395.0,1.0,0.0
12099003600,2,0.32,0.0,0.0,0.0,0.0,0.0,0.0
12103025110,2,0.4,197219.0,39.15,98609.5,181190.0,16029.0,0.0
12011041802,11,3.24,398668.0,117.57,36242.55,343982.0,54686.0,0.0
12011040504,4,1.33,212018.0,70.34,53004.5,212018.0,0.0,0.0
12071020201,12,7.65,410634.0,261.72,34219.5,297608.0,113026.0,0.0
45019004901,14,7.01,393593.0,197.09,28113.79,370162.0,23431.0,0.0
12109020300,10,2.76,396535.0,109.48,39653.5,360146.0,36389.0,0.0
12103025015,1,0.36,0.0,0.0,0.0,0.0,0.0,0.0
12021010405,19,1.52,326550.0,26.13,17186.84,295164.0,31386.0,0.0
12086002708,3,,184838.0,,61612.67,184838.0,0.0,0.0
45019005200,4,0.82,37934.0,7.78,9483.5,37934.0,0.0,0.0
13127000403,116,36.16,3909629.0,1218.71,33703.7,3271541.0,638088.0,0.0
45013002201,41,5.55,363339.0,49.21,8861.93,358942.0,4397.0,0.0
12071070102,12,3.9,26797.0,8.71,2233.08,23883.0,2914.0,0.0
12127082704,53,23.23,1924637.0,843.4,36313.91,1539140.0,385497.0,0.0
12086000134,6,1.83,127223.0,38.8,21203.83,127223.0,0.0,0.0
12086006801,20,6.85,2273777.0,778.96,113688.85,2213277.0,60500.0,0.0
13029920306,11,0.92,579153.0,48.55,52650.27,434599.0,144554.0,0.0
12121970502,1,,13166.0,,13166.0,7218.0,5948.0,0.0
12089050502,35,4.55,1831962.0,238.41,52341.77,1299625.0,532337.0,0.0
12021011105,22,7.72,206255.0,72.4,9375.23,141084.0,65171.0,0.0
12031017100,54,9.09,5047520.0,850.04,93472.59,4489606.0,557914.0,0.0
12086020100,5,0.95,36620.0,6.95,7324.0,36620.0,0.0,0.0
12107950100,23,5.86,302501.0,77.03,13152.22,247337.0,55164.0,0.0
12021010416,33,5.21,188128.0,29.68,5700.85,121633.0,66495.0,0.0
12071010601,8,1.83,0.0,0.0,0.0,0.0,0.0,0.0
12031017101,10,,429404.0,,42940.4,393716.0,35688.0,0.0
12019030906,8,,372381.0,,46547.62,296674.0,75707.0,0.0
12021000600,26,19.7,329110.0,249.33,12658.08,268502.0,60608.0,0.0
12021010417,5,0.97,18468.0,3.57,3693.6,18468.0,0.0,0.0
12117020600,1,0.08,115953.0,9.06,115953.0,115953.0,0.0,0.0
12031002102,62,22.39,7261654.0,2622.48,117123.45,5923577.0,1338077.0,0.0
45019002702,6,1.29,93397.0,20.15,15566.17,86984.0,6413.0,0.0
12086009309,8,1.14,0.0,0.0,0.0,0.0,0.0,0.0
12001002222,1,,0.0,,0.0,0.0,0.0,0.0
45019002003,21,2.21,468743.0,49.33,22321.1,378620.0,90123.0,0.0
12127080902,4,1.03,137091.0,35.43,34272.75,111364.0,25727.0,0.0
12086003917,50,9.86,2184773.0,430.67,43695.46,1998195.0,186578.0,0.0
12086003801,24,4.02,544781.0,91.22,22699.21,542260.0,2521.0,0.0
12051000401,3,0.73,15434.0,3.73,5144.67,15072.0,362.0,0.0
12053040601,5,2.08,50158.0,20.86,10031.6,43606.0,6552.0,0.0
12011010402,1,0.32,6596.0,2.09,6596.0,6596.0,0.0,0.0
12019031500,33,11.43,835339.0,289.34,25313.3,709684.0,125655.0,0.0
12095017104,2,0.07,0.0,0.0,0.0,0.0,0.0,0.0
12031010105,5,,24705.0,,4941.0,21844.0,2861.0,0.0
45013001101,25,7.12,588379.0,167.53,23535.16,493832.0,94547.0,0.0
12087972000,94,29.07,878092.0,271.52,9341.4,724393.0,153699.0,0.0
12035060304,40,14.13,2296767.0,811.58,57419.18,1687251.0,609516.0,0.0
12086001302,51,10.2,2180719.0,436.23,42759.2,1863288.0,317431.0,0.0
12055961301,4,0.68,72490.0,12.27,18122.5,54767.0,17723.0,0.0
12071010702,13,5.29,45203.0,18.4,3477.15,45203.0,0.0,0.0
12031012500,15,3.6,771992.0,185.44,51466.13,617574.0,154418.0,0.0
13127000401,21,2.66,422064.0,53.55,20098.29,408564.0,13500.0,0.0
12127082703,44,15.13,2528031.0,869.04,57455.25,2129875.0,398156.0,0.0
12011110363,2,,41406.0,,20703.0,41406.0,0.0,0.0
12071020700,8,2.08,356027.0,92.43,44503.38,288427.0,67600.0,0.0
12009069801,14,3.89,48797.0,13.56,3485.5,47501.0,1296.0,0.0
12011070313,2,0.18,0.0,0.0,0.0,0.0,0.0,0.0
12086000213,4,0.75,10911.0,2.05,2727.75,10911.0,0.0,0.0
12103026501,1,,3156.0,,3156.0,3156.0,0.0,0.0
12086006714,9,5.27,239454.0,140.2,26606.0,212218.0,27236.0,0.0
13127000900,41,9.61,1109152.0,259.94,27052.49,974649.0,134503.0,0.0
12086020000,6,0.91,56283.0,8.52,9380.5,43079.0,13204.0,0.0
45019002612,40,6.22,1334932.0,207.51,33373.3,1249421.0,85511.0,0.0
12009064901,24,3.68,957048.0,146.58,39877.0,740760.0,216288.0,0.0
12081002005,1,0.21,0.0,0.0,0.0,0.0,0.0,0.0
12086009022,8,3.75,55305.0,25.94,6913.12,49930.0,5375.0,0.0
12051000600,2,0.41,55248.0,11.2,27624.0,46381.0,8867.0,0.0
12071010501,2,0.52,0.0,0.0,0.0,0.0,0.0,0.0
12086000224,2,,4889.0,,2444.5,4889.0,0.0,0.0
13127000301,33,,1123414.0,,34042.85,1021877.0,101537.0,0.0
12071001202,9,0.84,29527.0,2.77,3280.78,29527.0,0.0,0.0
12031010103,41,6.47,1431178.0,225.81,34906.78,1221491.0,209687.0,0.0
12086010301,2,,196617.0,,98308.5,196617.0,0.0,0.0
12021011202,44,1.73,109913.0,4.32,2498.02,76196.0,33717.0,0.0
12107951402,17,4.16,579135.0,141.88,34066.76,533853.0,45282.0,0.0
12086000127,5,1.54,15018.0,4.64,3003.6,15018.0,0.0,0.0
12095012800,2,0.54,0.0,0.0,0.0,0.0,0.0,0.0
12031013402,20,3.88,1729110.0,335.62,86455.5,1249560.0,479550.0,0.0
12011090404,2,0.38,21291.0,4.04,10645.5,17532.0,3759.0,0.0
12021010105,31,6.88,707933.0,157.0,22836.55,534035.0,173898.0,0.0
12021010418,18,2.97,129306.0,21.36,7183.67,79920.0,49386.0,0.0
12001002204,6,0.53,333264.0,29.57,55544.0,276806.0,56458.0,0.0
12086000217,23,3.3,499928.0,71.83,21736.0,376570.0,123358.0,0.0
12086003003,6,0.88,511918.0,75.01,85319.67,415360.0,96558.0,0.0
12105015702,10,2.18,290559.0,63.33,29055.9,239789.0,50770.0,0.0
12027010301,1,0.13,27304.0,3.66,27304.0,730.0,26574.0,0.0
12127080700,23,5.45,858667.0,203.33,37333.35,687063.0,171604.0,0.0
12011110341,2,0.48,6818.0,1.64,3409.0,3529.0,3289.0,0.0
12021010110,39,8.78,823503.0,185.47,21115.46,715564.0,107939.0,0.0
12087972400,74,26.76,444055.0,160.6,6000.74,405126.0,38929.0,0.0
12103027701,5,1.78,98298.0,34.93,19659.6,97054.0,1244.0,0.0
12109020903,7,,294677.0,,42096.71,212120.0,82557.0,0.0
12086016000,5,0.97,69140.0,13.42,13828.0,46467.0,22673.0,0.0
12011110359,1,,0.0,,0.0,0.0,0.0,0.0
13051011003,31,4.54,1615183.0,236.41,52102.68,1356841.0,258342.0,0.0
12127082705,9,3.79,1624302.0,683.92,180478.0,1624301.0,1.0,0.0
12086002403,1,0.21,0.0,0.0,0.0,0.0,0.0,0.0
12071080202,11,4.15,7464.0,2.82,678.55,7464.0,0.0,0.0
13051004209,16,4.73,958657.0,283.46,59916.06,776760.0,181897.0,0.0
12099007740,7,1.25,9558.0,1.71,1365.43,9558.0,0.0,0.0
12009062600,7,2.16,201150.0,61.95,28735.71,160633.0,40517.0,0.0
12086001005,4,1.92,18509.0,8.89,4627.25,9855.0,8654.0,0.0
12086009101,1,,0.0,,0.0,0.0,0.0,0.0
12035060103,4,1.83,52933.0,24.26,13233.25,46740.0,6193.0,0.0
12086004403,10,2.9,195551.0,56.68,19555.1,195551.0,0.0,0.0
45019002101,6,0.44,105068.0,7.71,17511.33,105068.0,0.0,0.0
13127001001,33,,1127130.0,,34155.45,957581.0,169549.0,0.0
12031016727,5,1.58,186790.0,58.92,37358.0,132010.0,54780.0,0.0
12099007772,1,,0.0,,0.0,0.0,0.0,0.0
12011110301,2,0.31,4529.0,0.71,2264.5,4529.0,0.0,0.0
12009064128,21,1.64,344158.0,26.83,16388.48,299992.0,44166.0,0.0
12011043001,2,1.37,18700.0,12.79,9350.0,8566.0,10134.0,0.0
12031015801,10,1.52,667358.0,101.19,66735.8,533027.0,134331.0,0.0
12086000113,15,1.99,29365.0,3.9,1957.67,29365.0,0.0,0.0
12011042301,12,3.42,289596.0,82.62,24133.0,274732.0,14864.0,0.0
12086000123,17,3.72,186042.0,40.7,10943.65,185115.0,927.0,0.0
12086015500,8,1.29,13150.0,2.12,1643.75,13150.0,0.0,0.0
12109020803,25,5.3,1877952.0,398.04,75118.08,1125326.0,752626.0,0.0
12011042100,21,9.6,1951416.0,891.87,92924.57,1771436.0,179980.0,0.0
12086003602,7,0.99,285492.0,40.51,40784.57,283492.0,2000.0,0.0
12009065001,10,3.09,504488.0,155.8,50448.8,394438.0,110050.0,0.0
12086011204,3,,1874.0,,624.67,1874.0,0.0,0.0
12057003000,1,0.37,22082.0,8.19,22082.0,19427.0,2655.0,0.0
12021010602,54,15.51,2154381.0,618.72,39895.94,1878675.0,275706.0,0.0
12071001706,12,3.51,182721.0,53.43,15226.75,175179.0,7542.0,0.0
12031013503,7,0.77,376034.0,41.19,53719.14,347146.0,28888.0,0.0
12015010505,2,,6478.0,,3239.0,6478.0,0.0,0.0
12031000101,5,,2417637.0,,483527.4,698369.0,1719268.0,0.0
12086005002,12,2.09,208720.0,36.41,17393.33,204777.0,3943.0,0.0
12086020200,1,0.19,0.0,0.0,0.0,0.0,0.0,0.0
12086010502,12,,85776.0,,7148.0,74413.0,11363.0,0.0
12071000302,11,1.93,323773.0,56.92,29433.91,275731.0,48042.0,0.0
12086009062,7,,110059.0,,15722.71,106146.0,3913.0,0.0
12086010610,19,4.52,382794.0,90.97,20147.05,308778.0,74016.0,0.0
12021010209,40,18.61,1604817.0,746.77,40120.43,1344569.0,260248.0,0.0
12105015600,5,1.67,150246.0,50.27,30049.2,127114.0,23132.0,0.0
12011090302,5,0.7,18025.0,2.53,3605.0,18025.0,0.0,0.0
12009066600,7,1.68,41214.0,9.88,5887.71,27142.0,14072.0,0.0
12086008313,4,,65499.0,,16374.75,43936.0,21563.0,0.0
12011090602,16,2.38,45411.0,6.75,2838.19,41362.0,4049.0,0.0
12105012407,2,1.46,0.0,0.0,0.0,0.0,0.0,0.0
12127082100,9,1.92,159536.0,34.06,17726.22,136233.0,23303.0,0.0
12021011206,10,,25164.0,,2516.4,22974.0,2190.0,0.0
12011091201,6,1.16,11383.0,2.2,1897.17,8847.0,2536.0,0.0
12086010626,3,,33503.0,,11167.67,33503.0,0.0,0.0
12011050702,9,1.55,240250.0,41.36,26694.44,208103.0,32147.0,0.0
12117020703,2,0.31,12589.0,1.96,6294.5,10763.0,1826.0,0.0
12086003916,16,3.68,442770.0,101.95,27673.12,442770.0,0.0,0.0
12095016716,4,0.75,19650.0,3.68,4912.5,16934.0,2716.0,0.0
12086009034,1,0.13,37313.0,4.68,37313.0,36081.0,1232.0,0.0
12071000900,19,6.35,195264.0,65.28,10277.05,155408.0,39856.0,0.0
12105011731,1,0.18,69651.0,12.36,69651.0,37273.0,32378.0,0.0
12021010208,17,5.57,682121.0,223.65,40124.76,458327.0,223794.0,0.0
12099005939,4,3.12,3000.0,2.34,750.0,3000.0,0.0,0.0
12081000705,2,0.39,14567.0,2.82,7283.5,14567.0,0.0,0.0
12087972600,14,19.13,129198.0,176.5,9228.43,129198.0,0.0,0.0
45019000500,89,46.5,2931473.0,1531.6,32937.9,2728948.0,202525.0,0.0
12011110313,4,0.61,0.0,0.0,0.0,0.0,0.0,0.0
12021011210,2,,472.0,,236.0,472.0,0.0,0.0
12031016803,26,3.97,624131.0,95.35,24005.04,400891.0,223240.0,0.0
12127082605,10,2.95,553458.0,163.26,55345.8,445640.0,107818.0,0.0
12109021101,28,4.95,997829.0,176.23,35636.75,810022.0,187807.0,0.0
45015020903,18,4.8,385078.0,102.69,21393.22,351765.0,33313.0,0.0
12021010430,7,,320333.0,,45761.86,267099.0,53234.0,0.0
12011110308,6,0.87,22133.0,3.22,3688.83,22133.0,0.0,0.0
12071060202,17,9.79,5634.0,3.25,331.41,5634.0,0.0,0.0
12011040402,4,1.39,127098.0,44.15,31774.5,110143.0,16955.0,0.0
12117021403,8,0.9,110151.0,12.39,13768.88,108374.0,1777.0,0.0
12009064127,20,2.63,273340.0,35.93,13667.0,236253.0,37087.0,0.0
12011060209,7,2.35,18042.0,6.05,2577.43,17194.0,848.0,0.0
12021011214,6,,384.0,,64.0,383.0,1.0,0.0
12031014001,10,2.16,362151.0,78.29,36215.1,259756.0,102395.0,0.0
13039010403,18,4.32,390637.0,93.79,21702.06,362362.0,28275.0,0.0
12115001804,2,0.72,61054.0,21.87,30527.0,61054.0,0.0,0.0
12061050401,26,7.09,939501.0,256.06,36134.65,747840.0,191661.0,0.0
12009064202,6,1.99,225335.0,74.56,37555.83,174893.0,50442.0,0.0
12086012700,8,0.99,2991.0,0.37,373.88,2991.0,0.0,0.0
12086005202,3,0.52,123480.0,21.45,41160.0,78304.0,45176.0,0.0
12011090102,19,10.31,492591.0,267.42,25925.84,456132.0,36459.0,0.0
13191110201,3,,138970.0,,46323.33,114775.0,24195.0,0.0
12019030203,3,0.17,20164.0,1.12,6721.33,20164.0,0.0,0.0
12086009906,4,0.69,0.0,0.0,0.0,0.0,0.0,0.0
12019030704,20,,1646411.0,,82320.55,1378310.0,268101.0,0.0
12105011836,1,0.25,12882.0,3.21,12882.0,12882.0,0.0,0.0
12086003913,4,0.82,7916.0,1.63,1979.0,7916.0,0.0,0.0
12031017102,5,,3235674.0,,647134.8,3206292.0,29382.0,0.0
12069030701,2,1.08,26641.0,14.38,13320.5,26641.0,0.0,0.0
12057006101,2,0.61,9000.0,2.73,4500.0,9000.0,0.0,0.0
12009069100,11,2.39,126115.0,27.39,11465.0,113591.0,12524.0,0.0
12069030102,40,10.7,1014347.0,271.22,25358.67,978002.0,36345.0,0.0
12015010405,4,,0.0,,0.0,0.0,0.0,0.0
13179010302,1,,8980.0,,8980.0,8980.0,0.0,0.0
12021000301,52,16.04,2345998.0,723.63,45115.35,2046811.0,299187.0,0.0
12011100803,3,,23403.0,,7801.0,14623.0,8780.0,0.0
12086009306,4,0.57,35499.0,5.04,8874.75,31689.0,3810.0,0.0
45019005701,7,,143364.0,,20480.57,140095.0,3269.0,0.0
12127082904,6,1.2,58093.0,11.57,9682.17,43735.0,14358.0,0.0
12086009703,13,3.94,50010.0,15.17,3846.92,50010.0,0.0,0.0
12086018601,5,,16216.0,,3243.2,16216.0,0.0,0.0
12111380800,15,4.41,997394.0,292.92,66492.93,939563.0,57831.0,0.0
13051011109,8,1.13,468907.0,66.3,58613.38,420643.0,48264.0,0.0
12086000228,9,,84501.0,,9389.0,83383.0,1118.0,0.0
12103027603,8,3.21,13795.0,5.53,1724.38,13795.0,0.0,0.0
12101030412,3,1.15,39648.0,15.21,13216.0,36894.0,2754.0,0.0
12057011109,4,1.19,33949.0,10.14,8487.25,33949.0,0.0,0.0
12011020502,6,0.82,57442.0,7.83,9573.67,50081.0,7361.0,0.0
12089050303,22,1.66,314479.0,23.8,14294.5,268846.0,45633.0,0.0
12071010803,17,8.73,18567.0,9.53,1092.18,18567.0,0.0,0.0
12086009014,3,0.67,62485.0,13.94,20828.33,46219.0,16266.0,0.0
12071010412,6,1.32,9169.0,2.01,1528.17,9169.0,0.0,0.0
12101032107,1,0.17,12931.0,2.17,12931.0,12931.0,0.0,0.0
12071060101,26,33.9,217855.0,284.04,8379.04,200756.0,17099.0,0.0
45019005700,42,5.09,1582586.0,191.85,37680.62,1517685.0,64901.0,0.0
12031014101,5,1.08,128716.0,27.67,25743.2,121653.0,7063.0,0.0
12083001102,3,1.12,129505.0,48.18,43168.33,129505.0,0.0,0.0
45019002009,23,,265822.0,,11557.48,251467.0,14355.0,0.0
12071020400,11,4.07,136758.0,50.63,12432.55,122531.0,14227.0,0.0
12083002605,5,1.32,0.0,0.0,0.0,0.0,0.0,0.0
13113140404,2,0.37,981.0,0.18,490.5,981.0,0.0,0.0
12103027314,1,0.27,0.0,0.0,0.0,0.0,0.0,0.0
12021010505,12,1.67,54033.0,7.52,4502.75,51219.0,2814.0,0.0
12086003606,3,,580581.0,,193527.0,580581.0,0.0,0.0
12055960103,4,0.93,48815.0,11.31,12203.75,48265.0,550.0,0.0
12071000800,5,3.3,33146.0,21.86,6629.2,27839.0,5307.0,0.0
12086010013,9,2.13,112135.0,26.5,12459.44,65010.0,47125.0,0.0
12086019902,6,,14581.0,,2430.17,14524.0,57.0,0.0
12057006501,4,1.04,24382.0,6.32,6095.5,24382.0,0.0,0.0
12109021209,27,,602302.0,,22307.48,540678.0,61624.0,0.0
12105012111,13,2.44,86752.0,16.27,6673.23,85346.0,1406.0,0.0
12071050322,5,,255633.0,,51126.6,189820.0,65813.0,0.0
12031017200,13,6.31,2805310.0,1361.8,215793.08,2382736.0,422574.0,0.0
12009064902,10,2.73,799222.0,218.31,79922.2,624914.0,174308.0,0.0
45015020403,3,0.4,3770.0,0.5,1256.67,3770.0,0.0,0.0
12031010303,7,0.94,115609.0,15.47,16515.57,88452.0,27157.0,0.0
12127082301,4,0.54,0.0,0.0,0.0,0.0,0.0,0.0
12009065023,2,,1180.0,,590.0,1180.0,0.0,0.0
12011060128,6,1.05,32860.0,5.75,5476.67,17811.0,15049.0,0.0
12009065125,3,0.5,61379.0,10.19,20459.67,42822.0,18557.0,0.0
12086007702,5,0.83,10391.0,1.72,2078.2,9485.0,906.0,0.0
12011091701,4,0.97,17026.0,4.15,4256.5,14641.0,2385.0,0.0
12111380200,1,0.32,58538.0,18.62,58538.0,58538.0,0.0,0.0
12007000300,13,1.82,198127.0,27.76,15240.54,180919.0,17208.0,0.0
12057011802,1,0.14,19189.0,2.76,19189.0,19189.0,0.0,0.0
12086010802,6,0.67,60085.0,6.7,10014.17,42528.0,17557.0,0.0
12021010802,22,1.92,133742.0,11.67,6079.18,111702.0,22040.0,0.0
12031011901,5,0.67,308844.0,41.37,61768.8,232527.0,76317.0,0.0
12099003504,4,5.01,31969.0,40.01,7992.25,31969.0,0.0,0.0
12086002100,17,6.45,204588.0,77.61,12034.59,197365.0,7223.0,0.0
12105012510,5,,29183.0,,5836.6,24182.0,5001.0,0.0
13039010404,5,,274396.0,,54879.2,178909.0,95487.0,0.0
12055961400,5,0.97,50399.0,9.77,10079.8,37145.0,13254.0,0.0
12127081102,9,4.6,193969.0,99.12,21552.11,164957.0,29012.0,0.0
12086008418,1,0.36,3367.0,1.2,3367.0,3367.0,0.0,0.0
12086000302,8,2.91,46436.0,16.88,5804.5,32592.0,13844.0,0.0
12071050601,42,14.63,1191423.0,415.13,28367.21,940646.0,250777.0,0.0
12111381104,4,,171743.0,,42935.75,138516.0,33227.0,0.0
12019030802,60,9.06,3259854.0,492.28,54330.9,2513342.0,746512.0,0.0
12021010606,14,5.33,14192.0,5.4,1013.71,14192.0,0.0,0.0
12021010419,9,2.24,28643.0,7.14,3182.56,21965.0,6678.0,0.0
12021010411,19,2.3,85121.0,10.32,4480.05,85121.0,0.0,0.0
12071050206,26,7.55,645463.0,187.42,24825.5,601381.0,44082.0,0.0
12086010620,5,,86448.0,,17289.6,77125.0,9323.0,0.0
12007000400,11,1.99,327298.0,59.14,29754.36,258003.0,69295.0,0.0
12086008209,18,3.67,364790.0,74.39,20266.11,288733.0,76057.0,0.0
12071001208,2,,54538.0,,27269.0,37858.0,16680.0,0.0
12111380100,1,1.03,65986.0,68.17,65986.0,65986.0,0.0,0.0
12086000206,7,1.07,14282.0,2.17,2040.29,6962.0,7320.0,0.0
12071030100,24,8.22,807725.0,276.52,33655.21,761944.0,45781.0,0.0
12095011000,1,0.32,8409.0,2.69,8409.0,6635.0,1774.0,0.0
12031014002,4,1.66,20428.0,8.5,5107.0,20428.0,0.0,0.0
12031002901,1,0.29,0.0,0.0,0.0,0.0,0.0,0.0
13097080402,1,0.12,0.0,0.0,0.0,0.0,0.0,0.0
12089050101,2,0.3,0.0,0.0,0.0,0.0,0.0,0.0
12099007751,2,0.56,6617.0,1.86,3308.5,5817.0,800.0,0.0
12009065202,4,0.82,7747.0,1.58,1936.75,7747.0,0.0,0.0
12011070401,2,0.28,4726.0,0.65,2363.0,4726.0,0.0,0.0
12086010806,4,,0.0,,0.0,0.0,0.0,0.0
12086012501,2,,38920.0,,19460.0,33979.0,4941.0,0.0
12101030409,6,2.48,59439.0,24.52,9906.5,59439.0,0.0,0.0
12119910602,5,1.67,30203.0,10.08,6040.6,30203.0,0.0,0.0
12009071400,10,2.96,38010.0,11.27,3801.0,34959.0,3051.0,0.0
13051010102,27,6.07,444752.0,99.97,16472.3,417030.0,27722.0,0.0
12071020800,3,0.79,32840.0,8.66,10946.67,26804.0,6036.0,0.0
12049970101,7,1.74,124541.0,30.93,17791.57,119247.0,5294.0,0.0
12127080100,38,4.44,2185103.0,255.12,57502.71,1723749.0,461354.0,0.0
12086000603,1,0.19,22059.0,4.13,22059.0,22059.0,0.0,0.0
12086004204,3,1.43,1200.0,0.57,400.0,1200.0,0.0,0.0
45019002801,66,15.32,1369221.0,317.83,20745.77,1177185.0,192036.0,0.0
45019003000,46,12.6,1462083.0,400.35,31784.41,1243834.0,218249.0,0.0
12111381402,39,4.99,1951425.0,249.48,50036.54,1587281.0,364144.0,0.0
12086010205,3,0.51,40621.0,6.89,13540.33,27533.0,13088.0,0.0
12086010604,9,1.74,115738.0,22.43,12859.78,112459.0,3279.0,0.0
12086000308,16,2.77,276270.0,47.8,17266.88,224551.0,51719.0,0.0
12071001703,13,3.41,205474.0,53.86,15805.69,196687.0,8787.0,0.0
12109021301,2,0.29,11313.0,1.66,5656.5,8658.0,2655.0,0.0
12086004000,36,6.16,621390.0,106.33,17260.83,580351.0,41039.0,0.0
12109021004,33,12.32,1148815.0,428.82,34812.58,1031907.0,116908.0,0.0
12127083207,3,0.4,15638.0,2.11,5212.67,15638.0,0.0,0.0
12086010614,6,0.67,186450.0,20.89,31075.0,159953.0,26497.0,0.0
12021010510,12,3.88,148531.0,48.08,12377.58,89134.0,59397.0,0.0
12115000900,2,0.89,0.0,0.0,0.0,0.0,0.0,0.0
12117021401,6,0.87,192590.0,27.98,32098.33,180860.0,11730.0,0.0
12097041302,8,,35341.0,,4417.62,32591.0,2750.0,0.0
12127080300,12,3.44,808094.0,231.81,67341.17,586868.0,221226.0,0.0
12099006301,1,,0.0,,0.0,0.0,0.0,0.0
12099007623,1,,0.0,,0.0,0.0,0.0,0.0
12011110501,13,3.52,69524.0,18.85,5348.0,54223.0,15301.0,0.0
12086004405,4,1.17,0.0,0.0,0.0,0.0,0.0,0.0
12011042700,4,0.78,138612.0,27.14,34653.0,136393.0,2219.0,0.0
12019031201,19,,1650741.0,,86881.11,1366724.0,284017.0,0.0
12009060101,6,1.61,100017.0,26.79,16669.5,12006.0,88011.0,0.0
12109020606,7,,160190.0,,22884.29,143913.0,16277.0,0.0
12031010900,13,3.83,568703.0,167.56,43746.38,424063.0,144640.0,0.0
12089050301,8,0.92,192789.0,22.08,24098.62,144414.0,48375.0,0.0
12117021802,9,1.82,327808.0,66.4,36423.11,284669.0,43139.0,0.0
12021000200,23,10.26,519473.0,231.8,22585.78,394153.0,125320.0,0.0
12011043002,4,0.51,119356.0,15.17,29839.0,79561.0,39795.0,0.0
12011060401,5,1.05,48226.0,10.09,9645.2,32680.0,15546.0,0.0
45013000600,26,10.29,603583.0,238.95,23214.73,560725.0,42858.0,0.0
12086009040,1,0.85,0.0,0.0,0.0,0.0,0.0,0.0
12009062107,5,1.63,89659.0,29.22,17931.8,73300.0,16359.0,0.0
45013000902,10,1.12,309347.0,34.65,30934.7,289139.0,20208.0,0.0
12019030210,25,,1591788.0,,63671.52,1207381.0,384407.0,0.0
13127000404,14,1.17,756720.0,63.46,54051.43,724671.0,32049.0,0.0
12011100103,11,3.28,224542.0,66.87,20412.91,224542.0,0.0,0.0
13051010806,13,2.12,92172.0,15.03,7090.15,74323.0,17849.0,0.0
12009061202,19,5.57,402527.0,117.9,21185.63,291161.0,111366.0,0.0
12009066103,4,2.06,204792.0,105.29,51198.0,122868.0,81924.0,0.0
12011031102,6,1.85,11546.0,3.55,1924.33,11546.0,0.0,0.0
12127090102,12,3.33,476852.0,132.13,39737.67,472729.0,4123.0,0.0
12109020908,16,,688578.0,,43036.12,588181.0,100397.0,0.0
13127000600,10,1.65,278240.0,45.96,27824.0,251271.0,26969.0,0.0
12011060113,9,1.45,119326.0,19.22,13258.44,119325.0,1.0,0.0
12071050203,13,2.7,66263.0,13.75,5097.15,62515.0,3748.0,0.0
12086017101,3,,0.0,,0.0,0.0,0.0,0.0
12057010209,2,0.16,2270.0,0.19,1135.0,2270.0,0.0,0.0
12086004105,7,2.83,144420.0,58.4,20631.43,144420.0,0.0,0.0
13051011500,14,5.56,302772.0,120.24,21626.57,274425.0,28347.0,0.0
12009068604,4,,57359.0,,14339.75,53887.0,3472.0,0.0
12095016902,3,0.56,114844.0,21.49,38281.33,99244.0,15600.0,0.0
12081000403,2,1.17,0.0,0.0,0.0,0.0,0.0,0.0
12015010503,3,,125332.0,,41777.33,111326.0,14006.0,0.0
12101032001,3,0.48,64687.0,10.3,21562.33,64686.0,1.0,0.0
12071001912,9,4.86,82671.0,44.69,9185.67,82671.0,0.0,0.0
12057014010,1,0.39,33303.0,12.88,33303.0,19292.0,14011.0,0.0
12086008207,34,7.9,960949.0,223.32,28263.21,757688.0,203261.0,0.0
12011100202,10,1.94,109083.0,21.12,10908.3,87011.0,22072.0,0.0
12099007407,4,1.92,13624.0,6.54,3406.0,13624.0,0.0,0.0
12071050314,7,1.62,157678.0,36.42,22525.43,120882.0,36796.0,0.0
12099003512,5,,131152.0,,26230.4,131152.0,0.0,0.0
12101030411,8,2.65,76338.0,25.3,9542.25,74246.0,2092.0,0.0
12011031202,9,1.51,335898.0,56.17,37322.0,335898.0,0.0,0.0
12021010514,4,,1225.0,,306.25,1225.0,0.0,0.0
12007000201,14,,402285.0,,28734.64,366048.0,36237.0,0.0
12086009901,14,1.36,26393.0,2.57,1885.21,25825.0,568.0,0.0
13051011110,46,,1358793.0,,29538.98,1114266.0,244527.0,0.0
12071030205,11,,461624.0,,41965.82,362879.0,98745.0,0.0
12105012306,7,3.07,67786.0,29.74,9683.71,67239.0,547.0,0.0
12127080806,7,2.46,384388.0,135.21,54912.57,373847.0,10541.0,0.0
12071040209,14,4.19,208080.0,62.26,14862.86,159499.0,48581.0,0.0
12011040401,4,1.74,60469.0,26.23,15117.25,47331.0,13138.0,0.0
12117022001,1,0.39,5996.0,2.37,5996.0,5996.0,0.0,0.0
12021010413,27,3.41,309567.0,39.06,11465.44,134397.0,175170.0,0.0
12089050202,6,0.9,1687.0,0.25,281.17,1687.0,0.0,0.0
12086000125,5,1.34,0.0,0.0,0.0,0.0,0.0,0.0
12015010301,17,5.42,345824.0,110.35,20342.59,314870.0,30954.0,0.0
12011060212,3,0.9,0.0,0.0,0.0,0.0,0.0,0.0
12071050402,9,,130578.0,,14508.67,114034.0,16544.0,0.0
12105014104,1,2.88,0.0,0.0,0.0,0.0,0.0,0.0
12086000211,7,2.41,321771.0,110.76,45967.29,197514.0,124257.0,0.0
12015020501,10,2.17,12440.0,2.7,1244.0,12440.0,0.0,0.0
12031015502,15,3.05,2358789.0,479.23,157252.6,2313210.0,45579.0,0.0
13051011107,37,10.37,1981192.0,555.42,53545.73,1537579.0,443613.0,0.0
13051004100,13,6.18,928964.0,441.52,71458.77,804748.0,124216.0,0.0
45019003700,2,0.54,39898.0,10.79,19949.0,26356.0,13542.0,0.0
45013000903,21,9.16,389182.0,169.8,18532.48,355709.0,33473.0,0.0
12009064126,4,0.92,58658.0,13.51,14664.5,56595.0,2063.0,0.0
12086000418,2,,0.0,,0.0,0.0,0.0,0.0
12086003912,37,7.63,978483.0,201.71,26445.49,911297.0,67186.0,0.0
12021010414,21,2.8,18904.0,2.52,900.19,6495.0,12409.0,0.0
12103024413,2,0.38,17492.0,3.34,8746.0,17492.0,0.0,0.0
12086010201,7,1.49,104948.0,22.33,14992.57,90790.0,14158.0,0.0
12117020806,1,0.15,70259.0,10.31,70259.0,39619.0,30640.0,0.0
12009066400,7,1.48,54469.0,11.52,7781.29,47944.0,6525.0,0.0
12011060125,23,9.39,306960.0,125.34,13346.09,238414.0,68546.0,0.0
12071010417,5,,51699.0,,10339.8,51699.0,0.0,0.0
12071050305,10,3.12,128078.0,39.97,12807.8,80504.0,47574.0,0.0
12021011112,4,,80343.0,,20085.75,73772.0,6571.0,0.0
12086018200,4,1.42,80869.0,28.71,20217.25,77775.0,3094.0,0.0
45019003600,2,0.83,34186.0,14.13,17093.0,34186.0,0.0,0.0
12095017805,1,0.32,25863.0,8.39,25863.0,25863.0,0.0,0.0
12085000606,7,1.29,223402.0,41.27,31914.57,198398.0,25004.0,0.0
45013000901,19,6.59,215348.0,74.72,11334.11,183292.0,32056.0,0.0
12031016724,28,5.23,2489626.0,464.92,88915.21,2183410.0,306216.0,0.0
12071020102,7,1.6,52794.0,12.07,7542.0,52794.0,0.0,0.0
12021010434,1,,0.0,,0.0,0.0,0.0,0.0
12009063105,4,0.43,86011.0,9.17,21502.75,67854.0,18157.0,0.0
12095016732,1,0.06,0.0,0.0,0.0,0.0,0.0,0.0
12086000312,4,,18806.0,,4701.5,18806.0,0.0,0.0
12031015804,5,,289671.0,,57934.2,230982.0,58689.0,0.0
12086010704,18,1.54,293924.0,25.21,16329.11,232028.0,61896.0,0.0
12031010600,2,0.35,13840.0,2.39,6920.0,4289.0,9551.0,0.0
12011041300,11,1.28,116542.0,13.61,10594.73,95734.0,20808.0,0.0
12115000101,3,0.7,0.0,0.0,0.0,0.0,0.0,0.0
13127000303,35,,956755.0,,27335.86,734211.0,222544.0,0.0
12086004106,15,3.93,68935.0,18.07,4595.67,57382.0,11553.0,0.0
12086009402,3,,20086.0,,6695.33,16619.0,3467.0,0.0
12099000509,10,5.82,0.0,0.0,0.0,0.0,0.0,0.0
12031002802,6,1.39,119389.0,27.56,19898.17,91523.0,27866.0,0.0
12105014906,1,,63123.0,,63123.0,49771.0,13352.0,0.0
13183970102,1,,3005.0,,3005.0,3005.0,0.0,0.0
12109020706,3,0.91,109239.0,33.03,36413.0,87103.0,22136.0,0.0
12011070306,13,1.67,207967.0,26.68,15997.46,167563.0,40404.0,0.0
12103028103,2,1.14,0.0,0.0,0.0,0.0,0.0,0.0
45019004622,2,,18048.0,,9024.0,18048.0,0.0,0.0
12097042500,7,0.86,102317.0,12.57,14616.71,94599.0,7718.0,0.0
12011011000,9,6.14,93144.0,63.58,10349.33,89675.0,3469.0,0.0
12015020303,9,1.87,2884.0,0.6,320.44,2451.0,433.0,0.0
12011010601,4,0.44,25139.0,2.75,6284.75,20594.0,4545.0,0.0
12001001806,5,0.53,518281.0,55.44,103656.2,400795.0,117486.0,0.0
12011080102,8,1.61,53869.0,10.83,6733.62,53868.0,1.0,0.0
12127083008,13,4.51,534958.0,185.49,41150.62,443192.0,91766.0,0.0
12115002509,2,0.48,1013.0,0.25,506.5,1013.0,0.0,0.0
12015010501,3,0.56,20568.0,3.81,6856.0,20568.0,0.0,0.0
12009063108,1,,4457.0,,4457.0,4024.0,433.0,0.0
12086009010,15,2.57,106403.0,18.21,7093.53,13592.0,92811.0,0.0
12095017008,1,0.09,0.0,0.0,0.0,0.0,0.0,0.0
12086005001,33,4.07,1332296.0,164.3,40372.61,1155087.0,177209.0,0.0
12097042900,6,0.3,36527.0,1.82,6087.83,36526.0,1.0,0.0
12057002702,1,,0.0,,0.0,0.0,0.0,0.0
45013002202,6,1.95,158195.0,51.36,26365.83,97741.0,60454.0,0.0
12095018100,2,0.71,0.0,0.0,0.0,0.0,0.0,0.0
13127000200,66,13.02,2816264.0,555.7,42670.67,2146019.0,670245.0,0.0
12057012301,1,0.16,0.0,0.0,0.0,0.0,0.0,0.0
12103027704,4,1.58,33274.0,13.14,8318.5,33274.0,0.0,0.0
12086010207,2,0.51,9491.0,2.4,4745.5,9491.0,0.0,0.0
12011060111,18,3.09,140102.0,24.05,7783.44,125514.0,14588.0,0.0
12011060900,3,0.7,7018.0,1.63,2339.33,7018.0,0.0,0.0
12009064602,24,9.13,1640665.0,624.06,68361.04,1476002.0,164663.0,0.0
12099007763,2,0.27,0.0,0.0,0.0,0.0,0.0,0.0
12081000808,2,0.37,0.0,0.0,0.0,0.0,0.0,0.0
12011110402,8,1.55,43029.0,8.36,5378.62,33215.0,9814.0,0.0
12086013000,1,0.19,5758.0,1.1,5758.0,4305.0,1453.0,0.0
12057014118,7,1.71,15223.0,3.72,2174.71,15223.0,0.0,0.0
45019004701,24,3.87,462557.0,74.52,19273.21,373207.0,89350.0,0.0
12109020711,12,2.63,209222.0,45.77,17435.17,150582.0,58640.0,0.0
12055961500,4,0.85,76069.0,16.14,19017.25,69761.0,6308.0,0.0
12086016401,2,,26493.0,,13246.5,26493.0,0.0,0.0
12009065234,3,0.77,96122.0,24.71,32040.67,90839.0,5283.0,0.0
13051010200,22,4.42,695865.0,139.79,31630.23,632665.0,63200.0,0.0
12097043600,8,1.09,60536.0,8.25,7567.0,41762.0,18774.0,0.0
12127081500,34,16.93,3457832.0,1722.03,101700.94,2960991.0,496841.0,0.0
45019002401,2,,98725.0,,49362.5,96266.0,2459.0,0.0
12001001814,7,2.44,463880.0,161.46,66268.57,414971.0,48909.0,0.0
12086010706,8,,271797.0,,33974.62,232138.0,39659.0,0.0
12011110404,4,0.55,10611.0,1.45,2652.75,10611.0,0.0,0.0
12086003001,14,5.91,307472.0,129.79,21962.29,242935.0,64537.0,0.0
13127001002,7,,245164.0,,35023.43,169289.0,75875.0,0.0
12086006707,9,2.16,125951.0,30.17,13994.56,125951.0,0.0,0.0
12021011114,4,,9125.0,,2281.25,9125.0,0.0,0.0
12057011415,1,0.19,3777.0,0.72,3777.0,3042.0,735.0,0.0
12027010404,7,1.97,203124.0,57.15,29017.71,189026.0,14098.0,0.0
45035010819,1,0.2,211493.0,42.74,211493.0,157769.0,53724.0,0.0
12057010105,5,1.09,49617.0,10.84,9923.4,41448.0,8169.0,0.0
12081000203,1,,21471.0,,21471.0,21471.0,0.0,0.0
12015010200,23,4.99,906511.0,196.51,39413.52,723708.0,182803.0,0.0
12097042300,11,1.63,364774.0,54.06,33161.27,328983.0,35791.0,0.0
12071050205,10,5.89,502226.0,295.95,50222.6,301911.0,200315.0,0.0
12071040127,20,5.58,1158810.0,323.33,57940.5,1081736.0,77074.0,0.0
12057006900,4,0.71,28793.0,5.08,7198.25,28793.0,0.0,0.0
12095016712,1,0.12,42968.0,5.14,42968.0,42967.0,1.0,0.0
12109021102,5,0.99,91376.0,18.06,18275.2,72473.0,18903.0,0.0
12011060802,9,1.31,54941.0,8.02,6104.56,52353.0,2588.0,0.0
12086010001,10,1.71,141619.0,24.15,14161.9,130811.0,10808.0,0.0
13039010603,8,,169261.0,,21157.62,144526.0,24735.0,0.0
12115000601,6,2.58,56977.0,24.53,9496.17,56977.0,0.0,0.0
12019031101,3,0.88,362650.0,106.51,120883.33,276985.0,85665.0,0.0
12105014129,1,,0.0,,0.0,0.0,0.0,0.0
12009062104,6,0.78,73076.0,9.46,12179.33,63049.0,10027.0,0.0
12031014332,16,2.0,698513.0,87.43,43657.06,639443.0,59070.0,0.0
12125960300,4,0.98,125486.0,30.65,31371.5,110680.0,14806.0,0.0
12071030201,5,3.85,9417.0,7.25,1883.4,698.0,8719.0,0.0
12021010113,6,,15594.0,,2599.0,15594.0,0.0,0.0
12021011209,2,,13713.0,,6856.5,13713.0,0.0,0.0
12086014200,5,0.93,60468.0,11.2,12093.6,60468.0,0.0,0.0
12011030203,6,1.31,38637.0,8.41,6439.5,29993.0,8644.0,0.0
12086010208,1,0.19,17395.0,3.39,17395.0,13699.0,3696.0,0.0
12009069200,17,6.54,128899.0,49.6,7582.29,124045.0,4854.0,0.0
12009071401,8,,160170.0,,20021.25,160040.0,130.0,0.0
12031014603,3,0.61,20704.0,4.24,6901.33,19074.0,1630.0,0.0
12085000300,4,0.7,34785.0,6.07,8696.25,10813.0,23972.0,0.0
12011040701,13,5.23,231907.0,93.25,17839.0,196871.0,35036.0,0.0
12099007735,9,1.61,79296.0,14.14,8810.67,56877.0,22419.0,0.0
12086010209,23,3.95,295289.0,50.76,12838.65,206687.0,88602.0,0.0
12086002703,18,3.11,477218.0,82.51,26512.11,430336.0,46882.0,0.0
12011070310,3,0.95,38761.0,12.26,12920.33,38761.0,0.0,0.0
12011110366,2,,0.0,,0.0,0.0,0.0,0.0
12089050506,3,,146890.0,,48963.33,129192.0,17698.0,0.0
12009066900,13,1.91,155108.0,22.78,11931.38,117300.0,37808.0,0.0
12086016400,5,0.72,12949.0,1.88,2589.8,12948.0,1.0,0.0
12011070207,2,0.3,0.0,0.0,0.0,0.0,0.0,0.0
12009069700,4,1.54,278621.0,107.2,69655.25,212119.0,66502.0,0.0
12009066500,7,1.85,110068.0,29.16,15724.0,97463.0,12605.0,0.0
12086005102,27,6.34,773664.0,181.53,28654.22,642386.0,131278.0,0.0
12003040202,11,1.94,584952.0,103.33,53177.45,447491.0,137461.0,0.0
12009061201,5,0.68,322650.0,43.74,64530.0,228498.0,94152.0,0.0
12071010104,6,2.96,0.0,0.0,0.0,0.0,0.0,0.0
12117021901,2,0.41,33973.0,6.89,16986.5,10467.0,23506.0,0.0
45019004902,18,7.71,196881.0,84.28,10937.83,194977.0,1904.0,0.0
12019031203,10,,630603.0,,63060.3,496270.0,134333.0,0.0
12011020411,10,1.33,46708.0,6.23,4670.8,39822.0,6886.0,0.0
12021010509,11,1.96,118680.0,21.17,10789.09,46781.0,71899.0,0.0
12101032010,1,0.31,0.0,0.0,0.0,0.0,0.0,0.0
12015020402,1,,0.0,,0.0,0.0,0.0,0.0
12086008604,3,,46238.0,,15412.67,39113.0,7125.0,0.0
12111381101,9,1.21,534103.0,71.68,59344.78,365513.0,168590.0,0.0
12021011113,8,,199156.0,,24894.5,193556.0,5600.0,0.0
12111382108,2,0.1,104754.0,5.28,52377.0,104754.0,0.0,0.0
12086010621,13,,129948.0,,9996.0,102070.0,27878.0,0.0
12071001601,10,1.98,213255.0,42.12,21325.5,191071.0,22184.0,0.0
12011010609,6,1.42,58821.0,13.93,9803.5,58821.0,0.0,0.0
12103028003,12,3.56,9382.0,2.78,781.83,7807.0,1575.0,0.0
12086012200,21,3.73,287500.0,51.12,13690.48,219391.0,68109.0,0.0
12089050309,8,,119073.0,,14884.12,91186.0,27887.0,0.0
12071010801,12,4.91,0.0,0.0,0.0,0.0,0.0,0.0
12027010200,4,0.74,10827.0,2.0,2706.75,10827.0,0.0,0.0
12086000140,4,1.01,0.0,0.0,0.0,0.0,0.0,0.0
12081000305,2,0.31,41796.0,6.42,20898.0,41796.0,0.0,0.0
12021010213,13,3.12,95573.0,22.94,7351.77,80043.0,15530.0,0.0
12011031204,4,1.48,19585.0,7.25,4896.25,19585.0,0.0,0.0
12057010600,1,0.32,3551.0,1.14,3551.0,3551.0,0.0,0.0
12031012800,2,0.27,4025.0,0.55,2012.5,3616.0,409.0,0.0
12071070200,13,3.74,68965.0,19.82,5305.0,68420.0,545.0,0.0
12103026001,2,0.7,0.0,0.0,0.0,0.0,0.0,0.0
12009061100,6,0.98,27249.0,4.45,4541.5,17946.0,9303.0,0.0
12011070315,9,1.51,60891.0,10.19,6765.67,57692.0,3199.0,0.0
12086009907,7,,79911.0,,11415.86,65819.0,14092.0,0.0
12099007301,7,1.55,1564.0,0.35,223.43,1377.0,187.0,0.0
12086011406,3,,116981.0,,38993.67,59619.0,57362.0,0.0
12109021403,20,11.28,25892.0,14.6,1294.6,25892.0,0.0,0.0
12086009503,9,2.03,131829.0,29.72,14647.67,112724.0,19105.0,0.0
12109020713,8,,1270206.0,,158775.75,1203746.0,66460.0,0.0
13127000302,19,,214069.0,,11266.79,212886.0,1183.0,0.0
12086010703,8,0.59,10703.0,0.79,1337.88,10703.0,0.0,0.0
12127081101,6,2.5,102337.0,42.68,17056.17,83730.0,18607.0,0.0
12031014701,7,0.86,37315.0,4.6,5330.71,36051.0,1264.0,0.0
12021010114,5,,48338.0,,9667.6,35474.0,12864.0,0.0
12071050318,7,,462461.0,,66065.86,462461.0,0.0,0.0
12086000227,5,,52801.0,,10560.2,43839.0,8962.0,0.0
12086008304,9,0.9,89247.0,8.9,9916.33,71416.0,17831.0,0.0
12009062500,23,4.97,412437.0,89.06,17932.04,337605.0,74832.0,0.0
12099000511,19,8.06,508775.0,215.95,26777.63,481799.0,26976.0,0.0
12095014809,4,1.37,146328.0,50.1,36582.0,127768.0,18560.0,0.0
45019005900,1,,85164.0,,85164.0,85164.0,0.0,0.0
12011030500,8,1.47,208905.0,38.37,26113.12,96256.0,112649.0,0.0
12103027210,1,0.22,0.0,0.0,0.0,0.0,0.0,0.0
12127082902,3,0.52,0.0,0.0,0.0,0.0,0.0,0.0
12086000505,7,1.15,0.0,0.0,0.0,0.0,0.0,0.0
12115002603,4,2.25,2640.0,1.48,660.0,2640.0,0.0,0.0
12011041000,4,1.18,476530.0,140.99,119132.5,80326.0,396204.0,0.0
12011020313,4,0.63,22250.0,3.5,5562.5,22250.0,0.0,0.0
12086004301,4,1.85,0.0,0.0,0.0,0.0,0.0,0.0
45019002613,9,1.61,87643.0,15.71,9738.11,87543.0,100.0,0.0
12011060114,11,1.69,175762.0,26.94,15978.36,170757.0,5005.0,0.0
12057011706,14,1.68,0.0,0.0,0.0,0.0,0.0,0.0
12011043302,1,0.44,0.0,0.0,0.0,0.0,0.0,0.0
12069031309,2,0.18,15258.0,1.41,7629.0,12210.0,3048.0,0.0
12057011409,1,0.35,10749.0,3.78,10749.0,10749.0,0.0,0.0
12086000219,3,0.65,3532.0,0.77,1177.33,2990.0,542.0,0.0
12057011509,2,0.31,7442.0,1.16,3721.0,7442.0,0.0,0.0
12009064500,5,1.12,153238.0,34.47,30647.6,91204.0,62034.0,0.0
12086014500,7,1.46,223047.0,46.41,31863.86,155849.0,67198.0,0.0
12071030204,5,5.57,14165.0,15.77,2833.0,6518.0,7647.0,0.0
12019030306,5,,179638.0,,35927.6,178776.0,862.0,0.0
12099005953,1,0.21,0.0,0.0,0.0,0.0,0.0,0.0
45035010815,15,3.88,495230.0,128.07,33015.33,435471.0,59759.0,0.0
12103028004,3,1.48,0.0,0.0,0.0,0.0,0.0,0.0
12057013313,2,0.38,28844.0,5.44,14422.0,28844.0,0.0,0.0
12011042600,5,0.85,192381.0,32.6,38476.2,154120.0,38261.0,0.0
12071050317,6,,159713.0,,26618.83,159713.0,0.0,0.0
12071001907,10,1.65,201494.0,33.22,20149.4,158875.0,42619.0,0.0
12021010102,12,1.95,101932.0,16.53,8494.33,77980.0,23952.0,0.0
12105012403,2,0.15,4694.0,0.36,2347.0,4694.0,0.0,0.0
12099000505,2,0.69,0.0,0.0,0.0,0.0,0.0,0.0
12071050308,11,1.25,52878.0,5.99,4807.09,41868.0,11010.0,0.0
13051004500,1,0.21,0.0,0.0,0.0,0.0,0.0,0.0
13065970100,1,0.19,0.0,0.0,0.0,0.0,0.0,0.0
12031010700,12,2.22,488193.0,90.14,40682.75,304811.0,183382.0,0.0
12071001300,5,1.85,181574.0,67.2,36314.8,139177.0,42397.0,0.0
12103024002,1,0.18,0.0,0.0,0.0,0.0,0.0,0.0
12011020406,8,1.01,11937.0,1.51,1492.12,11937.0,0.0,0.0
45019004607,8,1.38,37044.0,6.41,4630.5,36528.0,516.0,0.0
45013002102,4,1.56,147231.0,57.33,36807.75,131425.0,15806.0,0.0
12015010402,16,7.06,0.0,0.0,0.0,0.0,0.0,0.0
13191110100,8,1.88,60878.0,14.29,7609.75,60720.0,158.0,0.0
12009065235,4,0.8,44603.0,8.9,11150.75,44603.0,0.0,0.0
45013010900,5,2.76,32189.0,17.78,6437.8,32189.0,0.0,0.0
12011100802,6,0.66,12428.0,1.36,2071.33,10970.0,1458.0,0.0
12095017103,3,0.15,11401.0,0.55,3800.33,11401.0,0.0,0.0
12086008206,14,3.55,496624.0,126.05,35473.14,434443.0,62181.0,0.0
12061050702,4,0.71,168455.0,30.03,42113.75,133142.0,35313.0,0.0
12109021206,2,0.29,0.0,0.0,0.0,0.0,0.0,0.0
12053040202,5,0.9,53272.0,9.58,10654.4,42341.0,10931.0,0.0
12086016700,5,0.89,9436.0,1.69,1887.2,9436.0,0.0,0.0
12071001000,6,0.9,67107.0,10.04,11184.5,58515.0,8592.0,0.0
12086011201,7,0.98,1246.0,0.17,178.0,504.0,742.0,0.0
12071050311,3,0.41,0.0,0.0,0.0,0.0,0.0,0.0
12019030305,15,,896311.0,,59754.07,651522.0,244789.0,0.0
45019002502,8,1.07,86719.0,11.58,10839.88,84904.0,1815.0,0.0
12086015000,7,0.77,71749.0,7.93,10249.86,49335.0,22414.0,0.0
12009063000,9,2.04,151585.0,34.4,16842.78,136185.0,15400.0,0.0
12061050509,4,,0.0,,0.0,0.0,0.0,0.0
12011070208,6,0.75,36960.0,4.6,6160.0,36510.0,450.0,0.0
12011080500,9,1.16,93411.0,12.01,10379.0,75004.0,18407.0,0.0
12086009056,1,,0.0,,0.0,0.0,0.0,0.0
12011091801,8,1.25,20717.0,3.23,2589.62,17092.0,3625.0,0.0
12053040400,7,2.64,157981.0,59.55,22568.71,150899.0,7082.0,0.0
12011010503,7,0.46,55606.0,3.68,7943.71,34769.0,20837.0,0.0
12086003919,6,2.59,499841.0,216.01,83306.83,499841.0,0.0,0.0
12071050307,8,2.01,11549.0,2.9,1443.62,11549.0,0.0,0.0
13051011104,27,5.3,342605.0,67.24,12689.07,286107.0,56498.0,0.0
12009066301,18,2.68,326005.0,48.48,18111.39,268624.0,57381.0,0.0
12011020419,4,,17501.0,,4375.25,17501.0,0.0,0.0
12086011104,1,,0.0,,0.0,0.0,0.0,0.0
12081000807,2,0.29,43157.0,6.16,21578.5,43157.0,0.0,0.0
13135050511,1,0.08,2924.0,0.23,2924.0,2924.0,0.0,0.0
12103027319,2,0.38,11193.0,2.15,5596.5,5324.0,5869.0,0.0
12086005003,12,,248932.0,,20744.33,238825.0,10107.0,0.0
12021011002,6,2.73,124928.0,56.84,20821.33,124928.0,0.0,0.0
12057005401,1,0.19,0.0,0.0,0.0,0.0,0.0,0.0
12009062800,14,3.56,71470.0,18.15,5105.0,64757.0,6713.0,0.0
12017450102,1,0.27,0.0,0.0,0.0,0.0,0.0,0.0
12105012404,1,0.42,42357.0,17.77,42357.0,10479.0,31878.0,0.0
12086015700,7,2.63,29112.0,10.94,4158.86,29112.0,0.0,0.0
12115002203,2,0.48,8785.0,2.1,4392.5,8785.0,0.0,0.0
45019004611,5,0.56,37708.0,4.2,7541.6,36531.0,1177.0,0.0
13127000800,9,2.12,141336.0,33.23,15704.0,141336.0,0.0,0.0
12086009055,4,,176781.0,,44195.25,149572.0,27209.0,0.0
12109021405,17,2.87,281426.0,47.47,16554.47,251215.0,30211.0,0.0
12086018902,7,,203015.0,,29002.14,132307.0,70708.0,0.0
12111381105,1,,0.0,,0.0,0.0,0.0,0.0
12055961601,3,2.45,114596.0,93.55,38198.67,66914.0,47682.0,0.0
12086010303,3,,25383.0,,8461.0,25383.0,0.0,0.0
12071001802,7,2.93,5524.0,2.31,789.14,5524.0,0.0,0.0
12031010101,1,0.14,23370.0,3.38,23370.0,23370.0,0.0,0.0
12086010009,8,0.98,0.0,0.0,0.0,0.0,0.0,0.0
13127000103,3,,23583.0,,7861.0,23583.0,0.0,0.0
12071001705,20,6.01,234782.0,70.55,11739.1,196784.0,37998.0,0.0
12115001602,1,0.26,0.0,0.0,0.0,0.0,0.0,0.0
12021010215,18,6.52,537900.0,194.75,29883.33,517598.0,20302.0,0.0
12011041700,8,1.81,213779.0,48.31,26722.38,208755.0,5024.0,0.0
45013002106,3,0.33,8632.0,0.94,2877.33,8632.0,0.0,0.0
12071050104,4,1.47,3625.0,1.33,906.25,3625.0,0.0,0.0
12011091702,3,0.67,11953.0,2.65,3984.33,11953.0,0.0,0.0
12009071500,9,3.86,61325.0,26.32,6813.89,23509.0,37816.0,0.0
12086007103,10,6.68,375193.0,250.46,37519.3,375193.0,0.0,0.0
12009069902,2,0.45,2257.0,0.51,1128.5,2257.0,0.0,0.0
12015010100,8,1.58,893253.0,176.11,111656.62,662495.0,230758.0,0.0
12009065201,5,0.83,25180.0,4.19,5036.0,17700.0,7480.0,0.0
12031001000,2,0.45,81903.0,18.54,40951.5,59461.0,22442.0,0.0
12031011700,3,0.99,157079.0,51.96,52359.67,121579.0,35500.0,0.0
13051010601,4,1.0,370363.0,92.34,92590.75,370363.0,0.0,0.0
12086000709,7,1.03,24227.0,3.57,3461.0,15752.0,8475.0,0.0
12061050902,3,0.55,47465.0,8.73,15821.67,32158.0,15307.0,0.0
45013002107,8,0.76,679928.0,64.36,84991.0,545904.0,134024.0,0.0
12099007420,9,2.73,469764.0,142.35,52196.0,467215.0,2549.0,0.0
12031012100,12,6.78,2366682.0,1337.86,197223.5,1837197.0,529485.0,0.0
12103024004,3,0.57,3274.0,0.62,1091.33,3274.0,0.0,0.0
12099000211,2,0.49,0.0,0.0,0.0,0.0,0.0,0.0
12105015701,1,0.36,0.0,0.0,0.0,0.0,0.0,0.0
12095014701,1,0.19,64539.0,12.33,64539.0,44140.0,20399.0,0.0
13051011115,18,,413764.0,,22986.89,371664.0,42100.0,0.0
45019003110,13,1.77,326913.0,44.39,25147.15,279108.0,47805.0,0.0
12086006711,7,2.39,1124452.0,383.51,160636.0,1121229.0,3223.0,0.0
12097043500,1,0.19,33901.0,6.39,33901.0,33901.0,0.0,0.0
12097041100,5,0.24,37297.0,1.78,7459.4,37297.0,0.0,0.0
12011110302,6,0.64,5521.0,0.59,920.17,5521.0,0.0,0.0
12011060121,18,3.26,214136.0,38.81,11896.44,211206.0,2930.0,0.0
12021011201,18,1.94,569837.0,61.47,31657.61,393484.0,176353.0,0.0
12086010501,9,,50243.0,,5582.56,38598.0,11645.0,0.0
12115000700,4,1.41,0.0,0.0,0.0,0.0,0.0,0.0
12099007733,4,1.14,52709.0,14.98,13177.25,26554.0,26155.0,0.0
12071070202,1,,0.0,,0.0,0.0,0.0,0.0
13051011106,15,2.74,90455.0,16.55,6030.33,83941.0,6514.0,0.0
12086010193,5,1.42,66883.0,19.03,13376.6,66883.0,0.0,0.0
12086004205,5,2.22,116035.0,51.41,23207.0,116035.0,0.0,0.0
12105011901,3,0.62,48201.0,9.97,16067.0,48201.0,0.0,0.0
12089050201,9,5.4,15658.0,9.39,1739.78,13531.0,2127.0,0.0
12057000302,1,,0.0,,0.0,0.0,0.0,0.0
12103027901,1,0.42,24208.0,10.27,24208.0,24208.0,0.0,0.0
12015021001,5,2.95,0.0,0.0,0.0,0.0,0.0,0.0
12103020207,2,0.75,0.0,0.0,0.0,0.0,0.0,0.0
12071050400,41,3.41,951528.0,79.11,23208.0,845632.0,105896.0,0.0
12086004901,5,1.31,539311.0,141.11,107862.2,539311.0,0.0,0.0
12081001913,2,0.48,10289.0,2.49,5144.5,10289.0,0.0,0.0
12086011005,6,0.87,33611.0,4.87,5601.83,33611.0,0.0,0.0
12086007806,5,1.1,216795.0,47.77,43359.0,194023.0,22772.0,0.0
12011031206,2,,30276.0,,15138.0,0.0,30276.0,0.0
12011061002,4,0.41,0.0,0.0,0.0,0.0,0.0,0.0
12101031503,2,0.67,11699.0,3.94,5849.5,9326.0,2373.0,0.0
12095018300,1,0.42,18889.0,7.98,18889.0,14704.0,4185.0,0.0
45019003800,3,0.8,34209.0,9.15,11403.0,20545.0,13664.0,0.0
12099003514,1,,0.0,,0.0,0.0,0.0,0.0
13127000202,15,,309846.0,,20656.4,270321.0,39525.0,0.0
12101030301,2,0.9,0.0,0.0,0.0,0.0,0.0,0.0
12017450501,3,,0.0,,0.0,0.0,0.0,0.0
12086010619,2,,0.0,,0.0,0.0,0.0,0.0
12115002507,2,0.37,1427.0,0.26,713.5,1427.0,0.0,0.0
12089050203,7,1.82,39606.0,10.28,5658.0,39606.0,0.0,0.0
12127081200,2,0.49,873368.0,213.49,436684.0,873368.0,0.0,0.0
12115002005,2,0.5,50473.0,12.73,25236.5,49650.0,823.0,0.0
12086010016,12,2.29,60776.0,11.62,5064.67,57308.0,3468.0,0.0
12057011515,1,0.29,1185.0,0.34,1185.0,1185.0,0.0,0.0
12031016726,9,2.2,368026.0,90.05,40891.78,255724.0,112302.0,0.0
12097041700,5,0.84,52914.0,8.88,10582.8,50146.0,2768.0,0.0
12086011800,4,1.23,31487.0,9.7,7871.75,21264.0,10223.0,0.0
12086001901,5,1.1,26643.0,5.85,5328.6,23878.0,2765.0,0.0
12011041400,4,1.19,55384.0,16.54,13846.0,53485.0,1899.0,0.0
12086004404,13,6.43,101046.0,50.0,7772.77,100835.0,211.0,0.0
45013010400,5,0.99,19308.0,3.81,3861.6,15781.0,3527.0,0.0
12021011109,8,,25319.0,,3164.88,5592.0,19727.0,0.0
13051004210,3,0.58,5686.0,1.11,1895.33,434.0,5252.0,0.0
12099005202,1,0.24,0.0,0.0,0.0,0.0,0.0,0.0
12103024901,2,0.35,4702.0,0.83,2351.0,4702.0,0.0,0.0
12011080104,2,,4580.0,,2290.0,4580.0,0.0,0.0
12095017016,2,0.2,2297.0,0.23,1148.5,2297.0,0.0,0.0
13039010601,10,1.72,205914.0,35.44,20591.4,192969.0,12945.0,0.0
12099001801,3,0.56,0.0,0.0,0.0,0.0,0.0,0.0
12113010813,2,0.41,0.0,0.0,0.0,0.0,0.0,0.0
45013002108,22,4.7,580229.0,123.93,26374.05,451522.0,128707.0,0.0
13051011008,3,,44604.0,,14868.0,42805.0,1799.0,0.0
12086005104,5,1.11,48918.0,10.88,9783.6,48918.0,0.0,0.0
12017450800,5,1.12,38216.0,8.59,7643.2,38216.0,0.0,0.0
12086003914,10,2.21,706321.0,156.3,70632.1,684994.0,21327.0,0.0
12057004700,3,1.1,0.0,0.0,0.0,0.0,0.0,0.0
12086000215,3,0.68,18229.0,4.16,6076.33,11979.0,6250.0,0.0
12023110700,5,1.09,107301.0,23.48,21460.2,92531.0,14770.0,0.0
12103027606,8,4.71,57456.0,33.86,7182.0,51813.0,5643.0,0.0
12099007416,2,0.65,316758.0,102.84,158379.0,316758.0,0.0,0.0
12086016200,2,0.56,0.0,0.0,0.0,0.0,0.0,0.0
12023110602,6,1.23,175120.0,35.94,29186.67,111195.0,63925.0,0.0
12057010816,1,0.26,0.0,0.0,0.0,0.0,0.0,0.0
12019030801,16,2.72,853130.0,145.21,53320.62,649835.0,203295.0,0.0
12086000403,3,0.44,0.0,0.0,0.0,0.0,0.0,0.0
12101030204,4,3.53,16007.0,14.14,4001.75,16007.0,0.0,0.0
12127081000,15,4.03,489056.0,131.54,32603.73,398744.0,90312.0,0.0
12086008906,3,0.56,7697.0,1.45,2565.67,7697.0,0.0,0.0
12101030304,3,,8972.0,,2990.67,8972.0,0.0,0.0
45015020404,3,0.63,37548.0,7.94,12516.0,25592.0,11956.0,0.0
12071001001,2,,10126.0,,5063.0,10126.0,0.0,0.0
12115002712,5,0.14,6174.0,0.17,1234.8,6174.0,0.0,0.0
12021011400,11,2.07,261979.0,49.34,23816.27,205058.0,56921.0,0.0
12097043100,5,1.4,3393.0,0.95,678.6,3393.0,0.0,0.0
12011060402,9,1.34,30706.0,4.56,3411.78,29249.0,1457.0,0.0
12099005955,2,0.42,3645.0,0.76,1822.5,3645.0,0.0,0.0
12031011800,1,0.34,44061.0,15.07,44061.0,31040.0,13021.0,0.0
12011042302,1,0.78,24871.0,19.48,24871.0,24871.0,0.0,0.0
12017450500,3,0.73,0.0,0.0,0.0,0.0,0.0,0.0
12015020602,12,3.6,46542.0,13.96,3878.5,46541.0,1.0,0.0
12031014102,8,2.15,9453.0,2.53,1181.62,9453.0,0.0,0.0
12027010101,14,3.38,477510.0,115.31,34107.86,401558.0,75952.0,0.0
12011031001,1,0.43,0.0,0.0,0.0,0.0,0.0,0.0
12087972300,8,3.01,0.0,0.0,0.0,0.0,0.0,0.0
12081001108,1,0.39,0.0,0.0,0.0,0.0,0.0,0.0
12109020801,12,1.37,1267839.0,144.5,105653.25,1094122.0,173717.0,0.0
12086011404,7,0.75,5985.0,0.64,855.0,5011.0,974.0,0.0
12011020414,5,1.15,77471.0,17.79,15494.2,76525.0,946.0,0.0
12031002400,11,5.93,244278.0,131.76,22207.09,192860.0,51418.0,0.0
12031016812,8,,447014.0,,55876.75,321198.0,125816.0,0.0
12011050309,2,0.92,0.0,0.0,0.0,0.0,0.0,0.0
12011060208,10,1.58,103834.0,16.43,10383.4,73631.0,30203.0,0.0
12097043205,2,1.24,996.0,0.62,498.0,996.0,0.0,0.0
12086011409,2,,0.0,,0.0,0.0,0.0,0.0
12069030916,2,,9725.0,,4862.5,9725.0,0.0,0.0
12031014330,5,1.06,19504.0,4.14,3900.8,16067.0,3437.0,0.0
12127090307,1,0.16,0.0,0.0,0.0,0.0,0.0,0.0
12086014300,5,1.4,162204.0,45.28,32440.8,120688.0,41516.0,0.0
45019002900,6,2.17,132203.0,47.83,22033.83,122630.0,9573.0,0.0
12086008205,28,7.45,1177627.0,313.45,42058.11,1063012.0,114615.0,0.0
12101031407,1,0.37,24284.0,8.96,24284.0,16808.0,7476.0,0.0
12081000310,1,0.23,6520.0,1.47,6520.0,6520.0,0.0,0.0
12103026817,1,0.2,0.0,0.0,0.0,0.0,0.0,0.0
13245010104,1,0.29,0.0,0.0,0.0,0.0,0.0,0.0
12101030303,6,1.71,19952.0,5.68,3325.33,19601.0,351.0,0.0
12031014800,10,2.1,377505.0,79.39,37750.5,289528.0,87977.0,0.0
12086009704,11,2.02,106330.0,19.51,9666.36,88619.0,17711.0,0.0
12071000600,3,0.69,49352.0,11.37,16450.67,42251.0,7101.0,0.0
12021010517,18,,355372.0,,19742.89,355372.0,0.0,0.0
12011110325,4,0.17,15905.0,0.7,3976.25,15905.0,0.0,0.0
12011010102,3,1.01,0.0,0.0,0.0,0.0,0.0,0.0
12105012511,6,,52754.0,,8792.33,51550.0,1204.0,0.0
12086009811,2,,11434.0,,5717.0,11091.0,343.0,0.0
12011050306,1,0.24,0.0,0.0,0.0,0.0,0.0,0.0
12057010108,1,0.52,0.0,0.0,0.0,0.0,0.0,0.0
12099000512,1,,0.0,,0.0,0.0,0.0,0.0
12095014808,2,0.16,0.0,0.0,0.0,0.0,0.0,0.0
12031013524,6,,231155.0,,38525.83,198934.0,32221.0,0.0
12086011012,5,,44363.0,,8872.6,37034.0,7329.0,0.0
12009065021,13,1.11,202778.0,17.38,15598.31,173888.0,28890.0,0.0
12009063104,4,1.09,59951.0,16.35,14987.75,59951.0,0.0,0.0
12086009307,1,0.16,0.0,0.0,0.0,0.0,0.0,0.0
12127080901,2,0.49,0.0,0.0,0.0,0.0,0.0,0.0
12086010609,7,1.21,16854.0,2.91,2407.71,16854.0,0.0,0.0
45019002604,1,0.26,47063.0,12.38,47063.0,47063.0,0.0,0.0
12031015924,11,2.18,617417.0,122.36,56128.82,487709.0,129708.0,0.0
12031016500,24,4.72,2340631.0,460.57,97526.29,1907225.0,433406.0,0.0
12086017100,4,0.59,20227.0,2.99,5056.75,19882.0,345.0,0.0
12105012504,2,0.31,12500.0,1.95,6250.0,6250.0,6250.0,0.0
12117021902,4,0.89,41239.0,9.17,10309.75,28556.0,12683.0,0.0
12099007421,5,,0.0,,0.0,0.0,0.0,0.0
12103027801,3,1.96,7000.0,4.58,2333.33,7000.0,0.0,0.0
12057013001,1,0.26,2358.0,0.6,2358.0,2358.0,0.0,0.0
12031014412,1,0.06,0.0,0.0,0.0,0.0,0.0,0.0
12011010304,1,0.23,9023.0,2.08,9023.0,9023.0,0.0,0.0
12071050306,11,5.38,204331.0,99.97,18575.55,201655.0,2676.0,0.0
12089050400,4,0.47,174835.0,20.52,43708.75,115051.0,59784.0,0.0
12081000308,1,0.21,5595.0,1.17,5595.0,5595.0,0.0,0.0
12086009314,2,0.42,3524.0,0.75,1762.0,3524.0,0.0,0.0
45015020904,1,0.24,34098.0,8.06,34098.0,34098.0,0.0,0.0
12086010300,7,0.79,23505.0,2.66,3357.86,16576.0,6929.0,0.0
12095013512,3,0.52,8558.0,1.48,2852.67,8478.0,80.0,0.0
12086009035,6,1.07,688248.0,122.38,114708.0,458820.0,229428.0,0.0
45015020405,3,0.92,22778.0,6.96,7592.67,15697.0,7081.0,0.0
12117020500,1,0.41,4762.0,1.96,4762.0,4762.0,0.0,0.0
12095017108,2,0.21,11374.0,1.18,5687.0,11374.0,0.0,0.0
12085000501,4,0.9,0.0,0.0,0.0,0.0,0.0,0.0
45063021203,1,0.17,0.0,0.0,0.0,0.0,0.0,0.0
12086008409,8,1.46,153296.0,28.0,19162.0,126033.0,27263.0,0.0
12031014423,1,,47605.0,,47605.0,43359.0,4246.0,0.0
12057011617,2,,0.0,,0.0,0.0,0.0,0.0
12015010302,14,3.64,251368.0,65.39,17954.86,224372.0,26996.0,0.0
12071040207,13,2.99,32041.0,7.36,2464.69,32041.0,0.0,0.0
12071010304,17,1.7,72360.0,7.26,4256.47,55292.0,17068.0,0.0
12015030100,10,1.57,100482.0,15.76,10048.2,77513.0,22969.0,0.0
12071040138,3,,0.0,,0.0,0.0,0.0,0.0
12021010111,17,,306226.0,,18013.29,250473.0,55753.0,0.0
12101031602,1,0.15,0.0,0.0,0.0,0.0,0.0,0.0
12101030406,4,1.91,0.0,0.0,0.0,0.0,0.0,0.0
12011050900,8,1.31,44208.0,7.24,5526.0,42715.0,1493.0,0.0
12031016805,5,0.65,5076.0,0.66,1015.2,4136.0,940.0,0.0
12113010825,2,,0.0,,0.0,0.0,0.0,0.0
12069030805,1,0.27,0.0,0.0,0.0,0.0,0.0,0.0
12086019600,8,1.26,110809.0,17.42,13851.12,110809.0,0.0,0.0
12011100104,2,0.79,6581.0,2.59,3290.5,6581.0,0.0,0.0
12071050603,13,,516989.0,,39768.38,474782.0,42207.0,0.0
12086004605,11,2.75,798632.0,199.81,72602.91,798632.0,0.0,0.0
12095017802,2,0.13,4404.0,0.28,2202.0,4404.0,0.0,0.0
12086015103,2,,75.0,,37.5,75.0,0.0,0.0
12127082607,5,2.19,179411.0,78.41,35882.2,143678.0,35733.0,0.0
12095016504,6,1.06,215138.0,38.18,35856.33,212638.0,2500.0,0.0
12086000306,9,1.73,177061.0,34.07,19673.44,163313.0,13748.0,0.0
12081000101,6,4.47,0.0,0.0,0.0,0.0,0.0,0.0
12011020318,5,0.53,67694.0,7.21,13538.8,67694.0,0.0,0.0
13127000700,13,1.58,309820.0,37.62,23832.31,276089.0,33731.0,0.0
12057011510,3,0.62,79067.0,16.3,26355.67,67083.0,11984.0,0.0
12086010500,16,1.36,122992.0,10.47,7687.0,98928.0,24064.0,0.0
12086010026,5,,44772.0,,8954.4,44772.0,0.0,0.0
12086006713,7,3.05,1110495.0,483.88,158642.14,1105640.0,4855.0,0.0
12031016722,2,0.27,24072.0,3.19,12036.0,23054.0,1018.0,0.0
12086000711,3,0.54,0.0,0.0,0.0,0.0,0.0,0.0
13039010200,20,3.67,310297.0,56.95,15514.85,210233.0,100064.0,0.0
12093910602,3,1.48,117893.0,58.16,39297.67,64856.0,53037.0,0.0
12105011909,5,1.6,535927.0,171.94,107185.4,329585.0,206342.0,0.0
12127082801,13,5.0,373848.0,143.79,28757.54,332669.0,41179.0,0.0
12015020302,1,0.24,0.0,0.0,0.0,0.0,0.0,0.0
12009066200,15,5.61,429224.0,160.4,28614.93,395919.0,33305.0,0.0
12089050102,18,6.22,259678.0,89.76,14426.56,216552.0,43126.0,0.0
12031011600,1,0.26,0.0,0.0,0.0,0.0,0.0,0.0
12011020205,2,0.31,12570.0,1.97,6285.0,12570.0,0.0,0.0
13039010302,18,4.08,995513.0,225.59,55306.28,797252.0,198261.0,0.0
13191110103,5,,56000.0,,11200.0,30547.0,25453.0,0.0
45019004609,1,0.14,15317.0,2.08,15317.0,15317.0,0.0,0.0
12099007414,7,4.27,361952.0,220.97,51707.43,324211.0,37741.0,0.0
12086019500,5,0.74,32624.0,4.81,6524.8,32109.0,515.0,0.0
12099007713,1,0.06,0.0,0.0,0.0,0.0,0.0,0.0
12009062108,4,0.66,52549.0,8.71,13137.25,35249.0,17300.0,0.0
12127082202,3,1.63,61699.0,33.42,20566.33,41207.0,20492.0,0.0
12019030102,8,1.0,897460.0,111.72,112182.5,795742.0,101718.0,0.0
12086010020,3,,10448.0,,3482.67,7309.0,3139.0,0.0
12009064102,4,0.86,693.0,0.15,173.25,693.0,0.0,0.0
45013000502,10,1.46,87972.0,12.87,8797.2,78903.0,9069.0,0.0
12086007708,1,,0.0,,0.0,0.0,0.0,0.0
12127080600,29,8.93,1101076.0,339.0,37968.14,842556.0,258520.0,0.0
13121010114,1,0.15,10118.0,1.5,10118.0,3806.0,6312.0,0.0
12021010425,3,,49067.0,,16355.67,33833.0,15234.0,0.0
12069031002,2,,61713.0,,30856.5,49841.0,11872.0,0.0
12011040702,5,1.15,52627.0,12.15,10525.4,47016.0,5611.0,0.0
12117020701,7,0.46,28938.0,1.91,4134.0,28938.0,0.0,0.0
45019005300,3,0.91,228718.0,69.22,76239.33,216176.0,12542.0,0.0
12083000502,2,1.59,4647.0,3.7,2323.5,4647.0,0.0,0.0
12086009100,12,1.42,827340.0,97.7,68945.0,336640.0,490700.0,0.0
12095013606,1,0.28,0.0,0.0,0.0,0.0,0.0,0.0
12053040602,3,1.06,53855.0,19.1,17951.67,44185.0,9670.0,0.0
12019030106,6,,1231042.0,,205173.67,776762.0,454280.0,0.0
12061050804,4,0.69,11710.0,2.02,2927.5,9809.0,1901.0,0.0
12086015400,18,3.28,240471.0,43.84,13359.5,220445.0,20026.0,0.0
12086009020,2,0.71,0.0,0.0,0.0,0.0,0.0,0.0
12011110333,1,0.13,0.0,0.0,0.0,0.0,0.0,0.0
12057004600,1,0.21,11499.0,2.47,11499.0,11499.0,0.0,0.0
12071040211,1,,17855.0,,17855.0,17855.0,0.0,0.0
12095016802,2,0.2,2246.0,0.22,1123.0,2246.0,0.0,0.0
12086005903,2,0.35,23492.0,4.09,11746.0,22014.0,1478.0,0.0
12109020704,8,2.44,55333.0,16.87,6916.62,31675.0,23658.0,0.0
12127082405,5,1.29,25173.0,6.51,5034.6,25172.0,1.0,0.0
45053950202,9,1.06,286703.0,33.68,31855.89,204707.0,81996.0,0.0
12086011008,7,1.57,24251.0,5.44,3464.43,24251.0,0.0,0.0
12127083209,6,0.98,122693.0,19.96,20448.83,119231.0,3462.0,0.0
12021010426,13,,184965.0,,14228.08,151896.0,33069.0,0.0
12019030903,4,0.95,178510.0,42.25,44627.5,130279.0,48231.0,0.0
13039010401,10,0.86,436069.0,37.53,43606.9,417897.0,18172.0,0.0
12101030408,4,1.82,36592.0,16.68,9148.0,36592.0,0.0,0.0
12086000413,6,1.33,18915.0,4.18,3152.5,18915.0,0.0,0.0
12009062106,4,1.24,157471.0,48.96,39367.75,157471.0,0.0,0.0
12069031307,1,0.06,0.0,0.0,0.0,0.0,0.0,0.0
12001000200,1,0.15,76317.0,11.17,76317.0,76317.0,0.0,0.0
12086008429,1,,8410.0,,8410.0,8410.0,0.0,0.0
12069030601,1,0.24,7606.0,1.81,7606.0,7606.0,0.0,0.0
12011080403,7,1.07,81733.0,12.48,11676.14,67965.0,13768.0,0.0
12097043800,6,0.75,89118.0,11.12,14853.0,83954.0,5164.0,0.0
12011070205,8,1.24,42947.0,6.67,5368.38,33658.0,9289.0,0.0
12086011701,3,,10447.0,,3482.33,10447.0,0.0,0.0
12095017109,3,0.47,0.0,0.0,0.0,0.0,0.0,0.0
12071000402,4,1.67,78034.0,32.66,19508.5,66999.0,11035.0,0.0
12086001603,4,1.07,0.0,0.0,0.0,0.0,0.0,0.0
12057011804,1,0.18,3082.0,0.57,3082.0,3082.0,0.0,0.0
12095017808,4,1.13,9891.0,2.79,2472.75,9891.0,0.0,0.0
12071001923,5,,11106.0,,2221.2,11106.0,0.0,0.0
12011110321,13,2.29,63396.0,11.19,4876.62,55714.0,7682.0,0.0
12099005412,2,,0.0,,0.0,0.0,0.0,0.0
12011060112,3,0.43,6100.0,0.87,2033.33,6100.0,0.0,0.0
12021010423,7,,2728.0,,389.71,0.0,2728.0,0.0
12021010410,11,1.1,51899.0,5.18,4718.09,39779.0,12120.0,0.0
12031000600,24,4.04,1807058.0,303.86,75294.08,1118181.0,688877.0,0.0
12057002300,1,0.29,11122.0,3.19,11122.0,11122.0,0.0,0.0
45041000400,1,0.19,4417.0,0.85,4417.0,2143.0,2274.0,0.0
12099005808,1,0.18,5541.0,0.97,5541.0,5192.0,349.0,0.0
45019003107,1,0.24,1960.0,0.47,1960.0,1960.0,0.0,0.0
12127090902,1,0.1,231.0,0.02,231.0,231.0,0.0,0.0
12086003906,21,6.73,259753.0,83.23,12369.19,239594.0,20159.0,0.0
12117021316,3,0.7,10958.0,2.56,3652.67,10957.0,1.0,0.0
12021010807,1,,0.0,,0.0,0.0,0.0,0.0
12085001103,2,0.85,109456.0,46.52,54728.0,94231.0,15225.0,0.0
12086011007,11,1.32,85814.0,10.26,7801.27,62452.0,23362.0,0.0
12117021315,1,0.12,258.0,0.03,258.0,258.0,0.0,0.0
12117021203,4,0.59,26910.0,3.95,6727.5,17469.0,9441.0,0.0
12086001101,4,0.66,100480.0,16.7,25120.0,59201.0,41279.0,0.0
12109020805,3,0.2,76526.0,5.2,25508.67,67406.0,9120.0,0.0
12021010431,5,,99130.0,,19826.0,96915.0,2215.0,0.0
12095014502,6,1.18,0.0,0.0,0.0,0.0,0.0,0.0
12009063102,7,0.83,131189.0,15.5,18741.29,117921.0,13268.0,0.0
12031016100,2,0.26,34396.0,4.39,17198.0,19264.0,15132.0,0.0
12111381507,4,,208456.0,,52114.0,146179.0,62277.0,0.0
45019005100,13,7.76,901870.0,538.43,69374.62,575958.0,325912.0,0.0
12057013921,1,0.36,1088.0,0.4,1088.0,1088.0,0.0,0.0
12035060207,2,0.38,0.0,0.0,0.0,0.0,0.0,0.0
12086010608,7,1.3,54208.0,10.05,7744.0,40394.0,13814.0,0.0
12057000202,1,0.18,0.0,0.0,0.0,0.0,0.0,0.0
12086000707,1,0.13,0.0,0.0,0.0,0.0,0.0,0.0
12009066104,11,2.32,104435.0,22.0,9494.09,99630.0,4805.0,0.0
45013002110,1,,0.0,,0.0,0.0,0.0,0.0
12117021614,10,1.65,408854.0,67.4,40885.4,371884.0,36970.0,0.0
12086005406,1,0.24,0.0,0.0,0.0,0.0,0.0,0.0
12011060210,4,1.18,16494.0,4.85,4123.5,13672.0,2822.0,0.0
12071070201,4,,0.0,,0.0,0.0,0.0,0.0
12009062115,2,,46509.0,,23254.5,46509.0,0.0,0.0
12101031507,6,1.04,238034.0,41.37,39672.33,176781.0,61253.0,0.0
12086010622,5,,5544.0,,1108.8,3775.0,1769.0,0.0
12086019200,3,0.56,0.0,0.0,0.0,0.0,0.0,0.0
12095014201,3,,1934.0,,644.67,1934.0,0.0,0.0
12099000902,1,0.33,0.0,0.0,0.0,0.0,0.0,0.0
12081000407,1,0.24,1.0,0.0,1.0,0.0,1.0,0.0
13051004208,1,0.2,0.0,0.0,0.0,0.0,0.0,0.0
12031012601,24,8.86,1854155.0,684.19,77256.46,1598492.0,255663.0,0.0
45013000800,1,0.17,35426.0,5.89,35426.0,35426.0,0.0,0.0
12099007613,6,1.67,24158.0,6.74,4026.33,24158.0,0.0,0.0
12011080406,2,0.36,0.0,0.0,0.0,0.0,0.0,0.0
12019030905,15,,914534.0,,60968.93,692813.0,221721.0,0.0
12053041501,4,1.26,39533.0,12.44,9883.25,39051.0,482.0,0.0
12086003803,10,3.38,1056828.0,357.16,105682.8,1052206.0,4622.0,0.0
12015030402,10,4.92,187204.0,92.08,18720.4,149766.0,37438.0,0.0
12071010406,10,1.59,26798.0,4.26,2679.8,26798.0,0.0,0.0
12053040101,10,1.94,166337.0,32.29,16633.7,160205.0,6132.0,0.0
12086010021,2,,20760.0,,10380.0,16138.0,4622.0,0.0
12086000412,10,1.41,338302.0,47.57,33830.2,283270.0,55032.0,0.0
12007000301,9,,96546.0,,10727.33,83395.0,13151.0,0.0
12086000126,4,2.03,242277.0,122.67,60569.25,98109.0,144168.0,0.0
12071050212,13,,244562.0,,18812.46,205602.0,38960.0,0.0
12071010410,10,0.91,20903.0,1.89,2090.3,20903.0,0.0,0.0
13179010503,1,,1004.0,,1004.0,1004.0,0.0,0.0
12103024803,1,0.39,0.0,0.0,0.0,0.0,0.0,0.0
12011091300,5,1.15,55100.0,12.63,11020.0,52621.0,2479.0,0.0
12086000414,7,1.46,52070.0,10.83,7438.57,47287.0,4783.0,0.0
12099007504,3,1.0,0.0,0.0,0.0,0.0,0.0,0.0
12009063107,7,0.63,15849.0,1.43,2264.14,14687.0,1162.0,0.0
12097043203,3,0.68,8203.0,1.86,2734.33,7964.0,239.0,0.0
12011040801,4,0.7,0.0,0.0,0.0,0.0,0.0,0.0
12057012206,1,0.15,0.0,0.0,0.0,0.0,0.0,0.0
12095016724,1,0.15,3672.0,0.57,3672.0,3672.0,0.0,0.0
12029970103,1,,0.0,,0.0,0.0,0.0,0.0
12107950202,2,0.64,3914.0,1.26,1957.0,3914.0,0.0,0.0
12057012600,4,0.72,45250.0,8.18,11312.5,45250.0,0.0,0.0
12031010602,2,,10227.0,,5113.5,10227.0,0.0,0.0
45013010500,10,2.48,374666.0,92.99,37466.6,289467.0,85199.0,0.0
12035060105,10,2.43,8603.0,2.09,860.3,3913.0,4690.0,0.0
12011091803,2,,4308.0,,2154.0,4308.0,0.0,0.0
12081000803,1,0.13,0.0,0.0,0.0,0.0,0.0,0.0
12086002706,7,1.58,119376.0,27.0,17053.71,110672.0,8704.0,0.0
12099007202,3,0.65,35864.0,7.81,11954.67,32114.0,3750.0,0.0
12105012124,15,2.53,535914.0,90.5,35727.6,495921.0,39993.0,0.0
12115002740,2,,5132.0,,2566.0,5132.0,0.0,0.0
12086010025,5,,16524.0,,3304.8,15865.0,659.0,0.0
13127000701,2,,41855.0,,20927.5,31706.0,10149.0,0.0
12086008602,4,0.64,8377.0,1.34,2094.25,8377.0,0.0,0.0
12086001802,4,1.05,0.0,0.0,0.0,0.0,0.0,0.0
12095016704,5,0.23,17999.0,0.83,3599.8,17999.0,0.0,0.0
12086000408,11,2.5,159665.0,36.3,14515.0,105009.0,54656.0,0.0
12031014203,11,2.3,65486.0,13.67,5953.27,64576.0,910.0,0.0
12105012304,4,0.71,8351.0,1.49,2087.75,2369.0,5982.0,0.0
12021010106,18,4.15,82560.0,19.04,4586.67,82559.0,1.0,0.0
12071080204,7,2.57,22861.0,8.41,3265.86,8231.0,14630.0,0.0
12086009601,2,,0.0,,0.0,0.0,0.0,0.0
12107951200,6,1.23,162165.0,33.13,27027.5,147105.0,15060.0,0.0
12051000200,5,0.7,25699.0,3.61,5139.8,25699.0,0.0,0.0
12011070501,4,0.68,0.0,0.0,0.0,0.0,0.0,0.0
12105012206,3,0.59,44781.0,8.79,14927.0,37692.0,7089.0,0.0
12009065126,1,,13440.0,,13440.0,13440.0,0.0,0.0
12101030602,3,1.12,25019.0,9.34,8339.67,23068.0,1951.0,0.0
12086015501,4,,3700.0,,925.0,3700.0,0.0,0.0
12071010404,2,0.26,3888.0,0.51,1944.0,3888.0,0.0,0.0
12099006910,2,0.96,7998.0,3.82,3999.0,7584.0,414.0,0.0
12009064800,6,2.08,218868.0,76.02,36478.0,178785.0,40083.0,0.0
12057013407,11,1.61,782851.0,114.89,71168.27,637708.0,145143.0,0.0
12086009021,6,1.18,86301.0,16.96,14383.5,77611.0,8690.0,0.0
12011020501,2,0.35,11096.0,1.93,5548.0,10030.0,1066.0,0.0
12031014311,2,0.39,25746.0,4.99,12873.0,25746.0,0.0,0.0
45043920302,7,2.58,456184.0,168.4,65169.14,414125.0,42059.0,0.0
12101030800,2,0.68,2488.0,0.84,1244.0,2488.0,0.0,0.0
12111382200,4,0.64,452096.0,71.89,113024.0,272613.0,179483.0,0.0
12086015800,10,2.15,68134.0,14.67,6813.4,60859.0,7275.0,0.0
12057011103,1,0.28,9326.0,2.61,9326.0,0.0,9326.0,0.0
12071040314,1,0.36,2890.0,1.04,2890.0,0.0,2890.0,0.0
12071040115,5,0.84,58120.0,9.76,11624.0,46728.0,11392.0,0.0
12057013415,2,0.51,195973.0,50.37,97986.5,195973.0,0.0,0.0
12071080300,5,2.52,60176.0,30.35,12035.2,50764.0,9412.0,0.0
12117021313,10,1.44,410062.0,59.11,41006.2,343790.0,66272.0,0.0
12011010403,2,0.43,17546.0,3.75,8773.0,17546.0,0.0,0.0
12081000809,2,0.34,7315.0,1.26,3657.5,7315.0,0.0,0.0
12097040802,2,0.25,0.0,0.0,0.0,0.0,0.0,0.0
12009063106,5,1.22,19306.0,4.73,3861.2,19306.0,0.0,0.0
12086001008,2,,0.0,,0.0,0.0,0.0,0.0
12103024302,1,0.22,2544.0,0.56,2544.0,2544.0,0.0,0.0
12081001107,2,0.48,2.0,0.0,1.0,1.0,1.0,0.0
12095016730,9,0.29,156312.0,4.96,17368.0,154174.0,2138.0,0.0
12086010213,8,,44544.0,,5568.0,43577.0,967.0,0.0
12105011501,4,0.65,127128.0,20.54,31782.0,95639.0,31489.0,0.0
12011031002,10,2.3,87639.0,20.18,8763.9,80590.0,7049.0,0.0
12095013405,1,0.46,0.0,0.0,0.0,0.0,0.0,0.0
12071001911,2,2.06,0.0,0.0,0.0,0.0,0.0,0.0
12103027604,5,2.19,0.0,0.0,0.0,0.0,0.0,0.0
12057014300,3,,96146.0,,32048.67,86047.0,10099.0,0.0
12031014333,1,0.29,9501.0,2.8,9501.0,8752.0,749.0,0.0
12015030301,4,1.59,12143.0,4.83,3035.75,12143.0,0.0,0.0
12086011101,7,0.77,229298.0,25.07,32756.86,196547.0,32751.0,0.0
12117022101,1,0.16,10782.0,1.7,10782.0,7243.0,3539.0,0.0
12021010428,16,,76420.0,,4776.25,75419.0,1001.0,0.0
12105012307,4,1.16,11353.0,3.3,2838.25,9123.0,2230.0,0.0
12105010701,1,0.23,21475.0,5.04,21475.0,21475.0,0.0,0.0
12057013917,3,0.36,12072.0,1.44,4024.0,5291.0,6781.0,0.0
12003040101,5,0.72,34334.0,4.93,6866.8,31719.0,2615.0,0.0
12111381702,13,6.16,66276.0,31.38,5098.15,66086.0,190.0,0.0
12105014127,1,,3199.0,,3199.0,3199.0,0.0,0.0
12055960800,1,0.4,0.0,0.0,0.0,0.0,0.0,0.0
45019004621,1,,10221.0,,10221.0,10220.0,1.0,0.0
12097041800,1,0.33,0.0,0.0,0.0,0.0,0.0,0.0
12021010436,3,,8659.0,,2886.33,8659.0,0.0,0.0
12103024403,3,0.71,12285.0,2.89,4095.0,9494.0,2791.0,0.0
12011030904,2,0.45,2845.0,0.64,1422.5,2845.0,0.0,0.0
12086008428,1,,32183.0,,32183.0,0.0,32183.0,0.0
12011091902,1,0.22,0.0,0.0,0.0,0.0,0.0,0.0
12009068400,9,4.21,128528.0,60.09,14280.89,118740.0,9788.0,0.0
12099003400,4,1.03,0.0,0.0,0.0,0.0,0.0,0.0
12086016600,4,1.01,24899.0,6.27,6224.75,17156.0,7743.0,0.0
12103027503,2,,29046.0,,14523.0,29046.0,0.0,0.0
12011060119,1,0.17,0.0,0.0,0.0,0.0,0.0,0.0
45013002104,2,0.16,7442.0,0.59,3721.0,7142.0,300.0,0.0
12099005944,3,1.27,8268.0,3.51,2756.0,8268.0,0.0,0.0
12086012401,9,,44812.0,,4979.11,43521.0,1291.0,0.0
12057000700,1,0.17,0.0,0.0,0.0,0.0,0.0,0.0
12095016605,2,,6639.0,,3319.5,6639.0,0.0,0.0
12011010405,3,0.42,36213.0,5.03,12071.0,34948.0,1265.0,0.0
12086003705,1,0.78,0.0,0.0,0.0,0.0,0.0,0.0
12071050321,6,,78975.0,,13162.5,78975.0,0.0,0.0
12023110904,6,1.01,151860.0,25.68,25310.0,133076.0,18784.0,0.0
12086015502,3,,0.0,,0.0,0.0,0.0,0.0
12087980000,2,57.14,190545.0,5444.14,95272.5,175882.0,14663.0,0.0
12099007614,7,1.67,0.0,0.0,0.0,0.0,0.0,0.0
13191110300,6,1.27,173961.0,36.68,28993.5,120221.0,53740.0,0.0
12007000200,15,1.76,384722.0,45.16,25648.13,311123.0,73599.0,0.0
12031002801,10,2.15,363526.0,78.13,36352.6,240950.0,122576.0,0.0
45029970300,1,0.16,0.0,0.0,0.0,0.0,0.0,0.0
12011050308,4,1.35,13336.0,4.49,3334.0,12083.0,1253.0,0.0
12057011204,2,0.36,14502.0,2.63,7251.0,12585.0,1917.0,0.0
12071020501,2,0.78,24688.0,9.61,12344.0,17786.0,6902.0,0.0
12057011708,1,0.24,0.0,0.0,0.0,0.0,0.0,0.0
12031016806,20,1.46,1636213.0,119.48,81810.65,1245644.0,390569.0,0.0
12001002208,1,0.41,28200.0,11.43,28200.0,23417.0,4783.0,0.0
12086016402,2,,40645.0,,20322.5,23493.0,17152.0,0.0
13135050760,1,,0.0,,0.0,0.0,0.0,0.0
12057014117,8,2.7,3339.0,1.13,417.38,3339.0,0.0,0.0
12111382115,1,,0.0,,0.0,0.0,0.0,0.0
12117022106,1,0.12,3813.0,0.46,3813.0,3813.0,0.0,0.0
12011020409,9,1.21,58831.0,7.9,6536.78,55907.0,2924.0,0.0
12086010210,5,0.73,38975.0,5.73,7795.0,38975.0,0.0,0.0
12011051002,14,4.9,361621.0,126.66,25830.07,306965.0,54656.0,0.0
12086013700,6,1.02,2229726.0,379.92,371621.0,2229726.0,0.0,0.0
12009065024,3,,38949.0,,12983.0,34035.0,4914.0,0.0
12095011100,1,0.29,150.0,0.04,150.0,0.0,150.0,0.0
12099005816,3,0.51,23804.0,4.08,7934.67,23804.0,0.0,0.0
12115002202,6,1.37,56499.0,12.91,9416.5,24870.0,31629.0,0.0
12099007605,2,0.41,0.0,0.0,0.0,0.0,0.0,0.0
12099007710,2,0.42,0.0,0.0,0.0,0.0,0.0,0.0
12009062113,6,,63309.0,,10551.5,63112.0,197.0,0.0
12103020105,3,0.58,0.0,0.0,0.0,0.0,0.0,0.0
12086008305,4,0.77,46199.0,8.86,11549.75,43879.0,2320.0,0.0
13127000602,12,,611557.0,,50963.08,530080.0,81477.0,0.0
12031012202,4,,395225.0,,98806.25,293614.0,101611.0,0.0
12057011906,1,0.2,0.0,0.0,0.0,0.0,0.0,0.0
12107950500,5,0.76,141976.0,21.63,28395.2,141975.0,1.0,0.0
12011070503,2,,0.0,,0.0,0.0,0.0,0.0
12131950306,1,,21047.0,,21047.0,21047.0,0.0,0.0
12011070101,4,0.43,33036.0,3.58,8259.0,29451.0,3585.0,0.0
12086020001,7,,35812.0,,5116.0,35812.0,0.0,0.0
12011050701,7,1.82,123268.0,32.01,17609.71,103049.0,20219.0,0.0
12097041301,3,,15680.0,,5226.67,12012.0,3668.0,0.0
12011030704,1,0.2,7476.0,1.47,7476.0,7476.0,0.0,0.0
12127082508,2,0.45,11461.0,2.58,5730.5,11461.0,0.0,0.0
12127082509,2,0.47,107882.0,25.37,53941.0,77449.0,30433.0,0.0
12011010607,2,0.19,565.0,0.05,282.5,565.0,0.0,0.0
12105015402,1,0.3,0.0,0.0,0.0,0.0,0.0,0.0
12086010204,5,0.67,260369.0,35.05,52073.8,189909.0,70460.0,0.0
12015030502,6,1.08,0.0,0.0,0.0,0.0,0.0,0.0
12017451000,1,0.17,4901.0,0.82,4901.0,4901.0,0.0,0.0
12009068102,9,2.69,119730.0,35.75,13303.33,80589.0,39141.0,0.0
12103027325,6,1.65,4901.0,1.35,816.83,4901.0,0.0,0.0
12011110335,1,0.11,0.0,0.0,0.0,0.0,0.0,0.0
12011100106,4,,0.0,,0.0,0.0,0.0,0.0
12021010508,7,1.81,395.0,0.1,56.43,395.0,0.0,0.0
12093910201,6,1.39,8213.0,1.9,1368.83,4859.0,3354.0,0.0
12099002900,1,0.17,0.0,0.0,0.0,0.0,0.0,0.0
13051011113,5,,286367.0,,57273.4,240391.0,45976.0,0.0
12101031508,2,0.51,0.0,0.0,0.0,0.0,0.0,0.0
12105012405,1,0.18,0.0,0.0,0.0,0.0,0.0,0.0
12071040117,5,1.5,71245.0,21.38,14249.0,52328.0,18917.0,0.0
12117021615,2,0.61,45714.0,13.88,22857.0,39269.0,6445.0,0.0
12089050307,5,,152533.0,,30506.6,119114.0,33419.0,0.0
12103027501,5,0.96,112986.0,21.72,22597.2,86530.0,26456.0,0.0
45015020717,2,0.36,42916.0,7.69,21458.0,40500.0,2416.0,0.0
12007000100,19,3.4,1299248.0,232.63,68381.47,945350.0,353898.0,0.0
12103020101,2,0.4,0.0,0.0,0.0,0.0,0.0,0.0
12009061001,7,1.66,376274.0,89.25,53753.43,230661.0,145613.0,0.0
12071001701,7,2.39,110721.0,37.8,15817.29,100264.0,10457.0,0.0
12101031506,21,5.43,2006499.0,518.61,95547.57,2006499.0,0.0,0.0
12009060300,1,0.2,0.0,0.0,0.0,0.0,0.0,0.0
12061050503,7,1.4,280744.0,56.19,40106.29,280744.0,0.0,0.0
45019004613,4,2.36,35317.0,20.86,8829.25,33896.0,1421.0,0.0
45019004608,5,0.19,25163.0,0.97,5032.6,23158.0,2005.0,0.0
12023110604,1,,16713.0,,16713.0,16713.0,0.0,0.0
12009065231,12,2.09,259690.0,45.14,21640.83,207431.0,52259.0,0.0
12105011911,2,0.66,89394.0,29.56,44697.0,51107.0,38287.0,0.0
12103022401,2,0.55,835.0,0.23,417.5,835.0,0.0,0.0
12099006005,2,0.52,0.0,0.0,0.0,0.0,0.0,0.0
12086017200,15,3.26,92895.0,20.2,6193.0,92895.0,0.0,0.0
12011060123,1,0.33,0.0,0.0,0.0,0.0,0.0,0.0
12086008407,5,0.76,68923.0,10.51,13784.6,61679.0,7244.0,0.0
13127000702,1,,4374.0,,4374.0,4374.0,0.0,0.0
12011060116,10,1.3,156344.0,20.38,15634.4,82391.0,73953.0,0.0
12117020810,1,0.29,19223.0,5.51,19223.0,19223.0,0.0,0.0
45017950400,1,0.31,0.0,0.0,0.0,0.0,0.0,0.0
12086003922,7,3.08,167592.0,73.67,23941.71,167592.0,0.0,0.0
12057005900,4,0.62,6799.0,1.06,1699.75,6799.0,0.0,0.0
12099001301,4,0.71,14207.0,2.53,3551.75,7957.0,6250.0,0.0
12061050903,8,1.09,256815.0,35.08,32101.88,162482.0,94333.0,0.0
12011060105,8,1.18,115857.0,17.07,14482.12,101052.0,14805.0,0.0
12099007809,1,0.29,7073.0,2.02,7073.0,5722.0,1351.0,0.0
12057013412,3,0.77,0.0,0.0,0.0,0.0,0.0,0.0
45019002614,7,1.92,141188.0,38.71,20169.71,135842.0,5346.0,0.0
45013011100,1,0.46,0.0,0.0,0.0,0.0,0.0,0.0
12086010707,4,,182330.0,,45582.5,161730.0,20600.0,0.0
12021011302,3,0.44,28234.0,4.16,9411.33,28234.0,0.0,0.0
12081001802,3,,13352.0,,4450.67,8154.0,5198.0,0.0
12009060102,1,0.32,1090.0,0.35,1090.0,364.0,726.0,0.0
12105013500,1,0.28,5960.0,1.66,5960.0,5960.0,0.0,0.0
12009062900,2,0.4,17276.0,3.48,8638.0,17276.0,0.0,0.0
12031013906,4,0.93,36129.0,8.41,9032.25,28350.0,7779.0,0.0
12071000401,12,4.14,220299.0,75.97,18358.25,184529.0,35770.0,0.0
12069030203,2,0.22,2625.0,0.3,1312.5,493.0,2132.0,0.0
12031013901,3,0.5,67239.0,11.16,22413.0,62416.0,4823.0,0.0
12086012300,4,0.57,212.0,0.03,53.0,212.0,0.0,0.0
12069030409,4,0.86,106258.0,22.72,26564.5,95794.0,10464.0,0.0
12086006709,2,1.86,150303.0,139.43,75151.5,150303.0,0.0,0.0
12001001604,1,0.12,3033.0,0.38,3033.0,3033.0,0.0,0.0
12086002702,4,1.03,96914.0,24.97,24228.5,96914.0,0.0,0.0
12086004701,2,0.37,1873.0,0.34,936.5,1873.0,0.0,0.0
12099007612,3,0.59,7654.0,1.52,2551.33,7654.0,0.0,0.0
12099007766,9,2.63,17627.0,5.15,1958.56,17627.0,0.0,0.0
12021010211,3,1.61,17597.0,9.45,5865.67,7677.0,9920.0,0.0
12103027315,2,0.34,0.0,0.0,0.0,0.0,0.0,0.0
12011030100,11,2.39,29836.0,6.49,2712.36,29836.0,0.0,0.0
12021010424,10,,58446.0,,5844.6,21927.0,36519.0,0.0
12115002710,1,0.38,0.0,0.0,0.0,0.0,0.0,0.0
12015010401,7,2.3,0.0,0.0,0.0,0.0,0.0,0.0
12071010418,2,,0.0,,0.0,0.0,0.0,0.0
12086009066,5,,339002.0,,67800.4,217406.0,121596.0,0.0
12089050402,1,,122973.0,,122973.0,108115.0,14858.0,0.0
12071020101,2,0.5,7985.0,1.98,3992.5,6440.0,1545.0,0.0
12031000300,1,0.46,0.0,0.0,0.0,0.0,0.0,0.0
12083000801,3,0.23,156.0,0.01,52.0,156.0,0.0,0.0
12021011108,13,,110392.0,,8491.69,93936.0,16456.0,0.0
12011070402,3,0.97,0.0,0.0,0.0,0.0,0.0,0.0
12009071100,1,0.24,2992.0,0.73,2992.0,2992.0,0.0,0.0
12111382114,3,,15025.0,,5008.33,11757.0,3268.0,0.0
12021010408,12,3.85,60119.0,19.28,5009.92,47289.0,12830.0,0.0
12097041101,2,,9668.0,,4834.0,9254.0,414.0,0.0
12011020309,2,0.32,8226.0,1.31,4113.0,8136.0,90.0,0.0
12086000715,2,,0.0,,0.0,0.0,0.0,0.0
12011010901,2,0.77,0.0,0.0,0.0,0.0,0.0,0.0
12019031303,3,,0.0,,0.0,0.0,0.0,0.0
12099006402,5,1.22,0.0,0.0,0.0,0.0,0.0,0.0
12103024005,3,0.94,26869.0,8.43,8956.33,26704.0,165.0,0.0
12086001205,13,4.27,856073.0,280.86,65851.77,608310.0,247763.0,0.0
12117022206,1,0.17,0.0,0.0,0.0,0.0,0.0,0.0
12086002001,1,0.26,3272.0,0.85,3272.0,3272.0,0.0,0.0
12057011006,2,0.36,0.0,0.0,0.0,0.0,0.0,0.0
12086008603,3,,0.0,,0.0,0.0,0.0,0.0
12057011015,18,2.89,738297.0,118.45,41016.5,738297.0,0.0,0.0
12099007778,1,,0.0,,0.0,0.0,0.0,0.0
12101030202,1,0.36,31090.0,11.26,31090.0,31090.0,0.0,0.0
12101030601,2,0.97,332980.0,161.96,166490.0,288793.0,44187.0,0.0
12031015501,13,3.96,2934667.0,894.44,225743.62,2865741.0,68926.0,0.0
12111380600,2,0.47,167356.0,39.38,83678.0,92082.0,75274.0,0.0
12011040802,6,1.29,106124.0,22.88,17687.33,85479.0,20645.0,0.0
12086000209,4,0.55,72026.0,9.86,18006.5,72026.0,0.0,0.0
12011110339,2,0.5,0.0,0.0,0.0,0.0,0.0,0.0
12089050504,5,1.19,200555.0,47.58,40111.0,165112.0,35443.0,0.0
12009065123,7,1.86,184006.0,48.92,26286.57,177928.0,6078.0,0.0
12097042701,6,0.65,41609.0,4.53,6934.83,41607.0,2.0,0.0
12099005946,4,0.46,40002.0,4.62,10000.5,32998.0,7004.0,0.0
12095017701,2,0.34,0.0,0.0,0.0,0.0,0.0,0.0
12086019401,1,,0.0,,0.0,0.0,0.0,0.0
12086011601,8,,62762.0,,7845.25,53334.0,9428.0,0.0
12086011106,2,,15979.0,,7989.5,15979.0,0.0,0.0
12086009808,1,0.2,0.0,0.0,0.0,0.0,0.0,0.0
12115000801,7,3.69,0.0,0.0,0.0,0.0,0.0,0.0
12085000100,7,2.64,60137.0,22.67,8591.0,60137.0,0.0,0.0
12119911302,1,1.03,0.0,0.0,0.0,0.0,0.0,0.0
12099007736,11,2.76,3400.0,0.85,309.09,3400.0,0.0,0.0
12101032108,9,1.96,55144.0,12.02,6127.11,53345.0,1799.0,0.0
12086015202,3,,0.0,,0.0,0.0,0.0,0.0
12086000310,9,,30203.0,,3355.89,19876.0,10327.0,0.0
12071010105,8,1.45,6809.0,1.23,851.12,6809.0,0.0,0.0
12086005706,2,,0.0,,0.0,0.0,0.0,0.0
12086012100,1,0.06,1806.0,0.11,1806.0,1806.0,0.0,0.0
12011010604,6,1.27,22566.0,4.76,3761.0,22566.0,0.0,0.0
12109021410,4,,53988.0,,13497.0,26561.0,27427.0,0.0
12011091100,8,1.13,66051.0,9.33,8256.38,64407.0,1644.0,0.0
12095016717,1,0.31,0.0,0.0,0.0,0.0,0.0,0.0
12021011204,5,1.16,418771.0,97.05,83754.2,368116.0,50655.0,0.0
12071001910,1,0.44,0.0,0.0,0.0,0.0,0.0,0.0
12011090104,6,,227848.0,,37974.67,219107.0,8741.0,0.0
12117021307,1,0.13,1023.0,0.13,1023.0,1023.0,0.0,0.0
12113010702,3,0.42,15575.0,2.16,5191.67,4507.0,11068.0,0.0
13039010303,7,,376121.0,,53731.57,292579.0,83542.0,0.0
12091020500,1,0.12,0.0,0.0,0.0,0.0,0.0,0.0
12095012500,8,3.73,159456.0,74.34,19932.0,131916.0,27540.0,0.0
12011020325,1,0.31,0.0,0.0,0.0,0.0,0.0,0.0
12057013503,1,0.28,25252.0,6.94,25252.0,18449.0,6803.0,0.0
12085001106,1,,5613.0,,5613.0,5613.0,0.0,0.0
45019002606,12,5.38,128185.0,57.46,10682.08,116423.0,11762.0,0.0
13311950100,1,0.4,0.0,0.0,0.0,0.0,0.0,0.0
12085001104,1,0.12,0.0,0.0,0.0,0.0,0.0,0.0
12086009809,3,,5507.0,,1835.67,5507.0,0.0,0.0
12031016807,6,1.42,111019.0,26.33,18503.17,81950.0,29069.0,0.0
12027010406,6,1.61,213130.0,57.32,35521.67,189437.0,23693.0,0.0
12011030302,3,0.35,14503.0,1.69,4834.33,14503.0,0.0,0.0
45051051302,6,2.15,208319.0,74.64,34719.83,208319.0,0.0,0.0
12071040205,1,0.17,10625.0,1.85,10625.0,10625.0,0.0,0.0
12031015701,2,,188689.0,,94344.5,120472.0,68217.0,0.0
12089050507,4,,114937.0,,28734.25,91327.0,23610.0,0.0
12011060603,3,0.61,17613.0,3.57,5871.0,17613.0,0.0,0.0
12086008101,8,2.23,18899.0,5.28,2362.38,18899.0,0.0,0.0
12103026002,4,1.45,0.0,0.0,0.0,0.0,0.0,0.0
12086009053,2,,131550.0,,65775.0,126806.0,4744.0,0.0
12081000810,2,0.35,0.0,0.0,0.0,0.0,0.0,0.0
12011090301,1,0.38,0.0,0.0,0.0,0.0,0.0,0.0
12011020326,3,0.45,4814.0,0.72,1604.67,3694.0,1120.0,0.0
12097043301,8,4.98,91886.0,57.14,11485.75,64508.0,27378.0,0.0
12115002721,2,0.41,43350.0,8.85,21675.0,39921.0,3429.0,0.0
12031013728,3,,46313.0,,15437.67,35064.0,11249.0,0.0
12021010205,19,7.26,410920.0,157.02,21627.37,353903.0,57017.0,0.0
12086009051,1,,119564.0,,119564.0,117385.0,2179.0,0.0
12057013704,2,0.2,16218.0,1.64,8109.0,16218.0,0.0,0.0
12086000131,3,1.07,6087.0,2.17,2029.0,6087.0,0.0,0.0
12011020421,1,,18317.0,,18317.0,18317.0,0.0,0.0
12115000802,5,1.81,0.0,0.0,0.0,0.0,0.0,0.0
12031010503,2,,135290.0,,67645.0,125527.0,9763.0,0.0
12081002003,2,0.41,0.0,0.0,0.0,0.0,0.0,0.0
12086015600,4,0.93,17810.0,4.15,4452.5,17810.0,0.0,0.0
12086000121,2,1.47,222410.0,162.94,111205.0,165085.0,57325.0,0.0
12086010801,3,0.38,14533.0,1.84,4844.33,14533.0,0.0,0.0
12095017401,2,,7068.0,,3534.0,6968.0,100.0,0.0
12055960602,2,0.31,43060.0,6.57,21530.0,35632.0,7428.0,0.0
12086000309,2,,76982.0,,38491.0,76982.0,0.0,0.0
12105011902,3,0.76,122715.0,31.17,40905.0,92819.0,29896.0,0.0
12099006605,2,0.38,5938.0,1.12,2969.0,4834.0,1104.0,0.0
12086010211,4,,79426.0,,19856.5,53888.0,25538.0,0.0
12086017900,3,0.33,23107.0,2.56,7702.33,23107.0,0.0,0.0
12011070304,5,0.64,49742.0,6.35,9948.4,27798.0,21944.0,0.0
12055960101,1,0.35,0.0,0.0,0.0,0.0,0.0,0.0
12103025210,1,,0.0,,0.0,0.0,0.0,0.0
12057011005,1,0.35,33880.0,11.71,33880.0,26478.0,7402.0,0.0
12049970400,2,0.32,196345.0,31.14,98172.5,115690.0,80655.0,0.0
12021010518,2,,66859.0,,33429.5,42576.0,24283.0,0.0
12071040114,4,0.74,6250.0,1.15,1562.5,0.0,6250.0,0.0
12105012409,1,0.48,51249.0,24.56,51249.0,36701.0,14548.0,0.0
45043920505,9,2.03,144974.0,32.76,16108.22,126892.0,18082.0,0.0
12011070317,3,0.19,8207.0,0.53,2735.67,8207.0,0.0,0.0
12011050307,3,0.42,55438.0,7.67,18479.33,17402.0,38036.0,0.0
12111381103,2,,27986.0,,13993.0,25233.0,2753.0,0.0
12021010216,5,,84339.0,,16867.8,79439.0,4900.0,0.0
12086018600,6,0.58,26093.0,2.54,4348.83,26093.0,0.0,0.0
12086010302,1,,0.0,,0.0,0.0,0.0,0.0
12099005933,2,0.68,0.0,0.0,0.0,0.0,0.0,0.0
12031000100,13,2.27,635401.0,110.99,48877.0,529420.0,105981.0,0.0
12103026908,1,0.24,6602.0,1.61,6602.0,6602.0,0.0,0.0
13021012000,1,0.22,5864.0,1.29,5864.0,5864.0,0.0,0.0
12057013504,2,0.54,2148.0,0.58,1074.0,2148.0,0.0,0.0
12107950300,1,0.15,0.0,0.0,0.0,0.0,0.0,0.0
12051000602,1,,21232.0,,21232.0,19647.0,1585.0,0.0
13051002200,1,0.25,6296.0,1.6,6296.0,6296.0,0.0,0.0
12057003600,1,0.2,7590.0,1.55,7590.0,5108.0,2482.0,0.0
12099001920,1,,0.0,,0.0,0.0,0.0,0.0
12015010403,3,1.49,22029.0,10.96,7343.0,18262.0,3767.0,0.0
12086011407,3,,0.0,,0.0,0.0,0.0,0.0
12011020312,4,0.74,40018.0,7.42,10004.5,37638.0,2380.0,0.0
12021011106,11,3.3,6981.0,2.1,634.64,6981.0,0.0,0.0
12086004703,3,0.57,4439.0,0.84,1479.67,4439.0,0.0,0.0
12105013802,3,0.46,44267.0,6.77,14755.67,12299.0,31968.0,0.0
12001002000,2,0.33,57409.0,9.56,28704.5,57409.0,0.0,0.0
13185011403,1,0.12,0.0,0.0,0.0,0.0,0.0,0.0
45053950203,3,,80549.0,,26849.67,34146.0,46403.0,0.0
12009064302,2,0.29,33823.0,4.91,16911.5,29006.0,4817.0,0.0
45013001102,5,0.77,72781.0,11.16,14556.2,72781.0,0.0,0.0
12119911301,1,0.24,21415.0,5.23,21415.0,21415.0,0.0,0.0
12019031400,2,0.39,11732.0,2.31,5866.0,11732.0,0.0,0.0
12103027316,1,0.26,0.0,0.0,0.0,0.0,0.0,0.0
12115002734,1,,19999.0,,19999.0,7769.0,12230.0,0.0
12103020700,1,0.29,1164.0,0.34,1164.0,1164.0,0.0,0.0
12086000504,1,0.19,25992.0,4.91,25992.0,21270.0,4722.0,0.0
12086015001,8,,107102.0,,13387.75,69932.0,37170.0,0.0
12031013726,6,0.71,317413.0,37.4,52902.17,187584.0,129829.0,0.0
12086001903,1,0.29,0.0,0.0,0.0,0.0,0.0,0.0
12021011303,1,,7987.0,,7987.0,6280.0,1707.0,0.0
12035060206,2,0.41,26393.0,5.48,13196.5,25111.0,1282.0,0.0
12061050909,1,,51881.0,,51881.0,51881.0,0.0,0.0
12086003603,1,,2545.0,,2545.0,2545.0,0.0,0.0
12086010624,7,,64619.0,,9231.29,64619.0,0.0,0.0
12097043400,1,0.18,0.0,0.0,0.0,0.0,0.0,0.0
12051000300,3,0.43,0.0,0.0,0.0,0.0,0.0,0.0
12086012403,3,,19006.0,,6335.33,15361.0,3645.0,0.0
12057005700,2,0.5,34879.0,8.78,17439.5,34879.0,0.0,0.0
12095016507,2,0.11,0.0,0.0,0.0,0.0,0.0,0.0
12011080101,6,1.15,46642.0,8.94,7773.67,45805.0,837.0,0.0
12086007400,2,0.27,9790.0,1.33,4895.0,8231.0,1559.0,0.0
12081001705,10,,0.0,,0.0,0.0,0.0,0.0
12086008702,1,0.16,0.0,0.0,0.0,0.0,0.0,0.0
12011070405,4,0.71,77462.0,13.71,19365.5,72586.0,4876.0,0.0
12101032006,6,0.74,41071.0,5.03,6845.17,38702.0,2369.0,0.0
12057002400,1,0.28,0.0,0.0,0.0,0.0,0.0,0.0
12101030905,4,1.13,29618.0,8.39,7404.5,29618.0,0.0,0.0
12086000611,1,,3328.0,,3328.0,3328.0,0.0,0.0
12011031203,2,2.04,0.0,0.0,0.0,0.0,0.0,0.0
12105012133,2,,33119.0,,16559.5,27498.0,5621.0,0.0
12086003909,1,0.61,23631.0,14.4,23631.0,23631.0,0.0,0.0
12011040502,13,4.34,112837.0,37.64,8679.77,112587.0,250.0,0.0
12095014302,2,0.33,10037.0,1.66,5018.5,10037.0,0.0,0.0
12033002604,3,0.67,24046.0,5.4,8015.33,20763.0,3283.0,0.0
12009060600,2,0.37,8177.0,1.51,4088.5,8177.0,0.0,0.0
12111382006,1,0.12,0.0,0.0,0.0,0.0,0.0,0.0
12115000200,1,0.19,6102.0,1.13,6102.0,6102.0,0.0,0.0
12011050206,7,1.99,4990.0,1.42,712.86,4990.0,0.0,0.0
45019004620,3,,6084.0,,2028.0,5064.0,1020.0,0.0
12011110347,3,,13290.0,,4430.0,13290.0,0.0,0.0
12031000200,1,0.37,0.0,0.0,0.0,0.0,0.0,0.0
12127083006,1,0.16,0.0,0.0,0.0,0.0,0.0,0.0
12001001817,2,,120990.0,,60495.0,89914.0,31076.0,0.0
12031014335,1,0.12,0.0,0.0,0.0,0.0,0.0,0.0
12105012410,1,0.39,0.0,0.0,0.0,0.0,0.0,0.0
12086490100,2,1.06,1339.0,0.71,669.5,1339.0,0.0,0.0
12086014701,1,,0.0,,0.0,0.0,0.0,0.0
12081001701,2,1.19,6256.0,3.71,3128.0,6256.0,0.0,0.0
12011010104,4,1.86,1.0,0.0,0.25,1.0,0.0,0.0
12086009064,1,,24586.0,,24586.0,23110.0,1476.0,0.0
12009068101,6,2.93,107209.0,52.42,17868.17,75926.0,31283.0,0.0
12099006012,2,0.44,0.0,0.0,0.0,0.0,0.0,0.0
12081001300,2,0.59,2134.0,0.63,1067.0,2134.0,0.0,0.0
45069960301,1,0.22,9489.0,2.07,9489.0,9489.0,0.0,0.0
12071010409,1,0.09,0.0,0.0,0.0,0.0,0.0,0.0
12083001700,1,0.18,0.0,0.0,0.0,0.0,0.0,0.0
12011090802,2,0.47,12500.0,2.92,6250.0,6250.0,6250.0,0.0
12011040901,4,0.74,17991.0,3.32,4497.75,17991.0,0.0,0.0
12049970402,1,,111346.0,,111346.0,84435.0,26911.0,0.0
12011010902,3,1.05,102471.0,35.73,34157.0,100090.0,2381.0,0.0
12031015001,2,0.37,4003.0,0.74,2001.5,4003.0,0.0,0.0
12009064123,5,0.83,46170.0,7.71,9234.0,46170.0,0.0,0.0
12031011904,2,,45981.0,,22990.5,36154.0,9827.0,0.0
12071050310,10,1.64,127163.0,20.84,12716.3,107955.0,19208.0,0.0
12081002013,3,0.22,0.0,0.0,0.0,0.0,0.0,0.0
45019005601,4,,62426.0,,15606.5,53353.0,9073.0,0.0
12099006906,2,0.44,1.0,0.0,0.5,0.0,1.0,0.0
12086015201,2,,2235.0,,1117.5,2235.0,0.0,0.0
12045960300,2,0.47,37780.0,8.81,18890.0,37779.0,1.0,0.0
12086000902,3,0.49,33469.0,5.51,11156.33,33469.0,0.0,0.0
12086009904,12,3.98,141206.0,46.83,11767.17,132882.0,8324.0,0.0
45053950201,8,1.37,168793.0,28.81,21099.12,158081.0,10712.0,0.0
12009069903,7,,317770.0,,45395.71,278369.0,39401.0,0.0
12071010423,1,,13913.0,,13913.0,13913.0,0.0,0.0
12086009401,1,,0.0,,0.0,0.0,0.0,0.0
12127082000,26,9.56,4996590.0,1836.98,192176.54,4404859.0,591731.0,0.0
12011060109,15,5.29,78407.0,27.68,5227.13,74279.0,4128.0,0.0
12071010411,6,1.48,5773.0,1.42,962.17,5773.0,0.0,0.0
12086012101,1,,0.0,,0.0,0.0,0.0,0.0
12099000407,4,2.04,0.0,0.0,0.0,0.0,0.0,0.0
12011042601,2,,5497.0,,2748.5,5496.0,1.0,0.0
12117021318,1,0.11,7289.0,0.8,7289.0,7289.0,0.0,0.0
12083002301,2,0.35,157913.0,27.47,78956.5,128022.0,29891.0,0.0
12011070211,3,0.49,6789.0,1.1,2263.0,4318.0,2471.0,0.0
12117021321,1,0.29,0.0,0.0,0.0,0.0,0.0,0.0
12011110338,1,0.25,9862.0,2.5,9862.0,9862.0,0.0,0.0
12099007610,2,0.4,9954.0,1.98,4977.0,6346.0,3608.0,0.0
12071050103,3,2.81,77942.0,72.91,25980.67,68000.0,9942.0,0.0
12011020211,4,1.52,18527.0,7.02,4631.75,16887.0,1640.0,0.0
12031016729,1,0.15,50986.0,7.78,50986.0,48014.0,2972.0,0.0
12086000605,3,0.69,198635.0,45.79,66211.67,93393.0,105242.0,0.0
12009068602,4,0.98,14855.0,3.65,3713.75,7936.0,6919.0,0.0
12095017001,4,0.95,1037535.0,246.04,259383.75,861586.0,175949.0,0.0
12115001801,4,1.13,169161.0,47.8,42290.25,153940.0,15221.0,0.0
12101031807,1,0.32,17294.0,5.47,17294.0,11146.0,6148.0,0.0
12011080405,1,0.35,0.0,0.0,0.0,0.0,0.0,0.0
12069031204,5,0.34,288959.0,19.82,57791.8,250895.0,38064.0,0.0
12089050308,3,,201082.0,,67027.33,201082.0,0.0,0.0
12011041900,8,2.52,0.0,0.0,0.0,0.0,0.0,0.0
12011110319,1,0.16,0.0,0.0,0.0,0.0,0.0,0.0
12101031706,2,0.66,0.0,0.0,0.0,0.0,0.0,0.0
12071001903,7,2.42,14317.0,4.94,2045.29,14317.0,0.0,0.0
12057011418,1,0.25,0.0,0.0,0.0,0.0,0.0,0.0
12127083005,2,0.55,0.0,0.0,0.0,0.0,0.0,0.0
12115002719,1,0.25,34170.0,8.64,34170.0,26247.0,7923.0,0.0
12071010106,2,,75991.0,,37995.5,62652.0,13339.0,0.0
12011110322,1,0.09,0.0,0.0,0.0,0.0,0.0,0.0
12011110403,3,0.52,8131.0,1.41,2710.33,8131.0,0.0,0.0
12061050907,1,,3296.0,,3296.0,0.0,3296.0,0.0
12086013900,2,0.4,1943.0,0.39,971.5,1559.0,384.0,0.0
12086011014,2,,170.0,,85.0,170.0,0.0,0.0
12011060306,1,0.53,0.0,0.0,0.0,0.0,0.0,0.0
12115002718,8,1.17,164496.0,24.06,20562.0,152429.0,12067.0,0.0
12086016500,2,0.22,0.0,0.0,0.0,0.0,0.0,0.0
12057010107,3,0.83,22303.0,6.17,7434.33,22303.0,0.0,0.0
12086001002,4,0.63,0.0,0.0,0.0,0.0,0.0,0.0
13127000504,5,1.44,313191.0,90.31,62638.2,228820.0,84371.0,0.0
12011050208,5,1.04,13814.0,2.86,2762.8,10290.0,3524.0,0.0
13039010301,3,0.37,89235.0,11.12,29745.0,65788.0,23447.0,0.0
12031002101,2,0.67,54338.0,18.3,27169.0,50908.0,3430.0,0.0
12043000201,2,,99359.0,,49679.5,65111.0,34248.0,0.0
12009071200,6,0.37,83655.0,5.19,13942.5,60226.0,23429.0,0.0
12086019000,2,0.32,27183.0,4.36,13591.5,27183.0,0.0,0.0
12086008417,2,0.39,0.0,0.0,0.0,0.0,0.0,0.0
12103027605,4,2.43,1146.0,0.7,286.5,1146.0,0.0,0.0
12103027326,3,0.82,25280.0,6.89,8426.67,23794.0,1486.0,0.0
12021010512,2,,0.0,,0.0,0.0,0.0,0.0
12097041500,3,0.21,9934.0,0.7,3311.33,9933.0,1.0,0.0
12009069904,3,,96368.0,,32122.67,74130.0,22238.0,0.0
12031015700,4,0.77,370374.0,71.57,92593.5,211337.0,159037.0,0.0
12011100101,3,0.4,355183.0,47.03,118394.33,308751.0,46432.0,0.0
12086009319,2,,14986.0,,7493.0,12956.0,2030.0,0.0
12057010106,1,0.18,1147.0,0.21,1147.0,1147.0,0.0,0.0
12101031302,4,0.59,54678.0,8.02,13669.5,45990.0,8688.0,0.0
12071010504,2,,0.0,,0.0,0.0,0.0,0.0
12103025011,2,0.36,1498.0,0.27,749.0,1497.0,1.0,0.0
12086004608,3,1.67,105719.0,58.86,35239.67,105718.0,1.0,0.0
12127082507,2,0.28,1793.0,0.25,896.5,1793.0,0.0,0.0
12103027323,1,0.32,0.0,0.0,0.0,0.0,0.0,0.0
12033002500,5,1.72,133276.0,45.91,26655.2,132675.0,601.0,0.0
12031015923,4,0.41,204386.0,20.73,51096.5,177667.0,26719.0,0.0
12117021708,4,0.55,69819.0,9.58,17454.75,47222.0,22597.0,0.0
12011042900,6,0.62,51472.0,5.36,8578.67,44243.0,7229.0,0.0
12101030404,1,0.34,0.0,0.0,0.0,0.0,0.0,0.0
12117021613,2,0.6,2200.0,0.66,1100.0,2199.0,1.0,0.0
12086010019,2,,0.0,,0.0,0.0,0.0,0.0
12011040505,3,,44008.0,,14669.33,44008.0,0.0,0.0
12009060400,3,0.73,103518.0,25.16,34506.0,88162.0,15356.0,0.0
12009071700,8,,253988.0,,31748.5,167608.0,86380.0,0.0
45015020812,1,0.16,30982.0,5.01,30982.0,30982.0,0.0,0.0
12015020700,2,0.44,19087.0,4.18,9543.5,16919.0,2168.0,0.0
12086008414,2,0.26,0.0,0.0,0.0,0.0,0.0,0.0
12101031005,1,0.25,30215.0,7.45,30215.0,23676.0,6539.0,0.0
12011010701,3,0.48,19948.0,3.16,6649.33,15444.0,4504.0,0.0
12127091023,2,0.65,547.0,0.18,273.5,547.0,0.0,0.0
12069030702,1,0.22,4018.0,0.9,4018.0,4017.0,1.0,0.0
12111381900,2,0.31,2885.0,0.44,1442.5,2885.0,0.0,0.0
45019002106,1,,5380.0,,5380.0,5380.0,0.0,0.0
12021010421,3,,29797.0,,9932.33,28975.0,822.0,0.0
45035010818,1,0.12,20298.0,2.48,20298.0,20298.0,0.0,0.0
12057011710,1,0.16,19833.0,3.16,19833.0,19833.0,0.0,0.0
12031013905,5,1.18,119627.0,28.23,23925.4,98351.0,21276.0,0.0
12101031102,1,0.2,0.0,0.0,0.0,0.0,0.0,0.0
12103020106,1,0.28,0.0,0.0,0.0,0.0,0.0,0.0
12081001800,7,1.59,52654.0,11.97,7522.0,47476.0,5178.0,0.0
12089050505,13,,744213.0,,57247.15,622703.0,121510.0,0.0
12117021704,5,1.2,38824.0,9.29,7764.8,28326.0,10498.0,0.0
12085000502,2,0.96,0.0,0.0,0.0,0.0,0.0,0.0
12011010407,2,0.38,43243.0,8.3,21621.5,39923.0,3320.0,0.0
45019002108,1,,6583.0,,6583.0,6583.0,0.0,0.0
12127090701,9,1.62,299162.0,53.69,33240.22,284950.0,14212.0,0.0
12115000405,1,0.26,3260.0,0.85,3260.0,3260.0,0.0,0.0
12071050604,2,,4245.0,,2122.5,4244.0,1.0,0.0
12071040124,1,0.16,0.0,0.0,0.0,0.0,0.0,0.0
12103027703,2,1.72,19485.0,16.73,9742.5,19485.0,0.0,0.0
12103024301,3,0.7,4430.0,1.04,1476.67,4430.0,0.0,0.0
12031010203,2,,31955.0,,15977.5,23202.0,8753.0,0.0
45019002503,4,,52464.0,,13116.0,47817.0,4647.0,0.0
12001002102,1,1.14,62956.0,71.87,62956.0,53907.0,9049.0,0.0
12105014203,1,0.4,83459.0,33.44,83459.0,69544.0,13915.0,0.0
12071001920,2,,12381.0,,6190.5,12381.0,0.0,0.0
12011110311,1,0.15,0.0,0.0,0.0,0.0,0.0,0.0
12127091005,6,2.58,67761.0,29.11,11293.5,39948.0,27813.0,0.0
12086000415,7,,139011.0,,19858.71,127961.0,11050.0,0.0
12057011410,1,0.14,501.0,0.07,501.0,501.0,0.0,0.0
12115002722,1,0.12,814.0,0.1,814.0,814.0,0.0,0.0
12011020415,4,0.92,0.0,0.0,0.0,0.0,0.0,0.0
12071070101,1,0.68,0.0,0.0,0.0,0.0,0.0,0.0
12103024001,3,0.93,0.0,0.0,0.0,0.0,0.0,0.0
12061050802,1,0.11,0.0,0.0,0.0,0.0,0.0,0.0
12011020315,5,0.96,57338.0,10.95,11467.6,56432.0,906.0,0.0
12011070602,8,1.65,70982.0,14.64,8872.75,66807.0,4175.0,0.0
12101030205,2,0.9,20034.0,8.99,10017.0,12156.0,7878.0,0.0
12103020108,1,0.48,0.0,0.0,0.0,0.0,0.0,0.0
12086000118,4,3.63,58353.0,52.9,14588.25,58353.0,0.0,0.0
12011060122,1,0.2,9177.0,1.83,9177.0,8427.0,750.0,0.0
12095016601,2,0.18,288.0,0.03,144.0,288.0,0.0,0.0
12103024514,2,0.43,0.0,0.0,0.0,0.0,0.0,0.0
12061050501,2,0.4,0.0,0.0,0.0,0.0,0.0,0.0
12011110326,3,0.6,2040.0,0.41,680.0,2040.0,0.0,0.0
12115002205,3,,286124.0,,95374.67,249847.0,36277.0,0.0
12011110358,2,,55995.0,,27997.5,48177.0,7818.0,0.0
12021010806,2,,9789.0,,4894.5,9789.0,0.0,0.0
12105012309,2,1.47,23103.0,16.95,11551.5,9621.0,13482.0,0.0
12103025012,2,0.37,10570.0,1.95,5285.0,10570.0,0.0,0.0
12086012702,3,,0.0,,0.0,0.0,0.0,0.0
12086011602,1,,0.0,,0.0,0.0,0.0,0.0
12105015302,2,0.87,108902.0,47.47,54451.0,106713.0,2189.0,0.0
12071050319,2,,3197.0,,1598.5,3197.0,0.0,0.0
12071010109,4,,34628.0,,8657.0,34627.0,1.0,0.0
12071010103,7,0.69,33538.0,3.32,4791.14,33538.0,0.0,0.0
12027010102,1,0.22,88595.0,19.45,88595.0,88595.0,0.0,0.0
12011090801,7,1.69,33979.0,8.22,4854.14,32795.0,1184.0,0.0
12109020707,2,0.39,11705.0,2.26,5852.5,6307.0,5398.0,0.0
12015020601,8,2.91,26811.0,9.74,3351.38,26810.0,1.0,0.0
12086004902,1,0.12,0.0,0.0,0.0,0.0,0.0,0.0
12021011111,1,,0.0,,0.0,0.0,0.0,0.0
12057006103,2,0.53,0.0,0.0,0.0,0.0,0.0,0.0
12099007412,8,6.11,0.0,0.0,0.0,0.0,0.0,0.0
12021011211,2,,15207.0,,7603.5,15207.0,0.0,0.0
12057012209,5,1.09,280413.0,60.88,56082.6,279863.0,550.0,0.0
12009068200,5,1.67,27914.0,9.34,5582.8,27914.0,0.0,0.0
12086017300,7,1.39,15126.0,2.99,2160.86,15126.0,0.0,0.0
12011080200,4,4.11,0.0,0.0,0.0,0.0,0.0,0.0
12103025700,4,1.0,82870.0,20.81,20717.5,75533.0,7337.0,0.0
13039010305,2,,23886.0,,11943.0,23886.0,0.0,0.0
12099003801,1,,21760.0,,21760.0,16018.0,5742.0,0.0
12011020103,1,0.17,1997.0,0.34,1997.0,1997.0,0.0,0.0
12023110800,1,0.18,2960.0,0.53,2960.0,2960.0,0.0,0.0
12011110337,1,0.16,75696.0,11.8,75696.0,75696.0,0.0,0.0
12115000300,2,0.51,1372.0,0.35,686.0,942.0,430.0,0.0
12031014205,3,,5413.0,,1804.33,5413.0,0.0,0.0
12031014703,1,,5016.0,,5016.0,0.0,5016.0,0.0
12011110307,4,0.68,76778.0,12.97,19194.5,71059.0,5719.0,0.0
12057011108,1,0.69,0.0,0.0,0.0,0.0,0.0,0.0
12115001403,2,0.29,53331.0,7.78,26665.5,39181.0,14150.0,0.0
12095016727,1,0.09,18562.0,1.59,18562.0,18562.0,0.0,0.0
13121009700,1,0.26,0.0,0.0,0.0,0.0,0.0,0.0
12117021506,1,0.32,0.0,0.0,0.0,0.0,0.0,0.0
12011060405,1,,0.0,,0.0,0.0,0.0,0.0
12091021002,1,0.2,0.0,0.0,0.0,0.0,0.0,0.0
12105012128,1,0.21,119837.0,24.92,119837.0,86618.0,33219.0,0.0
12103024100,2,0.44,0.0,0.0,0.0,0.0,0.0,0.0
12071001501,6,2.26,228204.0,85.79,38034.0,212017.0,16187.0,0.0
12086009318,1,,3486.0,,3486.0,3486.0,0.0,0.0
12031017400,3,1.18,104724.0,41.26,34908.0,104724.0,0.0,0.0
12115002304,1,0.44,9242.0,4.04,9242.0,8814.0,428.0,0.0
45019002605,2,0.49,76120.0,18.66,38060.0,69087.0,7033.0,0.0
12057006801,2,0.44,0.0,0.0,0.0,0.0,0.0,0.0
12086013500,1,0.16,27744.0,4.55,27744.0,23081.0,4663.0,0.0
12057012002,1,0.25,3405.0,0.86,3405.0,3405.0,0.0,0.0
12105012303,3,0.77,19839.0,5.11,6613.0,16850.0,2989.0,0.0
12011010200,5,0.8,75441.0,12.11,15088.2,54675.0,20766.0,0.0
13089021711,1,,0.0,,0.0,0.0,0.0,0.0
12083001006,1,0.1,11033.0,1.11,11033.0,11033.0,0.0,0.0
12055960700,8,2.06,72171.0,18.6,9021.38,72171.0,0.0,0.0
45035010807,1,0.19,0.0,0.0,0.0,0.0,0.0,0.0
12069031310,4,0.23,201630.0,11.82,50407.5,80637.0,120993.0,0.0
13051003602,1,0.22,0.0,0.0,0.0,0.0,0.0,0.0
12095014609,3,0.49,35999.0,5.88,11999.67,20646.0,15353.0,0.0
12086008306,3,0.35,18159.0,2.1,6053.0,17573.0,586.0,0.0
12093910202,2,0.44,74654.0,16.41,37327.0,7320.0,67334.0,0.0
12119910401,3,1.15,84690.0,32.59,28230.0,58964.0,25726.0,0.0
12117022205,1,0.31,0.0,0.0,0.0,0.0,0.0,0.0
12015021002,5,1.51,53897.0,16.3,10779.4,43306.0,10591.0,0.0
12035060205,1,0.13,0.0,0.0,0.0,0.0,0.0,0.0
12105012411,2,0.3,5017.0,0.76,2508.5,5017.0,0.0,0.0
12103028102,2,0.58,1132.0,0.33,566.0,1132.0,0.0,0.0
12061050704,6,2.22,316465.0,116.99,52744.17,287103.0,29362.0,0.0
12011020207,4,0.69,931.0,0.16,232.75,831.0,100.0,0.0
12111382202,4,,467481.0,,116870.25,365797.0,101684.0,0.0
45019003114,3,0.36,210236.0,25.03,70078.67,186546.0,23690.0,0.0
12057014122,1,0.22,0.0,0.0,0.0,0.0,0.0,0.0
12086009019,3,0.64,0.0,0.0,0.0,0.0,0.0,0.0
12007000302,2,,22846.0,,11423.0,21711.0,1135.0,0.0
12085000610,2,0.48,42403.0,10.17,21201.5,42403.0,0.0,0.0
12099007011,3,1.05,14360.0,5.03,4786.67,14360.0,0.0,0.0
12086017000,5,0.86,11555.0,1.99,2311.0,8345.0,3210.0,0.0
12057006400,1,0.24,101708.0,24.67,101708.0,101708.0,0.0,0.0
12086003706,2,1.48,103160.0,76.53,51580.0,103160.0,0.0,0.0
12011010307,1,0.24,0.0,0.0,0.0,0.0,0.0,0.0
12011091000,4,0.96,7834.0,1.87,1958.5,7834.0,0.0,0.0
12031013800,1,0.28,282.0,0.08,282.0,282.0,0.0,0.0
12051000100,4,0.54,93524.0,12.55,23381.0,37499.0,56025.0,0.0
12061050301,2,0.55,116638.0,31.89,58319.0,96513.0,20125.0,0.0
12103027308,2,0.52,9369.0,2.44,4684.5,4649.0,4720.0,0.0
12057010211,1,0.18,0.0,0.0,0.0,0.0,0.0,0.0
12061050904,4,0.48,58707.0,6.99,14676.75,41486.0,17221.0,0.0
12011030903,3,0.71,23845.0,5.67,7948.33,23845.0,0.0,0.0
12086005302,1,0.14,0.0,0.0,0.0,0.0,0.0,0.0
12011070305,2,0.25,14987.0,1.84,7493.5,14987.0,0.0,0.0
12011051001,3,0.86,8420.0,2.43,2806.67,8420.0,0.0,0.0
12021010422,3,,16534.0,,5511.33,12471.0,4063.0,0.0
12086015300,3,0.47,142456.0,22.17,47485.33,119142.0,23314.0,0.0
12103020209,1,0.25,0.0,0.0,0.0,0.0,0.0,0.0
12111380902,3,0.51,216555.0,36.99,72185.0,189443.0,27112.0,0.0
12071050204,3,1.36,28608.0,12.95,9536.0,28608.0,0.0,0.0
12086005303,2,0.49,0.0,0.0,0.0,0.0,0.0,0.0
12011050316,3,,3825.0,,1275.0,3825.0,0.0,0.0
12099007418,3,3.05,217027.0,220.33,72342.33,217027.0,0.0,0.0
12053041600,2,0.36,194.0,0.03,97.0,194.0,0.0,0.0
12101031003,1,0.17,0.0,0.0,0.0,0.0,0.0,0.0
12031013723,2,0.27,15864.0,2.14,7932.0,15864.0,0.0,0.0
12113010824,1,,3637.0,,3637.0,3637.0,0.0,0.0
12099001003,1,0.2,0.0,0.0,0.0,0.0,0.0,0.0
12031016601,2,0.35,10571.0,1.84,5285.5,10571.0,0.0,0.0
12103026300,1,0.13,0.0,0.0,0.0,0.0,0.0,0.0
12071001917,8,,124680.0,,15585.0,93673.0,31007.0,0.0
13051010701,1,,0.0,,0.0,0.0,0.0,0.0
12099007743,2,0.41,0.0,0.0,0.0,0.0,0.0,0.0
12011060403,4,0.74,11267.0,2.08,2816.75,9274.0,1993.0,0.0
12086001803,1,0.33,0.0,0.0,0.0,0.0,0.0,0.0
12009064130,1,,24190.0,,24190.0,20161.0,4029.0,0.0
12029970200,2,0.47,0.0,0.0,0.0,0.0,0.0,0.0
12086006104,3,,286972.0,,95657.33,286972.0,0.0,0.0
12117020808,2,0.48,0.0,0.0,0.0,0.0,0.0,0.0
12101031805,1,0.27,0.0,0.0,0.0,0.0,0.0,0.0
12097043302,7,0.51,83475.0,6.06,11925.0,78037.0,5438.0,0.0
12011110312,3,0.39,5792.0,0.75,1930.67,5792.0,0.0,0.0
12101031705,1,0.23,0.0,0.0,0.0,0.0,0.0,0.0
13039010406,4,,12843.0,,3210.75,9058.0,3785.0,0.0
12009069907,3,,19275.0,,6425.0,19275.0,0.0,0.0
12086003100,1,0.23,0.0,0.0,0.0,0.0,0.0,0.0
12115002201,1,0.32,0.0,0.0,0.0,0.0,0.0,0.0
12086002404,2,0.39,1154.0,0.23,577.0,1154.0,0.0,0.0
12057006600,1,0.25,0.0,0.0,0.0,0.0,0.0,0.0
12127080500,3,1.17,48370.0,18.89,16123.33,30935.0,17435.0,0.0
12057007103,2,0.48,0.0,0.0,0.0,0.0,0.0,0.0
12086011009,6,1.0,76158.0,12.66,12693.0,61507.0,14651.0,0.0
12009065124,3,1.14,32676.0,12.37,10892.0,18589.0,14087.0,0.0
12011030902,3,0.99,0.0,0.0,0.0,0.0,0.0,0.0
12055961603,2,0.29,0.0,0.0,0.0,0.0,0.0,0.0
12031015002,1,0.24,9945.0,2.4,9945.0,9945.0,0.0,0.0
12105012804,2,0.47,15622.0,3.66,7811.0,15622.0,0.0,0.0
12117021606,3,0.43,8150.0,1.17,2716.67,8150.0,0.0,0.0
12011070311,4,0.6,102238.0,15.46,25559.5,85080.0,17158.0,0.0
12086009313,2,0.39,0.0,0.0,0.0,0.0,0.0,0.0
12097042702,4,0.55,44863.0,6.19,11215.75,44863.0,0.0,0.0
12115002302,2,0.46,13728.0,3.14,6864.0,5818.0,7910.0,0.0
12069030106,2,1.45,22.0,0.02,11.0,22.0,0.0,0.0
12015030505,1,,2.0,,2.0,1.0,1.0,0.0
12071001207,3,,88022.0,,29340.67,88022.0,0.0,0.0
12086008901,4,0.54,51082.0,6.88,12770.5,42809.0,8273.0,0.0
12127082701,2,1.04,0.0,0.0,0.0,0.0,0.0,0.0
12009062402,7,,158699.0,,22671.29,109251.0,49448.0,0.0
12089050104,4,,16726.0,,4181.5,15247.0,1479.0,0.0
12115002601,4,1.83,4479.0,2.05,1119.75,4479.0,0.0,0.0
12095014400,1,0.28,0.0,0.0,0.0,0.0,0.0,0.0
12019030304,2,0.47,26098.0,6.11,13049.0,17598.0,8500.0,0.0
12103027502,3,0.38,3434.0,0.43,1144.67,3434.0,0.0,0.0
12049970102,8,2.28,455086.0,129.43,56885.75,368139.0,86947.0,0.0
12117020704,2,0.31,0.0,0.0,0.0,0.0,0.0,0.0
12031011500,5,1.06,481585.0,102.23,96317.0,424684.0,56901.0,0.0
12011050602,4,1.12,45265.0,12.69,11316.25,39265.0,6000.0,0.0
12117021204,2,0.19,14099.0,1.35,7049.5,8963.0,5136.0,0.0
12101033008,2,0.89,302.0,0.13,151.0,302.0,0.0,0.0
12086008805,1,0.17,0.0,0.0,0.0,0.0,0.0,0.0
12001001908,5,1.19,52719.0,12.58,10543.8,46469.0,6250.0,0.0
12017451700,1,0.25,3873.0,0.98,3873.0,3803.0,70.0,0.0
12105011400,1,0.22,34888.0,7.52,34888.0,28608.0,6280.0,0.0
12095014200,1,0.1,0.0,0.0,0.0,0.0,0.0,0.0
12086000417,6,,9469.0,,1578.17,9469.0,0.0,0.0
12099005702,7,0.98,119721.0,16.81,17103.0,110360.0,9361.0,0.0
12071020302,2,,6450.0,,3225.0,6450.0,0.0,0.0
12017450106,1,,8231.0,,8231.0,8231.0,0.0,0.0
12086009029,2,0.49,0.0,0.0,0.0,0.0,0.0,0.0
12011070204,1,0.17,65176.0,11.11,65176.0,65176.0,0.0,0.0
12099004812,1,0.11,17819.0,1.94,17819.0,12025.0,5794.0,0.0
45051020100,1,0.3,22659.0,6.69,22659.0,17433.0,5226.0,0.0
12055960502,1,0.13,1196.0,0.16,1196.0,1196.0,0.0,0.0
12111381601,1,0.16,1067.0,0.17,1067.0,1067.0,0.0,0.0
13051010811,1,,11336.0,,11336.0,11336.0,0.0,0.0
12115002404,1,,0.0,,0.0,0.0,0.0,0.0
12011020418,3,,10373.0,,3457.67,4373.0,6000.0,0.0
12057007001,1,0.27,2661.0,0.71,2661.0,2661.0,0.0,0.0
12009065025,2,,170320.0,,85160.0,92261.0,78059.0,0.0
12095014000,3,0.48,0.0,0.0,0.0,0.0,0.0,0.0
12069030917,1,,21813.0,,21813.0,21813.0,0.0,0.0
12086002800,1,0.76,43286.0,32.99,43286.0,43286.0,0.0,0.0
12086001203,5,0.62,100694.0,12.44,20138.8,85234.0,15460.0,0.0
12057013806,1,0.69,68175.0,47.11,68175.0,44481.0,23694.0,0.0
12057013004,1,0.24,24027.0,5.73,24027.0,13672.0,10355.0,0.0
12099007732,8,1.38,68546.0,11.86,8568.25,62580.0,5966.0,0.0
12057013912,1,0.25,0.0,0.0,0.0,0.0,0.0,0.0
12011020407,4,0.53,5687.0,0.75,1421.75,5687.0,0.0,0.0
12086000908,1,,0.0,,0.0,0.0,0.0,0.0
12086006705,11,3.53,1479805.0,474.3,134527.73,1478926.0,879.0,0.0
12057011709,1,0.91,4505.0,4.1,4505.0,4505.0,0.0,0.0
12086012402,3,,102245.0,,34081.67,76745.0,25500.0,0.0
12099007618,2,0.45,0.0,0.0,0.0,0.0,0.0,0.0
12127080807,3,0.54,30036.0,5.45,10012.0,30036.0,0.0,0.0
12071010422,1,,0.0,,0.0,0.0,0.0,0.0
12103020600,2,0.48,2932.0,0.7,1466.0,2932.0,0.0,0.0
12099005954,1,0.23,0.0,0.0,0.0,0.0,0.0,0.0
45013010700,2,0.4,3642.0,0.74,1821.0,3642.0,0.0,0.0
12103027903,4,2.7,0.0,0.0,0.0,0.0,0.0,0.0
12031010301,8,1.61,262830.0,53.0,32853.75,195228.0,67602.0,0.0
13067030107,1,0.19,21105.0,4.05,21105.0,21105.0,0.0,0.0
12086018003,1,,36275.0,,36275.0,36275.0,0.0,0.0
12031002600,3,0.87,324818.0,94.62,108272.67,277177.0,47641.0,0.0
12071050210,2,,99801.0,,49900.5,99801.0,0.0,0.0
12086007805,2,0.45,0.0,0.0,0.0,0.0,0.0,0.0
12057012403,3,0.47,180800.0,28.07,60266.67,176901.0,3899.0,0.0
12019030206,3,,36057.0,,12019.0,36057.0,0.0,0.0
12086010400,2,0.47,0.0,0.0,0.0,0.0,0.0,0.0
13121007900,2,0.37,17800.0,3.26,8900.0,11356.0,6444.0,0.0
12115002401,3,1.13,12290.0,4.63,4096.67,5542.0,6748.0,0.0
12001001603,2,1.34,9978.0,6.68,4989.0,9978.0,0.0,0.0
12015020900,4,0.56,121.0,0.02,30.25,121.0,0.0,0.0
12057011712,6,1.02,2506.0,0.43,417.67,2506.0,0.0,0.0
12086004304,7,3.01,62976.0,27.11,8996.57,62976.0,0.0,0.0
12021010435,2,,0.0,,0.0,0.0,0.0,0.0
12011030402,2,0.53,0.0,0.0,0.0,0.0,0.0,0.0
12103024411,1,0.24,0.0,0.0,0.0,0.0,0.0,0.0
12021010808,7,,1855.0,,265.0,1855.0,0.0,0.0
12086002710,2,,205128.0,,102564.0,174312.0,30816.0,0.0
12127090903,1,0.23,36663.0,8.43,36663.0,22013.0,14650.0,0.0
12103025401,1,0.21,0.0,0.0,0.0,0.0,0.0,0.0
12086003703,2,1.31,88089.0,57.5,44044.5,88089.0,0.0,0.0
12071050213,2,,83341.0,,41670.5,64120.0,19221.0,0.0
12035060208,3,0.43,79290.0,11.38,26430.0,65532.0,13758.0,0.0
12011110336,1,0.12,0.0,0.0,0.0,0.0,0.0,0.0
12101031406,1,0.35,0.0,0.0,0.0,0.0,0.0,0.0
12057011610,1,0.2,0.0,0.0,0.0,0.0,0.0,0.0
12069031000,5,0.65,24966.0,3.26,4993.2,16633.0,8333.0,0.0
12083000605,1,0.41,20784.0,8.47,20784.0,14944.0,5840.0,0.0
13067031208,1,0.17,0.0,0.0,0.0,0.0,0.0,0.0
12095017503,1,0.16,297.0,0.05,297.0,297.0,0.0,0.0
12117020402,4,1.13,192966.0,54.34,48241.5,146208.0,46758.0,0.0
12086010198,6,1.56,6040.0,1.57,1006.67,6040.0,0.0,0.0
12011050402,6,1.41,62288.0,14.64,10381.33,59676.0,2612.0,0.0
12086014900,7,1.15,104718.0,17.21,14959.71,75637.0,29081.0,0.0
12086000805,2,0.31,0.0,0.0,0.0,0.0,0.0,0.0
12099005300,3,0.72,44234.0,10.68,14744.67,44234.0,0.0,0.0
12086018500,2,0.43,0.0,0.0,0.0,0.0,0.0,0.0
12086015002,2,,0.0,,0.0,0.0,0.0,0.0
12086008419,1,0.22,0.0,0.0,0.0,0.0,0.0,0.0
12097043700,3,0.47,48071.0,7.52,16023.67,40325.0,7746.0,0.0
12117021320,2,0.27,1893.0,0.26,946.5,1893.0,0.0,0.0
12061050606,2,0.17,6973.0,0.59,3486.5,6973.0,0.0,0.0
12095012600,1,0.19,32419.0,6.11,32419.0,32419.0,0.0,0.0
12071020300,2,0.36,68035.0,12.38,34017.5,68034.0,1.0,0.0
12011110351,1,,0.0,,0.0,0.0,0.0,0.0
12086006718,1,,496964.0,,496964.0,496964.0,0.0,0.0
12011041600,4,0.64,5625.0,0.9,1406.25,3170.0,2455.0,0.0
12011070330,1,,8207.0,,8207.0,8207.0,0.0,0.0
12103027209,2,1.66,0.0,0.0,0.0,0.0,0.0,0.0
12086000416,2,,162424.0,,81212.0,144744.0,17680.0,0.0
12057014109,1,0.16,0.0,0.0,0.0,0.0,0.0,0.0
12095010200,1,0.21,0.0,0.0,0.0,0.0,0.0,0.0
12103026004,1,,0.0,,0.0,0.0,0.0,0.0
12103024905,6,0.87,13568.0,1.96,2261.33,13568.0,0.0,0.0
12099006912,1,0.26,16575.0,4.23,16575.0,16575.0,0.0,0.0
12011020206,2,0.44,180608.0,39.41,90304.0,97155.0,83453.0,0.0
12055961200,2,0.39,49395.0,9.66,24697.5,49395.0,0.0,0.0
12057000300,2,0.27,0.0,0.0,0.0,0.0,0.0,0.0
12119910601,1,0.23,0.0,0.0,0.0,0.0,0.0,0.0
13275960300,1,0.45,0.0,0.0,0.0,0.0,0.0,0.0
12105011502,1,0.17,0.0,0.0,0.0,0.0,0.0,0.0
45019004612,3,0.4,24885.0,3.33,8295.0,24885.0,0.0,0.0
12111382003,3,0.29,0.0,0.0,0.0,0.0,0.0,0.0
12009064400,7,1.44,179937.0,37.05,25705.29,161046.0,18891.0,0.0
12031010202,5,1.5,141181.0,42.49,28236.2,129160.0,12021.0,0.0
12031014344,1,,13960.0,,13960.0,13960.0,0.0,0.0
12086001003,6,1.21,13494.0,2.72,2249.0,13062.0,432.0,0.0
12086012500,6,0.84,477272.0,67.13,79545.33,286478.0,190794.0,0.0
12009065022,4,0.76,193475.0,36.94,48368.75,138631.0,54844.0,0.0
13039010402,7,1.25,121321.0,21.71,17331.57,112782.0,8539.0,0.0
12057007200,2,0.48,1141.0,0.27,570.5,1141.0,0.0,0.0
12069030504,2,0.26,0.0,0.0,0.0,0.0,0.0,0.0
12011060120,3,0.37,0.0,0.0,0.0,0.0,0.0,0.0
12086006608,2,,0.0,,0.0,0.0,0.0,0.0
12099007617,2,1.13,20686.0,11.69,10343.0,14810.0,5876.0,0.0
12085001409,2,0.54,0.0,0.0,0.0,0.0,0.0,0.0
12011060504,5,1.06,19025.0,4.03,3805.0,12191.0,6834.0,0.0
12086002402,5,0.83,1901.0,0.32,380.2,1901.0,0.0,0.0
12095016714,2,0.6,15517.0,4.69,7758.5,15517.0,0.0,0.0
12086010618,6,,0.0,,0.0,0.0,0.0,0.0
12021011205,2,0.72,0.0,0.0,0.0,0.0,0.0,0.0
45019002008,5,,80904.0,,16180.8,64349.0,16555.0,0.0
12031015922,1,0.32,326.0,0.1,326.0,326.0,0.0,0.0
12011042502,3,,29078.0,,9692.67,29078.0,0.0,0.0
12111381204,10,2.94,101760.0,29.94,10176.0,97043.0,4717.0,0.0
13029920303,4,0.62,0.0,0.0,0.0,0.0,0.0,0.0
12131950501,3,0.67,35316.0,7.87,11772.0,35316.0,0.0,0.0
12099002700,3,0.55,5351.0,0.98,1783.67,5351.0,0.0,0.0
12086008907,2,0.41,3063.0,0.63,1531.5,2011.0,1052.0,0.0
12081000201,1,0.23,0.0,0.0,0.0,0.0,0.0,0.0
12081000704,3,0.45,172284.0,26.11,57428.0,160121.0,12163.0,0.0
12097043304,1,,3439.0,,3439.0,3439.0,0.0,0.0
13067030326,1,0.22,0.0,0.0,0.0,0.0,0.0,0.0
12011070403,3,0.54,10874.0,1.97,3624.67,9089.0,1785.0,0.0
13089023414,1,0.15,0.0,0.0,0.0,0.0,0.0,0.0
12086000808,1,0.23,0.0,0.0,0.0,0.0,0.0,0.0
12086009903,6,1.2,37892.0,7.58,6315.33,37892.0,0.0,0.0
13091960300,1,0.17,0.0,0.0,0.0,0.0,0.0,0.0
12035060204,5,0.62,40648.0,5.0,8129.6,16594.0,24054.0,0.0
12057011522,5,1.27,65862.0,16.79,13172.4,61718.0,4144.0,0.0
12011030602,1,,0.0,,0.0,0.0,0.0,0.0
12103026814,1,0.45,0.0,0.0,0.0,0.0,0.0,0.0
12127081600,6,2.44,14175.0,5.76,2362.5,11289.0,2886.0,0.0
12011040506,2,,0.0,,0.0,0.0,0.0,0.0
12115001201,1,0.13,0.0,0.0,0.0,0.0,0.0,0.0
12009065127,3,,41001.0,,13667.0,41001.0,0.0,0.0
12086012801,3,,14790.0,,4930.0,10058.0,4732.0,0.0
12105011837,1,,0.0,,0.0,0.0,0.0,0.0
12009064124,8,1.75,52182.0,11.43,6522.75,50311.0,1871.0,0.0
12011091600,3,0.53,0.0,0.0,0.0,0.0,0.0,0.0
12086019100,11,2.26,142600.0,29.35,12963.64,119613.0,22987.0,0.0
12083000100,8,1.37,493616.0,84.64,61702.0,419478.0,74138.0,0.0
12105012408,3,0.75,56759.0,14.23,18919.67,54964.0,1795.0,0.0
12086010005,4,0.54,19226.0,2.62,4806.5,15861.0,3365.0,0.0
12021010427,3,,0.0,,0.0,0.0,0.0,0.0
12086018002,3,,18005.0,,6001.67,18005.0,0.0,0.0
12105012502,2,0.24,10523.0,1.28,5261.5,2669.0,7854.0,0.0
12071010419,2,,1108.0,,554.0,1108.0,0.0,0.0
12086000216,4,0.85,1977.0,0.42,494.25,1975.0,2.0,0.0
12031014328,1,0.14,11490.0,1.64,11490.0,2293.0,9197.0,0.0
13299950600,4,0.65,24944.0,4.07,6236.0,24944.0,0.0,0.0
12086012802,3,,14764.0,,4921.33,13057.0,1707.0,0.0
12011010103,3,0.98,604.0,0.2,201.33,604.0,0.0,0.0
12105011908,2,0.52,99337.0,25.89,49668.5,90624.0,8713.0,0.0
12011040102,6,2.11,0.0,0.0,0.0,0.0,0.0,0.0
12031014326,2,0.28,70523.0,9.77,35261.5,49836.0,20687.0,0.0
12009068601,2,1.02,125882.0,64.32,62941.0,121954.0,3928.0,0.0
12086000223,2,,0.0,,0.0,0.0,0.0,0.0
12099000102,1,0.31,0.0,0.0,0.0,0.0,0.0,0.0
12071040135,1,,0.0,,0.0,0.0,0.0,0.0
12031014337,1,0.1,0.0,0.0,0.0,0.0,0.0,0.0
12095012303,1,0.12,0.0,0.0,0.0,0.0,0.0,0.0
12086009017,3,0.48,0.0,0.0,0.0,0.0,0.0,0.0
12105012127,2,0.28,0.0,0.0,0.0,0.0,0.0,0.0
12107950900,1,0.17,9768.0,1.68,9768.0,9768.0,0.0,0.0
12011030401,3,0.79,0.0,0.0,0.0,0.0,0.0,0.0
12086000202,1,0.14,0.0,0.0,0.0,0.0,0.0,0.0
12069031313,2,,0.0,,0.0,0.0,0.0,0.0
12031011903,2,0.39,99325.0,19.19,49662.5,89073.0,10252.0,0.0
12086009052,3,,19537.0,,6512.33,19537.0,0.0,0.0
12086011102,1,0.14,0.0,0.0,0.0,0.0,0.0,0.0
12027010405,3,2.43,105290.0,85.12,35096.67,60931.0,44359.0,0.0
12001002207,2,0.59,162599.0,47.98,81299.5,115600.0,46999.0,0.0
12115002713,4,0.46,35504.0,4.06,8876.0,35504.0,0.0,0.0
12117021205,1,,7531.0,,7531.0,7531.0,0.0,0.0
12086010900,1,0.15,41348.0,6.4,41348.0,41348.0,0.0,0.0
12111381502,10,0.8,749707.0,59.87,74970.7,662557.0,87150.0,0.0
12071010308,2,,100000.0,,50000.0,50000.0,50000.0,0.0
12015020202,1,0.14,91013.0,12.51,91013.0,55740.0,35273.0,0.0
12011020308,2,0.31,0.0,0.0,0.0,0.0,0.0,0.0
12103027904,2,0.67,100957.0,33.59,50478.5,67637.0,33320.0,0.0
12117021604,1,0.23,0.0,0.0,0.0,0.0,0.0,0.0
12086018800,2,0.25,0.0,0.0,0.0,0.0,0.0,0.0
12103027204,3,0.62,1177.0,0.24,392.33,1177.0,0.0,0.0
12103027309,2,1.05,21333.0,11.25,10666.5,21333.0,0.0,0.0
12019030708,2,,91910.0,,45955.0,67780.0,24130.0,0.0
12023110300,2,0.22,21009.0,2.28,10504.5,21009.0,0.0,0.0
12086000107,1,0.41,17177.0,6.99,17177.0,17177.0,0.0,0.0
12081002012,1,0.22,0.0,0.0,0.0,0.0,0.0,0.0
12121970100,1,0.15,0.0,0.0,0.0,0.0,0.0,0.0
12071010420,1,,92522.0,,92522.0,92522.0,0.0,0.0
12061050602,1,0.18,0.0,0.0,0.0,0.0,0.0,0.0
12086019300,1,0.12,65796.0,7.9,65796.0,65796.0,0.0,0.0
12117020811,2,0.38,5168.0,0.97,2584.0,5168.0,0.0,0.0
12089050205,4,,36061.0,,9015.25,30904.0,5157.0,0.0
12086009706,2,0.49,21943.0,5.42,10971.5,18770.0,3173.0,0.0
12099006203,1,0.44,0.0,0.0,0.0,0.0,0.0,0.0
12009062111,1,,16634.0,,16634.0,16634.0,0.0,0.0
12031014406,2,0.27,139184.0,18.61,69592.0,139184.0,0.0,0.0
12086000804,2,0.38,0.0,0.0,0.0,0.0,0.0,0.0
12057014003,1,0.66,10251.0,6.79,10251.0,10251.0,0.0,0.0
12099007616,1,0.33,0.0,0.0,0.0,0.0,0.0,0.0
12099001302,2,0.43,0.0,0.0,0.0,0.0,0.0,0.0
12061050305,2,,127775.0,,63887.5,86222.0,41553.0,0.0
12053040802,1,0.22,0.0,0.0,0.0,0.0,0.0,0.0
13049010102,1,,17376.0,,17376.0,0.0,17376.0,0.0
12099005945,1,0.19,0.0,0.0,0.0,0.0,0.0,0.0
12061050905,4,,31560.0,,7890.0,31262.0,298.0,0.0
12086011202,2,0.28,66776.0,9.2,33388.0,40612.0,26164.0,0.0
12061050605,2,1.14,56697.0,32.34,28348.5,35863.0,20834.0,0.0
45019005800,2,0.31,5452.0,0.85,2726.0,5452.0,0.0,0.0
12081002014,1,0.21,0.0,0.0,0.0,0.0,0.0,0.0
12099006603,3,0.55,64551.0,11.86,21517.0,46010.0,18541.0,0.0
12001002220,1,0.46,4455.0,2.07,4455.0,4455.0,0.0,0.0
12086011900,6,1.1,44643.0,8.18,7440.5,44643.0,0.0,0.0
12111382122,1,,49724.0,,49724.0,49724.0,0.0,0.0
12086005801,2,0.24,0.0,0.0,0.0,0.0,0.0,0.0
12103027905,2,,2090.0,,1045.0,2090.0,0.0,0.0
12019030707,1,,66727.0,,66727.0,36034.0,30693.0,0.0
12086000311,1,,0.0,,0.0,0.0,0.0,0.0
12086001004,1,0.14,0.0,0.0,0.0,0.0,0.0,0.0
12086000218,3,0.84,3171.0,0.89,1057.0,3171.0,0.0,0.0
12086008202,3,0.7,78223.0,18.2,26074.33,78223.0,0.0,0.0
12031002702,3,0.79,51682.0,13.65,17227.33,39805.0,11877.0,0.0
45019002400,4,0.82,82198.0,16.86,20549.5,75228.0,6970.0,0.0
12023110500,3,0.42,90358.0,12.59,30119.33,83487.0,6871.0,0.0
12127090305,1,0.27,12500.0,3.36,12500.0,6250.0,6250.0,0.0
12086009015,1,0.16,0.0,0.0,0.0,0.0,0.0,0.0
12111382007,1,0.19,71055.0,13.63,71055.0,51232.0,19823.0,0.0
12021010506,5,0.89,26621.0,4.74,5324.2,20786.0,5835.0,0.0
12095016302,2,0.45,3314.0,0.75,1657.0,3314.0,0.0,0.0
12011110332,3,0.56,55639.0,10.31,18546.33,55639.0,0.0,0.0
12115002100,1,0.15,1705.0,0.25,1705.0,0.0,1705.0,0.0
12031010502,3,,83502.0,,27834.0,79352.0,4150.0,0.0
12127080101,3,,84984.0,,28328.0,73697.0,11287.0,0.0
12105014103,2,0.16,16135.0,1.3,8067.5,16135.0,0.0,0.0
12011110368,1,,8479.0,,8479.0,8479.0,0.0,0.0
12095012304,1,0.14,0.0,0.0,0.0,0.0,0.0,0.0
12099005407,2,1.17,0.0,0.0,0.0,0.0,0.0,0.0
12115002012,1,,0.0,,0.0,0.0,0.0,0.0
12057014119,2,0.34,8015.0,1.37,4007.5,8015.0,0.0,0.0
12057000601,1,0.19,866.0,0.17,866.0,866.0,0.0,0.0
12105012003,2,0.4,255810.0,50.84,127905.0,204660.0,51150.0,0.0
12081001204,2,0.35,0.0,0.0,0.0,0.0,0.0,0.0
12071001711,1,,5322.0,,5322.0,5322.0,0.0,0.0
12086019502,1,,1451.0,,1451.0,1451.0,0.0,0.0
12057013923,1,0.17,1863.0,0.32,1863.0,1863.0,0.0,0.0
12111381102,1,0.21,64503.0,13.54,64503.0,47148.0,17355.0,0.0
12127082503,2,0.31,31859.0,5.01,15929.5,31859.0,0.0,0.0
12041950201,1,0.49,0.0,0.0,0.0,0.0,0.0,0.0
12105013002,1,0.24,0.0,0.0,0.0,0.0,0.0,0.0
13051002900,1,0.31,30442.0,9.52,30442.0,30442.0,0.0,0.0
12035060215,2,,17646.0,,8823.0,9330.0,8316.0,0.0
12097042901,2,,1.0,,0.5,0.0,1.0,0.0
12081002007,2,0.24,11601.0,1.42,5800.5,11601.0,0.0,0.0
12103025108,2,0.89,0.0,0.0,0.0,0.0,0.0,0.0
12127090904,2,0.36,98240.0,17.88,49120.0,98240.0,0.0,0.0
13223120108,1,,6359.0,,6359.0,5583.0,776.0,0.0
12105012004,3,1.29,417709.0,179.04,139236.33,77078.0,340631.0,0.0
12011030600,2,0.24,0.0,0.0,0.0,0.0,0.0,0.0
12103025205,1,0.26,5220.0,1.35,5220.0,5220.0,0.0,0.0
12071040312,1,0.52,0.0,0.0,0.0,0.0,0.0,0.0
12017450701,1,0.14,3465.0,0.48,3465.0,3465.0,0.0,0.0
12099005413,1,,0.0,,0.0,0.0,0.0,0.0
12015030302,2,0.56,0.0,0.0,0.0,0.0,0.0,0.0
12086007603,1,0.27,0.0,0.0,0.0,0.0,0.0,0.0
12019030702,3,0.2,371475.0,24.84,123825.0,353505.0,17970.0,0.0
12057013926,1,,3549.0,,3549.0,3549.0,0.0,0.0
12031014202,2,0.45,17865.0,4.0,8932.5,17865.0,0.0,0.0
12086000222,1,,0.0,,0.0,0.0,0.0,0.0
12101032903,2,0.62,63754.0,19.9,31877.0,50985.0,12769.0,0.0
12051000403,1,,0.0,,0.0,0.0,0.0,0.0
12095016807,2,0.09,6501.0,0.31,3250.5,6501.0,0.0,0.0
12127081002,3,,390709.0,,130236.33,181301.0,209408.0,0.0
12057012900,1,0.29,0.0,0.0,0.0,0.0,0.0,0.0
12086007401,3,,2195.0,,731.67,2195.0,0.0,0.0
13191110202,1,,26117.0,,26117.0,26117.0,0.0,0.0
12115000104,2,,0.0,,0.0,0.0,0.0,0.0
12071001918,1,,50999.0,,50999.0,7946.0,43053.0,0.0
12001000700,4,0.64,121712.0,19.59,30428.0,117012.0,4700.0,0.0
13217100506,1,,0.0,,0.0,0.0,0.0,0.0
12127092500,2,0.47,0.0,0.0,0.0,0.0,0.0,0.0
12031014411,2,0.25,0.0,0.0,0.0,0.0,0.0,0.0
12117020707,4,,186.0,,46.5,186.0,0.0,0.0
12086018700,5,0.99,24595.0,4.87,4919.0,24595.0,0.0,0.0
12031014418,3,,35853.0,,11951.0,35852.0,1.0,0.0
12109021409,3,,38501.0,,12833.67,36118.0,2383.0,0.0
13299950802,1,,35282.0,,35282.0,31138.0,4144.0,0.0
12113010710,1,,0.0,,0.0,0.0,0.0,0.0
12053040201,2,0.74,69788.0,25.77,34894.0,45830.0,23958.0,0.0
12057014106,6,2.01,33430.0,11.18,5571.67,33430.0,0.0,0.0
12117022006,1,,0.0,,0.0,0.0,0.0,0.0
12061050505,3,0.87,109991.0,31.72,36663.67,104453.0,5538.0,0.0
12086019501,1,,14230.0,,14230.0,14230.0,0.0,0.0
12095016514,2,,99221.0,,49610.5,82038.0,17183.0,0.0
12086009400,7,1.09,3043.0,0.48,434.71,3043.0,0.0,0.0
12083002601,3,0.43,22148.0,3.18,7382.67,11049.0,11099.0,0.0
12095016733,1,0.16,281.0,0.05,281.0,281.0,0.0,0.0
12107950700,2,0.45,289342.0,65.45,144671.0,278393.0,10949.0,0.0
12117021616,3,0.84,525684.0,146.35,175228.0,402953.0,122731.0,0.0
12097041002,1,0.08,29578.0,2.36,29578.0,16188.0,13390.0,0.0
12086014800,1,0.15,0.0,0.0,0.0,0.0,0.0,0.0
45019004616,1,,10011.0,,10011.0,10011.0,0.0,0.0
12103020500,3,0.82,0.0,0.0,0.0,0.0,0.0,0.0
45075010200,1,0.19,6462.0,1.23,6462.0,6462.0,0.0,0.0
12105014001,3,0.58,14528.0,2.82,4842.67,11025.0,3503.0,0.0
12011030201,2,0.47,0.0,0.0,0.0,0.0,0.0,0.0
12115002732,1,,4195.0,,4195.0,4194.0,1.0,0.0
12086009600,2,0.29,24112.0,3.45,12056.0,6696.0,17416.0,0.0
12127082410,2,0.29,10107.0,1.47,5053.5,10107.0,0.0,0.0
12103026500,1,0.14,13086.0,1.79,13086.0,13086.0,0.0,0.0
12095014100,3,0.45,85604.0,12.79,28534.67,64426.0,21178.0,0.0
12127082411,3,0.74,13696.0,3.37,4565.33,7336.0,6360.0,0.0
12011091400,4,0.62,24690.0,3.85,6172.5,24690.0,0.0,0.0
12103026003,3,,15101.0,,5033.67,8980.0,6121.0,0.0
12061050705,1,0.19,34759.0,6.57,34759.0,23712.0,11047.0,0.0
12105014901,2,0.21,36385.0,3.74,18192.5,27556.0,8829.0,0.0
12103025412,1,0.2,0.0,0.0,0.0,0.0,0.0,0.0
12086000901,2,0.26,0.0,0.0,0.0,0.0,0.0,0.0
13029920307,7,,411962.0,,58851.71,411962.0,0.0,0.0
12101030302,3,1.34,21174.0,9.47,7058.0,21174.0,0.0,0.0
45045003011,1,0.17,8834.0,1.47,8834.0,8834.0,0.0,0.0
12103025112,1,0.31,2942.0,0.92,2942.0,2942.0,0.0,0.0
12099007754,1,0.2,893.0,0.18,893.0,893.0,0.0,0.0
12103023700,1,0.38,0.0,0.0,0.0,0.0,0.0,0.0
12031013200,1,0.34,0.0,0.0,0.0,0.0,0.0,0.0
12107950201,8,1.38,205660.0,35.54,25707.5,169153.0,36507.0,0.0
12101031809,1,0.36,0.0,0.0,0.0,0.0,0.0,0.0
12095014608,3,0.66,47888.0,10.57,15962.67,47888.0,0.0,0.0
12086012800,3,0.32,63468.0,6.8,21156.0,54713.0,8755.0,0.0
12009064301,1,0.16,0.0,0.0,0.0,0.0,0.0,0.0
12011041200,5,1.06,5575.0,1.19,1115.0,5575.0,0.0,0.0
12021010433,6,,63732.0,,10622.0,61016.0,2716.0,0.0
12099007010,1,0.61,0.0,0.0,0.0,0.0,0.0,0.0
12099005940,1,0.53,0.0,0.0,0.0,0.0,0.0,0.0
12097041502,2,,22884.0,,11442.0,22884.0,0.0,0.0
12057012800,1,0.25,6941.0,1.73,6941.0,6941.0,0.0,0.0
12099000301,1,0.24,0.0,0.0,0.0,0.0,0.0,0.0
12083000200,1,0.15,0.0,0.0,0.0,0.0,0.0,0.0
12127082604,2,0.8,0.0,0.0,0.0,0.0,0.0,0.0
12001001400,1,0.23,0.0,0.0,0.0,0.0,0.0,0.0
12011010611,2,0.46,0.0,0.0,0.0,0.0,0.0,0.0
12011020212,4,1.25,25144.0,7.87,6286.0,18460.0,6684.0,0.0
12009068300,3,1.13,390187.0,147.41,130062.33,238659.0,151528.0,0.0
12033002603,1,0.11,16209.0,1.85,16209.0,16209.0,0.0,0.0
12101030407,2,0.71,21013.0,7.49,10506.5,20449.0,564.0,0.0
12099005602,1,0.36,0.0,0.0,0.0,0.0,0.0,0.0
12099004300,2,0.32,9364.0,1.51,4682.0,9364.0,0.0,0.0
12127091026,2,0.29,13518.0,1.99,6759.0,6578.0,6940.0,0.0
12057013501,2,0.5,0.0,0.0,0.0,0.0,0.0,0.0
12011020323,1,0.26,0.0,0.0,0.0,0.0,0.0,0.0
12086005004,6,,130130.0,,21688.33,129962.0,168.0,0.0
12103028002,2,0.51,0.0,0.0,0.0,0.0,0.0,0.0
12115002510,1,0.26,0.0,0.0,0.0,0.0,0.0,0.0
12021010511,1,,5847.0,,5847.0,0.0,5847.0,0.0
12031010601,2,,45681.0,,22840.5,23562.0,22119.0,0.0
13071970601,1,,0.0,,0.0,0.0,0.0,0.0
12069030806,1,0.3,3051.0,0.91,3051.0,3051.0,0.0,0.0
12099005501,1,0.27,0.0,0.0,0.0,0.0,0.0,0.0
12031014424,2,,19514.0,,9757.0,19514.0,0.0,0.0
12086020002,5,,108047.0,,21609.4,54368.0,53679.0,0.0
12011060503,1,0.21,14899.0,3.12,14899.0,14899.0,0.0,0.0
12099001101,1,0.15,0.0,0.0,0.0,0.0,0.0,0.0
12011060303,1,0.14,34598.0,4.96,34598.0,34598.0,0.0,0.0
12086004203,2,0.44,47342.0,10.52,23671.0,47342.0,0.0,0.0
12099007758,1,0.15,0.0,0.0,0.0,0.0,0.0,0.0
12103027106,3,0.65,0.0,0.0,0.0,0.0,0.0,0.0
12099007752,3,0.42,8497.0,1.18,2832.33,8497.0,0.0,0.0
12031014104,4,,17669.0,,4417.25,17669.0,0.0,0.0
12081001703,2,1.12,5490.0,3.08,2745.0,5490.0,0.0,0.0
12069031301,2,0.34,16006.0,2.71,8003.0,0.0,16006.0,0.0
12086010804,1,,1.0,,1.0,1.0,0.0,0.0
12086018602,4,,20346.0,,5086.5,20346.0,0.0,0.0
12117021306,2,0.23,0.0,0.0,0.0,0.0,0.0,0.0
12105013102,1,0.28,46769.0,12.96,46769.0,37332.0,9437.0,0.0
12099006907,1,0.3,0.0,0.0,0.0,0.0,0.0,0.0
12009063109,1,,14483.0,,14483.0,14483.0,0.0,0.0
12069031205,2,0.75,206955.0,77.92,103477.5,194251.0,12704.0,0.0
12071040110,3,1.27,36173.0,15.37,12057.67,32614.0,3559.0,0.0
12057011605,1,0.15,4812.0,0.73,4812.0,2696.0,2116.0,0.0
12083000702,1,0.13,7509.0,0.96,7509.0,7509.0,0.0,0.0
12086000705,1,0.19,0.0,0.0,0.0,0.0,0.0,0.0
12009071332,1,0.07,0.0,0.0,0.0,0.0,0.0,0.0
12021010519,2,,3895.0,,1947.5,3895.0,0.0,0.0
12086000124,5,1.64,181319.0,59.33,36263.8,181319.0,0.0,0.0
12099007006,1,0.23,0.0,0.0,0.0,0.0,0.0,0.0
12069031322,1,,21557.0,,21557.0,21557.0,0.0,0.0
12069030307,2,0.49,22928.0,5.66,11464.0,22928.0,0.0,0.0
12057010103,3,0.71,53177.0,12.67,17725.67,53177.0,0.0,0.0
12086011105,1,,0.0,,0.0,0.0,0.0,0.0
12101031505,4,0.67,33343.0,5.59,8335.75,33343.0,0.0,0.0
12099007739,1,0.33,0.0,0.0,0.0,0.0,0.0,0.0
12031016811,3,,37846.0,,12615.33,35986.0,1860.0,0.0
12071040121,1,0.23,26069.0,6.04,26069.0,23541.0,2528.0,0.0
12119911701,2,0.2,0.0,0.0,0.0,0.0,0.0,0.0
12086016800,3,0.67,61773.0,13.87,20591.0,48744.0,13029.0,0.0
12057013903,1,0.25,191639.0,47.61,191639.0,108785.0,82854.0,0.0
12011100600,1,0.18,0.0,0.0,0.0,0.0,0.0,0.0
12103025407,2,0.36,0.0,0.0,0.0,0.0,0.0,0.0
12011030801,1,0.11,0.0,0.0,0.0,0.0,0.0,0.0
13113140501,1,0.16,0.0,0.0,0.0,0.0,0.0,0.0
12086017901,1,,0.0,,0.0,0.0,0.0,0.0
12069031203,1,0.16,9973.0,1.63,9973.0,0.0,9973.0,0.0
12071000303,2,,2748.0,,1374.0,2748.0,0.0,0.0
12049970301,1,,29069.0,,29069.0,23819.0,5250.0,0.0
12011070316,6,1.13,13444.0,2.54,2240.67,13444.0,0.0,0.0
12109021211,3,,0.0,,0.0,0.0,0.0,0.0
12007000202,5,,288152.0,,57630.4,214232.0,73920.0,0.0
12009062112,1,,27880.0,,27880.0,27880.0,0.0,0.0
12051000102,1,,13979.0,,13979.0,13979.0,0.0,0.0
12011030601,3,,4786.0,,1595.33,4786.0,0.0,0.0
12111380300,2,0.33,21977.0,3.63,10988.5,0.0,21977.0,0.0
45019001500,2,1.27,52667.0,33.38,26333.5,52667.0,0.0,0.0
12127082406,1,0.35,119010.0,41.22,119010.0,45250.0,73760.0,0.0
12031013904,2,0.48,298.0,0.07,149.0,298.0,0.0,0.0
12057011504,1,0.46,0.0,0.0,0.0,0.0,0.0,0.0
12011020320,4,0.74,55882.0,10.4,13970.5,47362.0,8520.0,0.0
12086010805,2,,2213.0,,1106.5,2213.0,0.0,0.0
12095013607,2,0.39,2498.0,0.49,1249.0,2498.0,0.0,0.0
12086010617,1,0.13,11448.0,1.51,11448.0,11448.0,0.0,0.0
12115002307,1,,2664.0,,2664.0,2664.0,0.0,0.0
12011090900,3,0.53,9330.0,1.65,3110.0,7915.0,1415.0,0.0
12099007731,4,0.88,4489.0,0.99,1122.25,4489.0,0.0,0.0
12117020805,1,0.12,0.0,0.0,0.0,0.0,0.0,0.0
12031010308,1,,37234.0,,37234.0,16524.0,20710.0,0.0
12086000607,2,0.38,10236.0,1.96,5118.0,8587.0,1649.0,0.0
12086015100,3,0.22,10905.0,0.8,3635.0,10905.0,0.0,0.0
12117021706,3,0.96,58726.0,18.84,19575.33,58725.0,1.0,0.0
13001950302,1,,4764.0,,4764.0,4764.0,0.0,0.0
12115001903,3,1.92,0.0,0.0,0.0,0.0,0.0,0.0
12015030501,1,0.27,0.0,0.0,0.0,0.0,0.0,0.0
12011040203,1,0.63,93292.0,58.42,93292.0,93292.0,0.0,0.0
12086008601,1,0.2,0.0,0.0,0.0,0.0,0.0,0.0
12011031101,2,0.86,0.0,0.0,0.0,0.0,0.0,0.0
12086012701,4,,0.0,,0.0,0.0,0.0,0.0
12009071354,2,,54051.0,,27025.5,48319.0,5732.0,0.0
12011020317,3,0.89,2435.0,0.72,811.67,2435.0,0.0,0.0
45051030103,1,0.31,0.0,0.0,0.0,0.0,0.0,0.0
12086010709,2,,0.0,,0.0,0.0,0.0,0.0
12086011403,8,1.12,144715.0,20.31,18089.38,144715.0,0.0,0.0
12071001201,2,0.21,157026.0,16.36,78513.0,27988.0,129038.0,0.0
12103024410,2,0.55,0.0,0.0,0.0,0.0,0.0,0.0
12095017806,1,0.2,2779.0,0.55,2779.0,2779.0,0.0,0.0
12015020400,1,0.11,0.0,0.0,0.0,0.0,0.0,0.0
12099004706,1,0.39,6725.0,2.62,6725.0,6725.0,0.0,0.0
12101031703,1,0.22,3241.0,0.72,3241.0,3241.0,0.0,0.0
12099001904,1,0.3,0.0,0.0,0.0,0.0,0.0,0.0
45019002701,2,0.77,47591.0,18.3,23795.5,47591.0,0.0,0.0
12115002003,2,0.48,3301.0,0.8,1650.5,3301.0,0.0,0.0
12127082404,2,0.87,73443.0,32.04,36721.5,61634.0,11809.0,0.0
13039010405,1,,100208.0,,100208.0,55315.0,44893.0,0.0
12115002511,1,0.33,2799.0,0.93,2799.0,2742.0,57.0,0.0
12105012113,1,0.15,3332.0,0.51,3332.0,2976.0,356.0,0.0
12099005937,3,1.68,26295.0,14.74,8765.0,26295.0,0.0,0.0
12086018802,1,,0.0,,0.0,0.0,0.0,0.0
12011020404,5,0.58,33841.0,3.93,6768.2,32033.0,1808.0,0.0
12115000407,1,0.26,6390.0,1.69,6390.0,6390.0,0.0,0.0
12086001502,1,0.25,0.0,0.0,0.0,0.0,0.0,0.0
12011020204,3,0.52,12707.0,2.22,4235.67,12707.0,0.0,0.0
12095010201,1,,3352.0,,3352.0,2356.0,996.0,0.0
12071040309,1,0.14,0.0,0.0,0.0,0.0,0.0,0.0
13051010501,1,0.16,27468.0,4.33,27468.0,24544.0,2924.0,0.0
12069030912,1,0.16,0.0,0.0,0.0,0.0,0.0,0.0
12031015927,1,,0.0,,0.0,0.0,0.0,0.0
12081000805,4,0.58,0.0,0.0,0.0,0.0,0.0,0.0
12086007804,1,0.14,0.0,0.0,0.0,0.0,0.0,0.0
12089050310,1,,0.0,,0.0,0.0,0.0,0.0
12115001905,1,0.86,3400.0,2.91,3400.0,3400.0,0.0,0.0
12011110320,1,0.08,0.0,0.0,0.0,0.0,0.0,0.0
13151070309,1,0.13,0.0,0.0,0.0,0.0,0.0,0.0
12009071335,2,0.44,29143.0,6.45,14571.5,19576.0,9567.0,0.0
12009065236,1,0.67,23985.0,16.08,23985.0,20725.0,3260.0,0.0
12001001605,5,,216913.0,,43382.6,175592.0,41321.0,0.0
12086003005,1,,79844.0,,79844.0,71979.0,7865.0,0.0
45019004618,2,,2966.0,,1483.0,2966.0,0.0,0.0
12085001404,1,0.17,0.0,0.0,0.0,0.0,0.0,0.0
12057012702,1,0.27,485.0,0.13,485.0,485.0,0.0,0.0
12081000105,2,0.4,1838.0,0.37,919.0,1539.0,299.0,0.0
12086006101,1,0.17,0.0,0.0,0.0,0.0,0.0,0.0
12057013207,2,0.51,114054.0,29.31,57027.0,107856.0,6198.0,0.0
12095013702,1,0.17,7039.0,1.23,7039.0,7039.0,0.0,0.0
12095014601,1,0.13,0.0,0.0,0.0,0.0,0.0,0.0
12021011301,1,0.15,0.0,0.0,0.0,0.0,0.0,0.0
12011041100,7,1.47,82069.0,17.21,11724.14,67271.0,14798.0,0.0
12101031207,1,0.41,12712.0,5.17,12712.0,10643.0,2069.0,0.0
12071010307,2,0.28,6771.0,0.96,3385.5,6771.0,0.0,0.0
12127083203,3,0.4,84686.0,11.38,28228.67,84686.0,0.0,0.0
12085000901,2,0.92,31123.0,14.27,15561.5,0.0,31123.0,0.0
12095016002,3,1.15,0.0,0.0,0.0,0.0,0.0,0.0
12131950601,2,0.19,0.0,0.0,0.0,0.0,0.0,0.0
12097043801,1,,12040.0,,12040.0,12040.0,0.0,0.0
12113010707,1,0.23,0.0,0.0,0.0,0.0,0.0,0.0
12099002800,1,0.26,0.0,0.0,0.0,0.0,0.0,0.0
13127000408,1,,4290.0,,4290.0,4290.0,0.0,0.0
12081001402,3,1.76,750.0,0.44,250.0,750.0,0.0,0.0
12101032013,2,0.35,35672.0,6.21,17836.0,33105.0,2567.0,0.0
12099007808,2,0.37,0.0,0.0,0.0,0.0,0.0,0.0
12009065129,2,,92821.0,,46410.5,76019.0,16802.0,0.0
45019002200,1,0.32,24429.0,7.8,24429.0,24429.0,0.0,0.0
12069031316,2,,3663.0,,1831.5,3663.0,0.0,0.0
12099007410,2,1.22,2435.0,1.48,1217.5,2435.0,0.0,0.0
12105012002,3,1.02,366348.0,124.65,122116.0,296761.0,69587.0,0.0
12061050810,1,,31323.0,,31323.0,26709.0,4614.0,0.0
12011110360,2,,0.0,,0.0,0.0,0.0,0.0
12001000301,1,0.26,304273.0,79.05,304273.0,304273.0,0.0,0.0
12111381503,2,0.18,2397.0,0.22,1198.5,2397.0,0.0,0.0
12109020605,1,,42295.0,,42295.0,38490.0,3805.0,0.0
12099004602,3,0.6,33488.0,6.72,11162.67,33487.0,1.0,0.0
12011040205,5,0.91,17959.0,3.28,3591.8,16075.0,1884.0,0.0
12083002504,1,0.19,0.0,0.0,0.0,0.0,0.0,0.0
12011090401,1,0.23,0.0,0.0,0.0,0.0,0.0,0.0
12057011507,1,0.14,12518.0,1.71,12518.0,8557.0,3961.0,0.0
12099000204,1,0.27,0.0,0.0,0.0,0.0,0.0,0.0
12089050509,2,,61546.0,,30773.0,52584.0,8962.0,0.0
12005001403,1,0.49,0.0,0.0,0.0,0.0,0.0,0.0
12103027205,1,0.15,0.0,0.0,0.0,0.0,0.0,0.0
12095014813,1,0.24,0.0,0.0,0.0,0.0,0.0,0.0
12071010204,1,0.09,2667.0,0.24,2667.0,2667.0,0.0,0.0
12099006908,1,0.21,0.0,0.0,0.0,0.0,0.0,0.0
45019004606,2,0.21,32854.0,3.37,16427.0,22338.0,10516.0,0.0
12101031410,1,,0.0,,0.0,0.0,0.0,0.0
12099000903,1,0.18,0.0,0.0,0.0,0.0,0.0,0.0
12097042100,1,0.09,0.0,0.0,0.0,0.0,0.0,0.0
12031013502,1,0.28,53855.0,15.08,53855.0,46766.0,7089.0,0.0
13049010100,2,0.2,242709.0,24.83,121354.5,173986.0,68723.0,0.0
45019001100,3,1.18,18479.0,7.28,6159.67,13449.0,5030.0,0.0
13089020802,1,0.21,0.0,0.0,0.0,0.0,0.0,0.0
12011060302,1,0.14,0.0,0.0,0.0,0.0,0.0,0.0
12086000807,1,0.27,16993.0,4.54,16993.0,16993.0,0.0,0.0
12011110303,2,0.47,48883.0,11.48,24441.5,41025.0,7858.0,0.0
12069030308,1,0.25,0.0,0.0,0.0,0.0,0.0,0.0
12031013521,1,0.08,0.0,0.0,0.0,0.0,0.0,0.0
13223120203,1,0.19,0.0,0.0,0.0,0.0,0.0,0.0
12095016729,4,0.22,142446.0,7.71,35611.5,120102.0,22344.0,0.0
12085000700,3,0.93,111032.0,34.45,37010.67,94261.0,16771.0,0.0
12115001803,2,0.77,12121.0,4.65,6060.5,12121.0,0.0,0.0
12009065130,1,,1334.0,,1334.0,1334.0,0.0,0.0
12095017012,2,0.67,0.0,0.0,0.0,0.0,0.0,0.0
12101031603,3,0.33,454.0,0.05,151.33,0.0,454.0,0.0
12021010112,2,,636.0,,318.0,636.0,0.0,0.0
12099006100,1,0.24,0.0,0.0,0.0,0.0,0.0,0.0
12021011305,1,,5224.0,,5224.0,5224.0,0.0,0.0
12093910500,1,0.22,0.0,0.0,0.0,0.0,0.0,0.0
12099005943,3,1.34,0.0,0.0,0.0,0.0,0.0,0.0
12099007847,1,,14885.0,,14885.0,11293.0,3592.0,0.0
12086011401,1,0.05,0.0,0.0,0.0,0.0,0.0,0.0
12086000708,1,0.14,6057.0,0.85,6057.0,6057.0,0.0,0.0
12055960601,1,0.33,0.0,0.0,0.0,0.0,0.0,0.0
12101032007,1,0.35,9393.0,3.25,9393.0,3927.0,5466.0,0.0
12099000507,2,2.42,0.0,0.0,0.0,0.0,0.0,0.0
12086012301,1,,0.0,,0.0,0.0,0.0,0.0
12031014103,1,,4314.0,,4314.0,4314.0,0.0,0.0
12117022002,1,0.27,0.0,0.0,0.0,0.0,0.0,0.0
12095016756,1,,2648.0,,2648.0,2648.0,0.0,0.0
12009071348,1,,28329.0,,28329.0,21020.0,7309.0,0.0
12031002701,2,0.54,73798.0,20.09,36899.0,54514.0,19284.0,0.0
12103026813,1,0.27,0.0,0.0,0.0,0.0,0.0,0.0
12099007730,5,0.79,12976.0,2.05,2595.2,12552.0,424.0,0.0
12095014807,1,0.16,491.0,0.08,491.0,491.0,0.0,0.0
12086010606,4,0.55,3661.0,0.51,915.25,3661.0,0.0,0.0
12009071339,1,0.14,0.0,0.0,0.0,0.0,0.0,0.0
12031011905,1,,23269.0,,23269.0,22435.0,834.0,0.0
12009071301,4,0.81,32660.0,6.61,8165.0,32659.0,1.0,0.0
12086000214,4,0.63,361.0,0.06,90.25,361.0,0.0,0.0
12011080103,1,0.65,0.0,0.0,0.0,0.0,0.0,0.0
12086002900,1,0.15,0.0,0.0,0.0,0.0,0.0,0.0
12011090503,1,0.39,0.0,0.0,0.0,0.0,0.0,0.0
12103025203,3,0.53,0.0,0.0,0.0,0.0,0.0,0.0
45015020406,1,,0.0,,0.0,0.0,0.0,0.0
12113010819,2,0.18,1170.0,0.1,585.0,1170.0,0.0,0.0
12011100801,1,0.27,6336.0,1.73,6336.0,3455.0,2881.0,0.0
12095013801,1,0.4,4655.0,1.84,4655.0,4655.0,0.0,0.0
12011060404,1,,0.0,,0.0,0.0,0.0,0.0
45051051502,1,0.11,0.0,0.0,0.0,0.0,0.0,0.0
12035060220,1,,5514.0,,5514.0,5513.0,1.0,0.0
12109021002,1,0.22,20813.0,4.52,20813.0,20813.0,0.0,0.0
12086010710,2,,114010.0,,57005.0,85235.0,28775.0,0.0
13051010808,1,0.09,6256.0,0.57,6256.0,0.0,6256.0,0.0
12011060129,1,,3044.0,,3044.0,3044.0,0.0,0.0
12099007753,2,0.24,8264.0,1.0,4132.0,8264.0,0.0,0.0
12105011605,3,0.97,27866.0,9.03,9288.67,26657.0,1209.0,0.0
13039010407,2,,80033.0,,40016.5,69438.0,10595.0,0.0
12095017004,1,0.19,0.0,0.0,0.0,0.0,0.0,0.0
12086018900,3,0.46,25004.0,3.81,8334.67,13277.0,11727.0,0.0
12099005917,1,0.22,0.0,0.0,0.0,0.0,0.0,0.0
12015010506,1,,0.0,,0.0,0.0,0.0,0.0
12097041102,1,,5997.0,,5997.0,5997.0,0.0,0.0
12009068501,2,0.77,9357.0,3.59,4678.5,6317.0,3040.0,0.0
12061050707,3,,20319.0,,6773.0,20319.0,0.0,0.0
12031014417,1,,0.0,,0.0,0.0,0.0,0.0
12086020300,6,1.63,61322.0,16.62,10220.33,55108.0,6214.0,0.0
12086000146,1,,0.0,,0.0,0.0,0.0,0.0
12099001004,2,0.37,0.0,0.0,0.0,0.0,0.0,0.0
12071080203,2,1.14,545.0,0.31,272.5,545.0,0.0,0.0
12057011304,1,0.18,14100.0,2.51,14100.0,14100.0,0.0,0.0
12057010501,1,0.17,532.0,0.09,532.0,531.0,1.0,0.0
12111382016,1,,24118.0,,24118.0,24118.0,0.0,0.0
12071001401,1,0.17,1224.0,0.21,1224.0,1224.0,0.0,0.0
12111381701,1,0.34,0.0,0.0,0.0,0.0,0.0,0.0
12086009102,4,,114873.0,,28718.25,114873.0,0.0,0.0
13121010515,1,0.18,0.0,0.0,0.0,0.0,0.0,0.0
12083000102,1,,161980.0,,161980.0,108780.0,53200.0,0.0
12011061001,3,0.46,0.0,0.0,0.0,0.0,0.0,0.0
12115001303,1,0.31,0.0,0.0,0.0,0.0,0.0,0.0
12103027105,1,0.3,0.0,0.0,0.0,0.0,0.0,0.0
12031014329,1,0.32,64620.0,20.38,64620.0,46212.0,18408.0,0.0
12011110361,1,,0.0,,0.0,0.0,0.0,0.0
12071040119,3,1.93,14147.0,9.09,4715.67,10089.0,4058.0,0.0
12011020416,2,,0.0,,0.0,0.0,0.0,0.0
12015010404,2,0.42,0.0,0.0,0.0,0.0,0.0,0.0
13051010807,1,0.16,0.0,0.0,0.0,0.0,0.0,0.0
12099008002,1,0.22,0.0,0.0,0.0,0.0,0.0,0.0
12075970700,1,0.31,5159.0,1.6,5159.0,5159.0,0.0,0.0
12095018800,1,0.26,17493.0,4.5,17493.0,17493.0,0.0,0.0
45045002604,1,0.17,15200.0,2.61,15200.0,15200.0,0.0,0.0
12031014702,1,0.34,25620.0,8.61,25620.0,25620.0,0.0,0.0
12081000901,1,0.18,0.0,0.0,0.0,0.0,0.0,0.0
12086000122,2,0.56,0.0,0.0,0.0,0.0,0.0,0.0
12031014902,1,0.15,22844.0,3.39,22844.0,22844.0,0.0,0.0
12097043204,2,0.11,15848.0,0.84,7924.0,15848.0,0.0,0.0
12117022201,1,0.17,78490.0,13.39,78490.0,57991.0,20499.0,0.0
12086004702,1,0.16,15104.0,2.42,15104.0,15104.0,0.0,0.0
12009060104,2,,6820.0,,3410.0,6820.0,0.0,0.0
12011100203,2,,0.0,,0.0,0.0,0.0,0.0
12081001404,4,1.12,6395.0,1.79,1598.75,6395.0,0.0,0.0
12009071204,1,,12977.0,,12977.0,12977.0,0.0,0.0
12011060115,1,0.14,12500.0,1.72,12500.0,6250.0,6250.0,0.0
12086005703,2,0.26,1354.0,0.17,677.0,1354.0,0.0,0.0
12115000501,1,0.58,135.0,0.08,135.0,135.0,0.0,0.0
12057007002,1,0.3,0.0,0.0,0.0,0.0,0.0,0.0
12086012600,2,0.27,0.0,0.0,0.0,0.0,0.0,0.0
12095013803,1,0.38,27091.0,10.22,27091.0,27091.0,0.0,0.0
12115002011,1,,360.0,,360.0,360.0,0.0,0.0
12105011722,4,1.46,72791.0,26.54,18197.75,70871.0,1920.0,0.0
12081000813,1,,0.0,,0.0,0.0,0.0,0.0
12095017116,2,,28865.0,,14432.5,24115.0,4750.0,0.0
12107950400,1,0.36,0.0,0.0,0.0,0.0,0.0,0.0
12117020901,1,0.24,25454.0,6.08,25454.0,25454.0,0.0,0.0
12003040102,4,0.53,266332.0,35.36,66583.0,200151.0,66181.0,0.0
12011110323,1,0.15,0.0,0.0,0.0,0.0,0.0,0.0
12011020311,3,0.92,84024.0,25.81,28008.0,82556.0,1468.0,0.0
12086009054,1,,20580.0,,20580.0,20580.0,0.0,0.0
12103027324,1,0.25,0.0,0.0,0.0,0.0,0.0,0.0
12103027318,2,0.49,1033.0,0.25,516.5,1033.0,0.0,0.0
12107950800,2,0.61,12850.0,3.92,6425.0,2191.0,10659.0,0.0
12119910402,1,0.33,0.0,0.0,0.0,0.0,0.0,0.0
12086003704,1,0.78,12262.0,9.51,12262.0,12262.0,0.0,0.0
12095017200,1,0.24,83313.0,19.8,83313.0,83313.0,0.0,0.0
12011060607,1,0.32,0.0,0.0,0.0,0.0,0.0,0.0
12086001501,1,0.24,3286.0,0.77,3286.0,3286.0,0.0,0.0
12057013803,2,1.3,26308.0,17.04,13154.0,18061.0,8247.0,0.0
12086008405,1,0.17,4894.0,0.81,4894.0,4175.0,719.0,0.0
12099000408,1,0.26,0.0,0.0,0.0,0.0,0.0,0.0
45043920301,1,0.21,0.0,0.0,0.0,0.0,0.0,0.0
12086019901,3,,20372.0,,6790.67,20372.0,0.0,0.0
12017451602,1,0.16,0.0,0.0,0.0,0.0,0.0,0.0
12086000904,3,,0.0,,0.0,0.0,0.0,0.0
12011010605,1,0.14,3884.0,0.53,3884.0,3884.0,0.0,0.0
12071050320,3,,10597.0,,3532.33,10597.0,0.0,0.0
45075010100,1,0.21,0.0,0.0,0.0,0.0,0.0,0.0
12011060117,1,0.15,0.0,0.0,0.0,0.0,0.0,0.0
12057005800,2,0.42,59073.0,12.3,29536.5,59073.0,0.0,0.0
12085001602,1,0.88,17062.0,14.99,17062.0,6032.0,11030.0,0.0
12109020809,1,,14308.0,,14308.0,6802.0,7506.0,0.0
45061920500,1,0.63,1462.0,0.93,1462.0,1462.0,0.0,0.0
12099008202,1,0.32,0.0,0.0,0.0,0.0,0.0,0.0
12095017107,3,0.4,0.0,0.0,0.0,0.0,0.0,0.0
12086000130,5,2.13,0.0,0.0,0.0,0.0,0.0,0.0
12099004201,1,0.11,0.0,0.0,0.0,0.0,0.0,0.0
12095016754,3,,71409.0,,23803.0,71409.0,0.0,0.0
12101032901,1,0.19,0.0,0.0,0.0,0.0,0.0,0.0
12011042801,3,,0.0,,0.0,0.0,0.0,0.0
12011040204,2,0.81,458945.0,184.76,229472.5,295404.0,163541.0,0.0
12086005701,3,0.46,13604.0,2.08,4534.67,13604.0,0.0,0.0
12011061004,2,,14730.0,,7365.0,14730.0,0.0,0.0
12086008415,4,0.76,139102.0,26.48,34775.5,133253.0,5849.0,0.0
12011090601,2,0.66,10893.0,3.6,5446.5,8513.0,2380.0,0.0
12101032904,1,0.41,3166.0,1.28,3166.0,3166.0,0.0,0.0
12071050502,4,,82363.0,,20590.75,80233.0,2130.0,0.0
12033003507,1,0.14,104964.0,14.58,104964.0,104964.0,0.0,0.0
12071010203,2,0.29,12500.0,1.83,6250.0,6250.0,6250.0,0.0
12031014413,2,0.38,27900.0,5.32,13950.0,23906.0,3994.0,0.0
12095017011,1,0.18,178983.0,31.76,178983.0,178983.0,0.0,0.0
12115001704,1,0.37,62858.0,23.25,62858.0,45625.0,17233.0,0.0
12095016803,2,0.74,247913.0,91.79,123956.5,247913.0,0.0,0.0
12099000202,2,0.32,83343.0,13.46,41671.5,83343.0,0.0,0.0
45019003500,2,0.67,14100.0,4.73,7050.0,14100.0,0.0,0.0
12071050313,2,0.36,0.0,0.0,0.0,0.0,0.0,0.0
12086010017,4,,0.0,,0.0,0.0,0.0,0.0
12031016809,2,,100125.0,,50062.5,81683.0,18442.0,0.0
12101031101,2,0.42,1.0,0.0,0.5,0.0,1.0,0.0
12011100300,2,0.28,0.0,0.0,0.0,0.0,0.0,0.0
12083002602,2,0.26,10277.0,1.32,5138.5,9883.0,394.0,0.0
12055961302,3,0.65,14856.0,3.24,4952.0,14856.0,0.0,0.0
12101032105,1,0.16,1412.0,0.23,1412.0,1412.0,0.0,0.0
12057013602,1,0.5,42504.0,21.14,42504.0,42503.0,1.0,0.0
12115002714,1,0.19,0.0,0.0,0.0,0.0,0.0,0.0
12086009504,1,0.2,10773.0,2.16,10773.0,10773.0,0.0,0.0
45051040400,1,0.25,0.0,0.0,0.0,0.0,0.0,0.0
12105012512,1,,24956.0,,24956.0,21296.0,3660.0,0.0
12101031504,1,0.54,0.0,0.0,0.0,0.0,0.0,0.0
12086008902,2,0.29,18434.0,2.66,9217.0,18434.0,0.0,0.0
12115002726,1,,4000.0,,4000.0,4000.0,0.0,0.0
12085001410,1,0.17,0.0,0.0,0.0,0.0,0.0,0.0
12101031408,2,0.75,27201.0,10.21,13600.5,27201.0,0.0,0.0
12086009320,1,,0.0,,0.0,0.0,0.0,0.0
12099007725,2,0.31,0.0,0.0,0.0,0.0,0.0,0.0
12061050805,1,0.25,5465.0,1.39,5465.0,5465.0,0.0,0.0
12099001102,1,0.44,0.0,0.0,0.0,0.0,0.0,0.0
12099008101,1,0.14,0.0,0.0,0.0,0.0,0.0,0.0
12103028104,2,0.61,8497.0,2.6,4248.5,8496.0,1.0,0.0
12011090504,2,0.69,25424.0,8.74,12712.0,11208.0,14216.0,0.0
12017450901,1,0.33,20551.0,6.85,20551.0,20550.0,1.0,0.0
45085000902,1,0.23,0.0,0.0,0.0,0.0,0.0,0.0
12055961602,3,2.74,21688.0,19.82,7229.33,12790.0,8898.0,0.0
12011110327,1,0.14,0.0,0.0,0.0,0.0,0.0,0.0
12086016300,3,0.57,20114.0,3.84,6704.67,20114.0,0.0,0.0
12011042400,1,0.72,21186.0,15.32,21186.0,13278.0,7908.0,0.0
12031016728,1,0.21,3529.0,0.75,3529.0,3529.0,0.0,0.0
12057014121,1,0.19,0.0,0.0,0.0,0.0,0.0,0.0
12057013807,2,0.27,18241.0,2.44,9120.5,14143.0,4098.0,0.0
12031010304,2,0.26,110643.0,14.27,55321.5,89122.0,21521.0,0.0
12015020101,1,0.14,0.0,0.0,0.0,0.0,0.0,0.0
12011070209,1,0.2,0.0,0.0,0.0,0.0,0.0,0.0
12091022500,1,0.25,0.0,0.0,0.0,0.0,0.0,0.0
12015020103,1,0.16,0.0,0.0,0.0,0.0,0.0,0.0
12127083208,1,0.08,2468.0,0.2,2468.0,2468.0,0.0,0.0
12099007002,2,0.45,0.0,0.0,0.0,0.0,0.0,0.0
12117020201,1,0.49,3961.0,1.92,3961.0,3961.0,0.0,0.0
12101031601,2,0.41,9583.0,1.95,4791.5,9583.0,0.0,0.0
12115002716,1,0.13,0.0,0.0,0.0,0.0,0.0,0.0
45003020802,1,0.19,0.0,0.0,0.0,0.0,0.0,0.0
12086018901,4,,35347.0,,8836.75,35347.0,0.0,0.0
12086007610,1,,0.0,,0.0,0.0,0.0,0.0
12001001902,1,0.32,10433.0,3.36,10433.0,10433.0,0.0,0.0
45051040101,1,0.2,34223.0,6.73,34223.0,29586.0,4637.0,0.0
12095017105,4,0.22,30778.0,1.68,7694.5,30778.0,0.0,0.0
12103026101,1,0.42,0.0,0.0,0.0,0.0,0.0,0.0
12081002010,1,0.3,8734.0,2.65,8734.0,1896.0,6838.0,0.0
12086018100,2,0.37,14059.0,2.57,7029.5,14059.0,0.0,0.0
12015010502,4,0.52,16279.0,2.13,4069.75,13815.0,2464.0,0.0
12099007005,1,0.28,7329.0,2.03,7329.0,3369.0,3960.0,0.0
12021011306,1,,4807.0,,4807.0,1322.0,3485.0,0.0
12086010623,3,,33050.0,,11016.67,33050.0,0.0,0.0
12111380400,1,0.15,12954.0,1.96,12954.0,7426.0,5528.0,0.0
12083002002,3,0.82,36406.0,9.93,12135.33,29287.0,7119.0,0.0
12101032402,2,0.59,27855.0,8.17,13927.5,26024.0,1831.0,0.0
12086012302,1,,0.0,,0.0,0.0,0.0,0.0
12111382126,1,,6050.0,,6050.0,6050.0,0.0,0.0
12069030105,1,0.11,0.0,0.0,0.0,0.0,0.0,0.0
12071001402,3,1.07,9977.0,3.57,3325.67,9977.0,0.0,0.0
12031010800,2,0.37,7609.0,1.42,3804.5,4909.0,2700.0,0.0
45019001600,1,0.57,5475.0,3.14,5475.0,5475.0,0.0,0.0
12093910403,3,0.92,5064.0,1.55,1688.0,4499.0,565.0,0.0
12099007201,1,0.15,0.0,0.0,0.0,0.0,0.0,0.0
12086008803,1,0.15,0.0,0.0,0.0,0.0,0.0,0.0
12101032005,2,0.53,0.0,0.0,0.0,0.0,0.0,0.0
12071010205,1,,0.0,,0.0,0.0,0.0,0.0
12086016502,1,,0.0,,0.0,0.0,0.0,0.0
12086008422,3,,0.0,,0.0,0.0,0.0,0.0
12107950600,2,0.37,27921.0,5.11,13960.5,27921.0,0.0,0.0
45019003400,1,0.22,14071.0,3.07,14071.0,9269.0,4802.0,0.0
12086002707,3,,68210.0,,22736.67,68210.0,0.0,0.0
12095012403,2,0.4,83978.0,16.9,41989.0,80343.0,3635.0,0.0
13097080602,1,0.17,0.0,0.0,0.0,0.0,0.0,0.0
13157010500,1,0.2,0.0,0.0,0.0,0.0,0.0,0.0
12086000718,1,,0.0,,0.0,0.0,0.0,0.0
12071001922,2,,0.0,,0.0,0.0,0.0,0.0
12086000307,1,0.2,6114.0,1.23,6114.0,6114.0,0.0,0.0
12103024409,1,0.34,0.0,0.0,0.0,0.0,0.0,0.0
12057010217,1,,0.0,,0.0,0.0,0.0,0.0
12009064201,2,0.97,131315.0,63.62,65657.5,92315.0,39000.0,0.0
12099001200,1,0.21,4914.0,1.01,4914.0,4914.0,0.0,0.0
12099007734,2,0.87,0.0,0.0,0.0,0.0,0.0,0.0
12086000133,1,0.14,0.0,0.0,0.0,0.0,0.0,0.0
12086007501,2,0.69,5685.0,1.96,2842.5,5685.0,0.0,0.0
13245001602,1,0.25,16004.0,3.96,16004.0,16004.0,0.0,0.0
12055961401,2,,10084.0,,5042.0,10084.0,0.0,0.0
12011040300,1,0.23,10455.0,2.37,10455.0,10455.0,0.0,0.0
12086000129,1,0.49,0.0,0.0,0.0,0.0,0.0,0.0
12099007756,1,0.17,0.0,0.0,0.0,0.0,0.0,0.0
12109021003,2,0.3,25787.0,3.92,12893.5,25787.0,0.0,0.0
12089050305,1,,84530.0,,84530.0,84530.0,0.0,0.0
12086008502,2,0.4,24482.0,4.92,12241.0,20812.0,3670.0,0.0
12086010006,3,0.33,6112.0,0.68,2037.33,6112.0,0.0,0.0
13121011202,1,0.24,0.0,0.0,0.0,0.0,0.0,0.0
12097043207,1,,7585.0,,7585.0,5663.0,1922.0,0.0
13051004002,1,0.28,0.0,0.0,0.0,0.0,0.0,0.0
12093910101,1,0.16,28598.0,4.59,28598.0,28598.0,0.0,0.0
12099004813,1,0.16,8622.0,1.37,8622.0,8622.0,0.0,0.0
12071010302,3,0.5,0.0,0.0,0.0,0.0,0.0,0.0
12086011410,1,,0.0,,0.0,0.0,0.0,0.0
13179010206,1,0.19,0.0,0.0,0.0,0.0,0.0,0.0
12086013300,1,0.17,0.0,0.0,0.0,0.0,0.0,0.0
12031013902,4,0.75,29235.0,5.46,7308.75,29234.0,1.0,0.0
12095014704,1,0.08,0.0,0.0,0.0,0.0,0.0,0.0
12086007403,1,,28568.0,,28568.0,27405.0,1163.0,0.0
12069031108,2,,2259.0,,1129.5,2259.0,0.0,0.0
12095016734,1,0.08,16640.0,1.29,16640.0,16640.0,0.0,0.0
12017450400,1,0.17,42337.0,7.12,42337.0,42336.0,1.0,0.0
12099004815,1,0.14,0.0,0.0,0.0,0.0,0.0,0.0
12086013600,1,0.17,3016.0,0.51,3016.0,3016.0,0.0,0.0
12086010011,1,0.15,0.0,0.0,0.0,0.0,0.0,0.0
12086000410,1,0.22,0.0,0.0,0.0,0.0,0.0,0.0
12127082506,1,0.25,0.0,0.0,0.0,0.0,0.0,0.0
12099007624,1,,0.0,,0.0,0.0,0.0,0.0
12109021203,2,0.24,13969.0,1.69,6984.5,13969.0,0.0,0.0
12011070322,1,0.13,24276.0,3.22,24276.0,21780.0,2496.0,0.0
12009065121,1,0.15,39098.0,5.74,39098.0,39098.0,0.0,0.0
12043000200,3,0.41,3726.0,0.52,1242.0,3726.0,0.0,0.0
12099000303,1,0.23,0.0,0.0,0.0,0.0,0.0,0.0
12021010438,1,,0.0,,0.0,0.0,0.0,0.0
12103023900,1,0.49,1121.0,0.55,1121.0,1121.0,0.0,0.0
12071010309,3,,15589.0,,5196.33,10867.0,4722.0,0.0
12127091019,2,0.39,0.0,0.0,0.0,0.0,0.0,0.0
12086001401,2,0.36,35933.0,6.39,17966.5,35933.0,0.0,0.0
13299950500,1,0.2,4006.0,0.79,4006.0,4006.0,0.0,0.0
12086002501,2,0.37,22900.0,4.2,11450.0,21742.0,1158.0,0.0
12105010501,1,0.57,0.0,0.0,0.0,0.0,0.0,0.0
12011090502,1,0.14,45565.0,6.54,45565.0,33360.0,12205.0,0.0
45013011200,1,1.36,0.0,0.0,0.0,0.0,0.0,0.0
12086980500,2,,0.0,,0.0,0.0,0.0,0.0
45019005000,1,0.19,64545.0,12.52,64545.0,64545.0,0.0,0.0
12023110202,1,0.18,1874.0,0.33,1874.0,0.0,1874.0,0.0
12103024511,1,0.11,0.0,0.0,0.0,0.0,0.0,0.0
12031014401,1,0.07,0.0,0.0,0.0,0.0,0.0,0.0
12101031405,1,0.5,0.0,0.0,0.0,0.0,0.0,0.0
12117021100,1,0.31,17306.0,5.31,17306.0,17306.0,0.0,0.0
12103027320,4,0.91,4996.0,1.13,1249.0,4996.0,0.0,0.0
12103026815,1,0.2,0.0,0.0,0.0,0.0,0.0,0.0
12099005813,1,0.16,0.0,0.0,0.0,0.0,0.0,0.0
12011040206,1,0.44,0.0,0.0,0.0,0.0,0.0,0.0
12069030110,1,,10474.0,,10474.0,10474.0,0.0,0.0
12086001602,1,0.14,16595.0,2.37,16595.0,16595.0,0.0,0.0
12086000220,1,0.19,5978.0,1.14,5978.0,5978.0,0.0,0.0
12109020904,3,,40753.0,,13584.33,31229.0,9524.0,0.0
12095015202,3,0.43,79915.0,11.41,26638.33,69086.0,10829.0,0.0
12099001700,2,0.42,0.0,0.0,0.0,0.0,0.0,0.0
12057012001,1,0.39,0.0,0.0,0.0,0.0,0.0,0.0
12091023100,1,0.12,4180.0,0.51,4180.0,4180.0,0.0,0.0
12127090803,1,0.2,0.0,0.0,0.0,0.0,0.0,0.0
12127083009,1,0.27,39315.0,10.79,39315.0,39225.0,90.0,0.0
12085000200,3,0.85,1146.0,0.33,382.0,1146.0,0.0,0.0
12115001805,1,0.57,0.0,0.0,0.0,0.0,0.0,0.0
12109020905,1,,110212.0,,110212.0,91139.0,19073.0,0.0
12099005903,2,0.24,59409.0,7.14,29704.5,41266.0,18143.0,0.0
45013001103,1,,10753.0,,10753.0,10753.0,0.0,0.0
12049970201,1,0.23,55503.0,13.01,55503.0,41968.0,13535.0,0.0
13051003302,1,0.56,0.0,0.0,0.0,0.0,0.0,0.0
13039010201,1,,4522.0,,4522.0,3412.0,1110.0,0.0
12101031301,2,0.53,26023.0,6.85,13011.5,26023.0,0.0,0.0
12071040210,1,0.41,0.0,0.0,0.0,0.0,0.0,0.0
12031012300,1,0.28,8293.0,2.29,8293.0,8293.0,0.0,0.0
12011041602,1,,0.0,,0.0,0.0,0.0,0.0
12011060206,2,0.41,14228.0,2.94,7114.0,7096.0,7132.0,0.0
12095016603,1,,14169.0,,14169.0,14169.0,0.0,0.0
12071010415,1,,0.0,,0.0,0.0,0.0,0.0
12086009324,1,,8641.0,,8641.0,8641.0,0.0,0.0
12085000701,1,,77792.0,,77792.0,55738.0,22054.0,0.0
12103025013,1,0.25,11189.0,2.75,11189.0,11189.0,0.0,0.0
12011070326,1,,24713.0,,24713.0,24713.0,0.0,0.0
12069030804,1,0.63,0.0,0.0,0.0,0.0,0.0,0.0
12099004904,1,0.16,45382.0,7.47,45382.0,45382.0,0.0,0.0
12086000806,1,0.21,0.0,0.0,0.0,0.0,0.0,0.0
13097080511,1,0.11,0.0,0.0,0.0,0.0,0.0,0.0
12071040305,1,0.29,5496.0,1.59,5496.0,3376.0,2120.0,0.0
12057010305,1,0.26,2722.0,0.7,2722.0,2722.0,0.0,0.0
12086004406,4,1.55,59741.0,23.15,14935.25,59741.0,0.0,0.0
12099000805,1,,4202.0,,4202.0,4202.0,0.0,0.0
12081000703,1,0.38,5356.0,2.01,5356.0,5356.0,0.0,0.0
12127083205,3,0.85,1186867.0,335.46,395622.33,965146.0,221721.0,0.0
12017451102,1,0.17,0.0,0.0,0.0,0.0,0.0,0.0
12115001506,1,0.16,34484.0,5.51,34484.0,5011.0,29473.0,0.0
12011090304,1,,32500.0,,32500.0,32500.0,0.0,0.0
12095014812,1,0.17,0.0,0.0,0.0,0.0,0.0,0.0
12099007603,1,0.42,0.0,0.0,0.0,0.0,0.0,0.0
12127080805,1,0.17,4603.0,0.8,4603.0,4192.0,411.0,0.0
12081000103,1,0.21,0.0,0.0,0.0,0.0,0.0,0.0
12057006700,1,0.17,2128.0,0.37,2128.0,2128.0,0.0,0.0
12031013522,1,0.25,0.0,0.0,0.0,0.0,0.0,0.0
12099000215,1,0.11,0.0,0.0,0.0,0.0,0.0,0.0
12121970602,1,,0.0,,0.0,0.0,0.0,0.0
12061050604,1,0.64,5201.0,3.35,5201.0,0.0,5201.0,0.0
12103027402,2,0.32,1.0,0.0,0.5,0.0,1.0,0.0
12086001608,1,,10146.0,,10146.0,6798.0,3348.0,0.0
12105011603,1,0.42,4101.0,1.72,4101.0,3819.0,282.0,0.0
12095014805,1,0.17,0.0,0.0,0.0,0.0,0.0,0.0
12086017402,1,,0.0,,0.0,0.0,0.0,0.0
12101031401,1,0.27,0.0,0.0,0.0,0.0,0.0,0.0
12101032401,1,0.35,13699.0,4.86,13699.0,13699.0,0.0,0.0
12081002017,1,0.24,3385.0,0.82,3385.0,3385.0,0.0,0.0
12095011701,1,0.21,17610.0,3.76,17610.0,16079.0,1531.0,0.0
45051050500,1,0.21,0.0,0.0,0.0,0.0,0.0,0.0
13039010602,1,0.92,21315.0,19.56,21315.0,15418.0,5897.0,0.0
12131950502,1,0.22,0.0,0.0,0.0,0.0,0.0,0.0
12033002602,2,1.39,0.0,0.0,0.0,0.0,0.0,0.0
12085001301,1,0.16,0.0,0.0,0.0,0.0,0.0,0.0
12015020301,1,0.18,5113.0,0.93,5113.0,5113.0,0.0,0.0
12117021617,1,,284.0,,284.0,284.0,0.0,0.0
12011020321,1,0.53,30650.0,16.29,30650.0,22856.0,7794.0,0.0
12011041801,4,2.14,47277.0,25.34,11819.25,37066.0,10211.0,0.0
12103020400,1,0.4,0.0,0.0,0.0,0.0,0.0,0.0
12021010432,1,,33807.0,,33807.0,8326.0,25481.0,0.0
13051011600,2,0.8,29332.0,11.76,14666.0,29332.0,0.0,0.0
12011091500,2,0.36,50931.0,9.1,25465.5,50931.0,0.0,0.0
12021011110,1,,0.0,,0.0,0.0,0.0,0.0
12117021806,1,0.21,0.0,0.0,0.0,0.0,0.0,0.0
12011100400,2,0.32,0.0,0.0,0.0,0.0,0.0,0.0
12086007801,3,2.71,401765.0,363.59,133921.67,298219.0,103546.0,0.0
12097042200,2,0.22,24218.0,2.6,12109.0,18362.0,5856.0,0.0
12053040501,1,0.24,6033.0,1.45,6033.0,6033.0,0.0,0.0
12057013702,3,0.31,0.0,0.0,0.0,0.0,0.0,0.0
12061050506,1,,63800.0,,63800.0,63800.0,0.0,0.0
12105015405,2,0.75,14299.0,5.36,7149.5,14299.0,0.0,0.0
12095015106,1,0.13,0.0,0.0,0.0,0.0,0.0,0.0
12011060130,1,,20150.0,,20150.0,12179.0,7971.0,0.0
12086000142,1,,84375.0,,84375.0,84375.0,0.0,0.0
12086013400,1,0.16,3217.0,0.5,3217.0,0.0,3217.0,0.0
12099003511,2,1.13,2000.0,1.13,1000.0,0.0,2000.0,0.0
12019031300,3,0.48,70477.0,11.3,23492.33,60357.0,10120.0,0.0
12095015702,2,1.06,20641.0,10.93,10320.5,20044.0,597.0,0.0
12119911200,1,0.02,1450.0,0.04,1450.0,1450.0,0.0,0.0
45019004614,1,0.13,0.0,0.0,0.0,0.0,0.0,0.0
12086014400,2,0.41,974.0,0.2,487.0,974.0,0.0,0.0
12017450602,1,0.23,2.0,0.0,2.0,1.0,1.0,0.0
12099001907,1,0.32,4017.0,1.29,4017.0,4017.0,0.0,0.0
12103025007,3,0.72,32375.0,7.8,10791.67,25478.0,6897.0,0.0
12086005704,2,0.22,3740.0,0.41,1870.0,3740.0,0.0,0.0
12011110328,1,0.2,1839.0,0.38,1839.0,1839.0,0.0,0.0
12031016808,3,0.82,219544.0,59.87,73181.33,172166.0,47378.0,0.0
12083000901,1,0.18,18080.0,3.19,18080.0,5207.0,12873.0,0.0
12086014000,1,5.38,0.0,0.0,0.0,0.0,0.0,0.0
13191110102,1,,8295.0,,8295.0,5795.0,2500.0,0.0
12086008910,1,,12975.0,,12975.0,12975.0,0.0,0.0
12101032111,2,0.56,21641.0,6.02,10820.5,21641.0,0.0,0.0
12011020314,1,0.19,0.0,0.0,0.0,0.0,0.0,0.0
12086006103,1,,0.0,,0.0,0.0,0.0,0.0
12011070104,1,,0.0,,0.0,0.0,0.0,0.0
12015030102,1,,0.0,,0.0,0.0,0.0,0.0
12081001405,1,,0.0,,0.0,0.0,0.0,0.0
12081002011,1,0.25,0.0,0.0,0.0,0.0,0.0,0.0
12049970300,2,0.25,182172.0,22.83,91086.0,134561.0,47611.0,0.0
12103028200,1,0.39,0.0,0.0,0.0,0.0,0.0,0.0
12086005501,1,0.13,375302.0,50.65,375302.0,375302.0,0.0,0.0
12057002900,1,0.47,0.0,0.0,0.0,0.0,0.0,0.0
12069030406,1,0.25,0.0,0.0,0.0,0.0,0.0,0.0
12071010503,3,,0.0,,0.0,0.0,0.0,0.0
12117021504,1,0.32,21290.0,6.75,21290.0,21290.0,0.0,0.0
12086013100,1,0.18,4146.0,0.74,4146.0,4146.0,0.0,0.0
12103025004,1,0.16,0.0,0.0,0.0,0.0,0.0,0.0
12069031305,2,0.25,39021.0,4.92,19510.5,39021.0,0.0,0.0
12113010811,1,0.07,0.0,0.0,0.0,0.0,0.0,0.0
12031011902,1,0.09,54433.0,4.9,54433.0,54433.0,0.0,0.0
12086004705,1,,4622.0,,4622.0,2122.0,2500.0,0.0
12009065240,1,,17934.0,,17934.0,17934.0,0.0,0.0
12115002303,1,0.2,6448.0,1.28,6448.0,2931.0,3517.0,0.0
12057014108,2,0.32,33423.0,5.32,16711.5,33423.0,0.0,0.0
12011080105,2,,0.0,,0.0,0.0,0.0,0.0
12031013525,1,,21316.0,,21316.0,21316.0,0.0,0.0
12003040201,1,0.14,2078.0,0.28,2078.0,2078.0,0.0,0.0
12021010217,1,,0.0,,0.0,0.0,0.0,0.0
12086019400,2,0.25,0.0,0.0,0.0,0.0,0.0,0.0
12073000901,1,0.12,0.0,0.0,0.0,0.0,0.0,0.0
12017450502,1,,0.0,,0.0,0.0,0.0,0.0
12123950200,1,0.2,6987.0,1.37,6987.0,6987.0,0.0,0.0
12089050401,1,,267190.0,,267190.0,185665.0,81525.0,0.0
12105013101,1,0.23,0.0,0.0,0.0,0.0,0.0,0.0
13051010809,1,0.09,2554.0,0.22,2554.0,2554.0,0.0,0.0
12111382201,2,,27356.0,,13678.0,27356.0,0.0,0.0
12086000404,1,0.13,0.0,0.0,0.0,0.0,0.0,0.0
12117020803,1,0.14,682.0,0.1,682.0,682.0,0.0,0.0
12099003513,3,,0.0,,0.0,0.0,0.0,0.0
12011041500,1,0.25,0.0,0.0,0.0,0.0,0.0,0.0
12009068502,2,0.84,45066.0,18.89,22533.0,26931.0,18135.0,0.0
12111382013,1,,0.0,,0.0,0.0,0.0,0.0
12011060606,1,0.18,0.0,0.0,0.0,0.0,0.0,0.0
12001000400,1,0.17,9651.0,1.61,9651.0,9651.0,0.0,0.0
45013010800,1,0.25,29537.0,7.33,29537.0,29537.0,0.0,0.0
12009064700,2,0.49,88304.0,21.73,44152.0,82919.0,5385.0,0.0
12105014123,1,0.16,1506.0,0.24,1506.0,1506.0,0.0,0.0
12097043802,1,,0.0,,0.0,0.0,0.0,0.0
12095016602,3,0.32,24436.0,2.59,8145.33,17221.0,7215.0,0.0
12086009326,1,,0.0,,0.0,0.0,0.0,0.0
12061050706,1,,28993.0,,28993.0,28993.0,0.0,0.0
12117020601,1,,326885.0,,326885.0,326885.0,0.0,0.0
12081000306,1,0.16,1587.0,0.25,1587.0,0.0,1587.0,0.0
12086008427,1,,0.0,,0.0,0.0,0.0,0.0
12109020807,1,0.51,97072.0,49.63,97072.0,74676.0,22396.0,0.0
12099007007,1,0.24,1812.0,0.44,1812.0,1812.0,0.0,0.0
12057001002,1,0.2,0.0,0.0,0.0,0.0,0.0,0.0
13051004212,1,0.17,6517.0,1.11,6517.0,0.0,6517.0,0.0
12099005947,1,0.23,29836.0,6.77,29836.0,22750.0,7086.0,0.0
12086001209,1,,15284.0,,15284.0,15284.0,0.0,0.0
12105011822,1,0.23,0.0,0.0,0.0,0.0,0.0,0.0
12031016000,1,0.13,0.0,0.0,0.0,0.0,0.0,0.0
12125960200,1,0.13,36586.0,4.89,36586.0,21473.0,15113.0,0.0
12057012106,1,0.19,4915.0,0.95,4915.0,4915.0,0.0,0.0
12086017102,1,,0.0,,0.0,0.0,0.0,0.0
13051010503,2,,170203.0,,85101.5,154378.0,15825.0,0.0
12086004208,1,,44093.0,,44093.0,44093.0,0.0,0.0
13173950200,1,0.12,0.0,0.0,0.0,0.0,0.0,0.0
12105014105,2,0.29,157199.0,22.43,78599.5,111069.0,46130.0,0.0
12011061100,1,0.12,73093.0,8.92,73093.0,19414.0,53679.0,0.0
12011020316,2,0.51,0.0,0.0,0.0,0.0,0.0,0.0
12099005935,1,0.46,0.0,0.0,0.0,0.0,0.0,0.0
12086013800,1,0.12,0.0,0.0,0.0,0.0,0.0,0.0
12103024509,1,0.28,0.0,0.0,0.0,0.0,0.0,0.0
12031012900,2,0.69,6105.0,2.09,3052.5,6104.0,1.0,0.0
12021011212,1,,0.0,,0.0,0.0,0.0,0.0
12053041602,1,,0.0,,0.0,0.0,0.0,0.0
12015030506,1,,0.0,,0.0,0.0,0.0,0.0
12081001104,1,0.2,0.0,0.0,0.0,0.0,0.0,0.0
13179010208,1,0.16,0.0,0.0,0.0,0.0,0.0,0.0
12101031704,1,0.18,9374.0,1.65,9374.0,9374.0,0.0,0.0
12017451400,1,0.19,17230.0,3.2,17230.0,17230.0,0.0,0.0
12111381401,1,0.21,5368.0,1.14,5368.0,5368.0,0.0,0.0
12011070312,1,0.14,0.0,0.0,0.0,0.0,0.0,0.0
12103022502,1,0.25,0.0,0.0,0.0,0.0,0.0,0.0
12015020800,1,0.21,300.0,0.06,300.0,300.0,0.0,0.0
12011060700,1,0.31,23598.0,7.42,23598.0,23598.0,0.0,0.0
12086000905,1,,0.0,,0.0,0.0,0.0,0.0
12071040116,1,0.13,0.0,0.0,0.0,0.0,0.0,0.0
12127080803,1,0.2,5287.0,1.05,5287.0,5287.0,0.0,0.0
12099007767,1,0.27,15294.0,4.14,15294.0,15294.0,0.0,0.0
12086009036,1,0.11,0.0,0.0,0.0,0.0,0.0,0.0
12071001708,1,,0.0,,0.0,0.0,0.0,0.0
12086002502,1,0.19,0.0,0.0,0.0,0.0,0.0,0.0
12011042500,2,0.3,161422.0,24.01,80711.0,161422.0,0.0,0.0
45045003014,1,0.19,124.0,0.02,124.0,0.0,124.0,0.0
12011042602,1,,66568.0,,66568.0,66568.0,0.0,0.0
12031013504,1,0.16,12863.0,2.08,12863.0,12863.0,0.0,0.0
12097041006,1,,0.0,,0.0,0.0,0.0,0.0
12113010709,1,,15077.0,,15077.0,1997.0,13080.0,0.0
12001001813,1,0.3,0.0,0.0,0.0,0.0,0.0,0.0
12031013301,1,,24718.0,,24718.0,18293.0,6425.0,0.0
12111382109,2,0.17,0.0,0.0,0.0,0.0,0.0,0.0
13051000300,1,0.66,105333.0,69.12,105333.0,105333.0,0.0,0.0
12099005931,1,0.31,0.0,0.0,0.0,0.0,0.0,0.0
12011040902,3,0.78,0.0,0.0,0.0,0.0,0.0,0.0
12099007742,1,0.2,0.0,0.0,0.0,0.0,0.0,0.0
12115001101,1,0.19,0.0,0.0,0.0,0.0,0.0,0.0
12031014500,2,0.5,23898.0,5.96,11949.0,12672.0,11226.0,0.0
12019031104,1,0.28,0.0,0.0,0.0,0.0,0.0,0.0
12099004822,1,,0.0,,0.0,0.0,0.0,0.0
12057013505,1,0.28,0.0,0.0,0.0,0.0,0.0,0.0
13051003501,1,0.38,0.0,0.0,0.0,0.0,0.0,0.0
12105011704,1,0.2,11229.0,2.22,11229.0,7179.0,4050.0,0.0
12127090303,1,0.36,12001.0,4.34,12001.0,0.0,12001.0,0.0
12061050200,1,0.23,0.0,0.0,0.0,0.0,0.0,0.0
12031013300,1,0.13,189009.0,24.79,189009.0,189009.0,0.0,0.0
12101031009,1,0.32,5415.0,1.75,5415.0,5415.0,0.0,0.0
12057011003,2,0.43,30606.0,6.62,15303.0,30606.0,0.0,0.0
12057011613,1,0.17,0.0,0.0,0.0,0.0,0.0,0.0
12011070321,2,0.7,14528.0,5.09,7264.0,14528.0,0.0,0.0
12111382010,1,0.44,10166.0,4.47,10166.0,10166.0,0.0,0.0
12105014501,1,0.13,15331.0,2.0,15331.0,15331.0,0.0,0.0
12001001815,1,,39197.0,,39197.0,39197.0,0.0,0.0
12011020213,1,,4685.0,,4685.0,4568.0,117.0,0.0
12099007909,1,0.26,0.0,0.0,0.0,0.0,0.0,0.0
12101031012,1,0.21,0.0,0.0,0.0,0.0,0.0,0.0
12071010502,1,0.18,10001.0,1.75,10001.0,10000.0,1.0,0.0
12099000904,1,0.24,0.0,0.0,0.0,0.0,0.0,0.0
12099000214,1,0.13,0.0,0.0,0.0,0.0,0.0,0.0
45019004619,1,,43593.0,,43593.0,43593.0,0.0,0.0
12097040804,1,0.16,0.0,0.0,0.0,0.0,0.0,0.0
12069030807,1,0.26,0.0,0.0,0.0,0.0,0.0,0.0
12011020412,1,0.28,0.0,0.0,0.0,0.0,0.0,0.0
12105012602,1,0.15,20462.0,3.15,20462.0,16655.0,3807.0,0.0
12086011412,1,,0.0,,0.0,0.0,0.0,0.0
12031012704,1,0.18,28358.0,5.03,28358.0,28358.0,0.0,0.0
12086001703,1,0.22,0.0,0.0,0.0,0.0,0.0,0.0
12115001702,1,0.17,0.0,0.0,0.0,0.0,0.0,0.0
12103025120,1,0.29,0.0,0.0,0.0,0.0,0.0,0.0
12031013732,2,,96513.0,,48256.5,77952.0,18561.0,0.0
12095011600,1,0.19,0.0,0.0,0.0,0.0,0.0,0.0
12021010437,1,,0.0,,0.0,0.0,0.0,0.0
12099000905,1,0.21,0.0,0.0,0.0,0.0,0.0,0.0
12061050306,1,,1060.0,,1060.0,1060.0,0.0,0.0
12071010110,1,,0.0,,0.0,0.0,0.0,0.0
12011010202,1,,7768.0,,7768.0,7768.0,0.0,0.0
12095016737,1,,114453.0,,114453.0,95260.0,19193.0,0.0
12095019000,1,,18820.0,,18820.0,18820.0,0.0,0.0
12095017014,1,0.08,7713.0,0.61,7713.0,7713.0,0.0,0.0
12099007505,1,0.4,39853.0,15.97,39853.0,39852.0,1.0,0.0
12086003004,1,0.19,504869.0,96.83,504869.0,504869.0,0.0,0.0
12117021612,1,0.24,54752.0,13.28,54752.0,44131.0,10621.0,0.0
12055961402,1,,0.0,,0.0,0.0,0.0,0.0
12057013003,1,0.31,19130.0,5.87,19130.0,19130.0,0.0,0.0
12086006706,1,0.5,0.0,0.0,0.0,0.0,0.0,0.0
12099004823,1,,0.0,,0.0,0.0,0.0,0.0
12081001601,1,0.2,0.0,0.0,0.0,0.0,0.0,0.0
12053040909,1,0.22,21939.0,4.84,21939.0,21939.0,0.0,0.0
12057013307,1,0.26,2625.0,0.69,2625.0,2625.0,0.0,0.0
12011010702,1,0.1,0.0,0.0,0.0,0.0,0.0,0.0
12069031311,1,0.05,5322.0,0.26,5322.0,5322.0,0.0,0.0
12086008310,1,,0.0,,0.0,0.0,0.0,0.0
12105011834,1,0.16,27927.0,4.38,27927.0,9985.0,17942.0,0.0
12103024908,1,,0.0,,0.0,0.0,0.0,0.0
12011041601,1,,5570.0,,5570.0,5570.0,0.0,0.0
12099006602,1,0.31,3186.0,0.99,3186.0,3186.0,0.0,0.0
12057013604,1,0.82,0.0,0.0,0.0,0.0,0.0,0.0
12101030102,1,0.35,0.0,0.0,0.0,0.0,0.0,0.0
12011110334,1,0.39,0.0,0.0,0.0,0.0,0.0,0.0
12011050315,1,,0.0,,0.0,0.0,0.0,0.0
13031110900,1,0.13,35903.0,4.84,35903.0,31650.0,4253.0,0.0
12111382112,1,0.12,0.0,0.0,0.0,0.0,0.0,0.0
45041002400,1,0.26,0.0,0.0,0.0,0.0,0.0,0.0
12095016412,1,0.2,0.0,0.0,0.0,0.0,0.0,0.0
12009071601,1,,11474.0,,11474.0,11046.0,428.0,0.0
12057006000,1,0.18,20845.0,3.83,20845.0,18143.0,2702.0,0.0
12086000716,1,,0.0,,0.0,0.0,0.0,0.0
12011100301,2,,9611.0,,4805.5,9611.0,0.0,0.0
12031001200,1,0.47,0.0,0.0,0.0,0.0,0.0,0.0
12097043303,1,,14093.0,,14093.0,14093.0,0.0,0.0
12103022402,1,0.2,0.0,0.0,0.0,0.0,0.0,0.0
12081001910,1,0.2,0.0,0.0,0.0,0.0,0.0,0.0
12086007104,1,0.29,1930.0,0.57,1930.0,1930.0,0.0,0.0
12057014104,1,0.58,0.0,0.0,0.0,0.0,0.0,0.0
12123950400,1,0.12,0.0,0.0,0.0,0.0,0.0,0.0
12111382110,1,0.14,0.0,0.0,0.0,0.0,0.0,0.0
12111382008,1,0.13,4525.0,0.6,4525.0,4525.0,0.0,0.0
12011070102,1,0.79,53511.0,42.44,53511.0,41958.0,11553.0,0.0
12011110343,1,0.12,1152.0,0.13,1152.0,1152.0,0.0,0.0
12031010305,1,,7762.0,,7762.0,7762.0,0.0,0.0
12071040203,1,0.09,0.0,0.0,0.0,0.0,0.0,0.0
12095015701,1,0.51,10255.0,5.27,10255.0,4272.0,5983.0,0.0
12069030107,1,0.17,0.0,0.0,0.0,0.0,0.0,0.0
12085001701,1,,2087.0,,2087.0,2087.0,0.0,0.0
12081001907,1,0.19,0.0,0.0,0.0,0.0,0.0,0.0
12031013523,1,,24592.0,,24592.0,24592.0,0.0,0.0
12095014811,1,0.19,0.0,0.0,0.0,0.0,0.0,0.0
12057011206,1,0.38,8750.0,3.33,8750.0,8750.0,0.0,0.0
12115002102,1,,0.0,,0.0,0.0,0.0,0.0
12086009905,1,0.17,0.0,0.0,0.0,0.0,0.0,0.0
12009062301,1,0.27,0.0,0.0,0.0,0.0,0.0,0.0
12103020302,1,0.25,2422.0,0.61,2422.0,2422.0,0.0,0.0
45015020407,1,,0.0,,0.0,0.0,0.0,0.0
12049970401,1,,0.0,,0.0,0.0,0.0,0.0
12011110367,1,,0.0,,0.0,0.0,0.0,0.0
12117022104,1,0.14,4147.0,0.6,4147.0,4147.0,0.0,0.0
12001002101,1,0.46,61739.0,28.54,61739.0,59689.0,2050.0,0.0
13135050623,1,,4924.0,,4924.0,4924.0,0.0,0.0
12115002715,1,0.13,0.0,0.0,0.0,0.0,0.0,0.0
12086018001,1,,0.0,,0.0,0.0,0.0,0.0
12011010305,1,0.23,0.0,0.0,0.0,0.0,0.0,0.0
12055961700,1,0.23,0.0,0.0,0.0,0.0,0.0,0.0
12009071602,1,,24638.0,,24638.0,24638.0,0.0,0.0
12099002701,1,,0.0,,0.0,0.0,0.0,0.0
12083001800,1,0.62,0.0,0.0,0.0,0.0,0.0,0.0
12053040302,1,0.25,120285.0,29.59,120285.0,37650.0,82635.0,0.0
12085000603,1,0.18,42346.0,7.41,42346.0,42165.0,181.0,0.0
12011010603,1,0.18,16442.0,2.91,16442.0,15082.0,1360.0,0.0
45013011300,1,0.98,28276.0,27.64,28276.0,28276.0,0.0,0.0
13121010304,1,0.06,0.0,0.0,0.0,0.0,0.0,0.0
12101031008,2,0.89,9310.0,4.14,4655.0,9310.0,0.0,0.0
12086007701,1,0.16,0.0,0.0,0.0,0.0,0.0,0.0
13179010207,1,0.18,0.0,0.0,0.0,0.0,0.0,0.0
12105012513,1,,0.0,,0.0,0.0,0.0,0.0
12055960104,2,,27817.0,,13908.5,12464.0,15353.0,0.0
45053950204,1,,6311.0,,6311.0,6311.0,0.0,0.0
12105011912,1,0.61,0.0,0.0,0.0,0.0,0.0,0.0
12113010812,1,0.2,9785.0,1.97,9785.0,9785.0,0.0,0.0
13039010604,1,,40386.0,,40386.0,29704.0,10682.0,0.0
12099006010,1,0.25,0.0,0.0,0.0,0.0,0.0,0.0
12086000145,1,,0.0,,0.0,0.0,0.0,0.0
13029920301,1,0.57,0.0,0.0,0.0,0.0,0.0,0.0
12081001908,1,0.15,0.0,0.0,0.0,0.0,0.0,0.0
13089021405,1,0.22,0.0,0.0,0.0,0.0,0.0,0.0
13237960101,1,0.32,0.0,0.0,0.0,0.0,0.0,0.0
12095016811,1,,3700.0,,3700.0,0.0,3700.0,0.0
12127081800,1,0.33,0.0,0.0,0.0,0.0,0.0,0.0
12011070320,1,0.13,0.0,0.0,0.0,0.0,0.0,0.0
12099005409,1,1.12,211479.0,237.08,211479.0,211288.0,191.0,0.0
12117021317,1,0.11,6268.0,0.66,6268.0,4950.0,1318.0,0.0
12101032200,1,0.2,0.0,0.0,0.0,0.0,0.0,0.0
12099006300,1,0.16,0.0,0.0,0.0,0.0,0.0,0.0
12086009030,1,0.19,0.0,0.0,0.0,0.0,0.0,0.0
12099006202,1,0.43,0.0,0.0,0.0,0.0,0.0,0.0
12095016804,1,0.23,245.0,0.06,245.0,245.0,0.0,0.0
12117020807,1,0.14,0.0,0.0,0.0,0.0,0.0,0.0
12086007604,1,0.16,0.0,0.0,0.0,0.0,0.0,0.0
13267950202,1,0.13,3005.0,0.4,3005.0,3005.0,0.0,0.0
12105011000,1,0.35,53046.0,18.3,53046.0,46195.0,6851.0,0.0
12011070318,1,0.15,9720.0,1.47,9720.0,9720.0,0.0,0.0
12115001202,1,0.23,5780.0,1.33,5780.0,5780.0,0.0,0.0
12011060304,1,0.27,101576.0,27.36,101576.0,63749.0,37827.0,0.0
12111380500,1,0.17,0.0,0.0,0.0,0.0,0.0,0.0
12115002004,1,0.25,7789.0,1.98,7789.0,7789.0,0.0,0.0
12083001104,1,0.15,41562.0,6.25,41562.0,41562.0,0.0,0.0
12105012802,1,0.28,0.0,0.0,0.0,0.0,0.0,0.0
12086008701,1,0.16,12500.0,2.06,12500.0,6250.0,6250.0,0.0
12086008315,1,,0.0,,0.0,0.0,0.0,0.0
13161960100,1,0.14,0.0,0.0,0.0,0.0,0.0,0.0
12071040134,1,,0.0,,0.0,0.0,0.0,0.0
13051003400,1,0.25,18145.0,4.48,18145.0,18145.0,0.0,0.0
12035060213,1,0.16,0.0,0.0,0.0,0.0,0.0,0.0
13127000601,1,,125074.0,,125074.0,96900.0,28174.0,0.0
13089023107,1,0.22,19943.0,4.33,19943.0,19943.0,0.0,0.0
12057011606,1,0.13,6331.0,0.84,6331.0,3347.0,2984.0,0.0
12086009317,1,,16561.0,,16561.0,14107.0,2454.0,0.0
12113010600,1,0.16,1261.0,0.2,1261.0,1261.0,0.0,0.0
12115000503,1,0.28,6567.0,1.83,6567.0,5110.0,1457.0,0.0
12031010204,1,,99773.0,,99773.0,63700.0,36073.0,0.0
13051010802,1,0.12,0.0,0.0,0.0,0.0,0.0,0.0
12057010213,1,0.55,19856.0,10.85,19856.0,18336.0,1520.0,0.0
12105012209,1,,0.0,,0.0,0.0,0.0,0.0
12009071338,1,0.11,0.0,0.0,0.0,0.0,0.0,0.0
12086005902,1,0.23,0.0,0.0,0.0,0.0,0.0,0.0
12095017702,1,0.46,0.0,0.0,0.0,0.0,0.0,0.0
12103027322,1,0.16,15518.0,2.42,15518.0,14867.0,651.0,0.0
12117021503,1,0.57,76917.0,43.55,76917.0,76917.0,0.0,0.0
12069031101,1,0.14,8018.0,1.14,8018.0,8017.0,1.0,0.0
