event_id,event_name,event_type,event_year,GEOID,claim_count,building_payments,contents_payments,icc_payments,total_claim_payments,average_payment_per_claim,population_2012,claims_per_1000_residents,claim_payments_per_capita
sandy,Hurricane Sandy,Hurricane,2012,34001000100,345,15215247.67,1012214.68,757600.00,16985062.35,49232.06,2543,135.666536,6679.14
sandy,Hurricane Sandy,Hurricane,2012,34001000200,598,8651125.16,360912.17,505000.00,9517037.33,15914.78,3547,168.593177,2683.12
sandy,Hurricane Sandy,Hurricane,2012,34001000300,577,12730041.76,479276.95,156980.40,13366299.11,23165.16,4149,139.069655,3221.57
sandy,Hurricane Sandy,Hurricane,2012,34001000400,441,386942.68,9307.31,0.00,396249.99,898.53,3228,136.617100,122.75
sandy,Hurricane Sandy,Hurricane,2012,34001000500,296,9318320.85,290163.91,739600.00,10348084.76,34959.75,3258,90.853284,3176.21
sandy,Hurricane Sandy,Hurricane,2012,34001001100,157,3398889.23,220844.80,150000.00,3769734.03,24011.04,1942,80.844490,1941.16
sandy,Hurricane Sandy,Hurricane,2012,34001001200,386,8353539.58,1069000.60,180000.00,9602540.18,24877.05,2994,128.924516,3207.26
sandy,Hurricane Sandy,Hurricane,2012,34001001300,421,12762598.29,872103.66,900000.00,14534701.95,34524.23,2215,190.067720,6561.94
sandy,Hurricane Sandy,Hurricane,2012,34001001400,308,7160851.00,319492.20,240000.00,7720343.20,25066.05,4227,72.864916,1826.44
sandy,Hurricane Sandy,Hurricane,2012,34001001500,60,2002982.66,272086.39,0.00,2275069.05,37917.82,1064,56.390977,2138.22
sandy,Hurricane Sandy,Hurricane,2012,34001001900,33,839475.37,7761.95,0.00,847237.32,25673.86,1748,18.878719,484.69
sandy,Hurricane Sandy,Hurricane,2012,34001002300,173,5431148.74,77009.41,773342.09,6281500.24,36309.25,2471,70.012141,2542.09
sandy,Hurricane Sandy,Hurricane,2012,34001002400,74,1412507.16,55815.07,0.00,1468322.23,19842.19,2369,31.236809,619.81
sandy,Hurricane Sandy,Hurricane,2012,34001002500,267,4104135.86,307924.81,57800.00,4469860.67,16741.05,3925,68.025478,1138.82
sandy,Hurricane Sandy,Hurricane,2012,34001010101,1787,51261568.08,5265004.26,5477737.62,62004309.96,34697.43,3415,523.279649,18156.46
sandy,Hurricane Sandy,Hurricane,2012,34001010102,755,18287157.16,2187442.23,1756011.72,22230611.11,29444.52,1850,408.108108,12016.55
sandy,Hurricane Sandy,Hurricane,2012,34001010104,573,3361682.47,162541.27,156163.11,3680386.85,6423.01,1616,354.579208,2277.47
sandy,Hurricane Sandy,Hurricane,2012,34001010105,306,3971497.55,175429.22,134300.00,4281226.77,13990.94,2741,111.638088,1561.92
sandy,Hurricane Sandy,Hurricane,2012,34001010200,30,679958.44,78015.45,30000.00,787973.89,26265.80,5782,5.188516,136.28
sandy,Hurricane Sandy,Hurricane,2012,34001010300,11,815957.62,98050.23,0.00,914007.85,83091.62,2587,4.252029,353.31
sandy,Hurricane Sandy,Hurricane,2012,34001010403,1,1107.17,0.00,0.00,1107.17,1107.17,6403,0.156177,0.17
sandy,Hurricane Sandy,Hurricane,2012,34001010501,41,2001336.50,175486.01,330000.00,2506822.51,61142.01,6897,5.944614,363.47
sandy,Hurricane Sandy,Hurricane,2012,34001010505,1,14115.48,12800.00,0.00,26915.48,26915.48,2717,0.368053,9.91
sandy,Hurricane Sandy,Hurricane,2012,34001010506,4,17827.27,0.00,0.00,17827.27,4456.82,4906,0.815328,3.63
sandy,Hurricane Sandy,Hurricane,2012,34001010700,73,4365539.51,588615.63,150000.00,5104155.14,69919.93,6154,11.862203,829.40
sandy,Hurricane Sandy,Hurricane,2012,34001011401,4,177047.55,0.00,0.00,177047.55,44261.89,4056,0.986193,43.65
sandy,Hurricane Sandy,Hurricane,2012,34001011404,14,440347.31,74051.57,0.00,514398.88,36742.78,10469,1.337281,49.14
sandy,Hurricane Sandy,Hurricane,2012,34001011500,11,795004.04,41589.56,60000.00,896593.60,81508.51,6276,1.752709,142.86
sandy,Hurricane Sandy,Hurricane,2012,34001011600,17,789304.29,194285.58,120000.00,1103589.87,64917.05,5022,3.385106,219.75
sandy,Hurricane Sandy,Hurricane,2012,34001011802,1,0.00,0.00,0.00,0.00,0.00,16024,0.062406,0.00
sandy,Hurricane Sandy,Hurricane,2012,34001011803,16,120702.73,35587.45,0.00,156290.18,9768.14,4695,3.407881,33.29
sandy,Hurricane Sandy,Hurricane,2012,34001011804,60,2088689.00,224289.74,130096.00,2443074.74,40717.91,6481,9.257831,376.96
sandy,Hurricane Sandy,Hurricane,2012,34001011805,30,1688828.70,202393.46,133970.00,2025192.16,67506.41,2354,12.744265,860.32
sandy,Hurricane Sandy,Hurricane,2012,34001011900,4,53273.25,0.00,0.00,53273.25,13318.31,8144,0.491159,6.54
sandy,Hurricane Sandy,Hurricane,2012,34001012000,154,11081570.62,1808630.83,603661.07,13493862.52,87622.48,4585,33.587786,2943.05
sandy,Hurricane Sandy,Hurricane,2012,34001012100,60,2262551.17,145633.74,90930.00,2499114.91,41651.92,2911,20.611474,858.51
sandy,Hurricane Sandy,Hurricane,2012,34001012401,1,0.00,0.00,0.00,0.00,0.00,2856,0.350140,0.00
sandy,Hurricane Sandy,Hurricane,2012,34001012402,2,0.00,0.00,0.00,0.00,0.00,2275,0.879121,0.00
sandy,Hurricane Sandy,Hurricane,2012,34001012501,2,17805.64,1516.43,0.00,19322.07,9661.03,2783,0.718649,6.94
sandy,Hurricane Sandy,Hurricane,2012,34001012502,35,1081842.81,95757.01,0.00,1177599.82,33645.71,1481,23.632681,795.14
sandy,Hurricane Sandy,Hurricane,2012,34001012602,7,76893.34,1879.15,0.00,78772.49,11253.21,1371,5.105762,57.46
sandy,Hurricane Sandy,Hurricane,2012,34001012701,35,509826.31,51599.28,0.00,561425.59,16040.73,3466,10.098096,161.98
sandy,Hurricane Sandy,Hurricane,2012,34001012702,17,518046.54,15246.47,30000.00,563293.01,33134.88,1679,10.125074,335.49
sandy,Hurricane Sandy,Hurricane,2012,34001012801,24,315622.94,23898.82,30000.00,369521.76,15396.74,3763,6.377890,98.20
sandy,Hurricane Sandy,Hurricane,2012,34001012802,299,3454166.98,209937.13,120000.00,3784104.11,12655.87,1945,153.727506,1945.55
sandy,Hurricane Sandy,Hurricane,2012,34001013000,1042,22991644.09,1920085.91,485015.57,25396745.57,24373.08,3756,277.422790,6761.65
sandy,Hurricane Sandy,Hurricane,2012,34001013101,451,12848178.60,1315422.08,300000.00,14463600.68,32070.07,1434,314.504881,10086.19
sandy,Hurricane Sandy,Hurricane,2012,34001013102,1759,26951960.52,2362508.40,535012.12,29849481.04,16969.57,1269,1386.130812,23522.05
sandy,Hurricane Sandy,Hurricane,2012,34001013201,291,6737989.85,367628.64,199999.28,7305617.77,25105.22,2581,112.746997,2830.54
sandy,Hurricane Sandy,Hurricane,2012,34001013202,842,21111317.14,1831500.14,1645471.45,24588288.73,29202.24,2726,308.877476,9019.92
sandy,Hurricane Sandy,Hurricane,2012,34001013301,677,17807807.35,1371885.13,796900.00,19976592.48,29507.52,2742,246.900073,7285.41
sandy,Hurricane Sandy,Hurricane,2012,34001013302,1017,24454844.74,1684139.80,1120867.58,27259852.12,26804.18,2736,371.710526,9963.40
sandy,Hurricane Sandy,Hurricane,2012,34001013500,1294,32087235.12,4083877.38,802022.45,36973134.95,28572.75,2623,493.328250,14095.74
sandy,Hurricane Sandy,Hurricane,2012,34003001000,1,0.00,0.00,0.00,0.00,0.00,6549,0.152695,0.00
sandy,Hurricane Sandy,Hurricane,2012,34003002300,1,0.00,0.00,0.00,0.00,0.00,5729,0.174551,0.00
sandy,Hurricane Sandy,Hurricane,2012,34003003100,1,8278.76,312.43,0.00,8591.19,8591.19,5068,0.197316,1.70
sandy,Hurricane Sandy,Hurricane,2012,34003003200,1,0.00,0.00,0.00,0.00,0.00,4422,0.226142,0.00
sandy,Hurricane Sandy,Hurricane,2012,34003003402,1,0.00,0.00,0.00,0.00,0.00,3936,0.254065,0.00
sandy,Hurricane Sandy,Hurricane,2012,34003004001,1,26399.98,3809.32,0.00,30209.30,30209.30,3254,0.307314,9.28
sandy,Hurricane Sandy,Hurricane,2012,34003005000,89,14259054.11,9603796.58,0.00,23862850.69,268121.92,6161,14.445707,3873.21
sandy,Hurricane Sandy,Hurricane,2012,34003007001,1,0.00,0.00,0.00,0.00,0.00,4040,0.247525,0.00
sandy,Hurricane Sandy,Hurricane,2012,34003011100,1,0.00,0.00,0.00,0.00,0.00,4351,0.229832,0.00
sandy,Hurricane Sandy,Hurricane,2012,34003012001,27,2507546.83,2747705.86,0.00,5255252.69,194638.99,5660,4.770318,928.49
sandy,Hurricane Sandy,Hurricane,2012,34003012002,50,1128528.90,17918.33,0.00,1146447.23,22928.94,3249,15.389351,352.86
sandy,Hurricane Sandy,Hurricane,2012,34003013001,14,2070907.54,114437.15,0.00,2185344.69,156096.05,5922,2.364066,369.02
sandy,Hurricane Sandy,Hurricane,2012,34003013002,561,1355048.01,138188.17,0.00,1493236.18,2661.74,5503,101.944394,271.35
sandy,Hurricane Sandy,Hurricane,2012,34003015300,1,0.00,0.00,0.00,0.00,0.00,5847,0.171028,0.00
sandy,Hurricane Sandy,Hurricane,2012,34003015400,1,17255.23,0.00,0.00,17255.23,17255.23,6178,0.161865,2.79
sandy,Hurricane Sandy,Hurricane,2012,34003017400,1,0.00,0.00,0.00,0.00,0.00,5076,0.197006,0.00
sandy,Hurricane Sandy,Hurricane,2012,34003018200,1,500000.00,0.00,0.00,500000.00,500000.00,6764,0.147842,73.92
sandy,Hurricane Sandy,Hurricane,2012,34003019306,1,10996.83,0.00,0.00,10996.83,10996.83,2313,0.432339,4.75
sandy,Hurricane Sandy,Hurricane,2012,34003020100,1,0.00,64203.58,0.00,64203.58,64203.58,4181,0.239177,15.36
sandy,Hurricane Sandy,Hurricane,2012,34003020200,2,29109.09,0.00,0.00,29109.09,14554.55,6415,0.311769,4.54
sandy,Hurricane Sandy,Hurricane,2012,34003021500,3,18713.44,0.00,0.00,18713.44,6237.81,5167,0.580608,3.62
sandy,Hurricane Sandy,Hurricane,2012,34003021600,5,17804.53,0.00,0.00,17804.53,3560.91,4943,1.011531,3.60
sandy,Hurricane Sandy,Hurricane,2012,34003023100,13,912617.79,371542.01,0.00,1284159.80,98781.52,2660,4.887218,482.77
sandy,Hurricane Sandy,Hurricane,2012,34003023200,1,15036.70,0.00,0.00,15036.70,15036.70,6974,0.143390,2.16
sandy,Hurricane Sandy,Hurricane,2012,34003023301,1,0.00,0.00,0.00,0.00,0.00,2765,0.361664,0.00
sandy,Hurricane Sandy,Hurricane,2012,34003023402,1,0.00,0.00,0.00,0.00,0.00,6294,0.158881,0.00
sandy,Hurricane Sandy,Hurricane,2012,34003023601,16,1078377.32,203904.53,0.00,1282281.85,80142.62,3045,5.254516,421.11
sandy,Hurricane Sandy,Hurricane,2012,34003023602,21,802585.07,53682.95,0.00,856268.02,40774.67,4591,4.574167,186.51
sandy,Hurricane Sandy,Hurricane,2012,34003025100,1,89874.61,0.00,0.00,89874.61,89874.61,6230,0.160514,14.43
sandy,Hurricane Sandy,Hurricane,2012,34003026200,1,0.00,0.00,0.00,0.00,0.00,5734,0.174398,0.00
sandy,Hurricane Sandy,Hurricane,2012,34003027000,1,0.00,0.00,0.00,0.00,0.00,4085,0.244798,0.00
sandy,Hurricane Sandy,Hurricane,2012,34003029100,211,4159947.34,295669.67,0.00,4455617.01,21116.67,4537,46.506502,982.06
sandy,Hurricane Sandy,Hurricane,2012,34003029200,778,24885403.12,2930517.02,90000.00,27905920.14,35868.79,6098,127.582814,4576.24
sandy,Hurricane Sandy,Hurricane,2012,34003030300,1,26243.80,0.00,0.00,26243.80,26243.80,4293,0.232937,6.11
sandy,Hurricane Sandy,Hurricane,2012,34003031100,11,2117783.46,925456.24,0.00,3043239.70,276658.15,5093,2.159827,597.53
sandy,Hurricane Sandy,Hurricane,2012,34003031200,127,4647477.22,450778.54,330000.00,5428255.76,42742.17,4836,26.261373,1122.47
sandy,Hurricane Sandy,Hurricane,2012,34003031300,10,170841.83,7611.02,0.00,178452.85,17845.28,5074,1.970832,35.17
sandy,Hurricane Sandy,Hurricane,2012,34003033100,1,4728.88,0.00,0.00,4728.88,4728.88,3678,0.271887,1.29
sandy,Hurricane Sandy,Hurricane,2012,34003035200,1,0.00,0.00,0.00,0.00,0.00,5750,0.173913,0.00
sandy,Hurricane Sandy,Hurricane,2012,34003036100,20,12560.47,0.00,0.00,12560.47,628.02,2362,8.467401,5.32
sandy,Hurricane Sandy,Hurricane,2012,34003036200,266,19875016.38,9491568.76,84326.00,29450911.14,110717.71,2711,98.118775,10863.49
sandy,Hurricane Sandy,Hurricane,2012,34003037100,3,9238.15,300.51,0.00,9538.66,3179.55,5494,0.546050,1.74
sandy,Hurricane Sandy,Hurricane,2012,34003037201,14,206062.93,7165.95,0.00,213228.88,15230.63,4117,3.400534,51.79
sandy,Hurricane Sandy,Hurricane,2012,34003037202,9,52704.81,3219.14,0.00,55923.95,6213.77,6751,1.333136,8.28
sandy,Hurricane Sandy,Hurricane,2012,34003038300,22,1047641.39,1071774.23,0.00,2119415.62,96337.07,5568,3.951149,380.64
sandy,Hurricane Sandy,Hurricane,2012,34003041100,1,0.00,0.00,0.00,0.00,0.00,5517,0.181258,0.00
sandy,Hurricane Sandy,Hurricane,2012,34003042500,1,72218.43,0.00,0.00,72218.43,72218.43,4799,0.208377,15.05
sandy,Hurricane Sandy,Hurricane,2012,34003045100,2,11453.08,0.00,0.00,11453.08,5726.54,8310,0.240674,1.38
sandy,Hurricane Sandy,Hurricane,2012,34003045200,5,136984.72,153787.00,0.00,290771.72,58154.34,2771,1.804403,104.93
sandy,Hurricane Sandy,Hurricane,2012,34003046100,40,858589.31,9230.06,0.00,867819.37,21695.48,3995,10.012516,217.23
sandy,Hurricane Sandy,Hurricane,2012,34003046300,78,1582545.66,28318.41,0.00,1610864.07,20652.10,4496,17.348754,358.29
sandy,Hurricane Sandy,Hurricane,2012,34003047400,1,0.00,0.00,0.00,0.00,0.00,5094,0.196309,0.00
sandy,Hurricane Sandy,Hurricane,2012,34003048100,11,709625.07,84654.54,0.00,794279.61,72207.24,3901,2.819790,203.61
sandy,Hurricane Sandy,Hurricane,2012,34003049002,1,0.00,0.00,0.00,0.00,0.00,5089,0.196502,0.00
sandy,Hurricane Sandy,Hurricane,2012,34003050000,7,1000.00,0.00,0.00,1000.00,142.86,5534,1.264908,0.18
sandy,Hurricane Sandy,Hurricane,2012,34003051100,1,175372.10,8165.38,0.00,183537.48,183537.48,6109,0.163693,30.04
sandy,Hurricane Sandy,Hurricane,2012,34003051200,65,1097577.67,45359.16,0.00,1142936.83,17583.64,2648,24.546828,431.62
sandy,Hurricane Sandy,Hurricane,2012,34003051400,5,1142542.61,500000.00,0.00,1642542.61,328508.52,4870,1.026694,337.28
sandy,Hurricane Sandy,Hurricane,2012,34003052100,2,2042.74,0.00,0.00,2042.74,1021.37,7780,0.257069,0.26
sandy,Hurricane Sandy,Hurricane,2012,34003053200,2,37960.09,3910.60,0.00,41870.69,20935.34,8186,0.244320,5.11
sandy,Hurricane Sandy,Hurricane,2012,34003054100,2,0.00,0.00,0.00,0.00,0.00,8129,0.246033,0.00
sandy,Hurricane Sandy,Hurricane,2012,34003054300,1,19902.75,0.00,0.00,19902.75,19902.75,6848,0.146028,2.91
sandy,Hurricane Sandy,Hurricane,2012,34003054400,6,72824.63,0.00,0.00,72824.63,12137.44,7375,0.813559,9.87
sandy,Hurricane Sandy,Hurricane,2012,34003054500,1,0.00,0.00,0.00,0.00,0.00,4699,0.212811,0.00
sandy,Hurricane Sandy,Hurricane,2012,34003057102,16,193182.22,0.00,0.00,193182.22,12073.89,3655,4.377565,52.85
sandy,Hurricane Sandy,Hurricane,2012,34003057200,75,1639734.18,178239.10,0.00,1817973.28,24239.64,3502,21.416334,519.12
sandy,Hurricane Sandy,Hurricane,2012,34003059100,1,0.00,0.00,0.00,0.00,0.00,5360,0.186567,0.00
sandy,Hurricane Sandy,Hurricane,2012,34003060000,14,185138.92,3913.08,0.00,189052.00,13503.71,7945,1.762115,23.80
sandy,Hurricane Sandy,Hurricane,2012,34003061100,1,0.00,0.00,0.00,0.00,0.00,4763,0.209952,0.00
sandy,Hurricane Sandy,Hurricane,2012,34003061200,1,0.00,0.00,0.00,0.00,0.00,3462,0.288850,0.00
sandy,Hurricane Sandy,Hurricane,2012,34003061300,1,0.00,0.00,0.00,0.00,0.00,3440,0.290698,0.00
sandy,Hurricane Sandy,Hurricane,2012,34005700102,2,39177.24,1853.26,0.00,41030.50,20515.25,2456,0.814332,16.71
sandy,Hurricane Sandy,Hurricane,2012,34005700303,2,20000.00,3603.36,0.00,23603.36,11801.68,3125,0.640000,7.55
sandy,Hurricane Sandy,Hurricane,2012,34005700304,1,12161.31,0.00,0.00,12161.31,12161.31,2222,0.450045,5.47
sandy,Hurricane Sandy,Hurricane,2012,34005700501,1,0.00,0.00,0.00,0.00,0.00,5588,0.178955,0.00
sandy,Hurricane Sandy,Hurricane,2012,34005700502,1,0.00,0.00,0.00,0.00,0.00,2216,0.451264,0.00
sandy,Hurricane Sandy,Hurricane,2012,34005700603,14,85064.97,1000.00,0.00,86064.97,6147.50,5811,2.409224,14.81
sandy,Hurricane Sandy,Hurricane,2012,34005700605,1,0.00,0.00,0.00,0.00,0.00,4940,0.202429,0.00
sandy,Hurricane Sandy,Hurricane,2012,34005700703,2,360374.47,791.74,30000.00,391166.21,195583.10,2410,0.829876,162.31
sandy,Hurricane Sandy,Hurricane,2012,34005700800,1,45301.11,13377.26,0.00,58678.37,58678.37,4389,0.227842,13.37
sandy,Hurricane Sandy,Hurricane,2012,34005701105,1,0.00,0.00,0.00,0.00,0.00,6507,0.153681,0.00
sandy,Hurricane Sandy,Hurricane,2012,34005701201,1,9907.65,0.00,0.00,9907.65,9907.65,3050,0.327869,3.25
sandy,Hurricane Sandy,Hurricane,2012,34005701203,1,0.00,0.00,0.00,0.00,0.00,2013,0.496771,0.00
sandy,Hurricane Sandy,Hurricane,2012,34005701700,1,5608.00,0.00,0.00,5608.00,5608.00,3927,0.254647,1.43
sandy,Hurricane Sandy,Hurricane,2012,34005702204,1,0.00,0.00,0.00,0.00,0.00,2510,0.398406,0.00
sandy,Hurricane Sandy,Hurricane,2012,34005702700,1,25335.70,0.00,0.00,25335.70,25335.70,8738,0.114443,2.90
sandy,Hurricane Sandy,Hurricane,2012,34005702806,1,0.00,0.00,0.00,0.00,0.00,3860,0.259067,0.00
sandy,Hurricane Sandy,Hurricane,2012,34005702915,1,11685.29,0.00,0.00,11685.29,11685.29,4455,0.224467,2.62
sandy,Hurricane Sandy,Hurricane,2012,34005704700,54,2446795.00,184037.06,150000.00,2780832.06,51496.89,3834,14.084507,725.31
sandy,Hurricane Sandy,Hurricane,2012,34007600400,1,10892.81,0.00,0.00,10892.81,10892.81,3197,0.312793,3.41
sandy,Hurricane Sandy,Hurricane,2012,34007601300,3,0.00,0.00,0.00,0.00,0.00,5378,0.557828,0.00
sandy,Hurricane Sandy,Hurricane,2012,34007601600,1,9930.17,265.23,0.00,10195.40,10195.40,2254,0.443656,4.52
sandy,Hurricane Sandy,Hurricane,2012,34007602000,3,8677.59,0.00,0.00,8677.59,2892.53,7403,0.405241,1.17
sandy,Hurricane Sandy,Hurricane,2012,34007602503,1,6010.25,0.00,0.00,6010.25,6010.25,2254,0.443656,2.67
sandy,Hurricane Sandy,Hurricane,2012,34007603301,1,54529.65,4982.00,0.00,59511.65,59511.65,5676,0.176180,10.48
sandy,Hurricane Sandy,Hurricane,2012,34007603303,1,0.00,0.00,0.00,0.00,0.00,2726,0.366838,0.00
sandy,Hurricane Sandy,Hurricane,2012,34007603501,1,0.00,0.00,0.00,0.00,0.00,6272,0.159439,0.00
sandy,Hurricane Sandy,Hurricane,2012,34007603503,1,0.00,0.00,0.00,0.00,0.00,4621,0.216403,0.00
sandy,Hurricane Sandy,Hurricane,2012,34007603800,1,151624.74,34618.69,30000.00,216243.43,216243.43,5024,0.199045,43.04
sandy,Hurricane Sandy,Hurricane,2012,34007604100,5,45705.25,786.65,0.00,46491.90,9298.38,2970,1.683502,15.65
sandy,Hurricane Sandy,Hurricane,2012,34007605300,4,75760.39,15868.66,0.00,91629.05,22907.26,1811,2.208724,50.60
sandy,Hurricane Sandy,Hurricane,2012,34007607000,3,18699.97,0.00,0.00,18699.97,6233.32,4639,0.646691,4.03
sandy,Hurricane Sandy,Hurricane,2012,34007607702,1,0.00,0.00,0.00,0.00,0.00,4842,0.206526,0.00
sandy,Hurricane Sandy,Hurricane,2012,34007608209,1,40012.63,11509.45,0.00,51522.08,51522.08,3538,0.282646,14.56
sandy,Hurricane Sandy,Hurricane,2012,34007610300,4,70610.62,1216.40,0.00,71827.02,17956.75,2841,1.407955,25.28
sandy,Hurricane Sandy,Hurricane,2012,34007610600,1,0.00,0.00,0.00,0.00,0.00,1262,0.792393,0.00
sandy,Hurricane Sandy,Hurricane,2012,34007611000,1,130795.57,121600.00,0.00,252395.57,252395.57,6041,0.165536,41.78
sandy,Hurricane Sandy,Hurricane,2012,34007611600,1,0.00,0.00,0.00,0.00,0.00,4284,0.233427,0.00
sandy,Hurricane Sandy,Hurricane,2012,34009020101,1768,34127958.58,3253328.17,1017754.82,38399041.57,21718.91,3013,586.790574,12744.45
sandy,Hurricane Sandy,Hurricane,2012,34009020102,1585,30522343.18,3201037.12,1563333.80,35286714.10,22262.91,2535,625.246548,13919.81
sandy,Hurricane Sandy,Hurricane,2012,34009020201,337,9485222.67,1206556.47,551534.45,11243313.59,33362.95,1286,262.052877,8742.86
sandy,Hurricane Sandy,Hurricane,2012,34009020203,1448,24039535.95,2717760.57,917675.00,27674971.52,19112.55,2758,525.018129,10034.43
sandy,Hurricane Sandy,Hurricane,2012,34009020205,1369,24067604.10,1802039.44,791946.72,26661590.26,19475.23,1124,1217.971530,23720.28
sandy,Hurricane Sandy,Hurricane,2012,34009020206,1052,21027310.68,1688904.76,942422.00,23658637.44,22489.20,1074,979.515829,22028.53
sandy,Hurricane Sandy,Hurricane,2012,34009020301,23,838731.90,322235.31,0.00,1160967.21,50476.84,4248,5.414313,273.30
sandy,Hurricane Sandy,Hurricane,2012,34009020302,171,4894434.52,743107.08,330000.00,5967541.60,34897.90,4678,36.554083,1275.66
sandy,Hurricane Sandy,Hurricane,2012,34009020400,2,3978.35,3694.22,0.00,7672.57,3836.28,3357,0.595770,2.29
sandy,Hurricane Sandy,Hurricane,2012,34009020600,2,3572.73,0.00,0.00,3572.73,1786.36,1942,1.029866,1.84
sandy,Hurricane Sandy,Hurricane,2012,34009020800,2302,23007663.35,1724472.61,482588.34,25214724.30,10953.40,1994,1154.463390,12645.30
sandy,Hurricane Sandy,Hurricane,2012,34009020901,697,11290002.05,1418631.97,150000.00,12858634.02,18448.54,799,872.340426,16093.41
sandy,Hurricane Sandy,Hurricane,2012,34009020902,1086,13891747.60,1903959.43,195000.00,15990707.03,14724.41,2087,520.364159,7662.05
sandy,Hurricane Sandy,Hurricane,2012,34009021001,81,1835415.88,121371.43,120000.00,2076787.31,25639.35,2611,31.022597,795.40
sandy,Hurricane Sandy,Hurricane,2012,34009021002,59,1700641.45,112613.69,98400.00,1911655.14,32400.93,3689,15.993494,518.20
sandy,Hurricane Sandy,Hurricane,2012,34009021100,54,1053490.35,88231.71,40357.00,1182079.06,21890.35,4964,10.878324,238.13
sandy,Hurricane Sandy,Hurricane,2012,34009021300,982,16263608.19,1655715.55,388500.00,18307823.74,18643.41,4049,242.529020,4521.57
sandy,Hurricane Sandy,Hurricane,2012,34009021400,860,13217343.10,1313232.11,1174408.12,15704983.33,18261.61,3615,237.897649,4344.39
sandy,Hurricane Sandy,Hurricane,2012,34009021500,253,3973976.04,808710.73,120000.00,4902686.77,19378.21,2193,115.367077,2235.61
sandy,Hurricane Sandy,Hurricane,2012,34009021600,180,1898353.94,89612.64,0.00,1987966.58,11044.26,3289,54.727881,604.43
sandy,Hurricane Sandy,Hurricane,2012,34009021702,162,754574.60,30200.50,0.00,784775.10,4844.29,2591,62.524122,302.89
sandy,Hurricane Sandy,Hurricane,2012,34009021803,11,121895.61,34580.86,0.00,156476.47,14225.13,3545,3.102962,44.14
sandy,Hurricane Sandy,Hurricane,2012,34009021804,17,253513.10,4494.42,30000.00,288007.52,16941.62,5865,2.898551,49.11
sandy,Hurricane Sandy,Hurricane,2012,34009021805,4,34910.59,0.00,0.00,34910.59,8727.65,4659,0.858553,7.49
sandy,Hurricane Sandy,Hurricane,2012,34009021806,7,292006.75,43800.00,0.00,335806.75,47972.39,2613,2.678913,128.51
sandy,Hurricane Sandy,Hurricane,2012,34009021900,20,677730.73,229698.49,0.00,907429.22,45371.46,2104,9.505703,431.29
sandy,Hurricane Sandy,Hurricane,2012,34009022000,234,794331.65,67239.33,30000.00,891570.98,3810.13,3613,64.766122,246.77
sandy,Hurricane Sandy,Hurricane,2012,34009022101,29,249730.92,10349.45,0.00,260080.37,8968.29,2176,13.327206,119.52
sandy,Hurricane Sandy,Hurricane,2012,34009022102,12,112531.83,5300.00,0.00,117831.83,9819.32,5294,2.266717,22.26
sandy,Hurricane Sandy,Hurricane,2012,34011010101,28,770913.95,83760.38,29550.00,884224.33,31579.44,4302,6.508601,205.54
sandy,Hurricane Sandy,Hurricane,2012,34011010200,15,282929.85,32038.75,0.00,314968.60,20997.91,5195,2.887392,60.63
sandy,Hurricane Sandy,Hurricane,2012,34011010301,15,966039.63,55997.16,122900.00,1144936.79,76329.12,3268,4.589963,350.35
sandy,Hurricane Sandy,Hurricane,2012,34011010302,128,4924067.42,524019.83,162892.00,5610979.25,43835.78,1374,93.158661,4083.68
sandy,Hurricane Sandy,Hurricane,2012,34011010401,2,15071.72,0.00,0.00,15071.72,7535.86,6426,0.311236,2.35
sandy,Hurricane Sandy,Hurricane,2012,34011010500,1,16222.90,0.00,0.00,16222.90,16222.90,2338,0.427716,6.94
sandy,Hurricane Sandy,Hurricane,2012,34011010600,1,0.00,0.00,0.00,0.00,0.00,5190,0.192678,0.00
sandy,Hurricane Sandy,Hurricane,2012,34011010700,1,0.00,0.00,0.00,0.00,0.00,7697,0.129921,0.00
sandy,Hurricane Sandy,Hurricane,2012,34011030200,2,83238.22,5202.58,0.00,88440.80,44220.40,5655,0.353669,15.64
sandy,Hurricane Sandy,Hurricane,2012,34013002100,1,0.00,0.00,0.00,0.00,0.00,3510,0.284900,0.00
sandy,Hurricane Sandy,Hurricane,2012,34013004500,1,0.00,0.00,0.00,0.00,0.00,3165,0.315956,0.00
sandy,Hurricane Sandy,Hurricane,2012,34013006800,1,4964.94,0.00,0.00,4964.94,4964.94,5263,0.190006,0.94
sandy,Hurricane Sandy,Hurricane,2012,34013007100,1,10894.56,0.00,0.00,10894.56,10894.56,3269,0.305904,3.33
sandy,Hurricane Sandy,Hurricane,2012,34013007400,5,891586.29,678578.44,0.00,1570164.73,314032.95,6025,0.829876,260.61
sandy,Hurricane Sandy,Hurricane,2012,34013007501,27,4315143.17,1643704.02,0.00,5958847.19,220698.04,3865,6.985770,1541.75
sandy,Hurricane Sandy,Hurricane,2012,34013007502,5,924557.57,500000.00,0.00,1424557.57,284911.51,3557,1.405679,400.49
sandy,Hurricane Sandy,Hurricane,2012,34013007900,3,36748.34,350141.74,0.00,386890.08,128963.36,4143,0.724113,93.38
sandy,Hurricane Sandy,Hurricane,2012,34013008700,1,500000.00,500000.00,0.00,1000000.00,1000000.00,4567,0.218962,218.96
sandy,Hurricane Sandy,Hurricane,2012,34013009200,1,120504.36,500000.00,0.00,620504.36,620504.36,2891,0.345901,214.63
sandy,Hurricane Sandy,Hurricane,2012,34013009600,1,52123.02,0.00,0.00,52123.02,52123.02,4289,0.233155,12.15
sandy,Hurricane Sandy,Hurricane,2012,34013012200,1,14900.00,157.22,0.00,15057.22,15057.22,6075,0.164609,2.48
sandy,Hurricane Sandy,Hurricane,2012,34013013400,1,23374.28,0.00,0.00,23374.28,23374.28,4185,0.238949,5.59
sandy,Hurricane Sandy,Hurricane,2012,34013013600,18,118573.82,0.00,0.00,118573.82,6587.43,5161,3.487696,22.97
sandy,Hurricane Sandy,Hurricane,2012,34013014400,28,2267612.94,655486.57,0.00,2923099.51,104396.41,3760,7.446809,777.42
sandy,Hurricane Sandy,Hurricane,2012,34013014900,1,500000.00,0.00,0.00,500000.00,500000.00,4653,0.214915,107.46
sandy,Hurricane Sandy,Hurricane,2012,34013015600,1,0.00,0.00,0.00,0.00,0.00,4202,0.237982,0.00
sandy,Hurricane Sandy,Hurricane,2012,34013015700,1,16989.09,0.00,0.00,16989.09,16989.09,2221,0.450248,7.65
sandy,Hurricane Sandy,Hurricane,2012,34013015900,1,5036.41,360.00,0.00,5396.41,5396.41,5482,0.182415,0.98
sandy,Hurricane Sandy,Hurricane,2012,34013017100,1,0.00,0.00,0.00,0.00,0.00,2481,0.403063,0.00
sandy,Hurricane Sandy,Hurricane,2012,34013017700,1,0.00,0.00,0.00,0.00,0.00,4764,0.209908,0.00
sandy,Hurricane Sandy,Hurricane,2012,34013018100,1,0.00,0.00,0.00,0.00,0.00,1909,0.523834,0.00
sandy,Hurricane Sandy,Hurricane,2012,34013019000,1,11550.88,0.00,0.00,11550.88,11550.88,4685,0.213447,2.47
sandy,Hurricane Sandy,Hurricane,2012,34013019500,1,0.00,0.00,0.00,0.00,0.00,3754,0.266383,0.00
sandy,Hurricane Sandy,Hurricane,2012,34013019600,1,0.00,0.00,0.00,0.00,0.00,6575,0.152091,0.00
sandy,Hurricane Sandy,Hurricane,2012,34013019800,2,13902.50,0.00,0.00,13902.50,6951.25,2359,0.847817,5.89
sandy,Hurricane Sandy,Hurricane,2012,34013020000,1,0.00,0.00,0.00,0.00,0.00,5671,0.176336,0.00
sandy,Hurricane Sandy,Hurricane,2012,34013020400,2,0.00,0.00,0.00,0.00,0.00,4671,0.428174,0.00
sandy,Hurricane Sandy,Hurricane,2012,34013020500,2,0.00,0.00,0.00,0.00,0.00,7776,0.257202,0.00
sandy,Hurricane Sandy,Hurricane,2012,34013020600,1,14999.43,0.00,0.00,14999.43,14999.43,4817,0.207598,3.11
sandy,Hurricane Sandy,Hurricane,2012,34013021400,1,0.00,0.00,0.00,0.00,0.00,6488,0.154131,0.00
sandy,Hurricane Sandy,Hurricane,2012,34013021601,5,0.00,0.00,0.00,0.00,0.00,7454,0.670781,0.00
sandy,Hurricane Sandy,Hurricane,2012,34013980100,1,0.00,0.00,0.00,0.00,0.00,2091,0.478240,0.00
sandy,Hurricane Sandy,Hurricane,2012,34013980200,2,500000.00,1000000.00,0.00,1500000.00,750000.00,1216,1.644737,1233.55
sandy,Hurricane Sandy,Hurricane,2012,34015500100,2,79481.19,0.00,30000.00,109481.19,54740.60,4295,0.465658,25.49
sandy,Hurricane Sandy,Hurricane,2012,34015500201,4,35488.12,802.50,0.00,36290.62,9072.66,2640,1.515152,13.75
sandy,Hurricane Sandy,Hurricane,2012,34015500202,1,8625.90,0.00,0.00,8625.90,8625.90,4504,0.222025,1.92
sandy,Hurricane Sandy,Hurricane,2012,34015500203,2,48630.54,547.37,30000.00,79177.91,39588.96,4806,0.416146,16.47
sandy,Hurricane Sandy,Hurricane,2012,34015500205,1,36407.38,75000.00,0.00,111407.38,111407.38,3370,0.296736,33.06
sandy,Hurricane Sandy,Hurricane,2012,34015500300,1,9262.61,0.00,0.00,9262.61,9262.61,3051,0.327761,3.04
sandy,Hurricane Sandy,Hurricane,2012,34015501209,3,84178.70,51598.82,0.00,135777.52,45259.17,7507,0.399627,18.09
sandy,Hurricane Sandy,Hurricane,2012,34015501605,1,0.00,0.00,0.00,0.00,0.00,4579,0.218388,0.00
sandy,Hurricane Sandy,Hurricane,2012,34015501608,1,0.00,0.00,0.00,0.00,0.00,4952,0.201939,0.00
sandy,Hurricane Sandy,Hurricane,2012,34015501900,1,0.00,0.00,0.00,0.00,0.00,4213,0.237361,0.00
sandy,Hurricane Sandy,Hurricane,2012,34015502400,6,109075.10,0.00,0.00,109075.10,18179.18,6062,0.989772,17.99
sandy,Hurricane Sandy,Hurricane,2012,34017001701,2,48339.78,0.00,0.00,48339.78,24169.89,4482,0.446229,10.79
sandy,Hurricane Sandy,Hurricane,2012,34017001800,1,0.00,0.00,0.00,0.00,0.00,3956,0.252781,0.00
sandy,Hurricane Sandy,Hurricane,2012,34017002200,57,137443.92,0.00,0.00,137443.92,2411.30,1477,38.591740,93.06
sandy,Hurricane Sandy,Hurricane,2012,34017002300,82,310287.52,95.34,0.00,310382.86,3785.16,2162,37.927845,143.56
sandy,Hurricane Sandy,Hurricane,2012,34017002400,120,138954.55,5458.64,0.00,144413.19,1203.44,2571,46.674446,56.17
sandy,Hurricane Sandy,Hurricane,2012,34017004000,1,344692.47,0.00,0.00,344692.47,344692.47,4822,0.207383,71.48
sandy,Hurricane Sandy,Hurricane,2012,34017004400,1,0.00,0.00,0.00,0.00,0.00,2381,0.419992,0.00
sandy,Hurricane Sandy,Hurricane,2012,34017004600,1,0.00,0.00,0.00,0.00,0.00,2353,0.424989,0.00
sandy,Hurricane Sandy,Hurricane,2012,34017004700,47,485428.18,23446.99,0.00,508875.17,10827.13,2917,16.112444,174.45
sandy,Hurricane Sandy,Hurricane,2012,34017004800,4,725496.08,665988.75,0.00,1391484.83,347871.21,3956,1.011122,351.74
sandy,Hurricane Sandy,Hurricane,2012,34017004900,18,222124.33,0.00,0.00,222124.33,12340.24,3375,5.333333,65.81
sandy,Hurricane Sandy,Hurricane,2012,34017005300,1,0.00,0.00,0.00,0.00,0.00,3205,0.312012,0.00
sandy,Hurricane Sandy,Hurricane,2012,34017005400,2,0.00,0.00,0.00,0.00,0.00,6711,0.298018,0.00
sandy,Hurricane Sandy,Hurricane,2012,34017005802,386,5174199.59,200245.57,0.00,5374445.16,13923.43,1752,220.319635,3067.61
sandy,Hurricane Sandy,Hurricane,2012,34017005900,4,97629.58,1269.41,0.00,98898.99,24724.75,7760,0.515464,12.74
sandy,Hurricane Sandy,Hurricane,2012,34017006100,62,1135739.18,27720.09,0.00,1163459.27,18765.47,6831,9.076270,170.32
sandy,Hurricane Sandy,Hurricane,2012,34017006300,2,0.00,0.00,0.00,0.00,0.00,4649,0.430200,0.00
sandy,Hurricane Sandy,Hurricane,2012,34017006400,167,4046577.66,124082.80,0.00,4170660.46,24974.01,3081,54.203181,1353.67
sandy,Hurricane Sandy,Hurricane,2012,34017006500,70,3427267.44,119285.54,0.00,3546552.98,50665.04,1874,37.353255,1892.50
sandy,Hurricane Sandy,Hurricane,2012,34017006600,24,540851.07,32150.30,0.00,573001.37,23875.06,1724,13.921114,332.37
sandy,Hurricane Sandy,Hurricane,2012,34017006700,59,2966605.39,34706.94,0.00,3001312.33,50869.70,3155,18.700475,951.29
sandy,Hurricane Sandy,Hurricane,2012,34017006900,1,0.00,0.00,0.00,0.00,0.00,134,7.462687,0.00
sandy,Hurricane Sandy,Hurricane,2012,34017007000,70,391644.40,0.00,0.00,391644.40,5594.92,3944,17.748479,99.30
sandy,Hurricane Sandy,Hurricane,2012,34017007200,5,37144.32,0.00,0.00,37144.32,7428.86,2115,2.364066,17.56
sandy,Hurricane Sandy,Hurricane,2012,34017007300,86,1074775.43,0.00,0.00,1074775.43,12497.39,998,86.172345,1076.93
sandy,Hurricane Sandy,Hurricane,2012,34017007400,570,3338375.04,0.00,0.00,3338375.04,5856.80,4140,137.681159,806.37
sandy,Hurricane Sandy,Hurricane,2012,34017007500,128,4550671.87,110002.30,0.00,4660674.17,36411.52,5161,24.801395,903.06
sandy,Hurricane Sandy,Hurricane,2012,34017007600,1106,3549794.18,0.00,0.00,3549794.18,3209.58,5192,213.020031,683.70
sandy,Hurricane Sandy,Hurricane,2012,34017007700,473,2837880.29,28471.14,0.00,2866351.43,6059.94,9625,49.142857,297.80
sandy,Hurricane Sandy,Hurricane,2012,34017007800,7,152250.12,0.00,0.00,152250.12,21750.02,1232,5.681818,123.58
sandy,Hurricane Sandy,Hurricane,2012,34017010100,1,12348.66,0.00,0.00,12348.66,12348.66,5424,0.184366,2.28
sandy,Hurricane Sandy,Hurricane,2012,34017010300,1,39276.38,0.00,0.00,39276.38,39276.38,2839,0.352237,13.83
sandy,Hurricane Sandy,Hurricane,2012,34017010600,34,494217.56,0.00,0.00,494217.56,14535.81,6343,5.360240,77.92
sandy,Hurricane Sandy,Hurricane,2012,34017010700,1,2467.99,0.00,0.00,2467.99,2467.99,3558,0.281057,0.69
sandy,Hurricane Sandy,Hurricane,2012,34017010800,6,284094.52,42166.32,0.00,326260.84,54376.81,3210,1.869159,101.64
sandy,Hurricane Sandy,Hurricane,2012,34017011200,8,132665.20,36476.21,0.00,169141.41,21142.68,6273,1.275307,26.96
sandy,Hurricane Sandy,Hurricane,2012,34017011300,19,6834.96,0.00,0.00,6834.96,359.73,2719,6.987863,2.51
sandy,Hurricane Sandy,Hurricane,2012,34017011400,1,20357.17,12228.98,0.00,32586.15,32586.15,3288,0.304136,9.91
sandy,Hurricane Sandy,Hurricane,2012,34017011500,2,228810.98,0.00,0.00,228810.98,114405.49,3361,0.595061,68.08
sandy,Hurricane Sandy,Hurricane,2012,34017011600,4,86750.66,3544.54,0.00,90295.20,22573.80,4262,0.938527,21.19
sandy,Hurricane Sandy,Hurricane,2012,34017012700,65,10811601.58,7167711.95,0.00,17979313.53,276604.82,6111,10.636557,2942.12
sandy,Hurricane Sandy,Hurricane,2012,34017012800,4,265856.36,591265.89,0.00,857122.25,214280.56,4189,0.954882,204.61
sandy,Hurricane Sandy,Hurricane,2012,34017013100,2,500000.00,0.00,0.00,500000.00,250000.00,1953,1.024066,256.02
sandy,Hurricane Sandy,Hurricane,2012,34017013200,1,0.00,500000.00,0.00,500000.00,500000.00,4664,0.214408,107.20
sandy,Hurricane Sandy,Hurricane,2012,34017013300,2,146018.58,0.00,0.00,146018.58,73009.29,3323,0.601866,43.94
sandy,Hurricane Sandy,Hurricane,2012,34017013400,3,522487.84,500000.00,0.00,1022487.84,340829.28,2297,1.306051,445.14
sandy,Hurricane Sandy,Hurricane,2012,34017013700,6,654459.39,140247.13,0.00,794706.52,132451.09,2599,2.308580,305.77
sandy,Hurricane Sandy,Hurricane,2012,34017013800,199,2566384.50,1806172.27,0.00,4372556.77,21972.65,1695,117.404130,2579.68
sandy,Hurricane Sandy,Hurricane,2012,34017013900,1,86158.33,0.00,0.00,86158.33,86158.33,2562,0.390320,33.63
sandy,Hurricane Sandy,Hurricane,2012,34017014101,528,2882529.34,560960.45,0.00,3443489.79,6521.76,3082,171.317326,1117.29
sandy,Hurricane Sandy,Hurricane,2012,34017014600,7,321102.65,0.00,0.00,321102.65,45871.81,3900,1.794872,82.33
sandy,Hurricane Sandy,Hurricane,2012,34017014700,8,269160.59,31647.21,0.00,300807.80,37600.98,4916,1.627339,61.19
sandy,Hurricane Sandy,Hurricane,2012,34017015001,1,0.00,0.00,0.00,0.00,0.00,2059,0.485673,0.00
sandy,Hurricane Sandy,Hurricane,2012,34017015201,2,31804.47,0.00,0.00,31804.47,15902.24,2385,0.838574,13.34
sandy,Hurricane Sandy,Hurricane,2012,34017015801,655,2423155.12,4536.04,0.00,2427691.16,3706.40,2629,249.144161,923.43
sandy,Hurricane Sandy,Hurricane,2012,34017017800,7,16426.58,0.00,0.00,16426.58,2346.65,6358,1.100975,2.58
sandy,Hurricane Sandy,Hurricane,2012,34017017900,124,3701087.20,355420.73,0.00,4056507.93,32713.77,1797,69.003895,2257.38
sandy,Hurricane Sandy,Hurricane,2012,34017018000,28,90945.42,0.00,0.00,90945.42,3248.05,4319,6.482982,21.06
sandy,Hurricane Sandy,Hurricane,2012,34017018200,82,3159580.80,163313.47,15000.00,3337894.27,40706.03,4198,19.533111,795.12
sandy,Hurricane Sandy,Hurricane,2012,34017018301,3,0.00,0.00,0.00,0.00,0.00,1554,1.930502,0.00
sandy,Hurricane Sandy,Hurricane,2012,34017018302,810,661873.60,4965.00,0.00,666838.60,823.26,3526,229.722065,189.12
sandy,Hurricane Sandy,Hurricane,2012,34017018400,336,2168239.63,797565.40,0.00,2965805.03,8826.80,5509,60.991105,538.36
sandy,Hurricane Sandy,Hurricane,2012,34017018500,591,4030481.64,510947.94,0.00,4541429.58,7684.31,5583,105.857066,813.44
sandy,Hurricane Sandy,Hurricane,2012,34017018600,363,2581484.86,16344.66,0.00,2597829.52,7156.56,2164,167.744917,1200.48
sandy,Hurricane Sandy,Hurricane,2012,34017018701,10,398200.00,216954.59,0.00,615154.59,61515.46,2689,3.718855,228.77
sandy,Hurricane Sandy,Hurricane,2012,34017018800,377,3729291.31,5139.45,0.00,3734430.76,9905.65,2959,127.407908,1262.06
sandy,Hurricane Sandy,Hurricane,2012,34017018900,794,4511240.13,164402.39,0.00,4675642.52,5888.72,3600,220.555556,1298.79
sandy,Hurricane Sandy,Hurricane,2012,34017019000,639,8294718.84,1303141.89,0.00,9597860.73,15020.13,5358,119.260918,1791.31
sandy,Hurricane Sandy,Hurricane,2012,34017019100,752,6619901.53,98346.15,0.00,6718247.68,8933.84,3338,225.284602,2012.66
sandy,Hurricane Sandy,Hurricane,2012,34017019200,1461,4468332.43,261470.07,0.00,4729802.50,3237.37,3731,391.584026,1267.70
sandy,Hurricane Sandy,Hurricane,2012,34017019300,489,3752384.84,177990.37,0.00,3930375.21,8037.58,2817,173.588924,1395.23
sandy,Hurricane Sandy,Hurricane,2012,34017019400,1,14497.95,0.00,0.00,14497.95,14497.95,2674,0.373972,5.42
sandy,Hurricane Sandy,Hurricane,2012,34017019800,163,5054164.27,239437.11,0.00,5293601.38,32476.08,5622,28.993241,941.59
sandy,Hurricane Sandy,Hurricane,2012,34017019900,1276,6501846.05,533921.97,0.00,7035768.02,5513.92,4805,265.556712,1464.26
sandy,Hurricane Sandy,Hurricane,2012,34017020100,1,18036.32,0.00,0.00,18036.32,18036.32,808,1.237624,22.32
sandy,Hurricane Sandy,Hurricane,2012,34019010100,1,0.00,0.00,0.00,0.00,0.00,5949,0.168095,0.00
sandy,Hurricane Sandy,Hurricane,2012,34019010200,1,0.00,0.00,0.00,0.00,0.00,7829,0.127730,0.00
sandy,Hurricane Sandy,Hurricane,2012,34019011201,1,0.00,0.00,0.00,0.00,0.00,7110,0.140647,0.00
sandy,Hurricane Sandy,Hurricane,2012,34019011600,1,0.00,0.00,0.00,0.00,0.00,5038,0.198491,0.00
sandy,Hurricane Sandy,Hurricane,2012,34021002200,1,0.00,0.00,0.00,0.00,0.00,5917,0.169005,0.00
sandy,Hurricane Sandy,Hurricane,2012,34021002702,1,0.00,0.00,0.00,0.00,0.00,6458,0.154847,0.00
sandy,Hurricane Sandy,Hurricane,2012,34021003301,1,0.00,0.00,0.00,0.00,0.00,7539,0.132644,0.00
sandy,Hurricane Sandy,Hurricane,2012,34021003302,2,0.00,0.00,0.00,0.00,0.00,8367,0.239034,0.00
sandy,Hurricane Sandy,Hurricane,2012,34021003400,1,2997.65,0.00,0.00,2997.65,2997.65,2543,0.393236,1.18
sandy,Hurricane Sandy,Hurricane,2012,34021003500,1,5465.47,0.00,0.00,5465.47,5465.47,7334,0.136351,0.75
sandy,Hurricane Sandy,Hurricane,2012,34021003703,1,9381.67,0.00,0.00,9381.67,9381.67,7416,0.134844,1.27
sandy,Hurricane Sandy,Hurricane,2012,34021004204,1,0.00,0.00,0.00,0.00,0.00,6296,0.158831,0.00
sandy,Hurricane Sandy,Hurricane,2012,34021004301,1,1946.53,0.00,0.00,1946.53,1946.53,8074,0.123854,0.24
sandy,Hurricane Sandy,Hurricane,2012,34021004309,1,0.00,0.00,0.00,0.00,0.00,4119,0.242777,0.00
sandy,Hurricane Sandy,Hurricane,2012,34021004403,3,0.00,0.00,0.00,0.00,0.00,5510,0.544465,0.00
sandy,Hurricane Sandy,Hurricane,2012,34021004405,2,0.00,0.00,0.00,0.00,0.00,8338,0.239866,0.00
sandy,Hurricane Sandy,Hurricane,2012,34023000100,2,0.00,1000.00,0.00,1000.00,500.00,7307,0.273710,0.14
sandy,Hurricane Sandy,Hurricane,2012,34023000200,1,0.00,0.00,0.00,0.00,0.00,6354,0.157381,0.00
sandy,Hurricane Sandy,Hurricane,2012,34023000300,3,6764.92,0.00,0.00,6764.92,2254.97,7271,0.412598,0.93
sandy,Hurricane Sandy,Hurricane,2012,34023000403,1,0.00,0.00,0.00,0.00,0.00,5448,0.183554,0.00
sandy,Hurricane Sandy,Hurricane,2012,34023000404,1,0.00,0.00,0.00,0.00,0.00,5481,0.182448,0.00
sandy,Hurricane Sandy,Hurricane,2012,34023000502,1,0.00,0.00,0.00,0.00,0.00,7446,0.134300,0.00
sandy,Hurricane Sandy,Hurricane,2012,34023000702,1,20357.51,0.00,0.00,20357.51,20357.51,5743,0.174125,3.54
sandy,Hurricane Sandy,Hurricane,2012,34023000801,1,3562.72,0.00,0.00,3562.72,3562.72,4072,0.245580,0.87
sandy,Hurricane Sandy,Hurricane,2012,34023001002,2,0.00,0.00,0.00,0.00,0.00,6821,0.293212,0.00
sandy,Hurricane Sandy,Hurricane,2012,34023001411,3,1917.57,0.00,0.00,1917.57,639.19,3443,0.871333,0.56
sandy,Hurricane Sandy,Hurricane,2012,34023001415,1,5872.02,0.00,0.00,5872.02,5872.02,5187,0.192790,1.13
sandy,Hurricane Sandy,Hurricane,2012,34023001416,1,0.00,0.00,0.00,0.00,0.00,8024,0.124626,0.00
sandy,Hurricane Sandy,Hurricane,2012,34023001504,1,0.00,0.00,0.00,0.00,0.00,6172,0.162022,0.00
sandy,Hurricane Sandy,Hurricane,2012,34023001600,5,699170.53,0.00,0.00,699170.53,139834.11,4774,1.047340,146.45
sandy,Hurricane Sandy,Hurricane,2012,34023001805,1,0.00,0.00,0.00,0.00,0.00,5302,0.188608,0.00
sandy,Hurricane Sandy,Hurricane,2012,34023002500,1,0.00,0.00,0.00,0.00,0.00,7146,0.139938,0.00
sandy,Hurricane Sandy,Hurricane,2012,34023002605,1,0.00,0.00,0.00,0.00,0.00,2732,0.366032,0.00
sandy,Hurricane Sandy,Hurricane,2012,34023002805,4,24821.39,169.58,0.00,24990.97,6247.74,2710,1.476015,9.22
sandy,Hurricane Sandy,Hurricane,2012,34023002901,94,3219816.66,131895.31,77742.00,3429453.97,36483.55,3058,30.739045,1121.47
sandy,Hurricane Sandy,Hurricane,2012,34023002902,1,0.00,12000.00,0.00,12000.00,12000.00,3196,0.312891,3.75
sandy,Hurricane Sandy,Hurricane,2012,34023003300,1,26352.64,631.96,0.00,26984.60,26984.60,5400,0.185185,5.00
sandy,Hurricane Sandy,Hurricane,2012,34023003401,40,2583800.13,103527.24,0.00,2687327.37,67183.18,3822,10.465725,703.12
sandy,Hurricane Sandy,Hurricane,2012,34023003600,55,1663347.42,69304.35,0.00,1732651.77,31502.76,7691,7.151216,225.28
sandy,Hurricane Sandy,Hurricane,2012,34023003700,4,105717.82,20633.70,0.00,126351.52,31587.88,3564,1.122334,35.45
sandy,Hurricane Sandy,Hurricane,2012,34023003800,1,16680.29,0.00,0.00,16680.29,16680.29,7189,0.139101,2.32
sandy,Hurricane Sandy,Hurricane,2012,34023004600,1,227826.45,0.00,0.00,227826.45,227826.45,5229,0.191241,43.57
sandy,Hurricane Sandy,Hurricane,2012,34023004900,8,817562.65,313872.92,24065.00,1155500.57,144437.57,5587,1.431895,206.82
sandy,Hurricane Sandy,Hurricane,2012,34023005000,4,612415.12,115802.50,0.00,728217.62,182054.40,5075,0.788177,143.49
sandy,Hurricane Sandy,Hurricane,2012,34023006101,1,18877.20,1366.51,0.00,20243.71,20243.71,4315,0.231750,4.69
sandy,Hurricane Sandy,Hurricane,2012,34023006104,1,0.00,0.00,0.00,0.00,0.00,4263,0.234577,0.00
sandy,Hurricane Sandy,Hurricane,2012,34023006601,1,0.00,0.00,0.00,0.00,0.00,2375,0.421053,0.00
sandy,Hurricane Sandy,Hurricane,2012,34023006703,29,1160044.57,120456.83,25559.00,1306060.40,45036.57,5713,5.076142,228.61
sandy,Hurricane Sandy,Hurricane,2012,34023006800,44,2694371.92,189028.57,167263.67,3050664.16,69333.28,4582,9.602794,665.79
sandy,Hurricane Sandy,Hurricane,2012,34023006900,64,5023223.46,233084.11,127936.22,5384243.79,84128.81,3289,19.458802,1637.05
sandy,Hurricane Sandy,Hurricane,2012,34023007000,35,2598199.00,73349.37,0.00,2671548.37,76329.95,8121,4.309814,328.97
sandy,Hurricane Sandy,Hurricane,2012,34023007101,114,9436262.43,915076.80,800842.46,11152181.69,97826.16,3649,31.241436,3056.23
sandy,Hurricane Sandy,Hurricane,2012,34023007102,5,253613.63,53441.94,23702.00,330757.57,66151.51,4689,1.066325,70.54
sandy,Hurricane Sandy,Hurricane,2012,34023007103,21,1757438.93,773484.29,30000.00,2560923.22,121948.72,5012,4.189944,510.96
sandy,Hurricane Sandy,Hurricane,2012,34023007202,1,126.24,6695.99,0.00,6822.23,6822.23,4971,0.201167,1.37
sandy,Hurricane Sandy,Hurricane,2012,34023007402,2,534868.12,0.00,0.00,534868.12,267434.06,4594,0.435350,116.43
sandy,Hurricane Sandy,Hurricane,2012,34023007500,4,221024.72,25000.00,0.00,246024.72,61506.18,3469,1.153070,70.92
sandy,Hurricane Sandy,Hurricane,2012,34023007600,33,1864977.66,161335.54,82623.10,2108936.30,63907.16,5161,6.394110,408.63
sandy,Hurricane Sandy,Hurricane,2012,34023007703,4,63785.92,3572.34,0.00,67358.26,16839.56,3119,1.282462,21.60
sandy,Hurricane Sandy,Hurricane,2012,34023007704,1,0.00,0.00,0.00,0.00,0.00,2801,0.357015,0.00
sandy,Hurricane Sandy,Hurricane,2012,34023007801,1,67689.52,20533.10,0.00,88222.62,88222.62,2742,0.364697,32.17
sandy,Hurricane Sandy,Hurricane,2012,34023007804,1,0.00,0.00,0.00,0.00,0.00,5476,0.182615,0.00
sandy,Hurricane Sandy,Hurricane,2012,34023007906,5,0.00,0.00,0.00,0.00,0.00,1728,2.893519,0.00
sandy,Hurricane Sandy,Hurricane,2012,34023007907,2,70893.50,25514.65,0.00,96408.15,48204.07,3261,0.613309,29.56
sandy,Hurricane Sandy,Hurricane,2012,34023008001,37,2535005.47,179274.15,303804.58,3018084.20,81569.84,6470,5.718702,466.47
sandy,Hurricane Sandy,Hurricane,2012,34023008202,2,10168.10,0.00,0.00,10168.10,5084.05,10830,0.184672,0.94
sandy,Hurricane Sandy,Hurricane,2012,34023008206,2,0.00,0.00,0.00,0.00,0.00,3531,0.566412,0.00
sandy,Hurricane Sandy,Hurricane,2012,34023008403,1,0.00,0.00,0.00,0.00,0.00,7232,0.138274,0.00
sandy,Hurricane Sandy,Hurricane,2012,34023008405,1,0.00,0.00,0.00,0.00,0.00,5025,0.199005,0.00
sandy,Hurricane Sandy,Hurricane,2012,34023008503,1,2568.00,0.00,0.00,2568.00,2568.00,9297,0.107562,0.28
sandy,Hurricane Sandy,Hurricane,2012,34023008504,1,0.00,0.00,0.00,0.00,0.00,5639,0.177336,0.00
sandy,Hurricane Sandy,Hurricane,2012,34023008800,2,2000.00,0.00,0.00,2000.00,1000.00,8590,0.232829,0.23
sandy,Hurricane Sandy,Hurricane,2012,34023008900,14,4461386.33,150000.00,0.00,4611386.33,329384.74,3603,3.885651,1279.87
sandy,Hurricane Sandy,Hurricane,2012,34023009000,20,732453.40,360560.96,17210.00,1110224.36,55511.22,5875,3.404255,188.97
sandy,Hurricane Sandy,Hurricane,2012,34023009100,9,370742.92,126128.75,0.00,496871.67,55207.96,3764,2.391073,132.01
sandy,Hurricane Sandy,Hurricane,2012,34023009200,32,1381880.92,101805.81,81897.59,1565584.32,48924.51,4168,7.677543,375.62
sandy,Hurricane Sandy,Hurricane,2012,34023009300,1,93948.44,0.00,0.00,93948.44,93948.44,5435,0.183993,17.29
sandy,Hurricane Sandy,Hurricane,2012,34025800100,814,46783282.55,3063603.23,4095269.45,53942155.23,66268.00,5009,162.507487,10769.05
sandy,Hurricane Sandy,Hurricane,2012,34025800200,63,2645628.88,603358.97,110900.00,3359887.85,53331.55,4385,14.367161,766.22
sandy,Hurricane Sandy,Hurricane,2012,34025800400,95,5092902.16,397488.29,457000.00,5947390.45,62604.11,3578,26.551146,1662.21
sandy,Hurricane Sandy,Hurricane,2012,34025800500,561,24633788.23,1484417.27,2443984.16,28562189.66,50912.99,4475,125.363128,6382.61
sandy,Hurricane Sandy,Hurricane,2012,34025800601,227,10651669.31,691793.51,1450243.00,12793705.82,56359.94,5466,41.529455,2340.60
sandy,Hurricane Sandy,Hurricane,2012,34025800602,68,3330958.65,283452.57,352460.00,3966871.22,58336.34,3863,17.602899,1026.89
sandy,Hurricane Sandy,Hurricane,2012,34025800702,16,812135.68,92840.45,0.00,904976.13,56561.01,3377,4.737933,267.98
sandy,Hurricane Sandy,Hurricane,2012,34025800800,2,12883.44,2713.60,0.00,15597.04,7798.52,6333,0.315806,2.46
sandy,Hurricane Sandy,Hurricane,2012,34025800900,13,1336498.84,228043.86,0.00,1564542.70,120349.44,6142,2.116574,254.73
sandy,Hurricane Sandy,Hurricane,2012,34025801100,1,0.00,0.00,0.00,0.00,0.00,4328,0.231054,0.00
sandy,Hurricane Sandy,Hurricane,2012,34025801300,2,70946.79,20040.99,0.00,90987.78,45493.89,6068,0.329598,14.99
sandy,Hurricane Sandy,Hurricane,2012,34025801400,4,335232.72,100295.75,0.00,435528.47,108882.12,3872,1.033058,112.48
sandy,Hurricane Sandy,Hurricane,2012,34025801600,468,14459551.31,2206534.04,1587097.58,18253182.93,39002.53,5201,89.982696,3509.55
sandy,Hurricane Sandy,Hurricane,2012,34025801700,712,26982179.05,1359119.59,2349245.06,30690543.70,43104.70,4896,145.424837,6268.49
sandy,Hurricane Sandy,Hurricane,2012,34025801800,1071,72368148.35,5486942.95,8124165.84,85979257.14,80279.42,6252,171.305182,13752.28
sandy,Hurricane Sandy,Hurricane,2012,34025801900,36,1396305.21,194511.67,90000.00,1680816.88,46689.36,3514,10.244735,478.32
sandy,Hurricane Sandy,Hurricane,2012,34025802000,34,2226462.11,330868.24,60000.00,2617330.35,76980.30,3751,9.064250,697.77
sandy,Hurricane Sandy,Hurricane,2012,34025802100,15,373821.69,103303.40,0.00,477125.09,31808.34,6268,2.393108,76.12
sandy,Hurricane Sandy,Hurricane,2012,34025802200,10,278801.82,2109.80,0.00,280911.62,28091.16,3878,2.578649,72.44
sandy,Hurricane Sandy,Hurricane,2012,34025802500,25,1356133.52,352985.42,127274.27,1836393.21,73455.73,3355,7.451565,547.36
sandy,Hurricane Sandy,Hurricane,2012,34025802600,7,131421.63,11970.63,30000.00,173392.26,24770.32,4926,1.421031,35.20
sandy,Hurricane Sandy,Hurricane,2012,34025803000,1,0.00,0.00,0.00,0.00,0.00,5153,0.194062,0.00
sandy,Hurricane Sandy,Hurricane,2012,34025803400,5,1394570.56,462649.26,0.00,1857219.82,371443.96,5096,0.981162,364.45
sandy,Hurricane Sandy,Hurricane,2012,34025803600,7,1520156.10,745364.87,0.00,2265520.97,323645.85,4630,1.511879,489.31
sandy,Hurricane Sandy,Hurricane,2012,34025803700,7,204457.46,782.63,0.00,205240.09,29320.01,6102,1.147165,33.63
sandy,Hurricane Sandy,Hurricane,2012,34025803800,311,34917078.65,6086355.96,933373.37,41936807.98,134845.04,3181,97.767997,13183.53
sandy,Hurricane Sandy,Hurricane,2012,34025803900,132,12860296.78,1926938.68,405366.79,15192602.25,115095.47,3917,33.699260,3878.63
sandy,Hurricane Sandy,Hurricane,2012,34025804100,1697,84580312.23,9352785.46,1593372.41,95526470.10,56291.38,3298,514.554275,28964.97
sandy,Hurricane Sandy,Hurricane,2012,34025804200,217,25611770.47,4342795.89,225422.63,30179988.99,139078.29,5970,36.348409,5055.27
sandy,Hurricane Sandy,Hurricane,2012,34025804600,1,0.00,0.00,0.00,0.00,0.00,3023,0.330797,0.00
sandy,Hurricane Sandy,Hurricane,2012,34025805001,1,0.00,0.00,0.00,0.00,0.00,4785,0.208986,0.00
sandy,Hurricane Sandy,Hurricane,2012,34025805300,571,43281312.11,6460942.61,2100034.36,51842289.08,90792.10,5481,104.178070,9458.55
sandy,Hurricane Sandy,Hurricane,2012,34025805400,702,22861177.81,1582779.32,819240.74,25263197.87,35987.46,3522,199.318569,7172.97
sandy,Hurricane Sandy,Hurricane,2012,34025805500,223,12091354.29,2127630.92,369793.96,14588779.17,65420.53,4004,55.694306,3643.55
sandy,Hurricane Sandy,Hurricane,2012,34025805600,33,1053125.08,43957.98,0.00,1097083.06,33244.94,2234,14.771710,491.08
sandy,Hurricane Sandy,Hurricane,2012,34025805700,8,610535.65,147272.93,0.00,757808.58,94726.07,3771,2.121453,200.96
sandy,Hurricane Sandy,Hurricane,2012,34025805800,10,511541.97,49000.00,0.00,560541.97,56054.20,3572,2.799552,156.93
sandy,Hurricane Sandy,Hurricane,2012,34025806000,224,2041247.42,0.00,0.00,2041247.42,9112.71,4511,49.656395,452.50
sandy,Hurricane Sandy,Hurricane,2012,34025806100,37,3158542.08,528277.52,0.00,3686819.60,99643.77,3403,10.872759,1083.40
sandy,Hurricane Sandy,Hurricane,2012,34025806300,7,65344.09,0.00,0.00,65344.09,9334.87,2660,2.631579,24.57
sandy,Hurricane Sandy,Hurricane,2012,34025806400,2,11411.11,0.00,0.00,11411.11,5705.56,5163,0.387372,2.21
sandy,Hurricane Sandy,Hurricane,2012,34025806600,11,192775.01,27512.15,0.00,220287.16,20026.11,5235,2.101242,42.08
sandy,Hurricane Sandy,Hurricane,2012,34025807003,14,1654295.24,49066.91,60000.00,1763362.15,125954.44,4375,3.200000,403.05
sandy,Hurricane Sandy,Hurricane,2012,34025807004,116,1753956.86,50000.00,0.00,1803956.86,15551.35,3225,35.968992,559.37
sandy,Hurricane Sandy,Hurricane,2012,34025807100,6,41969.21,0.00,0.00,41969.21,6994.87,2529,2.372479,16.60
sandy,Hurricane Sandy,Hurricane,2012,34025807400,36,1240878.85,31937.17,60000.00,1332816.02,37022.67,3235,11.128284,412.00
sandy,Hurricane Sandy,Hurricane,2012,34025807500,10,161165.93,0.00,0.00,161165.93,16116.59,2975,3.361345,54.17
sandy,Hurricane Sandy,Hurricane,2012,34025807800,1,0.00,0.00,0.00,0.00,0.00,4621,0.216403,0.00
sandy,Hurricane Sandy,Hurricane,2012,34025808001,229,15710879.72,2302219.65,956590.18,18969689.55,82837.07,4109,55.731321,4616.62
sandy,Hurricane Sandy,Hurricane,2012,34025808100,84,1619346.68,154934.26,60000.00,1834280.94,21836.68,4869,17.252002,376.73
sandy,Hurricane Sandy,Hurricane,2012,34025808200,51,1382873.67,137156.05,0.00,1520029.72,29804.50,4335,11.764706,350.64
sandy,Hurricane Sandy,Hurricane,2012,34025808300,226,12019882.41,1575687.27,451459.35,14047029.03,62155.00,1972,114.604462,7123.24
sandy,Hurricane Sandy,Hurricane,2012,34025808401,272,7113943.83,1008388.92,60000.00,8182332.75,30082.11,2470,110.121457,3312.69
sandy,Hurricane Sandy,Hurricane,2012,34025808402,142,7694001.96,1109773.93,290021.47,9093797.36,64040.83,3326,42.693927,2734.15
sandy,Hurricane Sandy,Hurricane,2012,34025808500,5,522860.17,69808.95,30000.00,622669.12,124533.82,6280,0.796178,99.15
sandy,Hurricane Sandy,Hurricane,2012,34025808701,1,0.00,0.00,0.00,0.00,0.00,4961,0.201572,0.00
sandy,Hurricane Sandy,Hurricane,2012,34025808702,6,178519.10,100000.00,0.00,278519.10,46419.85,3803,1.577702,73.24
sandy,Hurricane Sandy,Hurricane,2012,34025808800,6,200963.59,3268.53,0.00,204232.12,34038.69,4116,1.457726,49.62
sandy,Hurricane Sandy,Hurricane,2012,34025808900,16,276724.41,29129.92,90000.00,395854.33,24740.90,4733,3.380520,83.64
sandy,Hurricane Sandy,Hurricane,2012,34025809000,31,2411843.43,329406.52,60000.00,2801249.95,90362.90,1780,17.415730,1573.74
sandy,Hurricane Sandy,Hurricane,2012,34025809100,350,8439113.03,884683.32,150000.00,9473796.35,27067.99,3018,115.970842,3139.10
sandy,Hurricane Sandy,Hurricane,2012,34025809200,58,1527388.12,155506.97,0.00,1682895.09,29015.43,1870,31.016043,899.94
sandy,Hurricane Sandy,Hurricane,2012,34025809301,57,1535802.26,113297.56,60000.00,1709099.82,29984.21,3024,18.849206,565.18
sandy,Hurricane Sandy,Hurricane,2012,34025809302,1239,82943372.41,9341484.44,5134948.28,97419805.13,78627.77,2880,430.208333,33826.32
sandy,Hurricane Sandy,Hurricane,2012,34025809400,143,9088072.96,1343926.28,280800.00,10712799.24,74914.68,4787,29.872572,2237.89
sandy,Hurricane Sandy,Hurricane,2012,34025809502,2,8470.37,0.00,0.00,8470.37,4235.19,8706,0.229727,0.97
sandy,Hurricane Sandy,Hurricane,2012,34025809600,1,0.00,0.00,0.00,0.00,0.00,6561,0.152416,0.00
sandy,Hurricane Sandy,Hurricane,2012,34025809701,1,172180.75,0.00,0.00,172180.75,172180.75,5665,0.176523,30.39
sandy,Hurricane Sandy,Hurricane,2012,34025809901,2,35396.10,0.00,0.00,35396.10,17698.05,5263,0.380011,6.73
sandy,Hurricane Sandy,Hurricane,2012,34025810001,2,0.00,0.00,0.00,0.00,0.00,5865,0.341006,0.00
sandy,Hurricane Sandy,Hurricane,2012,34025810003,2,15627.69,0.00,0.00,15627.69,7813.85,5374,0.372162,2.91
sandy,Hurricane Sandy,Hurricane,2012,34025810004,1,6584.27,0.00,0.00,6584.27,6584.27,3695,0.270636,1.78
sandy,Hurricane Sandy,Hurricane,2012,34025810101,1,4399.18,0.00,0.00,4399.18,4399.18,4023,0.248571,1.09
sandy,Hurricane Sandy,Hurricane,2012,34025810200,1,0.00,0.00,0.00,0.00,0.00,11994,0.083375,0.00
sandy,Hurricane Sandy,Hurricane,2012,34025810502,1,0.00,0.00,0.00,0.00,0.00,7867,0.127113,0.00
sandy,Hurricane Sandy,Hurricane,2012,34025811200,2,16812.33,0.00,0.00,16812.33,8406.17,5374,0.372162,3.13
sandy,Hurricane Sandy,Hurricane,2012,34025811600,6,442556.08,9056.49,0.00,451612.57,75268.76,1310,4.580153,344.74
sandy,Hurricane Sandy,Hurricane,2012,34025812100,1122,60518039.88,7132728.98,2117337.70,69768106.56,62181.91,1437,780.793319,48551.22
sandy,Hurricane Sandy,Hurricane,2012,34025812200,7,974894.20,201410.76,30000.00,1206304.96,172329.28,4005,1.747815,301.20
sandy,Hurricane Sandy,Hurricane,2012,34025812300,4,96060.62,15127.75,0.00,111188.37,27797.09,4887,0.818498,22.75
sandy,Hurricane Sandy,Hurricane,2012,34025812400,97,3754849.62,432274.06,30000.00,4217123.68,43475.50,2523,38.446294,1671.47
sandy,Hurricane Sandy,Hurricane,2012,34027040101,2,0.00,0.00,0.00,0.00,0.00,4181,0.478354,0.00
sandy,Hurricane Sandy,Hurricane,2012,34027040102,2,0.00,5000.00,0.00,5000.00,2500.00,6372,0.313873,0.78
sandy,Hurricane Sandy,Hurricane,2012,34027040200,5,0.00,0.00,0.00,0.00,0.00,7165,0.697837,0.00
sandy,Hurricane Sandy,Hurricane,2012,34027040803,5,0.00,0.00,0.00,0.00,0.00,7298,0.685119,0.00
sandy,Hurricane Sandy,Hurricane,2012,34027041702,3,0.00,0.00,0.00,0.00,0.00,3701,0.810592,0.00
sandy,Hurricane Sandy,Hurricane,2012,34027041802,1,25346.03,0.00,0.00,25346.03,25346.03,5387,0.185632,4.71
sandy,Hurricane Sandy,Hurricane,2012,34027042000,1,0.00,0.00,0.00,0.00,0.00,4595,0.217628,0.00
sandy,Hurricane Sandy,Hurricane,2012,34027042200,1,0.00,0.00,0.00,0.00,0.00,5074,0.197083,0.00
sandy,Hurricane Sandy,Hurricane,2012,34027043402,1,0.00,0.00,0.00,0.00,0.00,5776,0.173130,0.00
sandy,Hurricane Sandy,Hurricane,2012,34027044000,1,0.00,0.00,0.00,0.00,0.00,5892,0.169722,0.00
sandy,Hurricane Sandy,Hurricane,2012,34027044102,2,0.00,0.00,0.00,0.00,0.00,5672,0.352609,0.00
sandy,Hurricane Sandy,Hurricane,2012,34027044401,1,0.00,0.00,0.00,0.00,0.00,4804,0.208160,0.00
sandy,Hurricane Sandy,Hurricane,2012,34027044502,1,100838.79,10000.00,30000.00,140838.79,140838.79,4348,0.229991,32.39
sandy,Hurricane Sandy,Hurricane,2012,34027044602,1,0.00,0.00,0.00,0.00,0.00,5747,0.174004,0.00
sandy,Hurricane Sandy,Hurricane,2012,34027044702,1,0.00,0.00,0.00,0.00,0.00,5867,0.170445,0.00
sandy,Hurricane Sandy,Hurricane,2012,34027044800,4,256601.11,53150.54,30000.00,339751.65,84937.91,7078,0.565131,48.00
sandy,Hurricane Sandy,Hurricane,2012,34027045200,2,135996.80,35421.56,36175.00,207593.36,103796.68,3669,0.545108,56.58
sandy,Hurricane Sandy,Hurricane,2012,34027045703,1,0.00,0.00,0.00,0.00,0.00,3580,0.279330,0.00
sandy,Hurricane Sandy,Hurricane,2012,34027046298,2,0.00,0.00,0.00,0.00,0.00,4801,0.416580,0.00
sandy,Hurricane Sandy,Hurricane,2012,34029710100,1125,56620219.44,5889470.96,3484091.85,65993782.25,58661.14,4711,238.802802,14008.44
sandy,Hurricane Sandy,Hurricane,2012,34029711100,32,2112232.19,1215286.08,0.00,3327518.27,103984.95,4473,7.154035,743.91
sandy,Hurricane Sandy,Hurricane,2012,34029711200,47,1078457.11,83150.91,0.00,1161608.02,24715.06,3964,11.856710,293.04
sandy,Hurricane Sandy,Hurricane,2012,34029711300,19,280473.03,4587.71,0.00,285060.74,15003.20,4095,4.639805,69.61
sandy,Hurricane Sandy,Hurricane,2012,34029711400,1123,57157072.62,5213920.19,2843924.33,65214917.14,58072.05,5967,188.201776,10929.26
sandy,Hurricane Sandy,Hurricane,2012,34029712000,683,88911373.16,16883996.02,861370.70,106656739.88,156159.21,1425,479.298246,74846.84
sandy,Hurricane Sandy,Hurricane,2012,34029713000,1,18686.50,1217.36,0.00,19903.86,19903.86,4472,0.223614,4.45
sandy,Hurricane Sandy,Hurricane,2012,34029713100,19,1332078.73,193095.93,29152.70,1554327.36,81806.70,6832,2.781030,227.51
sandy,Hurricane Sandy,Hurricane,2012,34029713201,4,209458.39,61417.37,0.00,270875.76,67718.94,2685,1.489758,100.88
sandy,Hurricane Sandy,Hurricane,2012,34029713203,2,122109.56,0.00,0.00,122109.56,61054.78,5180,0.386100,23.57
sandy,Hurricane Sandy,Hurricane,2012,34029713402,1,28482.25,0.00,0.00,28482.25,28482.25,3767,0.265463,7.56
sandy,Hurricane Sandy,Hurricane,2012,34029713500,21,851573.91,56201.67,30000.00,937775.58,44655.98,3026,6.939855,309.91
sandy,Hurricane Sandy,Hurricane,2012,34029713600,22,1153457.66,54612.94,90000.00,1298070.60,59003.21,3947,5.573854,328.88
sandy,Hurricane Sandy,Hurricane,2012,34029713700,359,24155253.66,2343931.96,1047368.00,27546553.62,76731.35,2629,136.553823,10477.96
sandy,Hurricane Sandy,Hurricane,2012,34029713800,280,18355123.47,1427361.64,1134797.65,20917282.76,74704.58,3408,82.159624,6137.70
sandy,Hurricane Sandy,Hurricane,2012,34029713900,40,2458878.56,274009.50,60000.00,2792888.06,69822.20,6451,6.200589,432.94
sandy,Hurricane Sandy,Hurricane,2012,34029714000,4,319120.85,27537.71,0.00,346658.56,86664.64,6210,0.644122,55.82
sandy,Hurricane Sandy,Hurricane,2012,34029714100,77,4506747.36,892841.20,151612.98,5551201.54,72093.53,3187,24.160653,1741.83
sandy,Hurricane Sandy,Hurricane,2012,34029714200,564,41830859.14,4171307.44,3044243.64,49046410.22,86961.72,6534,86.317723,7506.34
sandy,Hurricane Sandy,Hurricane,2012,34029714300,973,65729804.95,6465733.65,4155128.68,76350667.28,78469.34,3341,291.230171,22852.64
sandy,Hurricane Sandy,Hurricane,2012,34029714400,571,52455084.47,6700927.46,2005573.03,61161584.96,107113.11,547,1043.875686,111812.77
sandy,Hurricane Sandy,Hurricane,2012,34029715500,2,97163.57,18482.26,0.00,115645.83,57822.91,11881,0.168336,9.73
sandy,Hurricane Sandy,Hurricane,2012,34029717200,1,0.00,0.00,0.00,0.00,0.00,8052,0.124193,0.00
sandy,Hurricane Sandy,Hurricane,2012,34029720101,1,138462.31,10000.00,0.00,148462.31,148462.31,5756,0.173732,25.79
sandy,Hurricane Sandy,Hurricane,2012,34029720102,1,94159.74,0.00,17725.00,111884.74,111884.74,3427,0.291800,32.65
sandy,Hurricane Sandy,Hurricane,2012,34029720202,2,40848.03,10000.00,0.00,50848.03,25424.01,3765,0.531208,13.51
sandy,Hurricane Sandy,Hurricane,2012,34029720205,1,68679.11,10000.00,30000.00,108679.11,108679.11,2926,0.341763,37.14
sandy,Hurricane Sandy,Hurricane,2012,34029722001,1,41839.61,0.00,0.00,41839.61,41839.61,4909,0.203707,8.52
sandy,Hurricane Sandy,Hurricane,2012,34029722002,1,3335.20,0.00,0.00,3335.20,3335.20,8593,0.116374,0.39
sandy,Hurricane Sandy,Hurricane,2012,34029722100,2,119223.18,0.00,11875.00,131098.18,65549.09,6820,0.293255,19.22
sandy,Hurricane Sandy,Hurricane,2012,34029722200,7,226064.48,0.00,0.00,226064.48,32294.93,2320,3.017241,97.44
sandy,Hurricane Sandy,Hurricane,2012,34029722401,659,44088819.71,4290320.03,3148936.70,51528076.44,78191.31,5593,117.825854,9212.96
sandy,Hurricane Sandy,Hurricane,2012,34029722402,979,74840516.92,7798585.21,5252173.84,87891275.97,89776.58,3954,247.597370,22228.45
sandy,Hurricane Sandy,Hurricane,2012,34029722500,2106,116773032.23,14333407.98,19466634.29,150573074.50,71497.19,1287,1636.363636,116995.40
sandy,Hurricane Sandy,Hurricane,2012,34029722600,309,26232131.89,3107107.03,2101313.51,31440552.43,101749.36,3061,100.947403,10271.33
sandy,Hurricane Sandy,Hurricane,2012,34029722800,2,114708.98,25766.97,30000.00,170475.95,85237.98,5292,0.377929,32.21
sandy,Hurricane Sandy,Hurricane,2012,34029722900,2,75853.25,2957.62,0.00,78810.87,39405.43,4769,0.419375,16.53
sandy,Hurricane Sandy,Hurricane,2012,34029723000,1,119140.87,54924.48,0.00,174065.35,174065.35,5665,0.176523,30.73
sandy,Hurricane Sandy,Hurricane,2012,34029723100,31,1600169.92,126973.67,30000.00,1757143.59,56682.05,4091,7.577609,429.51
sandy,Hurricane Sandy,Hurricane,2012,34029723200,3,0.00,0.00,0.00,0.00,0.00,5956,0.503694,0.00
sandy,Hurricane Sandy,Hurricane,2012,34029723300,121,4295868.52,255578.34,180000.00,4731446.86,39102.87,6926,17.470401,683.14
sandy,Hurricane Sandy,Hurricane,2012,34029723400,1160,60758271.57,5206179.17,4186265.03,70150715.77,60474.75,3018,384.360504,23244.11
sandy,Hurricane Sandy,Hurricane,2012,34029723500,345,20078800.67,1392264.25,1818987.85,23290052.77,67507.40,2753,125.317835,8459.88
sandy,Hurricane Sandy,Hurricane,2012,34029723600,147,11070511.88,1315687.82,500328.16,12886527.86,87663.45,2409,61.021171,5349.33
sandy,Hurricane Sandy,Hurricane,2012,34029724000,21,1223091.19,555123.29,30000.00,1808214.48,86105.45,3691,5.689515,489.90
sandy,Hurricane Sandy,Hurricane,2012,34029725100,23,1011896.87,98733.46,30000.00,1140630.33,49592.62,2226,10.332435,512.41
sandy,Hurricane Sandy,Hurricane,2012,34029726000,61,1921409.70,168303.04,0.00,2089712.74,34257.59,1536,39.713542,1360.49
sandy,Hurricane Sandy,Hurricane,2012,34029727001,1869,109686041.84,11938110.16,5971516.32,127595668.32,68269.49,2276,821.177504,56061.37
sandy,Hurricane Sandy,Hurricane,2012,34029727002,1653,125277647.79,12627973.78,11367716.27,149273337.84,90304.50,1292,1279.411765,115536.64
sandy,Hurricane Sandy,Hurricane,2012,34029728000,1815,70381409.32,5862138.30,5029746.57,81273294.19,44778.67,5363,338.429983,15154.45
sandy,Hurricane Sandy,Hurricane,2012,34029729000,324,14667556.10,950676.17,1855557.60,17473789.87,53931.45,1908,169.811321,9158.17
sandy,Hurricane Sandy,Hurricane,2012,34029730000,6,114651.89,1265.88,0.00,115917.77,19319.63,2143,2.799813,54.09
sandy,Hurricane Sandy,Hurricane,2012,34029731001,508,16174639.83,1393650.13,911751.57,18480041.53,36378.03,3220,157.763975,5739.14
sandy,Hurricane Sandy,Hurricane,2012,34029731002,556,30269512.97,3171589.06,3940023.07,37381125.10,67232.24,3694,150.514348,10119.42
sandy,Hurricane Sandy,Hurricane,2012,34029731101,78,4757343.26,456052.30,80832.34,5294227.90,67874.72,3367,23.166023,1572.39
sandy,Hurricane Sandy,Hurricane,2012,34029731102,1,70400.48,0.00,0.00,70400.48,70400.48,6118,0.163452,11.51
sandy,Hurricane Sandy,Hurricane,2012,34029731201,3,172613.84,9691.01,0.00,182304.85,60768.28,4039,0.742758,45.14
sandy,Hurricane Sandy,Hurricane,2012,34029731202,3,133448.95,5000.00,30000.00,168448.95,56149.65,4381,0.684775,38.45
sandy,Hurricane Sandy,Hurricane,2012,34029731203,12,8142.32,0.00,0.00,8142.32,678.53,1667,7.198560,4.88
sandy,Hurricane Sandy,Hurricane,2012,34029731204,2,72328.50,70758.78,30000.00,173087.28,86543.64,3808,0.525210,45.45
sandy,Hurricane Sandy,Hurricane,2012,34029731205,12,1176540.19,8610.53,60000.00,1245150.72,103762.56,3162,3.795066,393.79
sandy,Hurricane Sandy,Hurricane,2012,34029732002,2,301746.46,0.00,0.00,301746.46,150873.23,8694,0.230044,34.71
sandy,Hurricane Sandy,Hurricane,2012,34029732101,463,13897820.08,1130106.72,1036389.69,16064316.49,34696.15,6336,73.074495,2535.40
sandy,Hurricane Sandy,Hurricane,2012,34029732103,498,11205830.12,681368.83,352712.19,12239911.14,24578.13,2533,196.604816,4832.18
sandy,Hurricane Sandy,Hurricane,2012,34029732104,521,15812666.09,1770253.63,1599985.38,19182905.10,36819.40,4204,123.929591,4563.01
sandy,Hurricane Sandy,Hurricane,2012,34029733000,404,14814775.17,1805846.23,1535169.34,18155790.74,44940.08,8333,48.481939,2178.78
sandy,Hurricane Sandy,Hurricane,2012,34029734001,3,209577.26,41833.90,30000.00,281411.16,93803.72,6863,0.437127,41.00
sandy,Hurricane Sandy,Hurricane,2012,34029734002,223,7037854.48,795213.59,390000.00,8223068.07,36874.74,6908,32.281413,1190.37
sandy,Hurricane Sandy,Hurricane,2012,34029735002,1,0.00,0.00,0.00,0.00,0.00,9182,0.108909,0.00
sandy,Hurricane Sandy,Hurricane,2012,34029735103,2325,152835586.05,25608337.07,22344994.30,200788917.42,86360.82,4490,517.817372,44719.14
sandy,Hurricane Sandy,Hurricane,2012,34029735104,115,3103111.62,743225.80,435189.00,4281526.42,37230.66,4098,28.062469,1044.78
sandy,Hurricane Sandy,Hurricane,2012,34029736001,9,517430.68,106467.94,13665.00,637563.62,70840.40,3051,2.949853,208.97
sandy,Hurricane Sandy,Hurricane,2012,34029736002,101,4367901.67,304348.45,435000.00,5107250.12,50566.83,1495,67.558528,3416.22
sandy,Hurricane Sandy,Hurricane,2012,34029736101,82,2896204.28,232896.82,240000.00,3369101.10,41086.60,5645,14.526129,596.83
sandy,Hurricane Sandy,Hurricane,2012,34029736102,202,11078493.08,1135192.74,861240.00,13074925.82,64727.36,7638,26.446714,1711.83
sandy,Hurricane Sandy,Hurricane,2012,34029736105,2298,133039573.03,17955732.78,18016860.06,169012165.87,73547.50,3622,634.456102,46662.66
sandy,Hurricane Sandy,Hurricane,2012,34029737000,497,28409774.82,3382049.54,4304593.96,36096418.32,72628.61,3378,147.128478,10685.74
sandy,Hurricane Sandy,Hurricane,2012,34029738001,3927,147805812.78,24121645.15,14155870.67,186083328.60,47385.62,2145,1830.769231,86752.13
sandy,Hurricane Sandy,Hurricane,2012,34029738002,2566,81602655.76,12754627.57,3895124.64,98252407.97,38290.10,1447,1773.324119,67900.77
sandy,Hurricane Sandy,Hurricane,2012,34029738100,1826,30896938.50,2437129.45,804475.00,34138542.95,18695.81,1732,1054.272517,19710.48
sandy,Hurricane Sandy,Hurricane,2012,34029739000,2271,70336190.77,11633527.02,4838297.87,86808015.66,38224.58,2336,972.174658,37160.97
sandy,Hurricane Sandy,Hurricane,2012,34031124311,1,50890.56,0.00,0.00,50890.56,50890.56,4681,0.213630,10.87
sandy,Hurricane Sandy,Hurricane,2012,34031124312,1,104797.02,64569.09,0.00,169366.11,169366.11,4765,0.209864,35.54
sandy,Hurricane Sandy,Hurricane,2012,34031154002,2,1887.29,0.00,0.00,1887.29,943.64,7408,0.269978,0.25
sandy,Hurricane Sandy,Hurricane,2012,34031175302,1,0.00,0.00,0.00,0.00,0.00,4444,0.225023,0.00
sandy,Hurricane Sandy,Hurricane,2012,34031175701,3,123324.18,6887.43,0.00,130211.61,43403.87,5123,0.585594,25.42
sandy,Hurricane Sandy,Hurricane,2012,34031175801,1,41399.02,0.00,0.00,41399.02,41399.02,3994,0.250376,10.37
sandy,Hurricane Sandy,Hurricane,2012,34031175900,12,448078.15,1970248.69,0.00,2418326.84,201527.24,3840,3.125000,629.77
sandy,Hurricane Sandy,Hurricane,2012,34031180100,3,0.00,0.00,0.00,0.00,0.00,7665,0.391389,0.00
sandy,Hurricane Sandy,Hurricane,2012,34031180700,1,3125.43,0.00,0.00,3125.43,3125.43,2422,0.412882,1.29
sandy,Hurricane Sandy,Hurricane,2012,34031180800,1,0.00,0.00,0.00,0.00,0.00,2313,0.432339,0.00
sandy,Hurricane Sandy,Hurricane,2012,34031183200,1,0.00,0.00,0.00,0.00,0.00,2346,0.426257,0.00
sandy,Hurricane Sandy,Hurricane,2012,34031196401,2,0.00,0.00,0.00,0.00,0.00,4172,0.479386,0.00
sandy,Hurricane Sandy,Hurricane,2012,34031196402,1,0.00,0.00,0.00,0.00,0.00,6902,0.144886,0.00
sandy,Hurricane Sandy,Hurricane,2012,34031246003,1,0.00,0.00,0.00,0.00,0.00,5748,0.173974,0.00
sandy,Hurricane Sandy,Hurricane,2012,34031246203,1,825.00,0.00,0.00,825.00,825.00,3970,0.251889,0.21
sandy,Hurricane Sandy,Hurricane,2012,34031246300,2,0.00,0.00,0.00,0.00,0.00,4790,0.417537,0.00
sandy,Hurricane Sandy,Hurricane,2012,34031256802,2,46198.19,0.00,0.00,46198.19,23099.10,3886,0.514668,11.89
sandy,Hurricane Sandy,Hurricane,2012,34031264102,1,0.00,0.00,0.00,0.00,0.00,7134,0.140174,0.00
sandy,Hurricane Sandy,Hurricane,2012,34033020200,7,559001.59,0.00,0.00,559001.59,79857.37,2289,3.058104,244.21
sandy,Hurricane Sandy,Hurricane,2012,34033020300,40,2032124.26,48611.58,66950.00,2147685.84,53692.15,2827,14.149275,759.70
sandy,Hurricane Sandy,Hurricane,2012,34033020400,8,294906.25,16534.77,0.00,311441.02,38930.13,2711,2.950941,114.88
sandy,Hurricane Sandy,Hurricane,2012,34033020600,3,779.35,0.00,0.00,779.35,259.78,2606,1.151190,0.30
sandy,Hurricane Sandy,Hurricane,2012,34033021400,4,37765.70,0.00,0.00,37765.70,9441.42,3431,1.165841,11.01
sandy,Hurricane Sandy,Hurricane,2012,34033021500,4,43754.85,0.00,0.00,43754.85,10938.71,1860,2.150538,23.52
sandy,Hurricane Sandy,Hurricane,2012,34033021600,28,461224.87,9256.43,0.00,470481.30,16802.90,5947,4.708256,79.11
sandy,Hurricane Sandy,Hurricane,2012,34033021700,1,13082.97,0.00,0.00,13082.97,13082.97,2131,0.469263,6.14
sandy,Hurricane Sandy,Hurricane,2012,34033022202,6,17158.77,80.00,0.00,17238.77,2873.13,1025,5.853659,16.82
sandy,Hurricane Sandy,Hurricane,2012,34035050400,3,0.00,0.00,0.00,0.00,0.00,2437,1.231022,0.00
sandy,Hurricane Sandy,Hurricane,2012,34035050701,3,12656.99,0.00,0.00,12656.99,4219.00,3919,0.765501,3.23
sandy,Hurricane Sandy,Hurricane,2012,34035050802,1,10590.98,0.00,0.00,10590.98,10590.98,4450,0.224719,2.38
sandy,Hurricane Sandy,Hurricane,2012,34035050901,1,0.00,0.00,0.00,0.00,0.00,4612,0.216826,0.00
sandy,Hurricane Sandy,Hurricane,2012,34035050903,1,0.00,0.00,0.00,0.00,0.00,5359,0.186602,0.00
sandy,Hurricane Sandy,Hurricane,2012,34035051000,8,0.00,0.00,0.00,0.00,0.00,6937,1.153236,0.00
sandy,Hurricane Sandy,Hurricane,2012,34035051100,1,0.00,0.00,0.00,0.00,0.00,3944,0.253550,0.00
sandy,Hurricane Sandy,Hurricane,2012,34035051200,1,0.00,0.00,0.00,0.00,0.00,4310,0.232019,0.00
sandy,Hurricane Sandy,Hurricane,2012,34035051400,3,9315.34,0.00,0.00,9315.34,3105.11,4311,0.695894,2.16
sandy,Hurricane Sandy,Hurricane,2012,34035051700,1,0.00,0.00,0.00,0.00,0.00,4788,0.208855,0.00
sandy,Hurricane Sandy,Hurricane,2012,34035051800,2,13030.26,0.00,0.00,13030.26,6515.13,5074,0.394166,2.57
sandy,Hurricane Sandy,Hurricane,2012,34035051900,3,0.00,0.00,0.00,0.00,0.00,3980,0.753769,0.00
sandy,Hurricane Sandy,Hurricane,2012,34035052002,2,5067.35,0.00,0.00,5067.35,2533.68,4644,0.430663,1.09
sandy,Hurricane Sandy,Hurricane,2012,34035052203,1,0.00,0.00,0.00,0.00,0.00,4516,0.221435,0.00
sandy,Hurricane Sandy,Hurricane,2012,34035052300,1,0.00,0.00,0.00,0.00,0.00,5776,0.173130,0.00
sandy,Hurricane Sandy,Hurricane,2012,34035052400,1,0.00,0.00,0.00,0.00,0.00,5401,0.185151,0.00
sandy,Hurricane Sandy,Hurricane,2012,34035053300,1,0.00,0.00,0.00,0.00,0.00,4607,0.217061,0.00
sandy,Hurricane Sandy,Hurricane,2012,34035053604,1,0.00,0.00,0.00,0.00,0.00,3633,0.275255,0.00
sandy,Hurricane Sandy,Hurricane,2012,34035053801,1,0.00,1000.00,0.00,1000.00,1000.00,413,2.421308,2.42
sandy,Hurricane Sandy,Hurricane,2012,34035053904,1,0.00,0.00,0.00,0.00,0.00,3429,0.291630,0.00
sandy,Hurricane Sandy,Hurricane,2012,34035053905,1,0.00,0.00,0.00,0.00,0.00,6667,0.149993,0.00
sandy,Hurricane Sandy,Hurricane,2012,34035054300,4,10926.63,355.16,0.00,11281.79,2820.45,8695,0.460035,1.30
sandy,Hurricane Sandy,Hurricane,2012,34039030600,9,2554082.60,306680.71,0.00,2860763.31,317862.59,3203,2.809866,893.15
sandy,Hurricane Sandy,Hurricane,2012,34039030900,1,77409.16,0.00,0.00,77409.16,77409.16,6400,0.156250,12.10
sandy,Hurricane Sandy,Hurricane,2012,34039031100,1,0.00,0.00,0.00,0.00,0.00,5641,0.177274,0.00
sandy,Hurricane Sandy,Hurricane,2012,34039032400,1,0.00,0.00,0.00,0.00,0.00,7382,0.135465,0.00
sandy,Hurricane Sandy,Hurricane,2012,34039032700,1,9836.18,0.00,0.00,9836.18,9836.18,7446,0.134300,1.32
sandy,Hurricane Sandy,Hurricane,2012,34039032800,1,0.00,0.00,0.00,0.00,0.00,5226,0.191351,0.00
sandy,Hurricane Sandy,Hurricane,2012,34039033500,1,1765.88,0.00,0.00,1765.88,1765.88,7792,0.128337,0.23
sandy,Hurricane Sandy,Hurricane,2012,34039033600,2,6506.15,0.00,0.00,6506.15,3253.07,7907,0.252940,0.82
sandy,Hurricane Sandy,Hurricane,2012,34039034000,1,0.00,0.00,0.00,0.00,0.00,6137,0.162946,0.00
sandy,Hurricane Sandy,Hurricane,2012,34039034500,2,0.00,0.00,0.00,0.00,0.00,4520,0.442478,0.00
sandy,Hurricane Sandy,Hurricane,2012,34039035000,1,0.00,0.00,0.00,0.00,0.00,2766,0.361533,0.00
sandy,Hurricane Sandy,Hurricane,2012,34039035300,7,119041.36,13742.35,30000.00,162783.71,23254.82,4969,1.408734,32.76
sandy,Hurricane Sandy,Hurricane,2012,34039035400,31,2085515.77,114743.21,15686.00,2215944.98,71482.10,2623,11.818528,844.81
sandy,Hurricane Sandy,Hurricane,2012,34039035500,14,315836.89,47586.33,0.00,363423.22,25958.80,6726,2.081475,54.03
sandy,Hurricane Sandy,Hurricane,2012,34039035700,1,0.00,0.00,0.00,0.00,0.00,5063,0.197511,0.00
sandy,Hurricane Sandy,Hurricane,2012,34039035800,17,835743.14,140512.76,0.00,976255.90,57426.82,3733,4.553978,261.52
sandy,Hurricane Sandy,Hurricane,2012,34039036000,38,2348987.61,381807.05,0.00,2730794.66,71863.02,4948,7.679871,551.90
sandy,Hurricane Sandy,Hurricane,2012,34039036301,1,0.00,0.00,0.00,0.00,0.00,4732,0.211327,0.00
sandy,Hurricane Sandy,Hurricane,2012,34039036500,1,114032.55,20000.00,30000.00,164032.55,164032.55,5880,0.170068,27.90
sandy,Hurricane Sandy,Hurricane,2012,34039037000,3,0.00,2000.00,0.00,2000.00,666.67,6102,0.491642,0.33
sandy,Hurricane Sandy,Hurricane,2012,34039037602,2,11031.37,1978.23,0.00,13009.60,6504.80,6215,0.321802,2.09
sandy,Hurricane Sandy,Hurricane,2012,34039037900,1,0.00,0.00,0.00,0.00,0.00,5985,0.167084,0.00
sandy,Hurricane Sandy,Hurricane,2012,34039038202,1,39134.55,13400.00,0.00,52534.55,52534.55,6938,0.144134,7.57
sandy,Hurricane Sandy,Hurricane,2012,34039038400,2,2819.85,0.00,0.00,2819.85,1409.92,5770,0.346620,0.49
sandy,Hurricane Sandy,Hurricane,2012,34039038500,1,50798.22,6708.34,0.00,57506.56,57506.56,5453,0.183385,10.55
sandy,Hurricane Sandy,Hurricane,2012,34039038601,2,0.00,0.00,0.00,0.00,0.00,8170,0.244798,0.00
sandy,Hurricane Sandy,Hurricane,2012,34039038602,2,0.00,0.00,0.00,0.00,0.00,4082,0.489956,0.00
sandy,Hurricane Sandy,Hurricane,2012,34039038800,5,14348.04,0.00,0.00,14348.04,2869.61,4672,1.070205,3.07
sandy,Hurricane Sandy,Hurricane,2012,34039038900,9,0.00,0.00,0.00,0.00,0.00,5355,1.680672,0.00
sandy,Hurricane Sandy,Hurricane,2012,34039039000,1,5875.65,0.00,0.00,5875.65,5875.65,4115,0.243013,1.43
sandy,Hurricane Sandy,Hurricane,2012,34039039200,2,0.00,0.00,0.00,0.00,0.00,4704,0.425170,0.00
sandy,Hurricane Sandy,Hurricane,2012,34039039700,3,15729.07,0.00,0.00,15729.07,5243.02,5285,0.567644,2.98
sandy,Hurricane Sandy,Hurricane,2012,34039039800,4,500000.00,290124.14,0.00,790124.14,197531.04,4038,0.990589,195.67
sandy,Hurricane Sandy,Hurricane,2012,34041031102,1,0.00,0.00,0.00,0.00,0.00,3885,0.257400,0.00
sandy,Hurricane Sandy,Hurricane,2012,34041031200,1,0.00,0.00,0.00,0.00,0.00,7826,0.127779,0.00
sandy,Hurricane Sandy,Hurricane,2012,34041031900,1,6127.03,0.00,0.00,6127.03,6127.03,6628,0.150875,0.92
sandy,Hurricane Sandy,Hurricane,2012,34041032000,2,0.00,0.00,0.00,0.00,0.00,6475,0.308880,0.00
sandy,Hurricane Sandy,Hurricane,2012,36003950300,1,24330.77,0.00,0.00,24330.77,24330.77,4799,0.208377,5.07
sandy,Hurricane Sandy,Hurricane,2012,36005000200,5,187606.76,17406.92,0.00,205013.68,41002.74,4734,1.056189,43.31
sandy,Hurricane Sandy,Hurricane,2012,36005000400,33,854110.71,39293.63,0.00,893404.34,27072.86,5211,6.332758,171.45
sandy,Hurricane Sandy,Hurricane,2012,36005001600,1,11647.07,234.76,0.00,11881.83,11881.83,5127,0.195046,2.32
sandy,Hurricane Sandy,Hurricane,2012,36005001900,10,1004077.93,48160.12,0.00,1052238.05,105223.81,2420,4.132231,434.81
sandy,Hurricane Sandy,Hurricane,2012,36005004200,2,250000.00,0.00,0.00,250000.00,125000.00,6752,0.296209,37.03
sandy,Hurricane Sandy,Hurricane,2012,36005004400,16,0.00,0.00,0.00,0.00,0.00,4775,3.350785,0.00
sandy,Hurricane Sandy,Hurricane,2012,36005004600,5,0.00,0.00,0.00,0.00,0.00,1985,2.518892,0.00
sandy,Hurricane Sandy,Hurricane,2012,36005005100,3,160166.54,0.00,0.00,160166.54,53388.85,5428,0.552690,29.51
sandy,Hurricane Sandy,Hurricane,2012,36005005200,3,500000.00,308532.52,0.00,808532.52,269510.84,1877,1.598295,430.76
sandy,Hurricane Sandy,Hurricane,2012,36005005300,1,250000.00,0.00,0.00,250000.00,250000.00,3538,0.282646,70.66
sandy,Hurricane Sandy,Hurricane,2012,36005006400,1,34678.79,6605.92,0.00,41284.71,41284.71,4021,0.248694,10.27
sandy,Hurricane Sandy,Hurricane,2012,36005009000,3,71400.00,0.00,0.00,71400.00,23800.00,3773,0.795123,18.92
sandy,Hurricane Sandy,Hurricane,2012,36005009300,1,237362.41,0.00,0.00,237362.41,237362.41,6578,0.152022,36.08
sandy,Hurricane Sandy,Hurricane,2012,36005009600,4,334176.36,0.00,0.00,334176.36,83544.09,2469,1.620089,135.35
sandy,Hurricane Sandy,Hurricane,2012,36005011700,7,0.00,0.00,0.00,0.00,0.00,1594,4.391468,0.00
sandy,Hurricane Sandy,Hurricane,2012,36005011800,188,3033429.14,301091.35,30000.00,3364520.49,17896.39,5130,36.647173,655.85
sandy,Hurricane Sandy,Hurricane,2012,36005013000,1,0.00,0.00,0.00,0.00,0.00,1017,0.983284,0.00
sandy,Hurricane Sandy,Hurricane,2012,36005013200,107,1086771.39,62772.39,0.00,1149543.78,10743.40,6924,15.453495,166.02
sandy,Hurricane Sandy,Hurricane,2012,36005013800,69,1021055.19,70513.89,0.00,1091569.08,15819.84,3197,21.582734,341.44
sandy,Hurricane Sandy,Hurricane,2012,36005016000,143,809759.31,95729.94,30000.00,935489.25,6541.88,4050,35.308642,230.99
sandy,Hurricane Sandy,Hurricane,2012,36005027402,76,390652.05,56920.13,0.00,447572.18,5889.11,3765,20.185923,118.88
sandy,Hurricane Sandy,Hurricane,2012,36005038000,1,11956.92,0.00,0.00,11956.92,11956.92,4102,0.243784,2.91
sandy,Hurricane Sandy,Hurricane,2012,36005045600,3,51153.04,0.00,0.00,51153.04,17051.01,3375,0.888889,15.16
sandy,Hurricane Sandy,Hurricane,2012,36005046201,8,0.00,0.00,0.00,0.00,0.00,26908,0.297309,0.00
sandy,Hurricane Sandy,Hurricane,2012,36005051600,121,1268712.94,49115.47,0.00,1317828.41,10891.14,3875,31.225806,340.08
sandy,Hurricane Sandy,Hurricane,2012,36009961500,1,7530.74,0.00,0.00,7530.74,7530.74,2069,0.483325,3.64
sandy,Hurricane Sandy,Hurricane,2012,36009961800,1,6529.56,0.00,0.00,6529.56,6529.56,4449,0.224770,1.47
sandy,Hurricane Sandy,Hurricane,2012,36017970802,1,1000.00,0.00,0.00,1000.00,1000.00,3713,0.269324,0.27
sandy,Hurricane Sandy,Hurricane,2012,36017970900,1,0.00,0.00,0.00,0.00,0.00,5195,0.192493,0.00
sandy,Hurricane Sandy,Hurricane,2012,36021000500,4,225376.06,27558.83,0.00,252934.89,63233.72,2186,1.829826,115.71
sandy,Hurricane Sandy,Hurricane,2012,36025970300,1,0.00,0.00,0.00,0.00,0.00,2265,0.441501,0.00
sandy,Hurricane Sandy,Hurricane,2012,36025970700,1,0.00,0.00,0.00,0.00,0.00,2148,0.465549,0.00
sandy,Hurricane Sandy,Hurricane,2012,36025971200,1,0.00,0.00,0.00,0.00,0.00,3756,0.266241,0.00
sandy,Hurricane Sandy,Hurricane,2012,36027140101,2,90253.97,0.00,0.00,90253.97,45126.99,6944,0.288018,13.00
sandy,Hurricane Sandy,Hurricane,2012,36027140400,1,570.85,0.00,0.00,570.85,570.85,5060,0.197628,0.11
sandy,Hurricane Sandy,Hurricane,2012,36027190301,1,42927.79,0.00,0.00,42927.79,42927.79,3478,0.287522,12.34
sandy,Hurricane Sandy,Hurricane,2012,36027210201,1,76838.64,0.00,0.00,76838.64,76838.64,4561,0.219250,16.85
sandy,Hurricane Sandy,Hurricane,2012,36027220100,1,52181.87,0.00,0.00,52181.87,52181.87,4307,0.232180,12.12
sandy,Hurricane Sandy,Hurricane,2012,36029017400,1,142.79,0.00,0.00,142.79,142.79,3764,0.265675,0.04
sandy,Hurricane Sandy,Hurricane,2012,36039080100,1,9004.19,0.00,0.00,9004.19,9004.19,3364,0.297265,2.68
sandy,Hurricane Sandy,Hurricane,2012,36039080300,2,0.00,0.00,0.00,0.00,0.00,3004,0.665779,0.00
sandy,Hurricane Sandy,Hurricane,2012,36039080401,1,0.00,0.00,0.00,0.00,0.00,2732,0.366032,0.00
sandy,Hurricane Sandy,Hurricane,2012,36039080700,3,114914.87,18693.40,0.00,133608.27,44536.09,3076,0.975293,43.44
sandy,Hurricane Sandy,Hurricane,2012,36039080900,8,371928.78,81079.05,30000.00,483007.83,60375.98,4073,1.964154,118.59
sandy,Hurricane Sandy,Hurricane,2012,36039081000,5,53748.47,5671.37,0.00,59419.84,11883.97,4630,1.079914,12.83
sandy,Hurricane Sandy,Hurricane,2012,36039081102,12,74591.50,0.00,0.00,74591.50,6215.96,3615,3.319502,20.63
sandy,Hurricane Sandy,Hurricane,2012,36047000100,4,275585.07,607929.65,0.00,883514.72,220878.68,4623,0.865239,191.11
sandy,Hurricane Sandy,Hurricane,2012,36047000200,1,500000.00,0.00,0.00,500000.00,500000.00,1333,0.750188,375.09
sandy,Hurricane Sandy,Hurricane,2012,36047000700,442,5879585.33,500000.00,0.00,6379585.33,14433.45,3663,120.666121,1741.63
sandy,Hurricane Sandy,Hurricane,2012,36047001300,1,181583.79,34584.58,0.00,216168.37,216168.37,2494,0.400962,86.68
sandy,Hurricane Sandy,Hurricane,2012,36047001800,9,1326849.90,563000.00,0.00,1889849.90,209983.32,2338,3.849444,808.32
sandy,Hurricane Sandy,Hurricane,2012,36047002100,147,4383737.57,500000.00,0.00,4883737.57,33222.70,3485,42.180775,1401.36
sandy,Hurricane Sandy,Hurricane,2012,36047002200,1,500000.00,0.00,0.00,500000.00,500000.00,4325,0.231214,115.61
sandy,Hurricane Sandy,Hurricane,2012,36047003400,1,250000.00,0.00,0.00,250000.00,250000.00,3077,0.324992,81.25
sandy,Hurricane Sandy,Hurricane,2012,36047004700,1,500000.00,12942.59,0.00,512942.59,512942.59,1301,0.768640,394.27
sandy,Hurricane Sandy,Hurricane,2012,36047005100,1,15996.25,0.00,0.00,15996.25,15996.25,2082,0.480307,7.68
sandy,Hurricane Sandy,Hurricane,2012,36047005300,86,7003289.05,1483994.97,0.00,8487284.02,98689.35,2339,36.767850,3628.60
sandy,Hurricane Sandy,Hurricane,2012,36047005900,52,3174471.33,1198668.36,0.00,4373139.69,84098.84,1443,36.036036,3030.59
sandy,Hurricane Sandy,Hurricane,2012,36047006000,1,0.00,0.00,0.00,0.00,0.00,2504,0.399361,0.00
sandy,Hurricane Sandy,Hurricane,2012,36047006500,1,500000.00,0.00,0.00,500000.00,500000.00,5067,0.197355,98.68
sandy,Hurricane Sandy,Hurricane,2012,36047007100,10,1478430.36,0.00,0.00,1478430.36,147843.04,4752,2.104377,311.12
sandy,Hurricane Sandy,Hurricane,2012,36047007500,6,976479.68,213289.97,0.00,1189769.65,198294.94,4842,1.239157,245.72
sandy,Hurricane Sandy,Hurricane,2012,36047007700,7,420302.18,0.00,0.00,420302.18,60043.17,4451,1.572680,94.43
sandy,Hurricane Sandy,Hurricane,2012,36047008500,29,6068078.72,0.00,0.00,6068078.72,209244.09,7205,4.024983,842.20
sandy,Hurricane Sandy,Hurricane,2012,36047011200,1,500000.00,0.00,0.00,500000.00,500000.00,6119,0.163425,81.71
sandy,Hurricane Sandy,Hurricane,2012,36047011700,1,26500.56,0.00,0.00,26500.56,26500.56,2502,0.399680,10.59
sandy,Hurricane Sandy,Hurricane,2012,36047011900,10,579708.02,250000.00,0.00,829708.02,82970.80,1789,5.589715,463.78
sandy,Hurricane Sandy,Hurricane,2012,36047016400,1,1176.08,5000.00,0.00,6176.08,6176.08,1033,0.968054,5.98
sandy,Hurricane Sandy,Hurricane,2012,36047016700,1,232161.13,0.00,0.00,232161.13,232161.13,4964,0.201450,46.77
sandy,Hurricane Sandy,Hurricane,2012,36047018100,1,5040.66,0.00,0.00,5040.66,5040.66,3742,0.267237,1.35
sandy,Hurricane Sandy,Hurricane,2012,36047030000,1,0.00,0.00,0.00,0.00,0.00,3088,0.323834,0.00
sandy,Hurricane Sandy,Hurricane,2012,36047030200,1,20236.97,250.30,0.00,20487.27,20487.27,3931,0.254388,5.21
sandy,Hurricane Sandy,Hurricane,2012,36047030400,9,173182.57,204494.02,0.00,377676.59,41964.07,3981,2.260739,94.87
sandy,Hurricane Sandy,Hurricane,2012,36047030600,12,303950.52,49566.33,0.00,353516.85,29459.74,2170,5.529954,162.91
sandy,Hurricane Sandy,Hurricane,2012,36047030800,6,127771.16,33025.78,0.00,160796.94,26799.49,2086,2.876318,77.08
sandy,Hurricane Sandy,Hurricane,2012,36047031400,3,145980.04,7079.25,0.00,153059.29,51019.76,4187,0.716503,36.56
sandy,Hurricane Sandy,Hurricane,2012,36047032600,260,16112457.43,1393038.14,0.00,17505495.57,67328.83,6934,37.496395,2524.59
sandy,Hurricane Sandy,Hurricane,2012,36047032800,375,22564146.27,803120.93,30000.00,23397267.20,62392.71,3362,111.540750,6959.33
sandy,Hurricane Sandy,Hurricane,2012,36047033000,115,9229648.28,424409.61,120000.00,9774057.89,84991.81,3980,28.894472,2455.79
sandy,Hurricane Sandy,Hurricane,2012,36047033600,240,13427312.49,2106578.13,60000.00,15593890.62,64974.54,4609,52.072033,3383.36
sandy,Hurricane Sandy,Hurricane,2012,36047034000,10,3010366.77,477198.61,0.00,3487565.38,348756.54,2562,3.903201,1361.27
sandy,Hurricane Sandy,Hurricane,2012,36047034200,52,6477698.79,450375.06,0.00,6928073.85,133232.19,5346,9.726899,1295.94
sandy,Hurricane Sandy,Hurricane,2012,36047034800,109,9069427.42,1198641.78,0.00,10268069.20,94202.47,2160,50.462963,4753.74
sandy,Hurricane Sandy,Hurricane,2012,36047035000,11,1706562.97,0.00,0.00,1706562.97,155142.09,2897,3.797031,589.08
sandy,Hurricane Sandy,Hurricane,2012,36047035200,15,3913818.09,1161262.71,0.00,5075080.80,338338.72,1065,14.084507,4765.33
sandy,Hurricane Sandy,Hurricane,2012,36047035400,742,10200473.57,536893.08,0.00,10737366.65,14470.84,5115,145.063539,2099.19
sandy,Hurricane Sandy,Hurricane,2012,36047035601,1,0.00,45900.00,0.00,45900.00,45900.00,2561,0.390472,17.92
sandy,Hurricane Sandy,Hurricane,2012,36047035602,50,2816243.78,100000.00,0.00,2916243.78,58324.88,4899,10.206165,595.27
sandy,Hurricane Sandy,Hurricane,2012,36047036001,135,3260305.39,175448.20,0.00,3435753.59,25450.03,2995,45.075125,1147.16
sandy,Hurricane Sandy,Hurricane,2012,36047036002,11,2157934.84,5044.14,0.00,2162978.98,196634.45,3628,3.031974,596.19
sandy,Hurricane Sandy,Hurricane,2012,36047036200,154,3872296.29,33480.37,0.00,3905776.66,25362.19,3261,47.224778,1197.72
sandy,Hurricane Sandy,Hurricane,2012,36047036400,210,4787762.98,80157.32,26387.33,4894307.63,23306.23,2268,92.592593,2157.98
sandy,Hurricane Sandy,Hurricane,2012,36047036600,181,8346575.31,264615.48,30000.00,8641190.79,47741.39,4005,45.193508,2157.60
sandy,Hurricane Sandy,Hurricane,2012,36047037000,11,261047.43,7683.53,0.00,268730.96,24430.09,3840,2.864583,69.98
sandy,Hurricane Sandy,Hurricane,2012,36047037401,5,336294.72,1400.00,0.00,337694.72,67538.94,3768,1.326964,89.62
sandy,Hurricane Sandy,Hurricane,2012,36047037402,2,78635.62,0.00,0.00,78635.62,39317.81,4168,0.479846,18.87
sandy,Hurricane Sandy,Hurricane,2012,36047038200,10,1435748.31,0.00,0.00,1435748.31,143574.83,5659,1.767097,253.71
sandy,Hurricane Sandy,Hurricane,2012,36047038600,1,0.00,0.00,0.00,0.00,0.00,3295,0.303490,0.00
sandy,Hurricane Sandy,Hurricane,2012,36047041200,1,0.00,0.00,0.00,0.00,0.00,2984,0.335121,0.00
sandy,Hurricane Sandy,Hurricane,2012,36047042800,1,0.00,0.00,0.00,0.00,0.00,3905,0.256082,0.00
sandy,Hurricane Sandy,Hurricane,2012,36047044000,2,253932.28,11373.70,0.00,265305.98,132652.99,2612,0.765697,101.57
sandy,Hurricane Sandy,Hurricane,2012,36047044900,5,857581.94,1275878.06,0.00,2133460.00,426692.00,3094,1.616031,689.55
sandy,Hurricane Sandy,Hurricane,2012,36047046202,1,500000.00,0.00,0.00,500000.00,500000.00,1799,0.555864,277.93
sandy,Hurricane Sandy,Hurricane,2012,36047050600,1,107070.76,0.00,0.00,107070.76,107070.76,5442,0.183756,19.67
sandy,Hurricane Sandy,Hurricane,2012,36047051900,1,1632.18,0.00,0.00,1632.18,1632.18,3796,0.263435,0.43
sandy,Hurricane Sandy,Hurricane,2012,36047052800,1,41072.63,0.00,0.00,41072.63,41072.63,2233,0.447828,18.39
sandy,Hurricane Sandy,Hurricane,2012,36047054300,1,0.00,32418.45,0.00,32418.45,32418.45,260,3.846154,124.69
sandy,Hurricane Sandy,Hurricane,2012,36047054500,1,0.00,0.00,0.00,0.00,0.00,7197,0.138947,0.00
sandy,Hurricane Sandy,Hurricane,2012,36047054700,210,39870.15,0.00,0.00,39870.15,189.86,5170,40.618956,7.71
sandy,Hurricane Sandy,Hurricane,2012,36047055500,1,78154.40,0.00,0.00,78154.40,78154.40,2836,0.352609,27.56
sandy,Hurricane Sandy,Hurricane,2012,36047055700,5,290560.37,0.00,0.00,290560.37,58112.07,1566,3.192848,185.54
sandy,Hurricane Sandy,Hurricane,2012,36047056100,1,87375.88,0.00,0.00,87375.88,87375.88,2924,0.341997,29.88
sandy,Hurricane Sandy,Hurricane,2012,36047056300,20,395267.86,4097.88,0.00,399365.74,19968.29,4073,4.910385,98.05
sandy,Hurricane Sandy,Hurricane,2012,36047056500,3,219541.39,500000.00,0.00,719541.39,239847.13,3019,0.993707,238.34
sandy,Hurricane Sandy,Hurricane,2012,36047057000,1,0.00,0.00,0.00,0.00,0.00,3180,0.314465,0.00
sandy,Hurricane Sandy,Hurricane,2012,36047057500,1,5287.03,0.00,0.00,5287.03,5287.03,3770,0.265252,1.40
sandy,Hurricane Sandy,Hurricane,2012,36047057900,14,2515221.52,102511.44,0.00,2617732.96,186980.93,1038,13.487476,2521.90
sandy,Hurricane Sandy,Hurricane,2012,36047058600,1,16573.39,507.67,0.00,17081.06,17081.06,2713,0.368596,6.30
sandy,Hurricane Sandy,Hurricane,2012,36047058800,3,85789.33,0.00,0.00,85789.33,28596.44,3108,0.965251,27.60
sandy,Hurricane Sandy,Hurricane,2012,36047059000,1,0.00,0.00,0.00,0.00,0.00,1838,0.544070,0.00
sandy,Hurricane Sandy,Hurricane,2012,36047059200,5,68496.38,183.53,0.00,68679.91,13735.98,4243,1.178412,16.19
sandy,Hurricane Sandy,Hurricane,2012,36047059401,4,158576.28,320.00,0.00,158896.28,39724.07,6865,0.582666,23.15
sandy,Hurricane Sandy,Hurricane,2012,36047059402,4,40769.29,402.50,0.00,41171.79,10292.95,4520,0.884956,9.11
sandy,Hurricane Sandy,Hurricane,2012,36047059600,3,12328.94,0.00,0.00,12328.94,4109.65,2138,1.403181,5.77
sandy,Hurricane Sandy,Hurricane,2012,36047059800,6,84222.99,2346.14,0.00,86569.13,14428.19,3616,1.659292,23.94
sandy,Hurricane Sandy,Hurricane,2012,36047060000,128,6141036.03,104146.35,30000.00,6275182.38,49024.86,5413,23.646776,1159.28
sandy,Hurricane Sandy,Hurricane,2012,36047060600,25,3154981.49,149829.76,0.00,3304811.25,132192.45,2655,9.416196,1244.75
sandy,Hurricane Sandy,Hurricane,2012,36047060800,230,9811254.61,2293477.84,0.00,12104732.45,52629.27,2798,82.201573,4326.21
sandy,Hurricane Sandy,Hurricane,2012,36047061002,894,3717063.90,248216.05,0.00,3965279.95,4435.44,4531,197.307438,875.14
sandy,Hurricane Sandy,Hurricane,2012,36047061003,69,1626513.18,23464.06,0.00,1649977.24,23912.71,1336,51.646707,1235.01
sandy,Hurricane Sandy,Hurricane,2012,36047061004,71,4927473.74,165138.87,0.00,5092612.61,71726.94,5720,12.412587,890.32
sandy,Hurricane Sandy,Hurricane,2012,36047061200,156,12391689.99,675543.88,0.00,13067233.87,83764.32,996,156.626506,13119.71
sandy,Hurricane Sandy,Hurricane,2012,36047061600,117,7284998.62,1110430.06,0.00,8395428.68,71755.80,1802,64.927858,4658.95
sandy,Hurricane Sandy,Hurricane,2012,36047062000,245,16396169.04,966360.29,0.00,17362529.33,70867.47,1815,134.986226,9566.13
sandy,Hurricane Sandy,Hurricane,2012,36047062200,57,4677496.84,557131.95,90000.00,5324628.79,93414.54,3370,16.913947,1580.01
sandy,Hurricane Sandy,Hurricane,2012,36047062600,5,52703.97,907.50,0.00,53611.47,10722.29,2453,2.038320,21.86
sandy,Hurricane Sandy,Hurricane,2012,36047062800,417,21435210.75,2288115.45,1348500.00,25071826.20,60124.28,4966,83.971003,5048.70
sandy,Hurricane Sandy,Hurricane,2012,36047063200,1,0.00,0.00,0.00,0.00,0.00,1493,0.669792,0.00
sandy,Hurricane Sandy,Hurricane,2012,36047064000,1,0.00,0.00,0.00,0.00,0.00,2179,0.458926,0.00
sandy,Hurricane Sandy,Hurricane,2012,36047064200,1,0.00,0.00,0.00,0.00,0.00,2761,0.362188,0.00
sandy,Hurricane Sandy,Hurricane,2012,36047064400,1,4290.02,0.00,0.00,4290.02,4290.02,2702,0.370096,1.59
sandy,Hurricane Sandy,Hurricane,2012,36047065400,2,0.00,0.00,0.00,0.00,0.00,1679,1.191185,0.00
sandy,Hurricane Sandy,Hurricane,2012,36047065800,1,0.00,0.00,0.00,0.00,0.00,2039,0.490436,0.00
sandy,Hurricane Sandy,Hurricane,2012,36047067000,3,27658.39,0.00,0.00,27658.39,9219.46,2891,1.037703,9.57
sandy,Hurricane Sandy,Hurricane,2012,36047068600,2,33731.60,733.42,0.00,34465.02,17232.51,1330,1.503759,25.91
sandy,Hurricane Sandy,Hurricane,2012,36047069601,1,1264.64,0.00,0.00,1264.64,1264.64,4405,0.227015,0.29
sandy,Hurricane Sandy,Hurricane,2012,36047069602,14,362000.50,36932.99,0.00,398933.49,28495.25,6074,2.304906,65.68
sandy,Hurricane Sandy,Hurricane,2012,36047069800,13,964504.76,111376.73,0.00,1075881.49,82760.11,1385,9.386282,776.81
sandy,Hurricane Sandy,Hurricane,2012,36047070000,21,437144.50,25207.82,0.00,462352.32,22016.78,1947,10.785824,237.47
sandy,Hurricane Sandy,Hurricane,2012,36047070201,64,2629290.36,179278.65,0.00,2808569.01,43883.89,6482,9.873496,433.29
sandy,Hurricane Sandy,Hurricane,2012,36047070202,1,299496.22,0.00,0.00,299496.22,299496.22,133,7.518797,2251.85
sandy,Hurricane Sandy,Hurricane,2012,36047070600,55,2221570.13,398147.75,0.00,2619717.88,47631.23,2685,20.484171,975.69
sandy,Hurricane Sandy,Hurricane,2012,36047076200,1,500000.00,0.00,0.00,500000.00,500000.00,4421,0.226193,113.10
sandy,Hurricane Sandy,Hurricane,2012,36047078600,1,0.00,0.00,0.00,0.00,0.00,4473,0.223564,0.00
sandy,Hurricane Sandy,Hurricane,2012,36047083800,1,0.00,0.00,0.00,0.00,0.00,2720,0.367647,0.00
sandy,Hurricane Sandy,Hurricane,2012,36047085600,2,1000000.00,1000000.00,0.00,2000000.00,1000000.00,3625,0.551724,551.72
sandy,Hurricane Sandy,Hurricane,2012,36047085800,1,500000.00,0.00,0.00,500000.00,500000.00,2516,0.397456,198.73
sandy,Hurricane Sandy,Hurricane,2012,36047093800,1,0.00,0.00,0.00,0.00,0.00,2051,0.487567,0.00
sandy,Hurricane Sandy,Hurricane,2012,36047094600,1,0.00,0.00,0.00,0.00,0.00,2089,0.478698,0.00
sandy,Hurricane Sandy,Hurricane,2012,36047098200,1,0.00,0.00,0.00,0.00,0.00,4165,0.240096,0.00
sandy,Hurricane Sandy,Hurricane,2012,36047098400,6,219087.88,72139.68,0.00,291227.56,48537.93,1881,3.189793,154.83
sandy,Hurricane Sandy,Hurricane,2012,36047098600,2,21831.41,296.97,0.00,22128.38,11064.19,3429,0.583260,6.45
sandy,Hurricane Sandy,Hurricane,2012,36047099200,1,6667.33,1798.80,0.00,8466.13,8466.13,1634,0.611995,5.18
sandy,Hurricane Sandy,Hurricane,2012,36047099400,1,14243.73,0.00,30000.00,44243.73,44243.73,1970,0.507614,22.46
sandy,Hurricane Sandy,Hurricane,2012,36047099600,4,121885.03,29775.20,0.00,151660.23,37915.06,3471,1.152406,43.69
sandy,Hurricane Sandy,Hurricane,2012,36047099800,10,555840.56,60482.64,0.00,616323.20,61632.32,4067,2.458815,151.54
sandy,Hurricane Sandy,Hurricane,2012,36047100400,6,100483.86,5140.85,0.00,105624.71,17604.12,2691,2.229654,39.25
sandy,Hurricane Sandy,Hurricane,2012,36047100600,4,141565.07,34201.32,0.00,175766.39,43941.60,2727,1.466813,64.45
sandy,Hurricane Sandy,Hurricane,2012,36047101000,1,0.00,0.00,0.00,0.00,0.00,2493,0.401123,0.00
sandy,Hurricane Sandy,Hurricane,2012,36047101400,9,255703.55,26364.62,0.00,282068.17,31340.91,2303,3.907946,122.48
sandy,Hurricane Sandy,Hurricane,2012,36047101600,3,80860.41,1914.91,0.00,82775.32,27591.77,1541,1.946788,53.72
sandy,Hurricane Sandy,Hurricane,2012,36047101800,12,956116.41,37739.83,0.00,993856.24,82821.35,1777,6.752954,559.29
sandy,Hurricane Sandy,Hurricane,2012,36047102000,12,342553.43,5541.03,0.00,348094.46,29007.87,2076,5.780347,167.68
sandy,Hurricane Sandy,Hurricane,2012,36047102400,2,38316.01,0.00,0.00,38316.01,19158.01,1843,1.085187,20.79
sandy,Hurricane Sandy,Hurricane,2012,36047102600,4,120721.93,14703.84,0.00,135425.77,33856.44,3013,1.327580,44.95
sandy,Hurricane Sandy,Hurricane,2012,36047102800,2,65556.45,6944.06,0.00,72500.51,36250.25,1576,1.269036,46.00
sandy,Hurricane Sandy,Hurricane,2012,36047103400,3,0.00,0.00,0.00,0.00,0.00,3478,0.862565,0.00
sandy,Hurricane Sandy,Hurricane,2012,36047111600,1,26006.01,0.00,0.00,26006.01,26006.01,2968,0.336927,8.76
sandy,Hurricane Sandy,Hurricane,2012,36055013104,3,9615.75,0.00,0.00,9615.75,3205.25,5387,0.556896,1.78
sandy,Hurricane Sandy,Hurricane,2012,36055014203,1,3099.43,0.00,0.00,3099.43,3099.43,6773,0.147645,0.46
sandy,Hurricane Sandy,Hurricane,2012,36059300100,20,626642.32,90911.29,0.00,717553.61,35877.68,5011,3.991219,143.20
sandy,Hurricane Sandy,Hurricane,2012,36059300400,2,250000.00,0.00,0.00,250000.00,125000.00,5456,0.366569,45.82
sandy,Hurricane Sandy,Hurricane,2012,36059300500,1,0.00,0.00,0.00,0.00,0.00,5579,0.179244,0.00
sandy,Hurricane Sandy,Hurricane,2012,36059301000,12,185416.03,2136.13,0.00,187552.16,15629.35,5475,2.191781,34.26
sandy,Hurricane Sandy,Hurricane,2012,36059301101,8,132597.24,0.00,0.00,132597.24,16574.66,6533,1.224552,20.30
sandy,Hurricane Sandy,Hurricane,2012,36059301102,4,21483.82,0.00,0.00,21483.82,5370.95,4518,0.885347,4.76
sandy,Hurricane Sandy,Hurricane,2012,36059301200,11,275182.82,14219.83,0.00,289402.65,26309.33,5668,1.940720,51.06
sandy,Hurricane Sandy,Hurricane,2012,36059301500,3,33442.94,0.00,0.00,33442.94,11147.65,3299,0.909366,10.14
sandy,Hurricane Sandy,Hurricane,2012,36059302000,3,412925.21,44395.91,0.00,457321.12,152440.37,5082,0.590319,89.99
sandy,Hurricane Sandy,Hurricane,2012,36059302102,1,23000.00,0.00,0.00,23000.00,23000.00,3386,0.295334,6.79
sandy,Hurricane Sandy,Hurricane,2012,36059302300,2,0.00,0.00,0.00,0.00,0.00,4415,0.453001,0.00
sandy,Hurricane Sandy,Hurricane,2012,36059302800,1,0.00,0.00,0.00,0.00,0.00,5931,0.168606,0.00
sandy,Hurricane Sandy,Hurricane,2012,36059303600,1,949.09,0.00,0.00,949.09,949.09,6925,0.144404,0.14
sandy,Hurricane Sandy,Hurricane,2012,36059404500,1,0.00,0.00,0.00,0.00,0.00,4369,0.228885,0.00
sandy,Hurricane Sandy,Hurricane,2012,36059404700,1,16789.74,664.98,0.00,17454.72,17454.72,6268,0.159541,2.78
sandy,Hurricane Sandy,Hurricane,2012,36059404902,1,1283.39,0.00,0.00,1283.39,1283.39,4376,0.228519,0.29
sandy,Hurricane Sandy,Hurricane,2012,36059405100,1,0.00,0.00,0.00,0.00,0.00,7933,0.126056,0.00
sandy,Hurricane Sandy,Hurricane,2012,36059405400,1,10048.03,180.56,0.00,10228.59,10228.59,7929,0.126119,1.29
sandy,Hurricane Sandy,Hurricane,2012,36059406501,1,0.00,0.00,0.00,0.00,0.00,6946,0.143968,0.00
sandy,Hurricane Sandy,Hurricane,2012,36059407501,1,93429.09,10000.00,0.00,103429.09,103429.09,5035,0.198610,20.54
sandy,Hurricane Sandy,Hurricane,2012,36059407502,1,862.28,0.00,0.00,862.28,862.28,5385,0.185701,0.16
sandy,Hurricane Sandy,Hurricane,2012,36059408700,1,0.00,0.00,0.00,0.00,0.00,5124,0.195160,0.00
sandy,Hurricane Sandy,Hurricane,2012,36059409900,4,404214.84,0.00,0.00,404214.84,101053.71,7602,0.526177,53.17
sandy,Hurricane Sandy,Hurricane,2012,36059410400,2,2602.80,0.00,0.00,2602.80,1301.40,5530,0.361664,0.47
sandy,Hurricane Sandy,Hurricane,2012,36059410500,2,500000.00,0.00,0.00,500000.00,250000.00,7531,0.265569,66.39
sandy,Hurricane Sandy,Hurricane,2012,36059410600,1,0.00,0.00,0.00,0.00,0.00,7314,0.136724,0.00
sandy,Hurricane Sandy,Hurricane,2012,36059410700,11,18851.24,549.29,0.00,19400.53,1763.68,6200,1.774194,3.13
sandy,Hurricane Sandy,Hurricane,2012,36059410800,51,1398485.67,76169.71,0.00,1474655.38,28914.81,4754,10.727808,310.19
sandy,Hurricane Sandy,Hurricane,2012,36059410900,364,9083879.58,1159163.56,0.00,10243043.14,28140.23,5761,63.183475,1778.00
sandy,Hurricane Sandy,Hurricane,2012,36059411000,249,17349237.57,1761203.84,60000.00,19170441.41,76989.72,5246,47.464735,3654.30
sandy,Hurricane Sandy,Hurricane,2012,36059411100,20,923221.68,568878.31,0.00,1492099.99,74605.00,4252,4.703669,350.92
sandy,Hurricane Sandy,Hurricane,2012,36059411200,209,12649859.12,2121958.83,60000.00,14831817.95,70965.64,6561,31.854900,2260.60
sandy,Hurricane Sandy,Hurricane,2012,36059411301,498,21252975.44,4699367.30,135000.00,26087342.74,52384.22,3954,125.948407,6597.71
sandy,Hurricane Sandy,Hurricane,2012,36059411302,681,43712837.39,5737523.04,90000.00,49540360.43,72746.49,6797,100.191261,7288.56
sandy,Hurricane Sandy,Hurricane,2012,36059411400,40,1637834.33,115696.04,0.00,1753530.37,43838.26,6464,6.188119,271.28
sandy,Hurricane Sandy,Hurricane,2012,36059411500,211,22643505.86,5415269.18,0.00,28058775.04,132979.98,2743,76.923077,10229.23
sandy,Hurricane Sandy,Hurricane,2012,36059411600,269,22935434.47,5269172.00,0.00,28204606.47,104849.84,6476,41.537986,4355.25
sandy,Hurricane Sandy,Hurricane,2012,36059411700,8,90033.86,823.53,0.00,90857.39,11357.17,6308,1.268231,14.40
sandy,Hurricane Sandy,Hurricane,2012,36059412100,43,1926885.61,134045.34,0.00,2060930.95,47928.63,6236,6.895446,330.49
sandy,Hurricane Sandy,Hurricane,2012,36059412200,1024,67664046.25,8145281.83,1221085.53,77030413.61,75225.01,5464,187.408492,14097.81
sandy,Hurricane Sandy,Hurricane,2012,36059412301,14,651331.82,78428.61,0.00,729760.43,52125.75,3192,4.385965,228.62
sandy,Hurricane Sandy,Hurricane,2012,36059412302,6,114226.42,824.86,0.00,115051.28,19175.21,3425,1.751825,33.59
sandy,Hurricane Sandy,Hurricane,2012,36059412500,2,232064.57,0.00,0.00,232064.57,116032.28,4327,0.462214,53.63
sandy,Hurricane Sandy,Hurricane,2012,36059412900,1,0.00,0.00,0.00,0.00,0.00,5503,0.181719,0.00
sandy,Hurricane Sandy,Hurricane,2012,36059413001,73,4019415.81,929932.33,0.00,4949348.14,67799.29,3828,19.070010,1292.93
sandy,Hurricane Sandy,Hurricane,2012,36059413002,707,47501400.52,8949820.62,245716.00,56696937.14,80193.69,3776,187.235169,15015.08
sandy,Hurricane Sandy,Hurricane,2012,36059413100,2,5374.94,0.00,0.00,5374.94,2687.47,5099,0.392234,1.05
sandy,Hurricane Sandy,Hurricane,2012,36059413200,736,39394982.28,8917498.66,30000.00,48342480.94,65682.72,6059,121.472190,7978.62
sandy,Hurricane Sandy,Hurricane,2012,36059413300,311,19129626.50,4114862.44,30000.00,23274488.94,74837.59,6914,44.981198,3366.28
sandy,Hurricane Sandy,Hurricane,2012,36059413400,1326,92503514.23,24025038.27,240000.00,116768552.50,88060.75,5357,247.526601,21797.38
sandy,Hurricane Sandy,Hurricane,2012,36059413500,2,216462.51,0.00,0.00,216462.51,108231.26,6917,0.289143,31.29
sandy,Hurricane Sandy,Hurricane,2012,36059413600,2,102737.48,89498.41,0.00,192235.89,96117.95,5559,0.359777,34.58
sandy,Hurricane Sandy,Hurricane,2012,36059413700,117,5862447.14,869192.95,0.00,6731640.09,57535.39,5932,19.723533,1134.80
sandy,Hurricane Sandy,Hurricane,2012,36059413803,473,23288931.48,4541148.55,85500.00,27915580.03,59018.14,4447,106.363841,6277.40
sandy,Hurricane Sandy,Hurricane,2012,36059413804,479,35438314.75,6171878.12,236114.80,41846307.67,87361.81,3949,121.296531,10596.68
sandy,Hurricane Sandy,Hurricane,2012,36059414100,1,6657.92,0.00,0.00,6657.92,6657.92,5474,0.182682,1.22
sandy,Hurricane Sandy,Hurricane,2012,36059414201,1,6117.88,0.00,0.00,6117.88,6117.88,5693,0.175654,1.07
sandy,Hurricane Sandy,Hurricane,2012,36059414303,85,3827143.69,247548.09,15000.00,4089691.78,48114.02,4941,17.202995,827.71
sandy,Hurricane Sandy,Hurricane,2012,36059414304,103,3812356.60,168099.58,0.00,3980456.18,38645.21,3493,29.487547,1139.55
sandy,Hurricane Sandy,Hurricane,2012,36059414400,252,16975084.26,6203470.35,30000.00,23208554.61,92097.44,5515,45.693563,4208.26
sandy,Hurricane Sandy,Hurricane,2012,36059414501,1165,72312708.12,7735054.52,450500.90,80498263.54,69097.22,5304,219.645551,15176.90
sandy,Hurricane Sandy,Hurricane,2012,36059414502,1259,82502858.23,7643137.77,635835.89,90781831.89,72106.30,4134,304.547654,21959.80
sandy,Hurricane Sandy,Hurricane,2012,36059414900,1,14935.54,0.00,0.00,14935.54,14935.54,6933,0.144238,2.15
sandy,Hurricane Sandy,Hurricane,2012,36059415000,1,0.00,0.00,0.00,0.00,0.00,6037,0.165645,0.00
sandy,Hurricane Sandy,Hurricane,2012,36059415101,39,1382734.53,255712.46,0.00,1638446.99,42011.46,2557,15.252249,640.77
sandy,Hurricane Sandy,Hurricane,2012,36059415102,621,31609318.85,6513223.52,0.00,38122542.37,61388.96,4950,125.454545,7701.52
sandy,Hurricane Sandy,Hurricane,2012,36059415201,4,271172.12,82074.29,0.00,353246.41,88311.60,3668,1.090513,96.30
sandy,Hurricane Sandy,Hurricane,2012,36059415202,602,33007517.59,5687042.68,90000.00,38784560.27,64426.18,4010,150.124688,9671.96
sandy,Hurricane Sandy,Hurricane,2012,36059415401,568,28677432.17,4525684.86,299865.00,33502982.03,58984.12,5450,104.220183,6147.34
sandy,Hurricane Sandy,Hurricane,2012,36059415402,613,30102968.15,3315544.34,296717.50,33715229.99,55000.38,4588,133.609416,7348.57
sandy,Hurricane Sandy,Hurricane,2012,36059415600,1,0.00,0.00,0.00,0.00,0.00,5783,0.172921,0.00
sandy,Hurricane Sandy,Hurricane,2012,36059415700,529,27780270.79,3300261.44,319799.83,31400332.06,59357.91,5433,97.367937,5779.56
sandy,Hurricane Sandy,Hurricane,2012,36059416000,8,209897.07,26235.11,0.00,236132.18,29516.52,4010,1.995012,58.89
sandy,Hurricane Sandy,Hurricane,2012,36059416100,1036,60504970.04,6786605.53,886606.23,68178181.80,65809.06,6312,164.131812,10801.36
sandy,Hurricane Sandy,Hurricane,2012,36059416201,973,66985055.40,14794517.88,247160.84,82026734.12,84302.91,3802,255.917938,21574.63
sandy,Hurricane Sandy,Hurricane,2012,36059416202,870,77384534.91,13013981.24,1390188.15,91788704.30,105504.26,4654,186.935969,19722.54
sandy,Hurricane Sandy,Hurricane,2012,36059416300,926,37317602.86,4939286.25,30000.00,42286889.11,45666.19,3973,233.073244,10643.57
sandy,Hurricane Sandy,Hurricane,2012,36059416401,1160,69674497.81,4379764.58,3075542.77,77129805.16,66491.21,3754,309.003729,20546.03
sandy,Hurricane Sandy,Hurricane,2012,36059416402,922,54991308.32,4918536.92,2303351.65,62213196.89,67476.35,3171,290.760013,19619.43
sandy,Hurricane Sandy,Hurricane,2012,36059416500,1061,47716099.24,3943546.70,222650.00,51882295.94,48899.43,5867,180.841998,8843.07
sandy,Hurricane Sandy,Hurricane,2012,36059416600,1581,40447061.33,3703661.96,30000.00,44180723.29,27944.80,5605,282.069581,7882.38
sandy,Hurricane Sandy,Hurricane,2012,36059416701,860,54859917.73,5395116.52,497378.77,60752413.02,70642.34,4373,196.661331,13892.62
sandy,Hurricane Sandy,Hurricane,2012,36059416702,253,13414798.66,1288426.60,30000.00,14733225.26,58234.09,4394,57.578516,3353.03
sandy,Hurricane Sandy,Hurricane,2012,36059416801,706,66915459.56,8805625.17,948430.00,76669514.73,108597.05,2116,333.648393,36233.23
sandy,Hurricane Sandy,Hurricane,2012,36059416802,809,17940571.09,2370402.62,0.00,20310973.71,25106.27,4076,198.478901,4983.07
sandy,Hurricane Sandy,Hurricane,2012,36059416900,980,48249345.68,4885480.92,30000.00,53164826.60,54249.82,3953,247.912977,13449.24
sandy,Hurricane Sandy,Hurricane,2012,36059517000,34,1457520.97,290480.72,0.00,1748001.69,51411.81,3054,11.132940,572.36
sandy,Hurricane Sandy,Hurricane,2012,36059517400,3,39209.50,11995.13,0.00,51204.63,17068.21,5007,0.599161,10.23
sandy,Hurricane Sandy,Hurricane,2012,36059517600,2,9122.07,0.00,0.00,9122.07,4561.03,4541,0.440432,2.01
sandy,Hurricane Sandy,Hurricane,2012,36059517801,20,822313.37,7275.12,0.00,829588.49,41479.42,3521,5.680204,235.61
sandy,Hurricane Sandy,Hurricane,2012,36059517901,62,1488295.23,164613.82,0.00,1652909.05,26659.82,4668,13.281919,354.09
sandy,Hurricane Sandy,Hurricane,2012,36059517902,415,11814711.01,1247356.90,0.00,13062067.91,31474.86,3031,136.918509,4309.49
sandy,Hurricane Sandy,Hurricane,2012,36059518000,18,643889.04,0.00,0.00,643889.04,35771.61,6443,2.793730,99.94
sandy,Hurricane Sandy,Hurricane,2012,36059518201,3,489080.29,101769.28,10919.71,601769.28,200589.76,4408,0.680581,136.52
sandy,Hurricane Sandy,Hurricane,2012,36059518204,1,9613.00,0.00,0.00,9613.00,9613.00,4269,0.234247,2.25
sandy,Hurricane Sandy,Hurricane,2012,36059518502,1,0.00,0.00,0.00,0.00,0.00,2947,0.339328,0.00
sandy,Hurricane Sandy,Hurricane,2012,36059518700,1,0.00,0.00,0.00,0.00,0.00,5514,0.181357,0.00
sandy,Hurricane Sandy,Hurricane,2012,36059519702,2,1641.23,5000.00,0.00,6641.23,3320.61,5342,0.374392,1.24
sandy,Hurricane Sandy,Hurricane,2012,36059519703,1,536.12,0.00,0.00,536.12,536.12,3576,0.279642,0.15
sandy,Hurricane Sandy,Hurricane,2012,36059519704,1,4716.27,0.00,0.00,4716.27,4716.27,3033,0.329707,1.55
sandy,Hurricane Sandy,Hurricane,2012,36059520502,1,15447.46,0.00,0.00,15447.46,15447.46,4764,0.209908,3.24
sandy,Hurricane Sandy,Hurricane,2012,36059520700,1,81578.26,0.00,0.00,81578.26,81578.26,4856,0.205931,16.80
sandy,Hurricane Sandy,Hurricane,2012,36059520900,1,0.00,0.00,0.00,0.00,0.00,4744,0.210793,0.00
sandy,Hurricane Sandy,Hurricane,2012,36059521200,1,21444.47,0.00,0.00,21444.47,21444.47,3055,0.327332,7.02
sandy,Hurricane Sandy,Hurricane,2012,36059521301,32,1755866.09,214317.68,0.00,1970183.77,61568.24,2305,13.882863,854.74
sandy,Hurricane Sandy,Hurricane,2012,36059521302,908,64275009.27,6885976.13,398665.00,71559650.40,78810.19,5545,163.751127,12905.26
sandy,Hurricane Sandy,Hurricane,2012,36059521400,769,63982791.83,9750443.11,330000.00,74063234.94,96311.10,6628,116.022933,11174.30
sandy,Hurricane Sandy,Hurricane,2012,36059521500,1,0.00,0.00,0.00,0.00,0.00,4482,0.223115,0.00
sandy,Hurricane Sandy,Hurricane,2012,36059521602,2,242809.27,19000.00,28839.24,290648.51,145324.26,3476,0.575374,83.62
sandy,Hurricane Sandy,Hurricane,2012,36059521700,92,2274573.25,277714.59,0.00,2552287.84,27742.26,4654,19.767942,548.41
sandy,Hurricane Sandy,Hurricane,2012,36059521802,5,27574.89,0.00,0.00,27574.89,5514.98,4053,1.233654,6.80
sandy,Hurricane Sandy,Hurricane,2012,36059521902,757,82068035.50,11474971.64,707678.18,94250685.32,124505.53,4021,188.261626,23439.61
sandy,Hurricane Sandy,Hurricane,2012,36059522000,237,16245448.36,2162907.41,221525.00,18629880.77,78607.09,7197,32.930388,2588.56
sandy,Hurricane Sandy,Hurricane,2012,36061000201,1,250000.00,0.00,0.00,250000.00,250000.00,2773,0.360620,90.16
sandy,Hurricane Sandy,Hurricane,2012,36061000600,3,325820.95,139.05,0.00,325960.00,108653.33,10760,0.278810,30.29
sandy,Hurricane Sandy,Hurricane,2012,36061000700,137,5677020.45,547184.45,0.00,6224204.90,45432.15,7024,19.504556,886.13
sandy,Hurricane Sandy,Hurricane,2012,36061000900,27,7775848.01,813762.04,0.00,8589610.05,318133.71,849,31.802120,10117.33
sandy,Hurricane Sandy,Hurricane,2012,36061001001,1,250000.00,0.00,0.00,250000.00,250000.00,1701,0.587889,146.97
sandy,Hurricane Sandy,Hurricane,2012,36061001002,15,1021636.52,0.00,0.00,1021636.52,68109.10,5923,2.532500,172.49
sandy,Hurricane Sandy,Hurricane,2012,36061001300,1953,5453292.47,0.00,0.00,5453292.47,2792.26,3783,516.256939,1441.53
sandy,Hurricane Sandy,Hurricane,2012,36061001501,90,7080622.29,683775.93,0.00,7764398.22,86271.09,5534,16.263101,1403.04
sandy,Hurricane Sandy,Hurricane,2012,36061001502,39,7440957.06,121918.71,0.00,7562875.77,193919.89,6668,5.848830,1134.20
sandy,Hurricane Sandy,Hurricane,2012,36061002000,9,1193515.65,0.00,0.00,1193515.65,132612.85,4889,1.840867,244.12
sandy,Hurricane Sandy,Hurricane,2012,36061002100,3,650032.49,219784.43,0.00,869816.92,289938.97,5418,0.553710,160.54
sandy,Hurricane Sandy,Hurricane,2012,36061002400,19,2023460.62,0.00,0.00,2023460.62,106497.93,5453,3.484321,371.07
sandy,Hurricane Sandy,Hurricane,2012,36061002500,7,573771.40,0.00,0.00,573771.40,81967.34,5406,1.294858,106.14
sandy,Hurricane Sandy,Hurricane,2012,36061002601,2,65553.36,0.00,0.00,65553.36,32776.68,3588,0.557414,18.27
sandy,Hurricane Sandy,Hurricane,2012,36061002602,30,1663882.48,1933.53,0.00,1665816.01,55527.20,4529,6.623979,367.81
sandy,Hurricane Sandy,Hurricane,2012,36061002800,30,3439351.94,62679.09,0.00,3502031.03,116734.37,7268,4.127683,481.84
sandy,Hurricane Sandy,Hurricane,2012,36061003001,1,90245.68,672.98,0.00,90918.66,90918.66,4313,0.231857,21.08
sandy,Hurricane Sandy,Hurricane,2012,36061003200,2,49723.51,0.00,0.00,49723.51,24861.75,8121,0.246275,6.12
sandy,Hurricane Sandy,Hurricane,2012,36061003300,5,84922.29,0.00,0.00,84922.29,16984.46,4758,1.050862,17.85
sandy,Hurricane Sandy,Hurricane,2012,36061003700,132,1235316.53,0.00,0.00,1235316.53,9358.46,2214,59.620596,557.96
sandy,Hurricane Sandy,Hurricane,2012,36061003800,1,20000.00,11600.00,0.00,31600.00,31600.00,8799,0.113649,3.59
sandy,Hurricane Sandy,Hurricane,2012,36061003900,119,9879291.36,0.00,0.00,9879291.36,83019.26,4965,23.967774,1989.79
sandy,Hurricane Sandy,Hurricane,2012,36061004400,16,1846516.35,0.00,0.00,1846516.35,115407.27,16959,0.943452,108.88
sandy,Hurricane Sandy,Hurricane,2012,36061004700,32,672898.61,0.00,0.00,672898.61,21028.08,2234,14.324082,301.21
sandy,Hurricane Sandy,Hurricane,2012,36061006000,11,2636275.57,0.00,0.00,2636275.57,239661.42,4905,2.242610,537.47
sandy,Hurricane Sandy,Hurricane,2012,36061006200,19,5892391.76,2529462.64,0.00,8421854.40,443255.49,4246,4.474800,1983.48
sandy,Hurricane Sandy,Hurricane,2012,36061006500,4,12311.02,0.00,0.00,12311.02,3077.76,6820,0.586510,1.81
sandy,Hurricane Sandy,Hurricane,2012,36061006600,2,0.00,0.00,0.00,0.00,0.00,12177,0.164244,0.00
sandy,Hurricane Sandy,Hurricane,2012,36061006700,1,2693.62,0.00,0.00,2693.62,2693.62,5298,0.188750,0.51
sandy,Hurricane Sandy,Hurricane,2012,36061006900,155,3587765.62,199234.60,0.00,3787000.22,24432.26,2705,57.301294,1400.00
sandy,Hurricane Sandy,Hurricane,2012,36061007000,2,250000.00,0.00,0.00,250000.00,125000.00,8434,0.237135,29.64
sandy,Hurricane Sandy,Hurricane,2012,36061007100,1,0.00,68792.98,0.00,68792.98,68792.98,5512,0.181422,12.48
sandy,Hurricane Sandy,Hurricane,2012,36061007500,85,1483477.34,35539.10,0.00,1519016.44,17870.78,4395,19.340159,345.62
sandy,Hurricane Sandy,Hurricane,2012,36061007900,187,10894096.89,18274.57,0.00,10912371.46,58354.93,4455,41.975309,2449.47
sandy,Hurricane Sandy,Hurricane,2012,36061008601,3,600000.00,0.00,0.00,600000.00,200000.00,2451,1.223990,244.80
sandy,Hurricane Sandy,Hurricane,2012,36061008800,5,318767.91,0.00,0.00,318767.91,63753.58,6993,0.715001,45.58
sandy,Hurricane Sandy,Hurricane,2012,36061008900,11,686591.02,3497.00,0.00,690088.02,62735.27,5713,1.925433,120.79
sandy,Hurricane Sandy,Hurricane,2012,36061009300,1,3098.07,0.00,0.00,3098.07,3098.07,9056,0.110424,0.34
sandy,Hurricane Sandy,Hurricane,2012,36061009600,1,22930.81,0.00,0.00,22930.81,22930.81,148,6.756757,154.94
sandy,Hurricane Sandy,Hurricane,2012,36061009800,1,0.00,0.00,0.00,0.00,0.00,7150,0.139860,0.00
sandy,Hurricane Sandy,Hurricane,2012,36061009900,114,11276796.90,678854.95,0.00,11955651.85,104874.14,2877,39.624609,4155.60
sandy,Hurricane Sandy,Hurricane,2012,36061010601,1,6412.52,0.00,0.00,6412.52,6412.52,7267,0.137608,0.88
sandy,Hurricane Sandy,Hurricane,2012,36061011203,1,85951.03,0.00,0.00,85951.03,85951.03,1004,0.996016,85.61
sandy,Hurricane Sandy,Hurricane,2012,36061011700,1,0.00,0.00,0.00,0.00,0.00,2443,0.409333,0.00
sandy,Hurricane Sandy,Hurricane,2012,36061012900,1,36926.70,0.00,0.00,36926.70,36926.70,5481,0.182448,6.74
sandy,Hurricane Sandy,Hurricane,2012,36061013200,1,250000.00,22019.74,0.00,272019.74,272019.74,9660,0.103520,28.16
sandy,Hurricane Sandy,Hurricane,2012,36061013500,1,500000.00,0.00,0.00,500000.00,500000.00,6036,0.165673,82.84
sandy,Hurricane Sandy,Hurricane,2012,36061013600,1,26986.33,0.00,0.00,26986.33,26986.33,15627,0.063992,1.73
sandy,Hurricane Sandy,Hurricane,2012,36061015200,12,947596.48,45480.31,0.00,993076.79,82756.40,7192,1.668521,138.08
sandy,Hurricane Sandy,Hurricane,2012,36061015400,1,52449.65,0.00,0.00,52449.65,52449.65,13217,0.075660,3.97
sandy,Hurricane Sandy,Hurricane,2012,36061015601,15,883217.18,0.00,0.00,883217.18,58881.15,5494,2.730251,160.76
sandy,Hurricane Sandy,Hurricane,2012,36061016200,12,808436.50,0.00,0.00,808436.50,67369.71,9678,1.239926,83.53
sandy,Hurricane Sandy,Hurricane,2012,36061016400,11,715437.59,0.00,0.00,715437.59,65039.78,6570,1.674277,108.89
sandy,Hurricane Sandy,Hurricane,2012,36061016600,1,0.00,0.00,0.00,0.00,0.00,7976,0.125376,0.00
sandy,Hurricane Sandy,Hurricane,2012,36061016800,1,0.00,0.00,0.00,0.00,0.00,5257,0.190223,0.00
sandy,Hurricane Sandy,Hurricane,2012,36061017000,14,2910.45,0.00,0.00,2910.45,207.89,7900,1.772152,0.37
sandy,Hurricane Sandy,Hurricane,2012,36061017200,9,0.00,0.00,0.00,0.00,0.00,5458,1.648956,0.00
sandy,Hurricane Sandy,Hurricane,2012,36061017401,4,0.00,0.00,0.00,0.00,0.00,4824,0.829187,0.00
sandy,Hurricane Sandy,Hurricane,2012,36061018000,15,0.00,0.00,0.00,0.00,0.00,7703,1.947293,0.00
sandy,Hurricane Sandy,Hurricane,2012,36061018200,1,0.00,0.00,0.00,0.00,0.00,6844,0.146113,0.00
sandy,Hurricane Sandy,Hurricane,2012,36061018400,1,0.00,0.00,0.00,0.00,0.00,8253,0.121168,0.00
sandy,Hurricane Sandy,Hurricane,2012,36061018800,1,0.00,0.00,0.00,0.00,0.00,5690,0.175747,0.00
sandy,Hurricane Sandy,Hurricane,2012,36061019200,14,0.00,0.00,0.00,0.00,0.00,4190,3.341289,0.00
sandy,Hurricane Sandy,Hurricane,2012,36061019400,5,0.00,0.00,0.00,0.00,0.00,6043,0.827404,0.00
sandy,Hurricane Sandy,Hurricane,2012,36061020000,1,13777.21,209.97,0.00,13987.18,13987.18,3091,0.323520,4.53
sandy,Hurricane Sandy,Hurricane,2012,36061021000,19,862478.70,0.00,0.00,862478.70,45393.62,7215,2.633403,119.54
sandy,Hurricane Sandy,Hurricane,2012,36061021400,1,0.00,0.00,0.00,0.00,0.00,2980,0.335570,0.00
sandy,Hurricane Sandy,Hurricane,2012,36061021500,1,0.00,0.00,0.00,0.00,0.00,2841,0.351989,0.00
sandy,Hurricane Sandy,Hurricane,2012,36061022301,1,25856.18,2182.98,0.00,28039.16,28039.16,8384,0.119275,3.34
sandy,Hurricane Sandy,Hurricane,2012,36061023600,2,0.00,0.00,0.00,0.00,0.00,6548,0.305437,0.00
sandy,Hurricane Sandy,Hurricane,2012,36061023801,1,10209.21,0.00,0.00,10209.21,10209.21,9769,0.102365,1.05
sandy,Hurricane Sandy,Hurricane,2012,36061023802,1,8780.27,0.00,0.00,8780.27,8780.27,2542,0.393391,3.45
sandy,Hurricane Sandy,Hurricane,2012,36061024200,2,0.00,0.00,0.00,0.00,0.00,3649,0.548095,0.00
sandy,Hurricane Sandy,Hurricane,2012,36061024302,5,442936.24,0.00,0.00,442936.24,88587.25,6982,0.716127,63.44
sandy,Hurricane Sandy,Hurricane,2012,36061029900,7,0.00,0.00,0.00,0.00,0.00,4181,1.674241,0.00
sandy,Hurricane Sandy,Hurricane,2012,36061031703,2,0.00,0.00,0.00,0.00,0.00,7887,0.253582,0.00
sandy,Hurricane Sandy,Hurricane,2012,36061031704,746,747305.31,0.00,0.00,747305.31,1001.75,5761,129.491408,129.72
sandy,Hurricane Sandy,Hurricane,2012,36065023200,1,18677.55,0.00,0.00,18677.55,18677.55,4493,0.222568,4.16
sandy,Hurricane Sandy,Hurricane,2012,36071000400,3,134922.74,70269.21,0.00,205191.95,68397.32,4964,0.604351,41.34
sandy,Hurricane Sandy,Hurricane,2012,36071011300,1,3850.93,0.00,0.00,3850.93,3850.93,7183,0.139218,0.54
sandy,Hurricane Sandy,Hurricane,2012,36071011400,1,30824.06,50000.00,0.00,80824.06,80824.06,3781,0.264480,21.38
sandy,Hurricane Sandy,Hurricane,2012,36071011601,1,0.00,0.00,0.00,0.00,0.00,4469,0.223764,0.00
sandy,Hurricane Sandy,Hurricane,2012,36071012100,1,0.00,0.00,0.00,0.00,0.00,3932,0.254323,0.00
sandy,Hurricane Sandy,Hurricane,2012,36071013202,1,29936.53,0.00,0.00,29936.53,29936.53,2314,0.432152,12.94
sandy,Hurricane Sandy,Hurricane,2012,36071013500,1,17774.62,0.00,0.00,17774.62,17774.62,6307,0.158554,2.82
sandy,Hurricane Sandy,Hurricane,2012,36071013900,1,8135.28,609.48,0.00,8744.76,8744.76,4348,0.229991,2.01
sandy,Hurricane Sandy,Hurricane,2012,36071014202,2,8409.96,0.00,0.00,8409.96,4204.98,6286,0.318167,1.34
sandy,Hurricane Sandy,Hurricane,2012,36071014501,1,0.00,0.00,0.00,0.00,0.00,4743,0.210837,0.00
sandy,Hurricane Sandy,Hurricane,2012,36071014900,1,3479.46,0.00,0.00,3479.46,3479.46,3613,0.276778,0.96
sandy,Hurricane Sandy,Hurricane,2012,36075020500,1,0.00,0.00,0.00,0.00,0.00,6043,0.165481,0.00
sandy,Hurricane Sandy,Hurricane,2012,36079010700,13,1561357.65,28309.25,0.00,1589666.90,122282.07,2465,5.273834,644.90
sandy,Hurricane Sandy,Hurricane,2012,36079010800,5,476734.35,24017.98,0.00,500752.33,100150.47,3313,1.509206,151.15
sandy,Hurricane Sandy,Hurricane,2012,36079011600,1,7336.44,0.00,0.00,7336.44,7336.44,5945,0.168209,1.23
sandy,Hurricane Sandy,Hurricane,2012,36081000100,256,7492355.67,1264916.81,0.00,8757272.48,34208.10,4637,55.208109,1888.56
sandy,Hurricane Sandy,Hurricane,2012,36081000700,67,1094619.81,371086.29,0.00,1465706.10,21876.21,4520,14.823009,324.27
sandy,Hurricane Sandy,Hurricane,2012,36081001900,5,621870.20,446721.25,0.00,1068591.45,213718.29,998,5.010020,1070.73
sandy,Hurricane Sandy,Hurricane,2012,36081002500,1,0.00,0.00,0.00,0.00,0.00,7102,0.140805,0.00
sandy,Hurricane Sandy,Hurricane,2012,36081006202,43,1846489.55,74713.30,0.00,1921202.85,44679.14,7108,6.049522,270.29
sandy,Hurricane Sandy,Hurricane,2012,36081008100,74,217087.17,0.00,0.00,217087.17,2933.61,999,74.074074,217.30
sandy,Hurricane Sandy,Hurricane,2012,36081008300,5,1229700.00,0.00,0.00,1229700.00,245940.00,3589,1.393146,342.63
sandy,Hurricane Sandy,Hurricane,2012,36081008700,21,925940.93,0.00,0.00,925940.93,44092.43,4139,5.073689,223.71
sandy,Hurricane Sandy,Hurricane,2012,36081011100,1,10098.16,0.00,0.00,10098.16,10098.16,3065,0.326264,3.29
sandy,Hurricane Sandy,Hurricane,2012,36081015400,1,36404.56,0.00,0.00,36404.56,36404.56,2158,0.463392,16.87
sandy,Hurricane Sandy,Hurricane,2012,36081018401,1,0.00,0.00,0.00,0.00,0.00,2385,0.419287,0.00
sandy,Hurricane Sandy,Hurricane,2012,36081018501,1,0.00,0.00,0.00,0.00,0.00,3425,0.291971,0.00
sandy,Hurricane Sandy,Hurricane,2012,36081019900,3,1086584.04,0.00,0.00,1086584.04,362194.68,1218,2.463054,892.11
sandy,Hurricane Sandy,Hurricane,2012,36081029400,1,6706.38,0.00,0.00,6706.38,6706.38,7066,0.141523,0.95
sandy,Hurricane Sandy,Hurricane,2012,36081032800,1,22759.02,0.00,0.00,22759.02,22759.02,2293,0.436110,9.93
sandy,Hurricane Sandy,Hurricane,2012,36081033000,1,0.00,0.00,0.00,0.00,0.00,6871,0.145539,0.00
sandy,Hurricane Sandy,Hurricane,2012,36081034700,1,1791.32,0.00,0.00,1791.32,1791.32,3145,0.317965,0.57
sandy,Hurricane Sandy,Hurricane,2012,36081035700,1,24139.35,0.00,0.00,24139.35,24139.35,4656,0.214777,5.18
sandy,Hurricane Sandy,Hurricane,2012,36081036800,1,6819.53,808.02,0.00,7627.55,7627.55,2416,0.413907,3.16
sandy,Hurricane Sandy,Hurricane,2012,36081043200,1,0.00,0.00,0.00,0.00,0.00,1482,0.674764,0.00
sandy,Hurricane Sandy,Hurricane,2012,36081044301,1,20498.03,827.48,0.00,21325.51,21325.51,3482,0.287191,6.12
sandy,Hurricane Sandy,Hurricane,2012,36081062000,1,8900.00,0.00,0.00,8900.00,8900.00,1349,0.741290,6.60
sandy,Hurricane Sandy,Hurricane,2012,36081065600,21,1025714.36,25171.77,0.00,1050886.13,50042.20,5007,4.194128,209.88
sandy,Hurricane Sandy,Hurricane,2012,36081066000,2,8661.58,1221.01,0.00,9882.59,4941.30,3684,0.542888,2.68
sandy,Hurricane Sandy,Hurricane,2012,36081066400,55,2110554.02,134511.44,0.00,2245065.46,40819.37,11197,4.912030,200.51
sandy,Hurricane Sandy,Hurricane,2012,36081069400,79,2411031.46,166178.85,0.00,2577210.31,32622.92,2552,30.956113,1009.88
sandy,Hurricane Sandy,Hurricane,2012,36081070700,1,0.00,0.00,0.00,0.00,0.00,2580,0.387597,0.00
sandy,Hurricane Sandy,Hurricane,2012,36081074500,3,0.00,0.00,0.00,0.00,0.00,3898,0.769625,0.00
sandy,Hurricane Sandy,Hurricane,2012,36081074700,1,0.00,0.00,0.00,0.00,0.00,3266,0.306185,0.00
sandy,Hurricane Sandy,Hurricane,2012,36081079000,1,78046.85,500000.00,0.00,578046.85,578046.85,2302,0.434405,251.11
sandy,Hurricane Sandy,Hurricane,2012,36081083800,1,0.00,0.00,0.00,0.00,0.00,5795,0.172563,0.00
sandy,Hurricane Sandy,Hurricane,2012,36081084000,1,11945.14,0.00,0.00,11945.14,11945.14,6680,0.149701,1.79
sandy,Hurricane Sandy,Hurricane,2012,36081086900,4,27304.50,0.00,0.00,27304.50,6826.13,2060,1.941748,13.25
sandy,Hurricane Sandy,Hurricane,2012,36081087100,6,1096617.65,0.00,0.00,1096617.65,182769.61,2050,2.926829,534.94
sandy,Hurricane Sandy,Hurricane,2012,36081088400,620,37122634.54,5505517.48,642700.00,43270852.02,69791.70,7465,83.054253,5796.50
sandy,Hurricane Sandy,Hurricane,2012,36081088901,6,4756.07,0.00,0.00,4756.07,792.68,9961,0.602349,0.48
sandy,Hurricane Sandy,Hurricane,2012,36081089200,140,9478055.63,2431757.19,0.00,11909812.82,85070.09,8573,16.330339,1389.22
sandy,Hurricane Sandy,Hurricane,2012,36081091601,1083,100374627.94,9865296.96,4170635.75,114410560.65,105642.25,4344,249.309392,26337.61
sandy,Hurricane Sandy,Hurricane,2012,36081091800,4,167374.43,20519.19,0.00,187893.62,46973.40,15,266.666667,12526.24
sandy,Hurricane Sandy,Hurricane,2012,36081091900,1,45847.81,116.04,0.00,45963.85,45963.85,6126,0.163239,7.50
sandy,Hurricane Sandy,Hurricane,2012,36081092200,402,38695946.29,8203778.69,87750.00,46987474.98,116884.27,2260,177.876106,20790.92
sandy,Hurricane Sandy,Hurricane,2012,36081092500,1,11155.29,0.00,0.00,11155.29,11155.29,3370,0.296736,3.31
sandy,Hurricane Sandy,Hurricane,2012,36081092800,528,37169115.63,7635884.20,90000.00,44894999.83,85028.41,3345,157.847534,13421.52
sandy,Hurricane Sandy,Hurricane,2012,36081092900,131,441455.20,500000.00,0.00,941455.20,7186.68,6660,19.669670,141.36
sandy,Hurricane Sandy,Hurricane,2012,36081093401,412,28513206.92,2833215.02,70000.00,31416421.94,76253.45,4253,96.872796,7386.89
sandy,Hurricane Sandy,Hurricane,2012,36081093402,336,15456966.90,1297178.10,30000.00,16784145.00,49952.81,4056,82.840237,4138.10
sandy,Hurricane Sandy,Hurricane,2012,36081093800,67,5196554.51,597082.88,0.00,5793637.39,86472.20,5257,12.744912,1102.08
sandy,Hurricane Sandy,Hurricane,2012,36081093900,1,0.00,0.00,0.00,0.00,0.00,4647,0.215193,0.00
sandy,Hurricane Sandy,Hurricane,2012,36081094201,136,9227306.80,2493259.94,0.00,11720566.74,86180.64,3660,37.158470,3202.34
sandy,Hurricane Sandy,Hurricane,2012,36081094202,468,18786628.68,1710256.24,90000.00,20586884.92,43989.07,4481,104.440973,4594.26
sandy,Hurricane Sandy,Hurricane,2012,36081094203,1764,7178995.93,234132.95,30000.00,7443128.88,4219.46,5046,349.583829,1475.06
sandy,Hurricane Sandy,Hurricane,2012,36081095400,434,23136100.74,1300500.44,519814.60,24956415.78,57503.26,4540,95.594714,5497.01
sandy,Hurricane Sandy,Hurricane,2012,36081096400,393,19012880.64,2083902.77,513122.79,21609906.20,54987.04,4092,96.041056,5281.01
sandy,Hurricane Sandy,Hurricane,2012,36081097202,11,2609519.47,100000.00,0.00,2709519.47,246319.95,2190,5.022831,1237.22
sandy,Hurricane Sandy,Hurricane,2012,36081097203,116,11715586.02,222153.88,270000.00,12207739.90,105239.14,7471,15.526703,1634.02
sandy,Hurricane Sandy,Hurricane,2012,36081097204,151,9874705.27,1270325.92,90000.00,11235031.19,74404.18,3557,42.451504,3158.57
sandy,Hurricane Sandy,Hurricane,2012,36081098100,1,0.00,0.00,0.00,0.00,0.00,2323,0.430478,0.00
sandy,Hurricane Sandy,Hurricane,2012,36081098700,1,74298.73,7984.28,0.00,82283.01,82283.01,2585,0.386847,31.83
sandy,Hurricane Sandy,Hurricane,2012,36081099100,47,28685.95,37363.70,0.00,66049.65,1405.31,6872,6.839348,9.61
sandy,Hurricane Sandy,Hurricane,2012,36081099200,247,14451413.77,580796.14,540000.00,15572209.91,63045.38,4123,59.907834,3776.91
sandy,Hurricane Sandy,Hurricane,2012,36081099705,1,12878.00,1426.56,0.00,14304.56,14304.56,2661,0.375799,5.38
sandy,Hurricane Sandy,Hurricane,2012,36081099801,165,6451809.33,407209.66,120000.00,6979018.99,42297.08,6923,23.833598,1008.09
sandy,Hurricane Sandy,Hurricane,2012,36081099802,159,7016776.86,819993.18,30000.00,7866770.04,49476.54,5105,31.145935,1540.99
sandy,Hurricane Sandy,Hurricane,2012,36081100801,75,2777027.51,250108.78,30000.00,3057136.29,40761.82,2642,28.387585,1157.13
sandy,Hurricane Sandy,Hurricane,2012,36081100802,43,1705463.24,47513.07,0.00,1752976.31,40766.89,8196,5.246462,213.88
sandy,Hurricane Sandy,Hurricane,2012,36081101001,121,5125716.78,283781.70,0.00,5409498.48,44706.60,10417,11.615628,519.30
sandy,Hurricane Sandy,Hurricane,2012,36081101002,323,11821790.90,932666.54,30000.00,12784457.44,39580.36,4367,73.963820,2927.51
sandy,Hurricane Sandy,Hurricane,2012,36081103201,116,5810826.60,112345.13,60000.00,5983171.73,51579.07,5986,19.378550,999.53
sandy,Hurricane Sandy,Hurricane,2012,36081103202,1,6080.94,0.00,0.00,6080.94,6080.94,6658,0.150195,0.91
sandy,Hurricane Sandy,Hurricane,2012,36081105900,1,0.00,0.00,0.00,0.00,0.00,3460,0.289017,0.00
sandy,Hurricane Sandy,Hurricane,2012,36081107201,624,55425969.99,4721134.28,4267838.16,64414942.43,103229.07,2368,263.513514,27202.26
sandy,Hurricane Sandy,Hurricane,2012,36081129102,2,4365.35,0.00,0.00,4365.35,2182.68,3206,0.623830,1.36
sandy,Hurricane Sandy,Hurricane,2012,36081145102,1,19782.09,0.00,0.00,19782.09,19782.09,2771,0.360881,7.14
sandy,Hurricane Sandy,Hurricane,2012,36081148300,20,436112.09,3997.43,0.00,440109.52,22005.48,3054,6.548788,144.11
sandy,Hurricane Sandy,Hurricane,2012,36081157901,2,0.00,0.00,0.00,0.00,0.00,5373,0.372232,0.00
sandy,Hurricane Sandy,Hurricane,2012,36083052601,1,327781.05,0.00,0.00,327781.05,327781.05,3806,0.262743,86.12
sandy,Hurricane Sandy,Hurricane,2012,36085000300,135,2767813.80,9889.56,0.00,2777703.36,20575.58,1630,82.822086,1704.11
sandy,Hurricane Sandy,Hurricane,2012,36085000600,5,867175.23,627124.46,0.00,1494299.69,298859.94,2235,2.237136,668.59
sandy,Hurricane Sandy,Hurricane,2012,36085000800,2,71003.29,0.00,0.00,71003.29,35501.64,5889,0.339616,12.06
sandy,Hurricane Sandy,Hurricane,2012,36085000900,1,79422.03,6000.00,60000.00,145422.03,145422.03,2276,0.439367,63.89
sandy,Hurricane Sandy,Hurricane,2012,36085001100,1,87374.44,45917.54,0.00,133291.98,133291.98,3012,0.332005,44.25
sandy,Hurricane Sandy,Hurricane,2012,36085001700,1,1376.61,0.00,0.00,1376.61,1376.61,1531,0.653168,0.90
sandy,Hurricane Sandy,Hurricane,2012,36085002100,9,488766.51,163900.00,0.00,652666.51,72518.50,3705,2.429150,176.16
sandy,Hurricane Sandy,Hurricane,2012,36085003300,1,0.00,0.00,0.00,0.00,0.00,3653,0.273748,0.00
sandy,Hurricane Sandy,Hurricane,2012,36085006400,1,23410.99,0.00,0.00,23410.99,23410.99,3007,0.332557,7.79
sandy,Hurricane Sandy,Hurricane,2012,36085007000,181,7328938.76,452638.14,90000.00,7871576.90,43489.38,8794,20.582215,895.11
sandy,Hurricane Sandy,Hurricane,2012,36085007400,284,12375719.22,1336138.05,180000.00,13891857.27,48914.99,4182,67.910091,3321.82
sandy,Hurricane Sandy,Hurricane,2012,36085007500,1,13268.31,0.00,0.00,13268.31,13268.31,4682,0.213584,2.83
sandy,Hurricane Sandy,Hurricane,2012,36085009602,2,13587.46,1294.98,0.00,14882.44,7441.22,3275,0.610687,4.54
sandy,Hurricane Sandy,Hurricane,2012,36085009700,10,350721.35,10560.33,0.00,361281.68,36128.17,3159,3.165559,114.37
sandy,Hurricane Sandy,Hurricane,2012,36085011201,848,43484553.61,2287433.54,643800.00,46415787.15,54735.60,5943,142.688878,7810.16
sandy,Hurricane Sandy,Hurricane,2012,36085011202,692,35299960.86,1528657.25,975707.74,37804325.85,54630.53,6258,110.578460,6040.96
sandy,Hurricane Sandy,Hurricane,2012,36085011401,52,3322145.39,83341.91,0.00,3405487.30,65490.14,3179,16.357345,1071.24
sandy,Hurricane Sandy,Hurricane,2012,36085011402,52,2538737.18,81132.72,0.00,2619869.90,50382.11,3173,16.388276,825.68
sandy,Hurricane Sandy,Hurricane,2012,36085012200,2,85747.66,0.00,0.00,85747.66,42873.83,3672,0.544662,23.35
sandy,Hurricane Sandy,Hurricane,2012,36085012804,464,27888848.50,1594233.08,1411196.50,30894278.08,66582.50,4145,111.942099,7453.38
sandy,Hurricane Sandy,Hurricane,2012,36085012805,417,17979812.94,1223382.21,0.00,19203195.15,46050.83,3353,124.366239,5727.17
sandy,Hurricane Sandy,Hurricane,2012,36085012806,281,13544158.55,1095090.68,113723.00,14752972.23,52501.68,6607,42.530649,2232.93
sandy,Hurricane Sandy,Hurricane,2012,36085013201,2,65319.78,3419.07,0.00,68738.85,34369.43,1421,1.407460,48.37
sandy,Hurricane Sandy,Hurricane,2012,36085013204,4,73878.61,12209.65,0.00,86088.26,21522.06,4742,0.843526,18.15
sandy,Hurricane Sandy,Hurricane,2012,36085013302,9,355370.44,22115.25,0.00,377485.69,41942.85,3440,2.616279,109.73
sandy,Hurricane Sandy,Hurricane,2012,36085013400,4,274637.16,16300.00,0.00,290937.16,72734.29,3960,1.010101,73.47
sandy,Hurricane Sandy,Hurricane,2012,36085013800,2,52612.66,0.00,0.00,52612.66,26306.33,5915,0.338123,8.89
sandy,Hurricane Sandy,Hurricane,2012,36085014607,1,9405.69,0.00,0.00,9405.69,9405.69,4777,0.209336,1.97
sandy,Hurricane Sandy,Hurricane,2012,36085014608,1,4198.09,143.78,0.00,4341.87,4341.87,3779,0.264620,1.15
sandy,Hurricane Sandy,Hurricane,2012,36085015100,1,67141.02,5600.00,0.00,72741.02,72741.02,5279,0.189430,13.78
sandy,Hurricane Sandy,Hurricane,2012,36085015601,1,1274.22,0.00,0.00,1274.22,1274.22,6151,0.162575,0.21
sandy,Hurricane Sandy,Hurricane,2012,36085015603,297,17777949.56,1931073.54,180000.00,19889023.10,66966.41,4620,64.285714,4304.98
sandy,Hurricane Sandy,Hurricane,2012,36085016901,1,0.00,0.00,0.00,0.00,0.00,3246,0.308071,0.00
sandy,Hurricane Sandy,Hurricane,2012,36085017005,2,5053.95,0.00,0.00,5053.95,2526.97,4574,0.437254,1.10
sandy,Hurricane Sandy,Hurricane,2012,36085017008,1,2809.68,0.00,0.00,2809.68,2809.68,7348,0.136091,0.38
sandy,Hurricane Sandy,Hurricane,2012,36085017009,1,500000.00,0.00,0.00,500000.00,500000.00,4219,0.237023,118.51
sandy,Hurricane Sandy,Hurricane,2012,36085017011,1,0.00,0.00,0.00,0.00,0.00,5096,0.196232,0.00
sandy,Hurricane Sandy,Hurricane,2012,36085017600,26,3982470.61,1080287.69,0.00,5062758.30,194721.47,4741,5.484075,1067.87
sandy,Hurricane Sandy,Hurricane,2012,36085017700,1,0.00,0.00,0.00,0.00,0.00,7320,0.136612,0.00
sandy,Hurricane Sandy,Hurricane,2012,36085018702,2,0.00,0.00,0.00,0.00,0.00,7249,0.275900,0.00
sandy,Hurricane Sandy,Hurricane,2012,36085019800,20,462933.03,29346.40,0.00,492279.43,24613.97,6645,3.009782,74.08
sandy,Hurricane Sandy,Hurricane,2012,36085020700,3,97160.06,280.18,0.00,97440.24,32480.08,5684,0.527797,17.14
sandy,Hurricane Sandy,Hurricane,2012,36085021300,1,27900.00,12300.00,0.00,40200.00,40200.00,5211,0.191902,7.71
sandy,Hurricane Sandy,Hurricane,2012,36085022300,1,202654.46,20000.00,0.00,222654.46,222654.46,2654,0.376790,83.89
sandy,Hurricane Sandy,Hurricane,2012,36085022600,3,175868.57,10500.00,0.00,186368.57,62122.86,9064,0.330980,20.56
sandy,Hurricane Sandy,Hurricane,2012,36085023100,1,250000.00,58119.28,0.00,308119.28,308119.28,4689,0.213265,65.71
sandy,Hurricane Sandy,Hurricane,2012,36085024402,104,6256845.11,370255.57,60000.00,6687100.68,64299.05,3904,26.639344,1712.88
sandy,Hurricane Sandy,Hurricane,2012,36085024800,7,976379.23,61720.00,0.00,1038099.23,148299.89,5060,1.383399,205.16
sandy,Hurricane Sandy,Hurricane,2012,36085025100,1,0.00,0.00,0.00,0.00,0.00,5783,0.172921,0.00
sandy,Hurricane Sandy,Hurricane,2012,36085027702,1,42182.63,2391.55,0.00,44574.18,44574.18,6280,0.159236,7.10
sandy,Hurricane Sandy,Hurricane,2012,36085029102,18,999465.51,432843.21,0.00,1432308.72,79572.71,2303,7.815892,621.93
sandy,Hurricane Sandy,Hurricane,2012,36085029103,1,1846.58,0.00,0.00,1846.58,1846.58,7401,0.135117,0.25
sandy,Hurricane Sandy,Hurricane,2012,36085031902,2,531144.11,15641.00,0.00,546785.11,273392.55,4296,0.465549,127.28
sandy,Hurricane Sandy,Hurricane,2012,36087010200,31,2375047.00,107231.42,90000.00,2572278.42,82976.72,4577,6.772995,562.00
sandy,Hurricane Sandy,Hurricane,2012,36087010602,9,203095.03,63068.80,0.00,266163.83,29573.76,6355,1.416208,41.88
sandy,Hurricane Sandy,Hurricane,2012,36087010801,1,0.00,0.00,0.00,0.00,0.00,4144,0.241313,0.00
sandy,Hurricane Sandy,Hurricane,2012,36087010802,2,0.00,0.00,0.00,0.00,0.00,5565,0.359389,0.00
sandy,Hurricane Sandy,Hurricane,2012,36087010803,2,5767.11,0.00,0.00,5767.11,2883.55,5676,0.352361,1.02
sandy,Hurricane Sandy,Hurricane,2012,36087011000,3,125427.72,21483.88,0.00,146911.60,48970.53,2011,1.491795,73.05
sandy,Hurricane Sandy,Hurricane,2012,36087012202,1,3348.74,0.00,0.00,3348.74,3348.74,6033,0.165755,0.56
sandy,Hurricane Sandy,Hurricane,2012,36087013003,13,809094.36,282386.60,0.00,1091480.96,83960.07,3189,4.076513,342.26
sandy,Hurricane Sandy,Hurricane,2012,36087013100,43,1961536.48,0.00,0.00,1961536.48,45617.13,6091,7.059596,322.04
sandy,Hurricane Sandy,Hurricane,2012,36087013200,3,273906.48,102229.77,0.00,376136.25,125378.75,3521,0.852031,106.83
sandy,Hurricane Sandy,Hurricane,2012,36087013300,46,3126369.08,340816.14,14732.79,3481918.01,75693.87,2524,18.225040,1379.52
sandy,Hurricane Sandy,Hurricane,2012,36087013402,3,204817.12,39857.74,0.00,244674.86,81558.29,3955,0.758534,61.86
sandy,Hurricane Sandy,Hurricane,2012,36093032101,1,0.00,0.00,0.00,0.00,0.00,5710,0.175131,0.00
sandy,Hurricane Sandy,Hurricane,2012,36095740100,1,0.00,0.00,0.00,0.00,0.00,5455,0.183318,0.00
sandy,Hurricane Sandy,Hurricane,2012,36095740600,1,147629.67,0.00,0.00,147629.67,147629.67,3171,0.315358,46.56
sandy,Hurricane Sandy,Hurricane,2012,36095740700,1,0.00,0.00,0.00,0.00,0.00,5481,0.182448,0.00
sandy,Hurricane Sandy,Hurricane,2012,36103110101,7,103611.28,1036.32,0.00,104647.60,14949.66,3673,1.905799,28.49
sandy,Hurricane Sandy,Hurricane,2012,36103110102,1,42508.87,0.00,0.00,42508.87,42508.87,5009,0.199641,8.49
sandy,Hurricane Sandy,Hurricane,2012,36103110200,2,42265.27,0.00,0.00,42265.27,21132.64,5111,0.391313,8.27
sandy,Hurricane Sandy,Hurricane,2012,36103110300,23,1228543.03,83166.37,0.00,1311709.40,57030.84,5090,4.518664,257.70
sandy,Hurricane Sandy,Hurricane,2012,36103110401,8,627686.99,60184.49,15000.00,702871.48,87858.93,2840,2.816901,247.49
sandy,Hurricane Sandy,Hurricane,2012,36103110402,4,14318.51,704.59,0.00,15023.10,3755.77,3167,1.263025,4.74
sandy,Hurricane Sandy,Hurricane,2012,36103110501,7,736171.08,423921.11,0.00,1160092.19,165727.46,3257,2.149217,356.18
sandy,Hurricane Sandy,Hurricane,2012,36103110600,2,83760.05,1184.50,0.00,84944.55,42472.28,7418,0.269614,11.45
sandy,Hurricane Sandy,Hurricane,2012,36103110801,103,4923540.87,682643.32,30000.00,5636184.19,54720.23,1951,52.793439,2888.87
sandy,Hurricane Sandy,Hurricane,2012,36103110803,43,1767372.42,301051.37,30000.00,2098423.79,48800.55,5714,7.525376,367.24
sandy,Hurricane Sandy,Hurricane,2012,36103111100,1,43227.89,0.00,0.00,43227.89,43227.89,9116,0.109697,4.74
sandy,Hurricane Sandy,Hurricane,2012,36103111300,1,1178.71,0.00,0.00,1178.71,1178.71,4822,0.207383,0.24
sandy,Hurricane Sandy,Hurricane,2012,36103112002,1,0.00,0.00,0.00,0.00,0.00,5172,0.193349,0.00
sandy,Hurricane Sandy,Hurricane,2012,36103112102,1,0.00,0.00,0.00,0.00,0.00,3905,0.256082,0.00
sandy,Hurricane Sandy,Hurricane,2012,36103112211,1,14750.02,0.00,0.00,14750.02,14750.02,4894,0.204332,3.01
sandy,Hurricane Sandy,Hurricane,2012,36103112212,1,0.00,0.00,0.00,0.00,0.00,3287,0.304229,0.00
sandy,Hurricane Sandy,Hurricane,2012,36103122705,1,0.00,0.00,0.00,0.00,0.00,2712,0.368732,0.00
sandy,Hurricane Sandy,Hurricane,2012,36103122802,1,8498.36,3324.00,0.00,11822.36,11822.36,4156,0.240616,2.84
sandy,Hurricane Sandy,Hurricane,2012,36103122902,1,15165.58,0.00,0.00,15165.58,15165.58,4306,0.232234,3.52
sandy,Hurricane Sandy,Hurricane,2012,36103123001,10,735206.52,182061.77,0.00,917268.29,91726.83,6166,1.621797,148.76
sandy,Hurricane Sandy,Hurricane,2012,36103123202,1,0.00,0.00,0.00,0.00,0.00,8725,0.114613,0.00
sandy,Hurricane Sandy,Hurricane,2012,36103123301,6,368093.12,36224.47,0.00,404317.59,67386.26,8080,0.742574,50.04
sandy,Hurricane Sandy,Hurricane,2012,36103123402,1,157752.13,68982.28,0.00,226734.41,226734.41,7795,0.128287,29.09
sandy,Hurricane Sandy,Hurricane,2012,36103123500,1,0.00,0.00,0.00,0.00,0.00,6244,0.160154,0.00
sandy,Hurricane Sandy,Hurricane,2012,36103123600,707,65625843.52,7627078.35,716814.46,73969736.33,104624.80,3344,211.423445,22120.14
sandy,Hurricane Sandy,Hurricane,2012,36103123702,20,866498.68,37177.25,0.00,903675.93,45183.80,7177,2.786680,125.91
sandy,Hurricane Sandy,Hurricane,2012,36103123801,985,54933196.03,8434223.78,939420.00,64306839.81,65286.13,4208,234.077947,15282.04
sandy,Hurricane Sandy,Hurricane,2012,36103123802,665,36944355.23,3724721.61,537800.00,41206876.84,61965.23,3532,188.278596,11666.73
sandy,Hurricane Sandy,Hurricane,2012,36103124001,1,3354.39,0.00,0.00,3354.39,3354.39,4424,0.226040,0.76
sandy,Hurricane Sandy,Hurricane,2012,36103124002,1,26202.72,0.00,0.00,26202.72,26202.72,3803,0.262950,6.89
sandy,Hurricane Sandy,Hurricane,2012,36103124101,18,410614.02,38202.45,0.00,448816.47,24934.25,4963,3.626839,90.43
sandy,Hurricane Sandy,Hurricane,2012,36103124102,346,25305728.69,3262867.89,1207247.05,29775843.63,86057.35,3494,99.026903,8521.99
sandy,Hurricane Sandy,Hurricane,2012,36103124200,538,36595322.22,4074709.02,1058573.81,41728605.05,77562.46,5761,93.386565,7243.29
sandy,Hurricane Sandy,Hurricane,2012,36103124401,237,17995522.23,2166966.57,447180.73,20609669.53,86960.63,3880,61.082474,5311.77
sandy,Hurricane Sandy,Hurricane,2012,36103124402,569,33179940.19,3554606.09,760857.81,37495404.09,65897.02,3941,144.379599,9514.19
sandy,Hurricane Sandy,Hurricane,2012,36103124500,3,19994.85,0.00,0.00,19994.85,6664.95,4833,0.620732,4.14
sandy,Hurricane Sandy,Hurricane,2012,36103124601,271,20124257.46,2272976.95,858671.75,23255906.16,85815.15,3157,85.840988,7366.46
sandy,Hurricane Sandy,Hurricane,2012,36103124602,643,59372534.22,7665319.23,1471742.70,68509596.15,106546.81,4195,153.277712,16331.25
sandy,Hurricane Sandy,Hurricane,2012,36103134703,1,15135.94,0.00,0.00,15135.94,15135.94,4161,0.240327,3.64
sandy,Hurricane Sandy,Hurricane,2012,36103134907,1,66412.63,12929.10,0.00,79341.73,79341.73,4776,0.209380,16.61
sandy,Hurricane Sandy,Hurricane,2012,36103135002,1,0.00,0.00,0.00,0.00,0.00,5185,0.192864,0.00
sandy,Hurricane Sandy,Hurricane,2012,36103135004,16,645013.08,87001.58,0.00,732014.66,45750.92,3003,5.328005,243.76
sandy,Hurricane Sandy,Hurricane,2012,36103135401,1,0.00,0.00,0.00,0.00,0.00,7010,0.142653,0.00
sandy,Hurricane Sandy,Hurricane,2012,36103145807,2,0.00,0.00,0.00,0.00,0.00,4314,0.463607,0.00
sandy,Hurricane Sandy,Hurricane,2012,36103145901,2,228186.92,20856.98,30000.00,279043.90,139521.95,3924,0.509684,71.11
sandy,Hurricane Sandy,Hurricane,2012,36103145902,4,78514.22,0.00,0.00,78514.22,19628.56,8287,0.482684,9.47
sandy,Hurricane Sandy,Hurricane,2012,36103145903,5,509060.85,18591.40,0.00,527652.25,105530.45,5788,0.863856,91.16
sandy,Hurricane Sandy,Hurricane,2012,36103146001,3,134589.68,14195.15,0.00,148784.83,49594.94,5190,0.578035,28.67
sandy,Hurricane Sandy,Hurricane,2012,36103146002,4,90377.30,0.00,0.00,90377.30,22594.33,6493,0.616048,13.92
sandy,Hurricane Sandy,Hurricane,2012,36103146003,7,255457.45,30172.35,0.00,285629.80,40804.26,8536,0.820056,33.46
sandy,Hurricane Sandy,Hurricane,2012,36103146102,7,1149415.38,20000.00,0.00,1169415.38,167059.34,2489,2.812374,469.83
sandy,Hurricane Sandy,Hurricane,2012,36103146103,3,195047.84,0.00,0.00,195047.84,65015.95,4195,0.715137,46.50
sandy,Hurricane Sandy,Hurricane,2012,36103146206,2,49756.39,0.00,0.00,49756.39,24878.19,2794,0.715820,17.81
sandy,Hurricane Sandy,Hurricane,2012,36103146500,1,0.00,0.00,0.00,0.00,0.00,5243,0.190730,0.00
sandy,Hurricane Sandy,Hurricane,2012,36103146604,1,0.00,0.00,0.00,0.00,0.00,4389,0.227842,0.00
sandy,Hurricane Sandy,Hurricane,2012,36103146704,1,154802.31,61503.35,0.00,216305.66,216305.66,1930,0.518135,112.08
sandy,Hurricane Sandy,Hurricane,2012,36103146800,3,143500.00,18942.07,0.00,162442.07,54147.36,6111,0.490918,26.58
sandy,Hurricane Sandy,Hurricane,2012,36103146902,563,43423544.47,6720810.43,570000.00,50714354.90,90078.78,4113,136.883054,12330.26
sandy,Hurricane Sandy,Hurricane,2012,36103147001,44,2177278.81,225156.51,0.00,2402435.32,54600.80,4309,10.211186,557.54
sandy,Hurricane Sandy,Hurricane,2012,36103147003,45,2467085.00,265707.48,0.00,2732792.48,60728.72,4676,9.623610,584.43
sandy,Hurricane Sandy,Hurricane,2012,36103147004,1456,79337206.85,9238712.74,787640.20,89363559.79,61376.07,346,4208.092486,258276.18
sandy,Hurricane Sandy,Hurricane,2012,36103147100,66,3592878.75,243052.54,0.00,3835931.29,58120.17,3122,21.140295,1228.68
sandy,Hurricane Sandy,Hurricane,2012,36103147200,113,6787075.48,964173.37,120000.00,7871248.85,69657.07,5678,19.901374,1386.27
sandy,Hurricane Sandy,Hurricane,2012,36103147300,143,10079658.13,992759.40,270000.00,11342417.53,79317.61,7885,18.135701,1438.48
sandy,Hurricane Sandy,Hurricane,2012,36103147401,2,102478.55,14424.39,0.00,116902.94,58451.47,5920,0.337838,19.75
sandy,Hurricane Sandy,Hurricane,2012,36103147402,138,8763122.05,1137486.49,15000.00,9915608.54,71852.24,3776,36.546610,2625.96
sandy,Hurricane Sandy,Hurricane,2012,36103147501,50,3130815.81,192752.65,0.00,3323568.46,66471.37,7622,6.559958,436.05
sandy,Hurricane Sandy,Hurricane,2012,36103147502,1,203270.13,29362.24,0.00,232632.37,232632.37,6476,0.154416,35.92
sandy,Hurricane Sandy,Hurricane,2012,36103147503,12,772091.65,48325.32,0.00,820416.97,68368.08,1501,7.994670,546.58
sandy,Hurricane Sandy,Hurricane,2012,36103147601,340,22930783.67,4456720.36,336937.41,27724441.44,81542.47,2247,151.312862,12338.43
sandy,Hurricane Sandy,Hurricane,2012,36103147602,112,4173674.03,601210.93,30000.00,4804884.96,42900.76,4970,22.535211,966.78
sandy,Hurricane Sandy,Hurricane,2012,36103147701,3,25142.13,0.00,0.00,25142.13,8380.71,3336,0.899281,7.54
sandy,Hurricane Sandy,Hurricane,2012,36103147702,20,847497.49,143426.62,90000.00,1080924.11,54046.21,4822,4.147657,224.17
sandy,Hurricane Sandy,Hurricane,2012,36103147802,132,6582444.25,959992.56,151355.13,7693791.94,58286.30,3723,35.455278,2066.56
sandy,Hurricane Sandy,Hurricane,2012,36103147804,7,263827.30,0.00,0.00,263827.30,37689.61,5994,1.167835,44.02
sandy,Hurricane Sandy,Hurricane,2012,36103147902,103,4866261.02,626487.86,90000.00,5582748.88,54201.45,4300,23.953488,1298.31
sandy,Hurricane Sandy,Hurricane,2012,36103158001,16,235590.38,32435.11,0.00,268025.49,16751.59,4673,3.423925,57.36
sandy,Hurricane Sandy,Hurricane,2012,36103158002,5,238661.92,70590.97,0.00,309252.89,61850.58,6115,0.817661,50.57
sandy,Hurricane Sandy,Hurricane,2012,36103158205,3,141401.17,11774.90,0.00,153176.07,51058.69,2051,1.462701,74.68
sandy,Hurricane Sandy,Hurricane,2012,36103158206,9,370786.05,0.00,0.00,370786.05,41198.45,3895,2.310655,95.20
sandy,Hurricane Sandy,Hurricane,2012,36103158304,15,633559.52,48318.75,0.00,681878.27,45458.55,6886,2.178333,99.02
sandy,Hurricane Sandy,Hurricane,2012,36103158309,1,17503.05,91.68,0.00,17594.73,17594.73,4486,0.222916,3.92
sandy,Hurricane Sandy,Hurricane,2012,36103158317,1,0.00,0.00,0.00,0.00,0.00,5595,0.178731,0.00
sandy,Hurricane Sandy,Hurricane,2012,36103158320,1,0.00,0.00,0.00,0.00,0.00,6238,0.160308,0.00
sandy,Hurricane Sandy,Hurricane,2012,36103158323,1,0.00,0.00,0.00,0.00,0.00,7152,0.139821,0.00
sandy,Hurricane Sandy,Hurricane,2012,36103158405,1,0.00,0.00,0.00,0.00,0.00,4782,0.209118,0.00
sandy,Hurricane Sandy,Hurricane,2012,36103158408,1,0.00,0.00,0.00,0.00,0.00,3965,0.252207,0.00
sandy,Hurricane Sandy,Hurricane,2012,36103158606,1,0.00,0.00,0.00,0.00,0.00,4611,0.216873,0.00
sandy,Hurricane Sandy,Hurricane,2012,36103158802,161,7741844.85,770823.21,345000.00,8857668.06,55016.57,4492,35.841496,1971.88
sandy,Hurricane Sandy,Hurricane,2012,36103158803,3,84005.23,794.35,0.00,84799.58,28266.53,6232,0.481386,13.61
sandy,Hurricane Sandy,Hurricane,2012,36103158804,1,235399.07,0.00,0.00,235399.07,235399.07,7499,0.133351,31.39
sandy,Hurricane Sandy,Hurricane,2012,36103158900,4,203027.73,29145.42,0.00,232173.15,58043.29,6865,0.582666,33.82
sandy,Hurricane Sandy,Hurricane,2012,36103159000,183,10556844.04,923818.81,390000.00,11870662.85,64867.01,4966,36.850584,2390.39
sandy,Hurricane Sandy,Hurricane,2012,36103159102,3,134190.22,958.54,0.00,135148.76,45049.59,6453,0.464900,20.94
sandy,Hurricane Sandy,Hurricane,2012,36103159103,1,0.00,0.00,0.00,0.00,0.00,6440,0.155280,0.00
sandy,Hurricane Sandy,Hurricane,2012,36103159105,1,39045.54,0.00,0.00,39045.54,39045.54,7186,0.139159,5.43
sandy,Hurricane Sandy,Hurricane,2012,36103159201,28,1082717.40,282416.57,60000.00,1425133.97,50897.64,2858,9.797061,498.65
sandy,Hurricane Sandy,Hurricane,2012,36103159203,99,3982281.13,356709.82,60000.00,4398990.95,44434.25,5482,18.059103,802.44
sandy,Hurricane Sandy,Hurricane,2012,36103159204,56,1927583.05,141895.91,30000.00,2099478.96,37490.70,3925,14.267516,534.90
sandy,Hurricane Sandy,Hurricane,2012,36103159300,17,697607.60,39386.65,0.00,736994.25,43352.60,2175,7.816092,338.85
sandy,Hurricane Sandy,Hurricane,2012,36103159404,1,1226.43,0.00,0.00,1226.43,1226.43,6919,0.144530,0.18
sandy,Hurricane Sandy,Hurricane,2012,36103159410,2,79877.90,0.00,0.00,79877.90,39938.95,8519,0.234769,9.38
sandy,Hurricane Sandy,Hurricane,2012,36103159505,35,792318.20,31468.77,0.00,823786.97,23536.77,8085,4.329004,101.89
sandy,Hurricane Sandy,Hurricane,2012,36103159506,65,1213104.42,85205.51,30000.00,1328309.93,20435.54,8103,8.021720,163.93
sandy,Hurricane Sandy,Hurricane,2012,36103159508,159,6569922.50,359987.82,210000.00,7139910.32,44905.10,7421,21.425684,962.12
sandy,Hurricane Sandy,Hurricane,2012,36103159509,192,7265737.06,360168.83,200754.00,7826659.89,40763.85,3010,63.787375,2600.22
sandy,Hurricane Sandy,Hurricane,2012,36103159510,571,27714241.11,2193533.25,150000.00,30057774.36,52640.59,219,2607.305936,137250.11
sandy,Hurricane Sandy,Hurricane,2012,36103159511,6,107357.42,422.94,0.00,107780.36,17963.39,7207,0.832524,14.95
sandy,Hurricane Sandy,Hurricane,2012,36103159512,14,917380.07,191842.61,60000.00,1169222.68,83515.91,2422,5.780347,482.75
sandy,Hurricane Sandy,Hurricane,2012,36103159601,155,7348869.89,800444.24,90000.00,8239314.13,53156.87,6487,23.893942,1270.13
sandy,Hurricane Sandy,Hurricane,2012,36103159602,66,2687192.32,611273.45,0.00,3298465.77,49976.75,4035,16.356877,817.46
sandy,Hurricane Sandy,Hurricane,2012,36103169701,23,377967.30,59545.17,0.00,437512.47,19022.28,7891,2.914713,55.44
sandy,Hurricane Sandy,Hurricane,2012,36103169703,6,76289.09,1446.89,0.00,77735.98,12956.00,1689,3.552398,46.02
sandy,Hurricane Sandy,Hurricane,2012,36103169800,15,191809.52,95475.54,0.00,287285.06,19152.34,5619,2.669514,51.13
sandy,Hurricane Sandy,Hurricane,2012,36103169901,2,186599.37,0.00,0.00,186599.37,93299.68,5820,0.343643,32.06
sandy,Hurricane Sandy,Hurricane,2012,36103169902,178,5545807.13,518528.76,90000.00,6154335.89,34574.92,5135,34.664070,1198.51
sandy,Hurricane Sandy,Hurricane,2012,36103170001,80,2877250.54,216042.55,0.00,3093293.09,38666.16,5392,14.836795,573.68
sandy,Hurricane Sandy,Hurricane,2012,36103170002,64,1896317.06,81124.85,0.00,1977441.91,30897.53,4151,15.417972,476.38
sandy,Hurricane Sandy,Hurricane,2012,36103170101,115,1995131.01,227496.97,0.00,2222627.98,19327.20,2475,46.464646,898.03
sandy,Hurricane Sandy,Hurricane,2012,36103170201,81,2091404.44,109909.07,0.00,2201313.51,27176.71,5965,13.579212,369.04
sandy,Hurricane Sandy,Hurricane,2012,36103170202,112,3061635.12,183497.13,0.00,3245132.25,28974.40,3976,28.169014,816.18
sandy,Hurricane Sandy,Hurricane,2012,36103180300,31,895849.34,37441.78,0.00,933291.12,30106.17,2624,11.814024,355.67
sandy,Hurricane Sandy,Hurricane,2012,36103190401,95,3846809.80,410322.62,90000.00,4347132.42,45759.29,8789,10.808966,494.61
sandy,Hurricane Sandy,Hurricane,2012,36103190402,1,0.00,0.00,0.00,0.00,0.00,2608,0.383436,0.00
sandy,Hurricane Sandy,Hurricane,2012,36103190403,18,232818.90,174.28,0.00,232993.18,12944.07,3877,4.642765,60.10
sandy,Hurricane Sandy,Hurricane,2012,36103190502,392,17149021.54,2262291.49,321586.91,19732899.94,50339.03,2554,153.484730,7726.27
sandy,Hurricane Sandy,Hurricane,2012,36103190503,95,4057997.42,459102.01,90000.00,4607099.43,48495.78,2665,35.647280,1728.74
sandy,Hurricane Sandy,Hurricane,2012,36103190504,231,3772006.46,298992.94,30000.00,4100999.40,17753.24,1800,128.333333,2278.33
sandy,Hurricane Sandy,Hurricane,2012,36103190601,248,10108064.21,1267114.92,427134.00,11802313.13,47589.97,4401,56.350829,2681.73
sandy,Hurricane Sandy,Hurricane,2012,36103190603,91,3404902.47,416461.03,120000.00,3941363.50,43311.69,4333,21.001616,909.62
sandy,Hurricane Sandy,Hurricane,2012,36103190604,64,2780441.78,194392.83,30000.00,3004834.61,46950.54,4382,14.605203,685.72
sandy,Hurricane Sandy,Hurricane,2012,36103190704,134,9328771.01,1087751.48,0.00,10416522.49,77735.24,2643,50.699962,3941.17
sandy,Hurricane Sandy,Hurricane,2012,36103190705,117,4369543.72,465902.24,135000.00,4970445.96,42482.44,3980,29.396985,1248.86
sandy,Hurricane Sandy,Hurricane,2012,36103190706,45,1229692.71,58837.74,60000.00,1348530.45,29967.34,4929,9.129641,273.59
sandy,Hurricane Sandy,Hurricane,2012,36103190707,57,1387816.78,128303.73,0.00,1516120.51,26598.61,5130,11.111111,295.54
sandy,Hurricane Sandy,Hurricane,2012,36103190708,40,950854.77,128855.04,0.00,1079709.81,26992.75,2039,19.617460,529.53
sandy,Hurricane Sandy,Hurricane,2012,36103190800,60,1700053.09,118429.82,0.00,1818482.91,30308.05,3167,18.945374,574.20
sandy,Hurricane Sandy,Hurricane,2012,36103200901,17,903022.67,78483.32,0.00,981505.99,57735.65,1125,15.111111,872.45
sandy,Hurricane Sandy,Hurricane,2012,36103200902,24,640305.23,45836.16,0.00,686141.39,28589.22,7414,3.237119,92.55
sandy,Hurricane Sandy,Hurricane,2012,36103201001,43,549325.63,15432.76,0.00,564758.39,13133.92,6081,7.071205,92.87
sandy,Hurricane Sandy,Hurricane,2012,36103201003,22,446818.19,58821.50,0.00,505639.69,22983.62,3281,6.705273,154.11
sandy,Hurricane Sandy,Hurricane,2012,36103201004,59,1074765.57,88422.74,0.00,1163188.31,19715.06,3559,16.577690,326.83
sandy,Hurricane Sandy,Hurricane,2012,36105951600,1,0.00,0.00,0.00,0.00,0.00,2674,0.373972,0.00
sandy,Hurricane Sandy,Hurricane,2012,36105951800,1,4166.94,404.78,0.00,4571.72,4571.72,6693,0.149410,0.68
sandy,Hurricane Sandy,Hurricane,2012,36105952100,1,0.00,0.00,0.00,0.00,0.00,2673,0.374111,0.00
sandy,Hurricane Sandy,Hurricane,2012,36111950100,2,256734.04,19445.25,0.00,276179.29,138089.65,5258,0.380373,52.53
sandy,Hurricane Sandy,Hurricane,2012,36111950200,20,972119.47,70464.24,0.00,1042583.71,52129.19,4003,4.996253,260.45
sandy,Hurricane Sandy,Hurricane,2012,36111951400,3,98213.64,15300.00,0.00,113513.64,37837.88,3347,0.896325,33.92
sandy,Hurricane Sandy,Hurricane,2012,36111951700,13,423332.74,53839.50,0.00,477172.24,36705.56,4828,2.692626,98.83
sandy,Hurricane Sandy,Hurricane,2012,36111952200,2,30645.39,1784.78,0.00,32430.17,16215.08,3837,0.521241,8.45
sandy,Hurricane Sandy,Hurricane,2012,36111952500,1,11229.37,0.00,0.00,11229.37,11229.37,3400,0.294118,3.30
sandy,Hurricane Sandy,Hurricane,2012,36111953800,1,45719.12,0.00,0.00,45719.12,45719.12,3756,0.266241,12.17
sandy,Hurricane Sandy,Hurricane,2012,36111954100,2,175317.39,81259.35,0.00,256576.74,128288.37,5953,0.335965,43.10
sandy,Hurricane Sandy,Hurricane,2012,36111954400,1,3194.88,0.00,0.00,3194.88,3194.88,9945,0.100553,0.32
sandy,Hurricane Sandy,Hurricane,2012,36117020800,1,24603.00,0.00,0.00,24603.00,24603.00,3245,0.308166,7.58
sandy,Hurricane Sandy,Hurricane,2012,36119000202,1,0.00,0.00,0.00,0.00,0.00,3952,0.253036,0.00
sandy,Hurricane Sandy,Hurricane,2012,36119000401,1,97882.37,0.00,0.00,97882.37,97882.37,3738,0.267523,26.19
sandy,Hurricane Sandy,Hurricane,2012,36119001301,1,0.00,0.00,0.00,0.00,0.00,4257,0.234907,0.00
sandy,Hurricane Sandy,Hurricane,2012,36119002204,1,3486.10,0.00,0.00,3486.10,3486.10,4525,0.220994,0.77
sandy,Hurricane Sandy,Hurricane,2012,36119002600,2,90185.09,0.00,0.00,90185.09,45092.54,4002,0.499750,22.54
sandy,Hurricane Sandy,Hurricane,2012,36119005500,3,105256.86,0.00,0.00,105256.86,35085.62,5485,0.546946,19.19
sandy,Hurricane Sandy,Hurricane,2012,36119005701,2,44219.32,0.00,0.00,44219.32,22109.66,6554,0.305157,6.75
sandy,Hurricane Sandy,Hurricane,2012,36119005702,1,0.00,2094.48,0.00,2094.48,2094.48,3286,0.304321,0.64
sandy,Hurricane Sandy,Hurricane,2012,36119005902,39,2398761.89,422663.58,0.00,2821425.47,72344.24,5106,7.638073,552.57
sandy,Hurricane Sandy,Hurricane,2012,36119006801,1,0.00,0.00,0.00,0.00,0.00,5437,0.183925,0.00
sandy,Hurricane Sandy,Hurricane,2012,36119006900,2,138111.06,16359.10,0.00,154470.16,77235.08,5929,0.337325,26.05
sandy,Hurricane Sandy,Hurricane,2012,36119007000,8,297036.20,18615.35,0.00,315651.55,39456.44,6067,1.318609,52.03
sandy,Hurricane Sandy,Hurricane,2012,36119007100,65,2595356.25,160053.16,0.00,2755409.41,42390.91,5881,11.052542,468.53
sandy,Hurricane Sandy,Hurricane,2012,36119007200,67,3324351.02,374008.97,0.00,3698359.99,55199.40,6355,10.542880,581.96
sandy,Hurricane Sandy,Hurricane,2012,36119007300,3,15437.08,0.00,0.00,15437.08,5145.69,4954,0.605571,3.12
sandy,Hurricane Sandy,Hurricane,2012,36119007402,88,2698069.99,315851.38,0.00,3013921.37,34249.11,3134,28.079132,961.69
sandy,Hurricane Sandy,Hurricane,2012,36119007500,8,171021.30,4048.69,0.00,175069.99,21883.75,4703,1.701042,37.23
sandy,Hurricane Sandy,Hurricane,2012,36119007600,123,6494859.89,816338.13,0.00,7311198.02,59440.63,6121,20.094756,1194.45
sandy,Hurricane Sandy,Hurricane,2012,36119007700,4,407809.59,220145.12,0.00,627954.71,156988.68,4889,0.818163,128.44
sandy,Hurricane Sandy,Hurricane,2012,36119008000,3,224950.38,0.00,0.00,224950.38,74983.46,5366,0.559076,41.92
sandy,Hurricane Sandy,Hurricane,2012,36119008100,6,123823.32,9075.55,0.00,132898.87,22149.81,4378,1.370489,30.36
sandy,Hurricane Sandy,Hurricane,2012,36119008301,1,1387.16,0.00,0.00,1387.16,1387.16,2679,0.373274,0.52
sandy,Hurricane Sandy,Hurricane,2012,36119008500,3,89795.11,4655.47,0.00,94450.58,31483.53,3604,0.832408,26.21
sandy,Hurricane Sandy,Hurricane,2012,36119009702,1,0.00,0.00,0.00,0.00,0.00,2594,0.385505,0.00
sandy,Hurricane Sandy,Hurricane,2012,36119009900,1,0.00,0.00,0.00,0.00,0.00,2968,0.336927,0.00
sandy,Hurricane Sandy,Hurricane,2012,36119010300,1,500000.00,0.00,0.00,500000.00,500000.00,3007,0.332557,166.28
sandy,Hurricane Sandy,Hurricane,2012,36119010400,1,500000.00,0.00,0.00,500000.00,500000.00,3674,0.272183,136.09
sandy,Hurricane Sandy,Hurricane,2012,36119011101,1,220000.00,21588.13,30000.00,271588.13,271588.13,5052,0.197941,53.76
sandy,Hurricane Sandy,Hurricane,2012,36119011300,7,1370236.35,602788.69,0.00,1973025.04,281860.72,6442,1.086619,306.28
sandy,Hurricane Sandy,Hurricane,2012,36119011500,3,303304.39,10000.00,0.00,313304.39,104434.80,4734,0.633714,66.18
sandy,Hurricane Sandy,Hurricane,2012,36119011700,1,64918.56,13990.16,0.00,78908.72,78908.72,2853,0.350508,27.66
sandy,Hurricane Sandy,Hurricane,2012,36119012700,1,0.00,0.00,0.00,0.00,0.00,4421,0.226193,0.00
sandy,Hurricane Sandy,Hurricane,2012,36119012802,1,34453.92,30000.00,0.00,64453.92,64453.92,7285,0.137268,8.85
sandy,Hurricane Sandy,Hurricane,2012,36119013102,1,6492.15,0.00,0.00,6492.15,6492.15,6308,0.158529,1.03
sandy,Hurricane Sandy,Hurricane,2012,36119013201,1,0.00,0.00,0.00,0.00,0.00,4462,0.224115,0.00
sandy,Hurricane Sandy,Hurricane,2012,36119013301,2,58860.98,89900.00,0.00,148760.98,74380.49,3066,0.652316,48.52
sandy,Hurricane Sandy,Hurricane,2012,36119013600,1,74942.13,4174.65,0.00,79116.78,79116.78,4846,0.206356,16.33
sandy,Hurricane Sandy,Hurricane,2012,36119013700,2,53886.55,7332.57,0.00,61219.12,30609.56,5415,0.369344,11.31
sandy,Hurricane Sandy,Hurricane,2012,36119013800,1,0.00,0.00,0.00,0.00,0.00,3226,0.309981,0.00
sandy,Hurricane Sandy,Hurricane,2012,36119013900,1,22933.29,0.00,0.00,22933.29,22933.29,4805,0.208117,4.77
sandy,Hurricane Sandy,Hurricane,2012,36119014200,3,256086.37,100000.00,0.00,356086.37,118695.46,3926,0.764137,90.70
sandy,Hurricane Sandy,Hurricane,2012,36119014604,6,410842.57,144687.51,0.00,555530.08,92588.35,3678,1.631321,151.04
sandy,Hurricane Sandy,Hurricane,2012,36119014607,1,35769.78,0.00,0.00,35769.78,35769.78,4463,0.224065,8.01
sandy,Hurricane Sandy,Hurricane,2012,36119014701,1,49531.31,3052.76,0.00,52584.07,52584.07,4906,0.203832,10.72
sandy,Hurricane Sandy,Hurricane,2012,36119984000,1,60460.30,0.00,0.00,60460.30,60460.30,231,4.329004,261.73
