event_id,event_name,event_type,event_year,GEOID,claim_count,building_payments,contents_payments,icc_payments,total_claim_payments,average_payment_per_claim
harvey-2017,Hurricane Harvey,Hurricane,2017,22001960300,1.0,0.0,0.0,0.0,0.0,0.0
harvey-2017,Hurricane Harvey,Hurricane,2017,22001960800,1.0,0.0,0.0,0.0,0.0,0.0
harvey-2017,Hurricane Harvey,Hurricane,2017,22001960900,1.0,5307.02,0.0,0.0,5307.02,5307.02
harvey-2017,Hurricane Harvey,Hurricane,2017,22003950100,0.0,0.62,0.02,0.0,0.64,29968.79
harvey-2017,Hurricane Harvey,Hurricane,2017,22003950500,1.0,2200.6,0.0,0.0,2200.6,2200.6
harvey-2017,Hurricane Harvey,Hurricane,2017,22005030101,1.0,0.0,0.0,0.0,0.0,0.0
harvey-2017,Hurricane Harvey,Hurricane,2017,22005030500,2.0,1441.82,0.0,0.0,1441.82,720.91
harvey-2017,Hurricane Harvey,Hurricane,2017,22005030600,2.0,26993.85,0.0,0.0,26993.85,13496.98
harvey-2017,Hurricane Harvey,Hurricane,2017,22005030900,1.0,30141.66,665.9,0.0,30807.56,30809.26
harvey-2017,Hurricane Harvey,Hurricane,2017,22007050100,0.0,0.03,0.0,0.0,0.04,30809.26
harvey-2017,Hurricane Harvey,Hurricane,2017,22007050200,1.0,31754.05,0.0,0.0,31754.05,31754.05
harvey-2017,Hurricane Harvey,Hurricane,2017,22011960100,7.0,77957.02,8644.62,0.0,86601.64,12371.72
harvey-2017,Hurricane Harvey,Hurricane,2017,22011960200,0.028,197.64,0.0,0.0,197.64,7164.79
harvey-2017,Hurricane Harvey,Hurricane,2017,22011960500,0.972,6967.15,0.0,0.0,6967.15,7164.79
harvey-2017,Hurricane Harvey,Hurricane,2017,22011960600,7.002,152053.43,45840.79,0.0,197894.23,28261.65
harvey-2017,Hurricane Harvey,Hurricane,2017,22011960700,1.0,225.98,0.0,0.0,225.98,225.98
harvey-2017,Hurricane Harvey,Hurricane,2017,22017023000,1.0,0.0,0.0,0.0,0.0,0.0
harvey-2017,Hurricane Harvey,Hurricane,2017,22017023400,1.0,0.0,0.0,0.0,0.0,0.0
harvey-2017,Hurricane Harvey,Hurricane,2017,22019000200,2.85,43620.64,4398.52,0.0,48019.16,16849.88
harvey-2017,Hurricane Harvey,Hurricane,2017,22019000300,1.15,2298.7,231.79,0.0,2530.49,2200.08
harvey-2017,Hurricane Harvey,Hurricane,2017,22019000500,1.004,67157.2,1340.47,0.0,68497.67,68239.95
harvey-2017,Hurricane Harvey,Hurricane,2017,22019000600,23.0,487517.32,79980.84,0.0,567498.16,24673.83
harvey-2017,Hurricane Harvey,Hurricane,2017,22019000700,0.0,1.57,0.84,0.0,2.41,17759.59
harvey-2017,Hurricane Harvey,Hurricane,2017,22019000900,2.0,56582.8,0.0,0.0,56582.8,28291.4
harvey-2017,Hurricane Harvey,Hurricane,2017,22019001000,4.0,23993.02,0.0,0.0,23993.02,5998.26
harvey-2017,Hurricane Harvey,Hurricane,2017,22019001100,1.0,0.0,0.0,0.0,0.0,0.0
harvey-2017,Hurricane Harvey,Hurricane,2017,22019001201,2.0,2029.77,0.0,0.0,2029.77,1014.88
harvey-2017,Hurricane Harvey,Hurricane,2017,22019001202,1.0,8734.8,0.0,0.0,8734.8,8734.8
harvey-2017,Hurricane Harvey,Hurricane,2017,22019001400,7.0,72440.76,11800.0,0.0,84240.76,12034.39
harvey-2017,Hurricane Harvey,Hurricane,2017,22019001500,7.0,24356.56,0.0,0.0,24356.56,3479.51
harvey-2017,Hurricane Harvey,Hurricane,2017,22019001600,51.0,2003727.71,619313.6,0.0,2623041.31,51432.18
harvey-2017,Hurricane Harvey,Hurricane,2017,22019001700,18.0,636692.12,72236.63,0.0,708928.75,39384.93
harvey-2017,Hurricane Harvey,Hurricane,2017,22019001801,2.0,33504.46,0.0,0.0,33504.46,16752.23
harvey-2017,Hurricane Harvey,Hurricane,2017,22019001901,1.0,1370.37,0.0,0.0,1370.37,1370.37
harvey-2017,Hurricane Harvey,Hurricane,2017,22019001903,3.0,1825.58,0.0,0.0,1825.58,608.53
harvey-2017,Hurricane Harvey,Hurricane,2017,22019002000,50.0,2289786.88,309157.89,0.0,2598944.77,51979.0
harvey-2017,Hurricane Harvey,Hurricane,2017,22019002100,17.0,740616.46,118221.25,0.0,858837.72,50519.76
harvey-2017,Hurricane Harvey,Hurricane,2017,22019002201,32.0,679669.23,95438.04,0.0,775107.27,24222.1
harvey-2017,Hurricane Harvey,Hurricane,2017,22019002203,2.0,52473.19,0.78,0.0,52473.97,26232.53
harvey-2017,Hurricane Harvey,Hurricane,2017,22019002204,15.0,167010.55,34400.58,0.0,201411.13,13427.71
harvey-2017,Hurricane Harvey,Hurricane,2017,22019002300,10.999,260545.07,110150.32,0.0,370695.39,33702.77
harvey-2017,Hurricane Harvey,Hurricane,2017,22019002500,14.0,244375.85,103256.12,0.0,347631.97,24830.86
harvey-2017,Hurricane Harvey,Hurricane,2017,22019002600,3.0,49546.68,0.0,0.0,49546.68,16515.56
harvey-2017,Hurricane Harvey,Hurricane,2017,22019002700,12.957,423986.71,99323.9,0.0,523310.61,40387.95
harvey-2017,Hurricane Harvey,Hurricane,2017,22019003000,0.985,0.0,0.0,0.0,0.0,0.0
harvey-2017,Hurricane Harvey,Hurricane,2017,22019003102,0.012,399.55,91.44,0.0,490.99,41292.66
harvey-2017,Hurricane Harvey,Hurricane,2017,22019003200,1.029,12548.11,6383.07,0.0,18931.18,18406.15
harvey-2017,Hurricane Harvey,Hurricane,2017,22019003300,0.013,4.55,0.53,0.0,5.08,403.18
harvey-2017,Hurricane Harvey,Hurricane,2017,22019003400,12.955,298492.54,34835.26,0.0,333327.8,25728.96
harvey-2017,Hurricane Harvey,Hurricane,2017,22019003500,1.034,1603.67,90.57,0.0,1694.24,1639.03
harvey-2017,Hurricane Harvey,Hurricane,2017,22019003600,36.011,1243118.22,291586.0,0.0,1534704.22,42618.19
harvey-2017,Hurricane Harvey,Hurricane,2017,22019980000,1.0,500000.0,113860.64,0.0,613860.64,613860.64
harvey-2017,Hurricane Harvey,Hurricane,2017,22023970100,2.0,13970.62,1526.57,0.0,15497.19,7748.66
harvey-2017,Hurricane Harvey,Hurricane,2017,22029000100,1.0,0.0,0.0,0.0,0.0,0.0
harvey-2017,Hurricane Harvey,Hurricane,2017,22033000100,0.0,0.0,0.0,0.0,0.0,0.0
harvey-2017,Hurricane Harvey,Hurricane,2017,22033000200,1.0,0.0,0.0,0.0,0.0,0.0
harvey-2017,Hurricane Harvey,Hurricane,2017,22033000400,0.0,0.0,0.0,0.0,0.0,0.0
harvey-2017,Hurricane Harvey,Hurricane,2017,22033000701,1.0,0.0,0.0,0.0,0.0,0.0
harvey-2017,Hurricane Harvey,Hurricane,2017,22033003400,1.0,0.0,0.0,0.0,0.0,0.0
harvey-2017,Hurricane Harvey,Hurricane,2017,22033003501,1.0,0.0,0.0,0.0,0.0,0.0
harvey-2017,Hurricane Harvey,Hurricane,2017,22033004014,1.0,0.0,0.0,0.0,0.0,0.0
harvey-2017,Hurricane Harvey,Hurricane,2017,22033004204,1.0,0.0,8939.01,0.0,8939.01,8939.01
harvey-2017,Hurricane Harvey,Hurricane,2017,22033004504,1.0,0.0,0.0,0.0,0.0,0.0
harvey-2017,Hurricane Harvey,Hurricane,2017,22039950300,0.0,0.0,0.0,0.0,0.0,0.0
harvey-2017,Hurricane Harvey,Hurricane,2017,22045030301,0.999,4442.27,1860.21,0.0,6302.48,6306.64
harvey-2017,Hurricane Harvey,Hurricane,2017,22045030302,1.001,1012.81,1.23,0.0,1014.04,1013.37
harvey-2017,Hurricane Harvey,Hurricane,2017,22045030600,1.0,12984.76,0.0,0.0,12984.76,12984.76
harvey-2017,Hurricane Harvey,Hurricane,2017,22045030700,1.0,0.0,0.0,0.0,0.0,0.0
harvey-2017,Hurricane Harvey,Hurricane,2017,22045031100,2.0,64779.33,4435.15,0.0,69214.48,34607.24
harvey-2017,Hurricane Harvey,Hurricane,2017,22045031200,1.0,0.0,0.0,0.0,0.0,0.0
harvey-2017,Hurricane Harvey,Hurricane,2017,22047953000,0.0,1.62,0.04,0.0,1.66,30809.26
harvey-2017,Hurricane Harvey,Hurricane,2017,22051020203,1.0,0.0,0.0,0.0,0.0,0.0
harvey-2017,Hurricane Harvey,Hurricane,2017,22051020301,1.0,0.0,0.0,0.0,0.0,0.0
harvey-2017,Hurricane Harvey,Hurricane,2017,22051022302,1.0,1510.9,0.0,0.0,1510.9,1510.9
harvey-2017,Hurricane Harvey,Hurricane,2017,22051023500,1.0,0.0,0.0,0.0,0.0,0.0
harvey-2017,Hurricane Harvey,Hurricane,2017,22051023700,1.0,58.0,0.0,0.0,58.0,58.0
harvey-2017,Hurricane Harvey,Hurricane,2017,22051023903,1.0,12497.6,0.0,0.0,12497.6,12497.6
harvey-2017,Hurricane Harvey,Hurricane,2017,22051025001,0.011,0.0,0.0,0.0,0.0,0.0
harvey-2017,Hurricane Harvey,Hurricane,2017,22051025102,0.042,0.0,0.0,0.0,0.0,0.0
harvey-2017,Hurricane Harvey,Hurricane,2017,22051025103,0.943,0.0,0.0,0.0,0.0,0.0
harvey-2017,Hurricane Harvey,Hurricane,2017,22051025104,0.004,0.0,0.0,0.0,0.0,0.0
harvey-2017,Hurricane Harvey,Hurricane,2017,22051027703,0.0,0.0,0.0,0.0,0.0,0.0
harvey-2017,Hurricane Harvey,Hurricane,2017,22051027804,1.0,0.0,0.0,0.0,0.0,0.0
harvey-2017,Hurricane Harvey,Hurricane,2017,22051027809,0.001,0.0,0.0,0.0,0.0,0.0
harvey-2017,Hurricane Harvey,Hurricane,2017,22051027812,1.0,0.0,0.0,0.0,0.0,0.0
harvey-2017,Hurricane Harvey,Hurricane,2017,22051028000,0.999,0.0,0.0,0.0,0.0,0.0
harvey-2017,Hurricane Harvey,Hurricane,2017,22053000200,3.0,87072.9,2840.19,0.0,89913.09,29970.43
harvey-2017,Hurricane Harvey,Hurricane,2017,22055000700,1.0,0.0,0.0,0.0,0.0,0.0
harvey-2017,Hurricane Harvey,Hurricane,2017,22055001401,1.0,0.0,0.0,0.0,0.0,0.0
harvey-2017,Hurricane Harvey,Hurricane,2017,22055001402,1.0,7235.47,0.0,0.0,7235.47,7235.47
harvey-2017,Hurricane Harvey,Hurricane,2017,22055001410,2.0,17461.01,4538.73,0.0,21999.74,10999.87
harvey-2017,Hurricane Harvey,Hurricane,2017,22055001801,2.0,470.96,0.0,0.0,470.96,235.48
harvey-2017,Hurricane Harvey,Hurricane,2017,22055001905,1.0,5772.62,0.0,0.0,5772.62,5772.62
harvey-2017,Hurricane Harvey,Hurricane,2017,22055002002,1.0,83402.38,0.0,0.0,83402.38,83402.38
harvey-2017,Hurricane Harvey,Hurricane,2017,22055002101,1.0,4071.18,0.0,0.0,4071.18,4071.18
harvey-2017,Hurricane Harvey,Hurricane,2017,22057020100,1.0,11639.74,0.0,0.0,11639.74,11639.74
harvey-2017,Hurricane Harvey,Hurricane,2017,22057020500,0.999,0.0,0.0,0.0,0.0,0.0
harvey-2017,Hurricane Harvey,Hurricane,2017,22057020702,1.0,0.0,0.0,0.0,0.0,0.0
harvey-2017,Hurricane Harvey,Hurricane,2017,22057020900,1.0,7298.67,0.0,0.0,7298.67,7298.67
harvey-2017,Hurricane Harvey,Hurricane,2017,22057021100,1.0,0.0,0.0,0.0,0.0,0.0
harvey-2017,Hurricane Harvey,Hurricane,2017,22057021400,1.962,725.12,0.0,0.0,725.12,369.5
harvey-2017,Hurricane Harvey,Hurricane,2017,22057021500,1.038,13.87,0.0,0.0,13.87,13.37
harvey-2017,Hurricane Harvey,Hurricane,2017,22057021602,1.0,18108.01,1693.53,0.0,19801.54,19801.54
harvey-2017,Hurricane Harvey,Hurricane,2017,22057021800,1.0,10859.33,1677.22,0.0,12536.55,12536.55
harvey-2017,Hurricane Harvey,Hurricane,2017,22057021901,2.0,58685.82,0.0,0.0,58685.82,29342.91
harvey-2017,Hurricane Harvey,Hurricane,2017,22063040600,1.0,0.0,0.0,0.0,0.0,0.0
harvey-2017,Hurricane Harvey,Hurricane,2017,22063040805,1.0,0.0,0.0,0.0,0.0,0.0
harvey-2017,Hurricane Harvey,Hurricane,2017,22063040806,2.0,0.0,0.0,0.0,0.0,0.0
harvey-2017,Hurricane Harvey,Hurricane,2017,22063040902,2.0,57000.0,0.0,0.0,57000.0,28500.0
harvey-2017,Hurricane Harvey,Hurricane,2017,22069000300,1.0,0.0,0.0,0.0,0.0,0.0
harvey-2017,Hurricane Harvey,Hurricane,2017,22069000800,1.0,0.0,19999.53,0.0,19999.53,20000.0
harvey-2017,Hurricane Harvey,Hurricane,2017,22069000900,1.0,2385.88,0.0,0.0,2385.88,2385.88
harvey-2017,Hurricane Harvey,Hurricane,2017,22071000701,0.008,18.04,0.0,0.0,18.04,2341.76
harvey-2017,Hurricane Harvey,Hurricane,2017,22071000800,0.981,2296.59,0.0,0.0,2296.59,2341.76
harvey-2017,Hurricane Harvey,Hurricane,2017,22071000904,0.012,27.13,0.0,0.0,27.13,2341.76
harvey-2017,Hurricane Harvey,Hurricane,2017,22071001401,1.0,0.0,0.0,0.0,0.0,0.0
harvey-2017,Hurricane Harvey,Hurricane,2017,22071001701,1.0,5000.0,0.0,0.0,5000.0,5000.0
harvey-2017,Hurricane Harvey,Hurricane,2017,22071001702,1.0,0.0,0.0,0.0,0.0,0.0
harvey-2017,Hurricane Harvey,Hurricane,2017,22071001730,0.002,9.18,0.0,0.0,9.18,5125.64
harvey-2017,Hurricane Harvey,Hurricane,2017,22071001739,1.0,41929.72,0.0,0.0,41929.72,41929.72
harvey-2017,Hurricane Harvey,Hurricane,2017,22071001745,3.0,24565.6,0.0,0.0,24565.6,8188.53
harvey-2017,Hurricane Harvey,Hurricane,2017,22071001746,1.998,10242.1,0.0,0.0,10242.1,5125.64
harvey-2017,Hurricane Harvey,Hurricane,2017,22071001750,2.0,0.0,0.0,0.0,0.0,0.0
harvey-2017,Hurricane Harvey,Hurricane,2017,22071002100,0.03,0.0,0.0,0.0,0.0,0.0
harvey-2017,Hurricane Harvey,Hurricane,2017,22071002300,1.97,0.0,0.0,0.0,0.0,0.0
harvey-2017,Hurricane Harvey,Hurricane,2017,22071002700,1.0,4529.93,0.0,0.0,4529.93,4529.93
harvey-2017,Hurricane Harvey,Hurricane,2017,22071003000,1.0,35812.0,0.0,0.0,35812.0,35812.0
harvey-2017,Hurricane Harvey,Hurricane,2017,22071003100,1.0,47800.81,0.0,0.0,47800.81,47800.81
harvey-2017,Hurricane Harvey,Hurricane,2017,22071003701,1.0,0.0,0.0,0.0,0.0,0.0
harvey-2017,Hurricane Harvey,Hurricane,2017,22071004100,0.0,0.0,0.0,0.0,0.0,0.0
harvey-2017,Hurricane Harvey,Hurricane,2017,22071005500,0.985,0.0,0.0,0.0,0.0,0.0
harvey-2017,Hurricane Harvey,Hurricane,2017,22071007604,0.015,0.0,0.0,0.0,0.0,0.0
harvey-2017,Hurricane Harvey,Hurricane,2017,22071012800,1.0,1549.44,0.0,0.0,1549.44,1549.44
harvey-2017,Hurricane Harvey,Hurricane,2017,22071013302,1.0,0.0,0.0,0.0,0.0,0.0
harvey-2017,Hurricane Harvey,Hurricane,2017,22071013400,1.0,0.0,0.0,0.0,0.0,0.0
harvey-2017,Hurricane Harvey,Hurricane,2017,22073010301,1.0,0.0,0.0,0.0,0.0,0.0
harvey-2017,Hurricane Harvey,Hurricane,2017,22075050800,1.0,51962.15,46588.1,0.0,98550.25,98550.25
harvey-2017,Hurricane Harvey,Hurricane,2017,22077952100,1.0,0.0,0.0,0.0,0.0,0.0
harvey-2017,Hurricane Harvey,Hurricane,2017,22079013200,1.0,0.0,0.0,0.0,0.0,0.0
harvey-2017,Hurricane Harvey,Hurricane,2017,22081960100,1.0,2.14,0.82,0.0,2.96,2.96
harvey-2017,Hurricane Harvey,Hurricane,2017,22081960300,1.0,82497.86,31499.18,0.0,113997.04,114000.0
harvey-2017,Hurricane Harvey,Hurricane,2017,22085000200,1.098,0.0,0.0,0.0,0.0,0.0
harvey-2017,Hurricane Harvey,Hurricane,2017,22085000400,0.0,0.0,0.0,0.0,0.0,0.0
harvey-2017,Hurricane Harvey,Hurricane,2017,22085000600,0.0,0.0,0.47,0.0,0.47,20000.0
harvey-2017,Hurricane Harvey,Hurricane,2017,22085000700,3.902,172158.06,43578.75,0.0,215736.81,55292.0
harvey-2017,Hurricane Harvey,Hurricane,2017,22087030208,2.0,4409.63,0.0,0.0,4409.63,2204.82
harvey-2017,Hurricane Harvey,Hurricane,2017,22087030602,1.0,0.0,0.0,0.0,0.0,0.0
harvey-2017,Hurricane Harvey,Hurricane,2017,22089062100,1.0,0.0,0.0,0.0,0.0,0.0
harvey-2017,Hurricane Harvey,Hurricane,2017,22089062200,0.002,0.0,0.0,0.0,0.0,0.0
harvey-2017,Hurricane Harvey,Hurricane,2017,22089062302,0.998,0.0,0.0,0.0,0.0,0.0
harvey-2017,Hurricane Harvey,Hurricane,2017,22089062900,1.0,5709.22,0.0,0.0,5709.22,5709.22
harvey-2017,Hurricane Harvey,Hurricane,2017,22089063200,0.997,0.0,0.0,0.0,0.0,0.0
harvey-2017,Hurricane Harvey,Hurricane,2017,22093040100,1.021,11502.27,0.0,0.0,11502.27,11264.67
harvey-2017,Hurricane Harvey,Hurricane,2017,22093040200,1.0,12175.87,0.0,0.0,12175.87,12181.47
harvey-2017,Hurricane Harvey,Hurricane,2017,22093040300,0.975,50501.86,0.0,0.0,50501.86,51791.15
harvey-2017,Hurricane Harvey,Hurricane,2017,22093040400,0.004,220.76,0.0,0.0,220.76,51809.82
harvey-2017,Hurricane Harvey,Hurricane,2017,22095070200,1.993,29610.14,2590.26,0.0,32200.39,16154.17
harvey-2017,Hurricane Harvey,Hurricane,2017,22095070300,0.007,99.26,8.68,0.0,107.95,16154.17
harvey-2017,Hurricane Harvey,Hurricane,2017,22095070600,1.004,53164.8,23993.68,0.0,77158.48,76826.62
harvey-2017,Hurricane Harvey,Hurricane,2017,22095070700,0.996,30864.01,6.32,0.0,30870.33,31004.26
harvey-2017,Hurricane Harvey,Hurricane,2017,22095071000,1.0,0.0,0.0,0.0,0.0,0.0
harvey-2017,Hurricane Harvey,Hurricane,2017,22095071100,0.003,0.0,0.0,0.0,0.0,0.0
harvey-2017,Hurricane Harvey,Hurricane,2017,22097960300,1.0,11646.65,0.0,0.0,11646.65,11646.62
harvey-2017,Hurricane Harvey,Hurricane,2017,22097960400,1.0,0.0,0.0,0.0,0.0,0.0
harvey-2017,Hurricane Harvey,Hurricane,2017,22097960500,0.0,0.0,0.0,0.0,0.0,0.0
harvey-2017,Hurricane Harvey,Hurricane,2017,22097960600,1.0,3758.96,14301.12,0.0,18060.08,18060.08
harvey-2017,Hurricane Harvey,Hurricane,2017,22099020200,1.0,67452.61,4512.06,0.0,71964.67,71964.67
harvey-2017,Hurricane Harvey,Hurricane,2017,22101041100,1.0,0.0,0.0,0.0,0.0,0.0
harvey-2017,Hurricane Harvey,Hurricane,2017,22101041400,2.0,0.0,0.0,0.0,0.0,0.0
harvey-2017,Hurricane Harvey,Hurricane,2017,22103040803,1.0,0.0,0.0,0.0,0.0,0.0
harvey-2017,Hurricane Harvey,Hurricane,2017,22103041104,2.0,3424.99,0.0,0.0,3424.99,1712.5
harvey-2017,Hurricane Harvey,Hurricane,2017,22105953900,0.024,0.0,0.0,0.0,0.0,0.0
harvey-2017,Hurricane Harvey,Hurricane,2017,22105954001,0.976,0.0,0.0,0.0,0.0,0.0
harvey-2017,Hurricane Harvey,Hurricane,2017,22105954600,1.0,0.0,0.0,0.0,0.0,0.0
harvey-2017,Hurricane Harvey,Hurricane,2017,22107000200,0.0,0.0,0.0,0.0,0.0,0.0
harvey-2017,Hurricane Harvey,Hurricane,2017,22107000300,0.0,0.0,0.0,0.0,0.0,0.0
harvey-2017,Hurricane Harvey,Hurricane,2017,22109000101,0.001,0.0,0.0,0.0,0.0,0.0
harvey-2017,Hurricane Harvey,Hurricane,2017,22109000102,1.0,0.0,0.0,0.0,0.0,0.0
harvey-2017,Hurricane Harvey,Hurricane,2017,22109000800,1.992,42721.55,7263.68,0.0,49985.24,25091.26
harvey-2017,Hurricane Harvey,Hurricane,2017,22109000900,1.0,198.14,0.0,0.0,198.14,198.14
harvey-2017,Hurricane Harvey,Hurricane,2017,22109001202,1.0,1306.58,0.0,0.0,1306.58,1306.58
harvey-2017,Hurricane Harvey,Hurricane,2017,22109001300,1.008,9717.49,28.67,0.0,9746.15,9670.12
harvey-2017,Hurricane Harvey,Hurricane,2017,22109001500,1.0,0.0,0.0,0.0,0.0,0.0
harvey-2017,Hurricane Harvey,Hurricane,2017,22113950500,1.0,4420.75,0.0,0.0,4420.75,4420.75
harvey-2017,Hurricane Harvey,Hurricane,2017,22113950700,2.0,25179.21,17092.49,0.0,42271.7,21137.63
harvey-2017,Hurricane Harvey,Hurricane,2017,22113950901,1.0,729.23,1.44,0.0,730.67,730.54
harvey-2017,Hurricane Harvey,Hurricane,2017,22115950100,0.0,0.0,0.0,0.0,0.0,0.0
harvey-2017,Hurricane Harvey,Hurricane,2017,22115950200,5.0,205165.96,12719.13,0.0,217885.09,43577.02
harvey-2017,Hurricane Harvey,Hurricane,2017,22115950300,18.0,488027.69,79616.49,0.0,567644.18,31535.79
harvey-2017,Hurricane Harvey,Hurricane,2017,22115950400,1.0,0.0,0.0,0.0,0.0,0.0
harvey-2017,Hurricane Harvey,Hurricane,2017,22115950500,2.0,0.0,0.0,0.0,0.0,0.0
harvey-2017,Hurricane Harvey,Hurricane,2017,22115950800,0.0,0.11,0.0,0.0,0.11,3498.51
harvey-2017,Hurricane Harvey,Hurricane,2017,48005000500,1.0,0.0,0.0,0.0,0.0,0.0
harvey-2017,Hurricane Harvey,Hurricane,2017,48005001002,2.0,36674.14,0.0,0.0,36674.14,18337.07
harvey-2017,Hurricane Harvey,Hurricane,2017,48007950100,1031.036,18099211.51,4662913.16,333436.65,23095561.32,22400.35
harvey-2017,Hurricane Harvey,Hurricane,2017,48007950200,577.964,3008917.04,657995.24,122978.39,3789890.67,6557.31
harvey-2017,Hurricane Harvey,Hurricane,2017,48007950300,254.0,2735119.42,978101.65,0.0,3713221.07,14618.98
harvey-2017,Hurricane Harvey,Hurricane,2017,48007950400,201.0,1498962.68,130343.25,0.0,1629305.93,8106.0
harvey-2017,Hurricane Harvey,Hurricane,2017,48007950500,402.0,13211996.26,4094358.82,69948.06,17376303.14,43224.64
harvey-2017,Hurricane Harvey,Hurricane,2017,48015760100,15.0,602379.44,125593.93,0.0,727973.37,48531.55
harvey-2017,Hurricane Harvey,Hurricane,2017,48015760200,54.0,1647522.51,352285.99,27300.0,2027108.5,37539.05
harvey-2017,Hurricane Harvey,Hurricane,2017,48015760300,6.0,180342.47,19353.06,0.0,199695.53,33282.59
harvey-2017,Hurricane Harvey,Hurricane,2017,48015760400,1.0,0.0,0.0,0.0,0.0,0.0
harvey-2017,Hurricane Harvey,Hurricane,2017,48015760501,3.0,223137.46,72325.23,0.0,295462.69,98487.56
harvey-2017,Hurricane Harvey,Hurricane,2017,48015760502,15.001,202641.62,21717.34,0.0,224358.96,14956.46
harvey-2017,Hurricane Harvey,Hurricane,2017,48021950300,2.087,41641.7,20175.91,0.0,61817.61,29617.13
harvey-2017,Hurricane Harvey,Hurricane,2017,48021950400,4.897,137017.44,13910.54,0.0,150927.98,30817.86
harvey-2017,Hurricane Harvey,Hurricane,2017,48021950501,0.015,111.97,0.0,0.0,111.97,7292.08
harvey-2017,Hurricane Harvey,Hurricane,2017,48021950502,3.0,48845.8,0.0,0.0,48845.8,16281.93
harvey-2017,Hurricane Harvey,Hurricane,2017,48021950600,5.017,250196.63,6949.1,0.0,257145.72,51255.7
harvey-2017,Hurricane Harvey,Hurricane,2017,48021950700,21.983,788421.29,161142.28,0.0,949563.58,43195.2
harvey-2017,Hurricane Harvey,Hurricane,2017,48021950801,1.0,12500.0,2518.78,0.0,15018.78,15018.78
harvey-2017,Hurricane Harvey,Hurricane,2017,48025950202,2.0,0.0,0.0,0.0,0.0,0.0
harvey-2017,Hurricane Harvey,Hurricane,2017,48025950300,17.0,0.0,0.0,0.0,0.0,0.0
harvey-2017,Hurricane Harvey,Hurricane,2017,48029121116,1.0,0.0,0.0,0.0,0.0,0.0
harvey-2017,Hurricane Harvey,Hurricane,2017,48029121404,0.007,0.0,0.0,0.0,0.0,0.0
harvey-2017,Hurricane Harvey,Hurricane,2017,48029131503,0.993,0.0,0.0,0.0,0.0,0.0
harvey-2017,Hurricane Harvey,Hurricane,2017,48029151600,1.0,0.0,0.0,0.0,0.0,0.0
harvey-2017,Hurricane Harvey,Hurricane,2017,48029171301,1.0,0.0,0.0,0.0,0.0,0.0
harvey-2017,Hurricane Harvey,Hurricane,2017,48037011300,1.0,111231.32,79353.44,0.0,190584.76,190584.76
harvey-2017,Hurricane Harvey,Hurricane,2017,48039660100,102.0,6059971.81,1683063.76,0.0,7743035.57,75912.11
harvey-2017,Hurricane Harvey,Hurricane,2017,48039660200,66.498,2887665.96,918592.88,0.0,3806258.85,57238.62
harvey-2017,Hurricane Harvey,Hurricane,2017,48039660300,46.0,1055319.4,194799.62,0.0,1250119.02,27176.5
harvey-2017,Hurricane Harvey,Hurricane,2017,48039660400,280.0,19978005.13,6306014.44,0.0,26284019.57,93871.5
harvey-2017,Hurricane Harvey,Hurricane,2017,48039660500,360.0,28676937.94,10614233.93,164930.0,39456101.87,109600.28
harvey-2017,Hurricane Harvey,Hurricane,2017,48039660601,59.0,1021082.14,211529.49,0.0,1232611.63,20891.72
harvey-2017,Hurricane Harvey,Hurricane,2017,48039660602,62.973,2440005.05,1109383.3,30000.0,3579388.35,56840.43
harvey-2017,Hurricane Harvey,Hurricane,2017,48039660701,37.0,707027.24,177226.18,0.0,884253.42,23898.74
harvey-2017,Hurricane Harvey,Hurricane,2017,48039660702,62.0,3250394.69,709199.65,0.0,3959594.34,63864.42
harvey-2017,Hurricane Harvey,Hurricane,2017,48039660801,234.0,14487468.05,3872912.65,0.0,18360380.7,78463.17
harvey-2017,Hurricane Harvey,Hurricane,2017,48039660802,58.0,3465995.2,1031468.4,0.0,4497463.6,77542.48
harvey-2017,Hurricane Harvey,Hurricane,2017,48039660900,101.0,5398329.82,1608610.43,30000.0,7036940.25,69672.68
harvey-2017,Hurricane Harvey,Hurricane,2017,48039661000,146.0,7311901.84,2496339.19,30000.0,9838241.03,67385.21
harvey-2017,Hurricane Harvey,Hurricane,2017,48039661100,21.0,1067610.95,407471.82,0.0,1475082.77,70242.04
harvey-2017,Hurricane Harvey,Hurricane,2017,48039661200,34.0,993881.27,182670.03,0.0,1176551.3,34604.45
harvey-2017,Hurricane Harvey,Hurricane,2017,48039661300,75.0,4045355.17,885970.59,0.0,4931325.76,65751.01
harvey-2017,Hurricane Harvey,Hurricane,2017,48039661400,33.0,958477.72,91085.34,0.0,1049563.06,31804.94
harvey-2017,Hurricane Harvey,Hurricane,2017,48039661501,186.0,10866311.36,3444385.36,120000.0,14430696.72,77584.39
harvey-2017,Hurricane Harvey,Hurricane,2017,48039661502,188.0,12869631.36,4529443.19,30000.0,17429074.55,92707.84
harvey-2017,Hurricane Harvey,Hurricane,2017,48039661601,68.0,3310248.65,868926.57,30000.0,4209175.22,61899.64
harvey-2017,Hurricane Harvey,Hurricane,2017,48039661602,57.0,2717004.33,775146.43,90000.0,3582150.76,62844.75
harvey-2017,Hurricane Harvey,Hurricane,2017,48039661700,102.0,4841132.25,1930664.81,60000.25,6831797.3,66978.12
harvey-2017,Hurricane Harvey,Hurricane,2017,48039661800,199.0,12826865.17,4426672.08,49547.69,17303084.94,86950.18
harvey-2017,Hurricane Harvey,Hurricane,2017,48039661900,185.999,10237897.78,3003432.79,175662.19,13416992.76,72134.7
harvey-2017,Hurricane Harvey,Hurricane,2017,48039662000,89.0,3820412.61,1170208.02,57351.4,5047972.03,56718.79
harvey-2017,Hurricane Harvey,Hurricane,2017,48039662100,285.0,16907797.03,4459343.86,461931.64,21829072.53,76593.24
harvey-2017,Hurricane Harvey,Hurricane,2017,48039662200,24.0,974390.95,240964.84,30000.0,1245355.79,51889.82
harvey-2017,Hurricane Harvey,Hurricane,2017,48039662300,3.0,13873.3,0.0,0.0,13873.3,4624.43
harvey-2017,Hurricane Harvey,Hurricane,2017,48039662400,71.0,3505917.67,1220841.63,0.0,4726759.3,66574.07
harvey-2017,Hurricane Harvey,Hurricane,2017,48039662500,258.0,20775936.49,6455106.03,477106.28,27708148.8,107395.93
harvey-2017,Hurricane Harvey,Hurricane,2017,48039662600,54.0,4153783.27,1267732.47,0.0,5421515.74,100398.44
harvey-2017,Hurricane Harvey,Hurricane,2017,48039662700,51.0,4324151.3,1241146.02,21865.93,5587163.25,109552.22
harvey-2017,Hurricane Harvey,Hurricane,2017,48039662800,121.0,6764256.52,1610004.2,125297.63,8499558.35,70244.28
harvey-2017,Hurricane Harvey,Hurricane,2017,48039662900,192.0,11563361.32,3537790.79,120000.0,15221152.11,79276.83
harvey-2017,Hurricane Harvey,Hurricane,2017,48039663000,123.0,4938649.43,1454176.86,69215.0,6462041.29,52536.92
harvey-2017,Hurricane Harvey,Hurricane,2017,48039663100,454.0,41347472.9,15034049.53,992923.75,57374446.18,126375.43
harvey-2017,Hurricane Harvey,Hurricane,2017,48039663200,4.0,29708.56,26111.39,0.0,55819.95,13954.99
harvey-2017,Hurricane Harvey,Hurricane,2017,48039663300,1.0,82677.47,62310.49,0.0,144987.96,144987.96
harvey-2017,Hurricane Harvey,Hurricane,2017,48039663400,1.0,0.0,0.0,0.0,0.0,0.0
harvey-2017,Hurricane Harvey,Hurricane,2017,48039663500,3.0,24111.41,0.0,0.0,24111.41,8037.14
harvey-2017,Hurricane Harvey,Hurricane,2017,48039663600,2.0,2148.14,0.0,0.0,2148.14,1074.07
harvey-2017,Hurricane Harvey,Hurricane,2017,48039663700,149.0,10615601.81,5084394.9,0.0,15699996.71,105369.11
harvey-2017,Hurricane Harvey,Hurricane,2017,48039663800,2.0,57407.26,0.0,0.0,57407.26,28703.63
harvey-2017,Hurricane Harvey,Hurricane,2017,48039663900,3.0,100621.36,0.0,0.0,100621.36,33540.45
harvey-2017,Hurricane Harvey,Hurricane,2017,48039664000,6.0,105376.5,15172.85,0.0,120549.35,20091.56
harvey-2017,Hurricane Harvey,Hurricane,2017,48039664100,106.0,2199803.06,442345.01,59999.75,2702147.83,25492.06
harvey-2017,Hurricane Harvey,Hurricane,2017,48039664200,40.953,105191.22,44906.96,0.0,150098.17,3665.12
harvey-2017,Hurricane Harvey,Hurricane,2017,48039664300,16.0,32286.79,0.0,0.0,32286.79,2017.92
harvey-2017,Hurricane Harvey,Hurricane,2017,48039664400,24.981,751171.52,252185.44,0.0,1003356.95,40165.17
harvey-2017,Hurricane Harvey,Hurricane,2017,48039664501,184.001,8355255.19,3278212.65,45000.0,11678467.84,63469.69
harvey-2017,Hurricane Harvey,Hurricane,2017,48039990000,0.065,677.41,238.4,0.0,915.81,14006.38
harvey-2017,Hurricane Harvey,Hurricane,2017,48041000101,1.0,20.59,0.0,0.0,20.59,20.59
harvey-2017,Hurricane Harvey,Hurricane,2017,48041000201,1.0,0.0,0.0,0.0,0.0,0.0
harvey-2017,Hurricane Harvey,Hurricane,2017,48041000202,1.0,31016.94,0.0,0.0,31016.94,31016.94
harvey-2017,Hurricane Harvey,Hurricane,2017,48041000400,2.0,161.12,0.0,0.0,161.12,80.56
harvey-2017,Hurricane Harvey,Hurricane,2017,48041001601,3.0,0.0,0.0,0.0,0.0,0.0
harvey-2017,Hurricane Harvey,Hurricane,2017,48041001604,6.0,0.0,0.0,0.0,0.0,0.0
harvey-2017,Hurricane Harvey,Hurricane,2017,48041001900,3.0,3765.47,0.0,0.0,3765.47,1255.16
harvey-2017,Hurricane Harvey,Hurricane,2017,48041002001,0.999,16464.64,0.0,0.0,16464.64,16486.24
harvey-2017,Hurricane Harvey,Hurricane,2017,48041002002,1.001,21.6,0.0,0.0,21.6,21.57
harvey-2017,Hurricane Harvey,Hurricane,2017,48041002011,1.0,14645.14,0.0,0.0,14645.14,14645.25
harvey-2017,Hurricane Harvey,Hurricane,2017,48041002014,35.0,25108.0,0.0,0.0,25108.0,717.38
harvey-2017,Hurricane Harvey,Hurricane,2017,48041980000,0.0,0.25,0.0,0.0,0.25,717.38
harvey-2017,Hurricane Harvey,Hurricane,2017,48051970400,1.0,11371.41,30000.0,0.0,41371.41,41371.41
harvey-2017,Hurricane Harvey,Hurricane,2017,48051970500,3.0,364768.82,5000.0,0.0,369768.82,123256.27
harvey-2017,Hurricane Harvey,Hurricane,2017,48053960700,1.0,0.0,0.0,0.0,0.0,0.0
harvey-2017,Hurricane Harvey,Hurricane,2017,48055960101,0.021,12.0,0.0,0.0,12.0,566.8
harvey-2017,Hurricane Harvey,Hurricane,2017,48055960500,1.0,0.0,0.0,0.0,0.0,0.0
harvey-2017,Hurricane Harvey,Hurricane,2017,48055960700,1.0,64374.26,3383.7,0.0,67757.96,67757.96
harvey-2017,Hurricane Harvey,Hurricane,2017,48057000100,26.0,521972.53,221779.84,0.0,743752.37,28605.86
harvey-2017,Hurricane Harvey,Hurricane,2017,48057000200,11.0,27455.27,1822.06,0.0,29277.32,2661.5
harvey-2017,Hurricane Harvey,Hurricane,2017,48057000300,35.0,302320.6,57003.0,0.0,359323.6,10266.39
harvey-2017,Hurricane Harvey,Hurricane,2017,48057000400,65.0,935606.94,117034.68,0.0,1052641.63,16194.57
harvey-2017,Hurricane Harvey,Hurricane,2017,48057000500,127.0,910881.54,194791.34,0.0,1105672.88,8706.09
harvey-2017,Hurricane Harvey,Hurricane,2017,48061010100,1.0,0.0,0.0,0.0,0.0,0.0
harvey-2017,Hurricane Harvey,Hurricane,2017,48061010302,0.004,0.0,0.0,0.0,0.0,0.0
harvey-2017,Hurricane Harvey,Hurricane,2017,48061011902,0.996,0.0,0.0,0.0,0.0,0.0
harvey-2017,Hurricane Harvey,Hurricane,2017,48061012305,9.0,0.0,0.0,0.0,0.0,0.0
harvey-2017,Hurricane Harvey,Hurricane,2017,48061014001,1.0,0.0,0.0,0.0,0.0,0.0
harvey-2017,Hurricane Harvey,Hurricane,2017,48071710100,69.954,4499334.9,963408.09,0.0,5462742.99,78090.8
harvey-2017,Hurricane Harvey,Hurricane,2017,48071710200,429.046,33516162.13,14585951.79,0.0,48102113.92,112114.05
harvey-2017,Hurricane Harvey,Hurricane,2017,48071710300,27.0,1593469.82,843203.17,29870.0,2466542.99,91353.44
harvey-2017,Hurricane Harvey,Hurricane,2017,48071710401,127.0,8045742.67,3327341.64,0.0,11373084.31,89551.84
harvey-2017,Hurricane Harvey,Hurricane,2017,48071710500,63.0,2643436.02,794680.7,0.0,3438116.72,54573.28
harvey-2017,Hurricane Harvey,Hurricane,2017,48071710600,0.607,17561.49,4269.2,0.0,21830.7,35976.39
harvey-2017,Hurricane Harvey,Hurricane,2017,48089750100,3.0,129811.27,42079.93,0.0,171891.21,57297.24
harvey-2017,Hurricane Harvey,Hurricane,2017,48089750200,1.0,0.19,0.06,0.0,0.25,0.25
harvey-2017,Hurricane Harvey,Hurricane,2017,48089750300,1.0,725.79,4236.6,0.0,4962.39,4962.39
harvey-2017,Hurricane Harvey,Hurricane,2017,48089750400,15.0,1404268.69,208720.42,0.0,1612989.11,107532.61
harvey-2017,Hurricane Harvey,Hurricane,2017,48089750500,10.0,719058.89,67090.29,0.0,786149.18,78614.88
harvey-2017,Hurricane Harvey,Hurricane,2017,48091310300,1.0,0.0,0.0,0.0,0.0,0.0
harvey-2017,Hurricane Harvey,Hurricane,2017,48091310902,1.0,0.0,0.0,0.0,0.0,0.0
harvey-2017,Hurricane Harvey,Hurricane,2017,48113017400,1.0,0.0,0.0,0.0,0.0,0.0
harvey-2017,Hurricane Harvey,Hurricane,2017,48123970200,2.0,14313.03,0.0,0.0,14313.03,7156.52
harvey-2017,Hurricane Harvey,Hurricane,2017,48123970300,19.0,769652.2,182986.27,30000.0,982638.47,51717.81
harvey-2017,Hurricane Harvey,Hurricane,2017,48123970400,4.0,91406.58,56747.02,0.0,148153.6,37038.4
harvey-2017,Hurricane Harvey,Hurricane,2017,48149970100,1.0,33300.0,0.0,0.0,33300.0,33300.0
harvey-2017,Hurricane Harvey,Hurricane,2017,48149970200,2.0,25790.1,17100.0,0.0,42890.1,21445.05
harvey-2017,Hurricane Harvey,Hurricane,2017,48149970300,46.0,4377931.64,526732.77,10276.74,4914941.15,106846.55
harvey-2017,Hurricane Harvey,Hurricane,2017,48149970400,6.0,706246.98,232572.31,0.0,938819.29,156469.88
harvey-2017,Hurricane Harvey,Hurricane,2017,48149970700,2.0,48617.56,0.0,0.0,48617.56,24308.78
harvey-2017,Hurricane Harvey,Hurricane,2017,48157670101,7.0,72489.36,9174.77,0.0,81664.13,11666.3
harvey-2017,Hurricane Harvey,Hurricane,2017,48157670102,1.0,0.0,0.0,0.0,0.0,0.0
harvey-2017,Hurricane Harvey,Hurricane,2017,48157670200,18.0,515955.7,30050.77,0.0,546006.47,30333.69
harvey-2017,Hurricane Harvey,Hurricane,2017,48157670300,8.109,65337.46,5754.19,0.0,71091.65,8767.24
harvey-2017,Hurricane Harvey,Hurricane,2017,48157670400,8.015,45871.26,2047.15,0.0,47918.41,5978.5
harvey-2017,Hurricane Harvey,Hurricane,2017,48157670500,17.0,272261.68,89269.84,0.0,361531.52,21266.56
harvey-2017,Hurricane Harvey,Hurricane,2017,48157670601,26.949,313904.06,41449.94,0.0,355354.0,13186.18
harvey-2017,Hurricane Harvey,Hurricane,2017,48157670602,5.051,53114.2,48298.95,0.0,101413.15,20077.69
harvey-2017,Hurricane Harvey,Hurricane,2017,48157670700,24.023,1694701.79,783022.67,0.0,2477724.46,103137.91
harvey-2017,Hurricane Harvey,Hurricane,2017,48157670800,17.004,560883.57,217908.92,0.0,778792.49,45800.52
harvey-2017,Hurricane Harvey,Hurricane,2017,48157670901,75.531,2364204.7,838821.73,0.0,3203026.43,42406.75
harvey-2017,Hurricane Harvey,Hurricane,2017,48157670902,14.469,574408.12,271391.08,0.0,845799.2,58456.19
harvey-2017,Hurricane Harvey,Hurricane,2017,48157671001,44.0,1376062.6,439217.67,0.0,1815280.27,41256.37
harvey-2017,Hurricane Harvey,Hurricane,2017,48157671002,33.0,261992.2,65434.9,0.0,327427.1,9922.03
harvey-2017,Hurricane Harvey,Hurricane,2017,48157671100,28.0,521153.03,149556.67,0.0,670709.7,23953.92
harvey-2017,Hurricane Harvey,Hurricane,2017,48157671200,8.0,134050.31,40000.0,0.0,174050.31,21756.29
harvey-2017,Hurricane Harvey,Hurricane,2017,48157671300,4.0,101169.68,8276.7,0.0,109446.38,27361.6
harvey-2017,Hurricane Harvey,Hurricane,2017,48157671400,1.003,36456.39,2602.37,0.0,39058.76,38960.42
harvey-2017,Hurricane Harvey,Hurricane,2017,48157671501,14.051,72610.6,57396.45,0.0,130007.04,9252.46
harvey-2017,Hurricane Harvey,Hurricane,2017,48157671502,7.0,524240.3,0.0,0.0,524240.3,74891.47
harvey-2017,Hurricane Harvey,Hurricane,2017,48157671601,12.0,18200.65,8590.4,0.0,26791.05,2232.59
harvey-2017,Hurricane Harvey,Hurricane,2017,48157671602,8.0,25383.46,0.0,0.0,25383.46,3172.93
harvey-2017,Hurricane Harvey,Hurricane,2017,48157671700,33.946,1219519.71,18494.65,0.0,1238014.36,36469.68
harvey-2017,Hurricane Harvey,Hurricane,2017,48157671800,10.0,292716.34,189031.82,0.0,481748.16,48174.82
harvey-2017,Hurricane Harvey,Hurricane,2017,48157671900,15.227,146542.53,1095.92,0.0,147638.45,9695.77
harvey-2017,Hurricane Harvey,Hurricane,2017,48157672001,17.159,439369.78,56220.57,0.0,495590.35,28881.67
harvey-2017,Hurricane Harvey,Hurricane,2017,48157672002,3.0,66640.62,20416.13,0.0,87056.75,29018.92
harvey-2017,Hurricane Harvey,Hurricane,2017,48157672100,12.998,75422.13,432.61,0.0,75854.73,5836.1
harvey-2017,Hurricane Harvey,Hurricane,2017,48157672200,5.0,14214.14,0.0,0.0,14214.14,2842.83
harvey-2017,Hurricane Harvey,Hurricane,2017,48157672301,2.002,2911.09,3845.01,0.0,6756.1,3375.0
harvey-2017,Hurricane Harvey,Hurricane,2017,48157672302,9.011,84204.35,34436.71,0.0,118641.06,13165.98
harvey-2017,Hurricane Harvey,Hurricane,2017,48157672400,12.987,197090.85,10307.88,0.0,207398.73,15969.7
harvey-2017,Hurricane Harvey,Hurricane,2017,48157672500,7.0,14010.06,6560.23,0.0,20570.29,2938.61
harvey-2017,Hurricane Harvey,Hurricane,2017,48157672601,12.0,70527.86,1814.0,0.0,72341.86,6028.49
harvey-2017,Hurricane Harvey,Hurricane,2017,48157672602,2.99,14236.43,6674.96,0.0,20911.39,6992.86
harvey-2017,Hurricane Harvey,Hurricane,2017,48157672701,26.085,1461843.92,424581.53,0.0,1886425.45,72317.08
harvey-2017,Hurricane Harvey,Hurricane,2017,48157672702,26.864,1131608.85,416032.57,0.0,1547641.42,57610.5
harvey-2017,Hurricane Harvey,Hurricane,2017,48157672800,39.0,1353864.52,428082.8,0.0,1781947.32,45690.96
harvey-2017,Hurricane Harvey,Hurricane,2017,48157672900,164.06,9337634.71,3874690.19,0.0,13212324.9,80533.37
harvey-2017,Hurricane Harvey,Hurricane,2017,48157673001,5.999,29388.65,0.0,0.0,29388.65,4898.76
harvey-2017,Hurricane Harvey,Hurricane,2017,48157673002,543.0,86602293.75,33636948.01,0.0,120239241.76,221435.07
harvey-2017,Hurricane Harvey,Hurricane,2017,48157673003,343.0,33851885.54,12888621.42,0.0,46740506.96,136269.7
harvey-2017,Hurricane Harvey,Hurricane,2017,48157673101,145.327,15386431.63,3228327.28,0.0,18614758.9,128088.83
harvey-2017,Hurricane Harvey,Hurricane,2017,48157673102,32.37,2722952.4,870289.81,0.0,3593242.21,111005.87
harvey-2017,Hurricane Harvey,Hurricane,2017,48157673200,235.997,21764477.26,4888377.81,360391.87,27013246.93,114464.15
harvey-2017,Hurricane Harvey,Hurricane,2017,48157673300,134.0,12161968.46,3695546.08,90000.0,15947514.54,119011.3
harvey-2017,Hurricane Harvey,Hurricane,2017,48157673400,605.998,39100989.53,9919160.09,20021.17,49040170.79,80924.7
harvey-2017,Hurricane Harvey,Hurricane,2017,48157673500,20.187,277757.45,52403.35,0.0,330160.8,16354.76
harvey-2017,Hurricane Harvey,Hurricane,2017,48157673600,72.815,3877632.64,923892.69,0.0,4801525.33,65941.43
harvey-2017,Hurricane Harvey,Hurricane,2017,48157673800,61.0,1978590.67,434929.1,0.0,2413519.77,39565.9
harvey-2017,Hurricane Harvey,Hurricane,2017,48157673901,44.958,15958.97,487.57,0.0,16446.54,365.82
harvey-2017,Hurricane Harvey,Hurricane,2017,48157673902,8.045,496603.63,70986.68,0.0,567590.32,70555.52
harvey-2017,Hurricane Harvey,Hurricane,2017,48157674000,17.0,113542.33,0.0,0.0,113542.33,6679.1
harvey-2017,Hurricane Harvey,Hurricane,2017,48157674100,56.0,1520070.08,396041.37,0.0,1916111.45,34216.28
harvey-2017,Hurricane Harvey,Hurricane,2017,48157674200,15.0,879980.88,119768.1,0.0,999748.98,66648.39
harvey-2017,Hurricane Harvey,Hurricane,2017,48157674300,23.869,16251.31,0.0,0.0,16251.31,680.85
harvey-2017,Hurricane Harvey,Hurricane,2017,48157674400,141.948,10635360.06,3600072.95,0.0,14235433.01,100285.98
harvey-2017,Hurricane Harvey,Hurricane,2017,48157674501,84.395,5007755.28,1827350.42,0.0,6835105.7,80989.54
harvey-2017,Hurricane Harvey,Hurricane,2017,48157674502,241.788,3442096.0,988988.03,0.0,4431084.04,18326.3
harvey-2017,Hurricane Harvey,Hurricane,2017,48157674601,12.043,89565.44,173.73,0.0,89739.17,7451.61
harvey-2017,Hurricane Harvey,Hurricane,2017,48157674602,48.957,1360765.18,198162.66,0.0,1558927.84,31842.51
harvey-2017,Hurricane Harvey,Hurricane,2017,48157674603,9.0,74282.41,31651.71,0.0,105934.12,11770.46
harvey-2017,Hurricane Harvey,Hurricane,2017,48157674604,5.0,26054.3,0.0,0.0,26054.3,5210.86
harvey-2017,Hurricane Harvey,Hurricane,2017,48157674700,27.0,216353.13,29128.8,0.0,245481.93,9091.92
harvey-2017,Hurricane Harvey,Hurricane,2017,48157674800,33.0,102747.26,0.0,0.0,102747.26,3113.55
harvey-2017,Hurricane Harvey,Hurricane,2017,48157674900,3.168,37284.97,1079.9,596.57,38961.44,12298.89
harvey-2017,Hurricane Harvey,Hurricane,2017,48157675000,16.758,304968.48,33217.32,59140.11,397325.91,23710.32
harvey-2017,Hurricane Harvey,Hurricane,2017,48157675100,3.075,6368.45,147.89,263.31,6779.66,2205.05
harvey-2017,Hurricane Harvey,Hurricane,2017,48157675200,4.0,74201.46,0.0,0.0,74201.46,18550.37
harvey-2017,Hurricane Harvey,Hurricane,2017,48157675300,4.0,70076.06,29708.17,0.0,99784.23,24946.06
harvey-2017,Hurricane Harvey,Hurricane,2017,48157675400,10.004,140301.0,53548.77,12.45,193862.22,19378.86
harvey-2017,Hurricane Harvey,Hurricane,2017,48157675500,43.0,1966184.22,363798.63,0.0,2329982.85,54185.65
harvey-2017,Hurricane Harvey,Hurricane,2017,48157675600,43.0,1429899.64,544910.5,0.0,1974810.14,45925.82
harvey-2017,Hurricane Harvey,Hurricane,2017,48157675700,29.0,1322096.56,350131.43,30000.0,1702227.99,58697.52
harvey-2017,Hurricane Harvey,Hurricane,2017,48157675800,22.996,1685549.42,458967.62,75361.43,2219878.47,96532.4
harvey-2017,Hurricane Harvey,Hurricane,2017,48167720100,207.0,24220557.84,7824045.34,30000.0,32074603.18,154949.77
harvey-2017,Hurricane Harvey,Hurricane,2017,48167720200,514.0,74348958.91,28544670.35,79088.75,102972718.01,200336.03
harvey-2017,Hurricane Harvey,Hurricane,2017,48167720301,161.0,23470074.73,5430599.47,30000.0,28930674.2,179693.63
harvey-2017,Hurricane Harvey,Hurricane,2017,48167720302,81.502,4613550.72,1745926.33,0.0,6359477.04,78028.57
harvey-2017,Hurricane Harvey,Hurricane,2017,48167720400,76.0,6320744.8,2452378.92,0.0,8773123.72,115435.84
harvey-2017,Hurricane Harvey,Hurricane,2017,48167720501,409.0,52563618.47,20983336.94,0.0,73546955.41,179821.41
harvey-2017,Hurricane Harvey,Hurricane,2017,48167720502,153.928,7269982.52,1910657.1,0.0,9180639.62,59642.59
harvey-2017,Hurricane Harvey,Hurricane,2017,48167720503,237.003,11214931.73,3289348.72,0.0,14504280.45,61198.71
harvey-2017,Hurricane Harvey,Hurricane,2017,48167720600,937.039,80674311.9,30755908.54,29992.29,111460212.73,118949.35
harvey-2017,Hurricane Harvey,Hurricane,2017,48167720700,208.0,13685862.46,3952300.71,15000.0,17653163.17,84870.98
harvey-2017,Hurricane Harvey,Hurricane,2017,48167720800,430.0,42185410.66,16972480.99,0.0,59157891.65,137576.49
harvey-2017,Hurricane Harvey,Hurricane,2017,48167720900,633.0,78562778.46,28716774.95,101233.5,107380786.91,169637.89
harvey-2017,Hurricane Harvey,Hurricane,2017,48167721000,152.895,6950073.56,2211097.39,29979.42,9191150.38,60114.09
harvey-2017,Hurricane Harvey,Hurricane,2017,48167721100,369.105,19721212.65,6434402.32,20.58,26155635.55,70862.33
harvey-2017,Hurricane Harvey,Hurricane,2017,48167721201,191.0,11230156.54,3250139.4,0.0,14480295.94,75813.07
harvey-2017,Hurricane Harvey,Hurricane,2017,48167721202,224.0,14692659.12,6167739.07,0.0,20860398.19,93126.78
harvey-2017,Hurricane Harvey,Hurricane,2017,48167721300,121.0,4679821.33,1030039.28,0.0,5709860.61,47188.93
harvey-2017,Hurricane Harvey,Hurricane,2017,48167721400,74.0,941849.0,467670.4,0.0,1409519.4,19047.56
harvey-2017,Hurricane Harvey,Hurricane,2017,48167721500,223.132,3911558.75,1206779.61,83969.31,5202307.67,23314.94
harvey-2017,Hurricane Harvey,Hurricane,2017,48167721600,91.868,3237726.23,855104.41,0.0,4092830.64,44551.16
harvey-2017,Hurricane Harvey,Hurricane,2017,48167721700,160.0,7357188.81,2053398.03,0.0,9410586.84,58816.17
harvey-2017,Hurricane Harvey,Hurricane,2017,48167721800,57.2,842043.24,285961.71,0.0,1128004.95,19720.28
harvey-2017,Hurricane Harvey,Hurricane,2017,48167721900,160.983,6826906.49,2465024.34,0.0,9291930.83,57720.1
harvey-2017,Hurricane Harvey,Hurricane,2017,48167722001,49.992,941507.69,350724.89,0.0,1292232.59,25848.79
harvey-2017,Hurricane Harvey,Hurricane,2017,48167722002,35.0,735972.33,172722.53,0.0,908694.86,25962.71
harvey-2017,Hurricane Harvey,Hurricane,2017,48167722100,21.0,256695.61,10228.29,0.0,266923.9,12710.66
harvey-2017,Hurricane Harvey,Hurricane,2017,48167722200,4.0,92461.77,74187.04,0.0,166648.81,41662.2
harvey-2017,Hurricane Harvey,Hurricane,2017,48167722300,21.0,351269.28,39164.05,0.0,390433.33,18592.06
harvey-2017,Hurricane Harvey,Hurricane,2017,48167722600,26.0,1183410.92,525305.04,0.0,1708715.96,65719.84
harvey-2017,Hurricane Harvey,Hurricane,2017,48167722700,119.0,5939287.71,1938276.69,0.0,7877564.4,66198.02
harvey-2017,Hurricane Harvey,Hurricane,2017,48167722800,41.0,2080369.49,732790.5,0.0,2813159.99,68613.66
harvey-2017,Hurricane Harvey,Hurricane,2017,48167722900,73.565,3059050.8,925741.29,0.0,3984792.09,54166.8
harvey-2017,Hurricane Harvey,Hurricane,2017,48167723000,64.435,3540047.5,971168.57,0.0,4511216.07,70012.12
harvey-2017,Hurricane Harvey,Hurricane,2017,48167723100,50.0,1986375.13,543208.72,0.0,2529583.85,50591.68
harvey-2017,Hurricane Harvey,Hurricane,2017,48167723200,205.024,12478481.69,3891528.78,5.02,16370015.49,79844.25
harvey-2017,Hurricane Harvey,Hurricane,2017,48167723300,239.011,15889505.51,5488651.71,49292.69,21427449.91,89650.43
harvey-2017,Hurricane Harvey,Hurricane,2017,48167723400,279.995,17147582.71,6604124.44,0.0,23751707.14,84829.16
harvey-2017,Hurricane Harvey,Hurricane,2017,48167723501,35.349,1597280.4,629055.55,0.0,2226335.95,62980.87
harvey-2017,Hurricane Harvey,Hurricane,2017,48167723502,309.645,18460274.81,7682705.9,0.0,26142980.71,84428.97
harvey-2017,Hurricane Harvey,Hurricane,2017,48167723600,152.719,7669407.86,2732160.03,0.0,10401567.89,68108.99
harvey-2017,Hurricane Harvey,Hurricane,2017,48167723700,82.968,2821053.01,681678.04,0.0,3502731.05,42218.07
harvey-2017,Hurricane Harvey,Hurricane,2017,48167723800,84.038,2489510.79,520780.54,0.0,3010291.33,35820.59
harvey-2017,Hurricane Harvey,Hurricane,2017,48167723900,52.444,543003.17,125065.67,0.0,668068.84,12738.69
harvey-2017,Hurricane Harvey,Hurricane,2017,48167724000,14.792,29093.21,7627.86,0.0,36721.07,2482.58
harvey-2017,Hurricane Harvey,Hurricane,2017,48167724101,16.0,327034.65,123710.64,0.0,450745.29,28171.58
harvey-2017,Hurricane Harvey,Hurricane,2017,48167724200,36.0,288102.21,33735.67,0.0,321837.88,8939.94
harvey-2017,Hurricane Harvey,Hurricane,2017,48167724300,57.001,270921.48,133.53,0.0,271055.01,4755.29
harvey-2017,Hurricane Harvey,Hurricane,2017,48167724400,43.0,499562.09,74084.86,0.0,573646.95,13340.63
harvey-2017,Hurricane Harvey,Hurricane,2017,48167724500,123.0,5029897.91,730369.93,0.0,5760267.84,46831.45
harvey-2017,Hurricane Harvey,Hurricane,2017,48167724600,49.0,208814.19,28073.85,0.0,236888.04,4834.45
harvey-2017,Hurricane Harvey,Hurricane,2017,48167724700,41.0,605327.07,54892.14,0.0,660219.21,16102.91
harvey-2017,Hurricane Harvey,Hurricane,2017,48167724800,12.0,119313.27,44197.7,0.0,163510.97,13625.91
harvey-2017,Hurricane Harvey,Hurricane,2017,48167724900,15.0,101846.03,41732.28,0.0,143578.31,9571.89
harvey-2017,Hurricane Harvey,Hurricane,2017,48167725000,10.0,87872.98,0.0,0.0,87872.98,8787.3
harvey-2017,Hurricane Harvey,Hurricane,2017,48167725100,22.0,498719.11,65374.1,0.0,564093.21,25640.6
harvey-2017,Hurricane Harvey,Hurricane,2017,48167725200,35.0,646292.56,49548.35,0.0,695840.91,19881.17
harvey-2017,Hurricane Harvey,Hurricane,2017,48167725300,27.0,169923.5,54705.26,0.0,224628.76,8319.58
harvey-2017,Hurricane Harvey,Hurricane,2017,48167725400,33.0,317048.81,81325.01,0.0,398373.82,12071.93
harvey-2017,Hurricane Harvey,Hurricane,2017,48167725500,14.0,109258.4,0.0,0.0,109258.4,7804.17
harvey-2017,Hurricane Harvey,Hurricane,2017,48167725600,58.0,2866775.41,70194.81,0.0,2936970.22,50637.42
harvey-2017,Hurricane Harvey,Hurricane,2017,48167725700,17.0,118608.56,0.0,0.0,118608.56,6976.97
harvey-2017,Hurricane Harvey,Hurricane,2017,48167725800,64.0,943636.37,222211.24,0.0,1165847.61,18216.37
harvey-2017,Hurricane Harvey,Hurricane,2017,48167725900,53.0,80724.89,2495.6,0.0,83220.49,1570.2
harvey-2017,Hurricane Harvey,Hurricane,2017,48167726000,12.281,39030.92,5028.01,0.0,44058.93,3587.6
harvey-2017,Hurricane Harvey,Hurricane,2017,48167726100,103.0,325097.45,38881.04,0.0,363978.49,3533.77
harvey-2017,Hurricane Harvey,Hurricane,2017,48167726200,29.487,1200976.83,461310.75,0.0,1662287.59,56372.89
harvey-2017,Hurricane Harvey,Hurricane,2017,48177000200,4.0,173535.88,8841.95,0.0,182377.83,45596.23
harvey-2017,Hurricane Harvey,Hurricane,2017,48177000300,0.0,6.74,0.34,0.0,7.08,45596.23
harvey-2017,Hurricane Harvey,Hurricane,2017,48181001300,1.0,4924.57,0.0,0.0,4924.57,4924.57
harvey-2017,Hurricane Harvey,Hurricane,2017,48185180101,1.0,2168.46,13284.25,0.0,15452.71,15452.59
harvey-2017,Hurricane Harvey,Hurricane,2017,48185180102,3.0,77788.33,3838.74,0.0,81627.07,27209.02
harvey-2017,Hurricane Harvey,Hurricane,2017,48185180200,4.0,47489.83,5945.35,0.0,53435.18,13358.8
harvey-2017,Hurricane Harvey,Hurricane,2017,48185180301,1.0,0.0,8434.06,0.0,8434.06,8434.06
harvey-2017,Hurricane Harvey,Hurricane,2017,48187210504,1.0,46285.28,7463.42,0.0,53748.7,53748.7
harvey-2017,Hurricane Harvey,Hurricane,2017,48187210506,1.0,0.0,0.0,0.0,0.0,0.0
harvey-2017,Hurricane Harvey,Hurricane,2017,48187210507,1.0,0.0,0.0,0.0,0.0,0.0
harvey-2017,Hurricane Harvey,Hurricane,2017,48187210607,0.002,0.0,0.0,0.0,0.0,0.0
harvey-2017,Hurricane Harvey,Hurricane,2017,48187210608,0.998,0.0,0.0,0.0,0.0,0.0
harvey-2017,Hurricane Harvey,Hurricane,2017,48199030100,3.0,299318.25,170796.89,0.0,470115.14,156705.05
harvey-2017,Hurricane Harvey,Hurricane,2017,48199030200,456.0,67866746.17,26273335.51,162090.7,94302172.38,206803.01
harvey-2017,Hurricane Harvey,Hurricane,2017,48199030300,35.004,1574762.79,486159.33,0.0,2060922.12,58876.05
harvey-2017,Hurricane Harvey,Hurricane,2017,48199030400,3.0,21004.92,18534.12,0.0,39539.04,13179.68
harvey-2017,Hurricane Harvey,Hurricane,2017,48199030501,78.0,12620032.19,3601547.27,0.0,16221579.46,207968.97
harvey-2017,Hurricane Harvey,Hurricane,2017,48199030502,179.998,24793666.49,9056620.93,52884.62,33903172.03,188353.02
harvey-2017,Hurricane Harvey,Hurricane,2017,48199030600,26.998,2740517.76,741600.58,67493.88,3549612.22,131479.04
harvey-2017,Hurricane Harvey,Hurricane,2017,48199030700,23.0,1210068.62,372597.51,0.0,1582666.12,68810.13
harvey-2017,Hurricane Harvey,Hurricane,2017,48199030800,12.0,915638.31,329031.57,0.0,1244669.88,103722.49
harvey-2017,Hurricane Harvey,Hurricane,2017,48199030900,13.0,631415.75,158830.61,0.0,790246.36,60788.18
harvey-2017,Hurricane Harvey,Hurricane,2017,48199031000,5.0,310910.49,184352.41,0.0,495262.91,99062.09
harvey-2017,Hurricane Harvey,Hurricane,2017,48201100000,49.0,8825768.92,931944.16,0.0,9757713.08,199137.0
harvey-2017,Hurricane Harvey,Hurricane,2017,48201210100,7.0,623233.8,112259.29,0.0,735493.09,105070.44
harvey-2017,Hurricane Harvey,Hurricane,2017,48201210400,9.011,215471.98,40550.26,0.0,256022.23,28412.39
harvey-2017,Hurricane Harvey,Hurricane,2017,48201210500,9.989,877086.55,165075.8,0.0,1042162.36,104330.33
harvey-2017,Hurricane Harvey,Hurricane,2017,48201210600,12.0,678230.9,290639.95,0.0,968870.85,80739.24
harvey-2017,Hurricane Harvey,Hurricane,2017,48201210700,14.0,516207.87,142147.18,0.0,658355.05,47025.36
harvey-2017,Hurricane Harvey,Hurricane,2017,48201210800,5.0,218798.87,103148.47,0.0,321947.34,64389.47
harvey-2017,Hurricane Harvey,Hurricane,2017,48201210900,41.0,1043913.19,131886.16,0.0,1175799.35,28678.03
harvey-2017,Hurricane Harvey,Hurricane,2017,48201211000,38.0,750564.25,37958.61,0.0,788522.86,20750.6
harvey-2017,Hurricane Harvey,Hurricane,2017,48201211100,10.0,87293.77,2234.45,0.0,89528.22,8952.82
harvey-2017,Hurricane Harvey,Hurricane,2017,48201211200,84.0,5707318.58,1114253.61,0.0,6821572.19,81209.19
harvey-2017,Hurricane Harvey,Hurricane,2017,48201211300,3.071,520936.08,2602.42,0.0,523538.51,170476.5
harvey-2017,Hurricane Harvey,Hurricane,2017,48201211400,4.0,18778.83,0.0,0.0,18778.83,4694.71
harvey-2017,Hurricane Harvey,Hurricane,2017,48201211500,1.0,33458.71,3133.63,0.0,36592.34,36592.34
harvey-2017,Hurricane Harvey,Hurricane,2017,48201211600,5.929,116872.09,20450.6,0.0,137322.68,23161.31
harvey-2017,Hurricane Harvey,Hurricane,2017,48201211700,195.0,8576483.54,2990049.71,15000.0,11581533.25,59392.48
harvey-2017,Hurricane Harvey,Hurricane,2017,48201211900,20.0,631247.57,147998.52,0.0,779246.09,38962.3
harvey-2017,Hurricane Harvey,Hurricane,2017,48201212300,3.931,14466.65,0.0,0.0,14466.65,3680.4
harvey-2017,Hurricane Harvey,Hurricane,2017,48201212400,63.0,4001487.31,2091843.95,0.0,6093331.26,96719.54
harvey-2017,Hurricane Harvey,Hurricane,2017,48201212500,96.067,3703355.68,1412481.43,0.0,5115837.1,53252.9
harvey-2017,Hurricane Harvey,Hurricane,2017,48201220100,24.036,930992.42,196110.21,0.0,1127102.63,46892.72
harvey-2017,Hurricane Harvey,Hurricane,2017,48201220200,3.964,9366.96,12180.37,0.0,21547.33,5435.44
harvey-2017,Hurricane Harvey,Hurricane,2017,48201220300,4.99,127831.67,13470.31,0.0,141301.98,28317.13
harvey-2017,Hurricane Harvey,Hurricane,2017,48201220400,3.967,182466.67,98022.07,0.0,280488.73,70713.78
harvey-2017,Hurricane Harvey,Hurricane,2017,48201220500,26.981,1444394.9,556794.83,0.0,2001189.74,74170.41
harvey-2017,Hurricane Harvey,Hurricane,2017,48201220600,15.0,629137.4,115868.25,0.0,745005.65,49667.04
harvey-2017,Hurricane Harvey,Hurricane,2017,48201220700,17.063,345149.17,63615.79,0.0,408764.97,23956.91
harvey-2017,Hurricane Harvey,Hurricane,2017,48201220800,7.0,46065.44,19169.91,0.0,65235.35,9319.34
harvey-2017,Hurricane Harvey,Hurricane,2017,48201220900,10.0,620492.27,342960.69,0.0,963452.96,96345.3
harvey-2017,Hurricane Harvey,Hurricane,2017,48201221000,32.0,990294.48,100259.25,0.0,1090553.73,34079.8
harvey-2017,Hurricane Harvey,Hurricane,2017,48201221100,7.0,111243.03,18936.77,0.0,130179.8,18597.11
harvey-2017,Hurricane Harvey,Hurricane,2017,48201221200,16.0,382143.74,52704.96,0.0,434848.7,27178.04
harvey-2017,Hurricane Harvey,Hurricane,2017,48201221300,22.0,351424.82,86098.86,0.0,437523.68,19887.44
harvey-2017,Hurricane Harvey,Hurricane,2017,48201221400,29.0,1046308.68,241153.22,0.0,1287461.9,44395.24
harvey-2017,Hurricane Harvey,Hurricane,2017,48201221500,22.0,697987.69,149922.58,0.0,847910.27,38541.38
harvey-2017,Hurricane Harvey,Hurricane,2017,48201221600,392.0,19726583.22,4634433.54,0.0,24361016.76,62145.45
harvey-2017,Hurricane Harvey,Hurricane,2017,48201221700,367.0,21765021.55,4995597.63,0.0,26760619.18,72917.22
harvey-2017,Hurricane Harvey,Hurricane,2017,48201221800,22.0,756924.13,185961.36,0.0,942885.49,42858.43
harvey-2017,Hurricane Harvey,Hurricane,2017,48201221900,80.0,2965569.48,383699.24,0.0,3349268.72,41865.86
harvey-2017,Hurricane Harvey,Hurricane,2017,48201222000,167.0,7843949.26,1500203.5,0.0,9344152.76,55953.01
harvey-2017,Hurricane Harvey,Hurricane,2017,48201222100,117.056,4506575.55,563429.69,0.0,5070005.24,43312.76
harvey-2017,Hurricane Harvey,Hurricane,2017,48201222200,22.944,723923.54,235845.22,0.0,959768.76,41830.36
harvey-2017,Hurricane Harvey,Hurricane,2017,48201222300,31.0,1608394.7,214450.9,0.0,1822845.6,58801.47
harvey-2017,Hurricane Harvey,Hurricane,2017,48201222401,161.0,9139544.52,2069390.67,0.0,11208935.19,69620.72
harvey-2017,Hurricane Harvey,Hurricane,2017,48201222402,120.0,4710885.82,1177665.18,0.0,5888551.0,49071.26
harvey-2017,Hurricane Harvey,Hurricane,2017,48201222502,38.36,2548046.54,674898.91,0.0,3222945.45,84019.27
harvey-2017,Hurricane Harvey,Hurricane,2017,48201222503,18.0,582866.07,169703.12,0.0,752569.19,41809.4
harvey-2017,Hurricane Harvey,Hurricane,2017,48201222600,7.037,1864812.98,215172.68,0.0,2079985.66,295568.9
harvey-2017,Hurricane Harvey,Hurricane,2017,48201222700,42.963,2175266.87,484927.36,0.0,2660194.23,61918.59
harvey-2017,Hurricane Harvey,Hurricane,2017,48201222800,66.64,3010398.36,780896.7,0.0,3791295.06,56891.84
harvey-2017,Hurricane Harvey,Hurricane,2017,48201222900,494.0,31189046.22,10591394.36,0.0,41780440.58,84575.79
harvey-2017,Hurricane Harvey,Hurricane,2017,48201223001,38.0,2181413.48,882247.5,0.0,3063660.98,80622.66
harvey-2017,Hurricane Harvey,Hurricane,2017,48201223002,52.0,2811174.29,1376275.11,0.0,4187449.4,80527.87
harvey-2017,Hurricane Harvey,Hurricane,2017,48201223100,46.0,3050138.48,813992.04,0.0,3864130.52,84002.84
harvey-2017,Hurricane Harvey,Hurricane,2017,48201230100,22.0,683976.83,88812.31,0.0,772789.14,35126.78
harvey-2017,Hurricane Harvey,Hurricane,2017,48201230200,124.0,7238577.21,2433245.23,30000.0,9701822.44,78240.5
harvey-2017,Hurricane Harvey,Hurricane,2017,48201230300,9.0,457399.17,196229.67,0.0,653628.84,72625.43
harvey-2017,Hurricane Harvey,Hurricane,2017,48201230400,43.0,1617958.42,172748.06,0.0,1790706.48,41644.34
harvey-2017,Hurricane Harvey,Hurricane,2017,48201230500,26.0,1390830.01,195675.96,0.0,1586505.97,61019.46
harvey-2017,Hurricane Harvey,Hurricane,2017,48201230600,7.0,295311.49,150897.88,0.0,446209.37,63744.2
harvey-2017,Hurricane Harvey,Hurricane,2017,48201230700,16.0,322378.36,65652.7,0.0,388031.06,24251.94
harvey-2017,Hurricane Harvey,Hurricane,2017,48201230800,60.0,2764745.9,1004031.1,0.0,3768777.0,62812.95
harvey-2017,Hurricane Harvey,Hurricane,2017,48201230900,34.0,1263464.79,582880.95,0.0,1846345.74,54304.29
harvey-2017,Hurricane Harvey,Hurricane,2017,48201231000,99.0,7288600.16,2963178.16,0.0,10251778.32,103553.32
harvey-2017,Hurricane Harvey,Hurricane,2017,48201231100,184.0,12604306.73,6446479.64,0.0,19050786.37,103536.88
harvey-2017,Hurricane Harvey,Hurricane,2017,48201231200,152.0,7369381.99,1435997.21,0.0,8805379.2,57930.13
harvey-2017,Hurricane Harvey,Hurricane,2017,48201231300,32.0,2010561.08,873151.07,0.0,2883712.15,90116.0
harvey-2017,Hurricane Harvey,Hurricane,2017,48201231400,42.0,1292030.89,700288.6,0.0,1992319.49,47436.18
harvey-2017,Hurricane Harvey,Hurricane,2017,48201231500,14.0,358527.31,67510.41,0.0,426037.72,30431.27
harvey-2017,Hurricane Harvey,Hurricane,2017,48201231600,36.0,2296139.87,610032.85,0.0,2906172.72,80727.02
harvey-2017,Hurricane Harvey,Hurricane,2017,48201231700,42.0,2428121.98,927240.19,0.0,3355362.17,79889.58
harvey-2017,Hurricane Harvey,Hurricane,2017,48201231800,15.0,485645.42,188796.0,0.0,674441.42,44962.76
harvey-2017,Hurricane Harvey,Hurricane,2017,48201231900,85.0,2262493.57,586034.17,0.0,2848527.74,33512.09
harvey-2017,Hurricane Harvey,Hurricane,2017,48201232000,55.0,3374846.79,744207.45,0.0,4119054.24,74891.9
harvey-2017,Hurricane Harvey,Hurricane,2017,48201232100,28.0,1295605.9,271338.78,0.0,1566944.68,55962.31
harvey-2017,Hurricane Harvey,Hurricane,2017,48201232200,39.0,1292784.05,270736.29,0.0,1563520.34,40090.27
harvey-2017,Hurricane Harvey,Hurricane,2017,48201232301,177.067,11753957.54,4973907.01,0.0,16727864.55,94471.81
harvey-2017,Hurricane Harvey,Hurricane,2017,48201232302,238.088,15091484.1,8812368.8,0.0,23903852.9,100399.08
harvey-2017,Hurricane Harvey,Hurricane,2017,48201232401,161.05,9977051.47,4229798.81,0.0,14206850.28,88213.98
harvey-2017,Hurricane Harvey,Hurricane,2017,48201232402,13.0,48658.57,19396.92,0.0,68055.49,5235.04
harvey-2017,Hurricane Harvey,Hurricane,2017,48201232403,27.094,1035869.6,536695.13,0.0,1572564.73,58040.52
harvey-2017,Hurricane Harvey,Hurricane,2017,48201232500,54.0,2937801.53,1283187.95,0.0,4220989.48,78166.47
harvey-2017,Hurricane Harvey,Hurricane,2017,48201232600,219.0,18336298.67,5754977.25,0.0,24091275.92,110005.83
harvey-2017,Hurricane Harvey,Hurricane,2017,48201232701,110.0,8667881.15,2047509.59,0.0,10715390.74,97412.64
harvey-2017,Hurricane Harvey,Hurricane,2017,48201232702,105.0,9608232.29,3557279.62,9043.2,13174555.11,125471.95
harvey-2017,Hurricane Harvey,Hurricane,2017,48201232800,46.0,4407663.39,1377917.96,0.0,5785581.35,125773.51
harvey-2017,Hurricane Harvey,Hurricane,2017,48201232900,91.0,11674434.59,3765720.36,0.0,15440154.95,169672.03
harvey-2017,Hurricane Harvey,Hurricane,2017,48201233001,5.0,3830.46,0.0,0.0,3830.46,766.09
harvey-2017,Hurricane Harvey,Hurricane,2017,48201233002,6.0,35250.59,10804.58,0.0,46055.17,7675.86
harvey-2017,Hurricane Harvey,Hurricane,2017,48201233003,5.0,165446.21,15990.13,0.0,181436.34,36287.27
harvey-2017,Hurricane Harvey,Hurricane,2017,48201233101,12.0,208402.71,8454.38,0.0,216857.09,18071.42
harvey-2017,Hurricane Harvey,Hurricane,2017,48201233102,23.0,747739.95,241804.98,0.0,989544.93,43023.69
harvey-2017,Hurricane Harvey,Hurricane,2017,48201233103,8.0,325509.15,94109.91,0.0,419619.06,52452.38
harvey-2017,Hurricane Harvey,Hurricane,2017,48201233200,114.0,10341398.37,2882251.57,0.0,13223649.94,115996.93
harvey-2017,Hurricane Harvey,Hurricane,2017,48201233300,45.742,2744015.33,652379.83,0.0,3396395.17,74251.92
harvey-2017,Hurricane Harvey,Hurricane,2017,48201233400,21.011,1609799.66,750214.09,0.0,2360013.75,112323.89
harvey-2017,Hurricane Harvey,Hurricane,2017,48201233500,42.481,1775293.96,538107.68,0.0,2313401.65,54457.52
harvey-2017,Hurricane Harvey,Hurricane,2017,48201233600,8.809,334969.52,165587.78,0.0,500557.3,56821.75
harvey-2017,Hurricane Harvey,Hurricane,2017,48201233701,38.277,1371652.94,228179.89,0.0,1599832.83,41796.33
harvey-2017,Hurricane Harvey,Hurricane,2017,48201233702,9.278,297994.65,11747.97,0.0,309742.62,33385.15
harvey-2017,Hurricane Harvey,Hurricane,2017,48201233703,45.078,1724205.21,491694.73,0.0,2215899.94,49157.03
harvey-2017,Hurricane Harvey,Hurricane,2017,48201240100,90.022,19586313.79,1975264.69,0.0,21561578.48,239513.34
harvey-2017,Hurricane Harvey,Hurricane,2017,48201240400,200.0,7544058.11,1522273.59,0.0,9066331.7,45331.66
harvey-2017,Hurricane Harvey,Hurricane,2017,48201240501,25.975,911542.76,18093.96,0.0,929636.72,35790.29
harvey-2017,Hurricane Harvey,Hurricane,2017,48201240502,80.0,10483504.67,117752.0,0.0,10601256.67,132515.71
harvey-2017,Hurricane Harvey,Hurricane,2017,48201240600,18.025,3912737.94,88795.94,0.0,4001533.88,221993.55
harvey-2017,Hurricane Harvey,Hurricane,2017,48201240701,5.0,13008.84,0.0,0.0,13008.84,2601.77
harvey-2017,Hurricane Harvey,Hurricane,2017,48201240702,2.0,0.0,0.0,0.0,0.0,0.0
harvey-2017,Hurricane Harvey,Hurricane,2017,48201240801,5.0,175450.36,43725.1,0.0,219175.46,43835.09
harvey-2017,Hurricane Harvey,Hurricane,2017,48201240802,204.562,20427651.97,6315809.79,9174.68,26752636.44,130780.29
harvey-2017,Hurricane Harvey,Hurricane,2017,48201240901,13.0,356226.03,24733.31,0.0,380959.34,29304.56
harvey-2017,Hurricane Harvey,Hurricane,2017,48201240902,105.995,14451933.86,4929993.26,0.0,19381927.12,182856.33
harvey-2017,Hurricane Harvey,Hurricane,2017,48201241000,135.0,15676747.18,5518531.68,0.0,21195278.86,157002.07
harvey-2017,Hurricane Harvey,Hurricane,2017,48201241101,3.0,9737.91,0.0,0.0,9737.91,3245.97
harvey-2017,Hurricane Harvey,Hurricane,2017,48201241102,24.0,1541316.91,321550.01,0.0,1862866.92,77619.46
harvey-2017,Hurricane Harvey,Hurricane,2017,48201241103,15.0,1277858.2,351372.23,0.0,1629230.43,108615.36
harvey-2017,Hurricane Harvey,Hurricane,2017,48201241200,39.0,9610909.66,257988.56,0.0,9868898.22,253048.67
harvey-2017,Hurricane Harvey,Hurricane,2017,48201241300,146.0,18399366.2,6151980.67,7779.5,24559126.37,168213.19
harvey-2017,Hurricane Harvey,Hurricane,2017,48201241400,50.0,3472713.16,1079837.7,0.0,4552550.86,91051.02
harvey-2017,Hurricane Harvey,Hurricane,2017,48201241500,87.611,7512819.15,828062.91,0.0,8340882.06,95203.08
harvey-2017,Hurricane Harvey,Hurricane,2017,48201250100,58.0,2662892.37,651407.17,0.0,3314299.54,57143.1
harvey-2017,Hurricane Harvey,Hurricane,2017,48201250200,16.0,408633.38,54545.91,0.0,463179.29,28948.71
harvey-2017,Hurricane Harvey,Hurricane,2017,48201250301,29.0,969619.38,398345.65,0.0,1367965.03,47171.21
harvey-2017,Hurricane Harvey,Hurricane,2017,48201250302,2.116,2500.0,5000.0,0.0,7500.0,3545.22
harvey-2017,Hurricane Harvey,Hurricane,2017,48201250401,9.787,20979.45,14205.99,0.0,35185.44,3595.21
harvey-2017,Hurricane Harvey,Hurricane,2017,48201250402,93.098,12986197.95,3684554.45,0.0,16670752.4,179067.24
harvey-2017,Hurricane Harvey,Hurricane,2017,48201250500,15.0,721925.54,218588.48,0.0,940514.02,62700.93
harvey-2017,Hurricane Harvey,Hurricane,2017,48201250600,4.0,40025.34,0.0,0.0,40025.34,10006.33
harvey-2017,Hurricane Harvey,Hurricane,2017,48201250701,118.807,17141626.22,7777688.63,0.0,24919314.85,209745.71
harvey-2017,Hurricane Harvey,Hurricane,2017,48201250702,3.958,2641.17,52.45,0.0,2693.61,680.52
harvey-2017,Hurricane Harvey,Hurricane,2017,48201250800,248.235,47424319.95,16856396.25,10900.0,64291616.2,258995.43
harvey-2017,Hurricane Harvey,Hurricane,2017,48201250900,469.685,96795254.0,31559620.07,0.0,128354874.08,273278.52
harvey-2017,Hurricane Harvey,Hurricane,2017,48201251000,524.0,126609405.91,40729131.61,0.0,167338537.52,319348.35
harvey-2017,Hurricane Harvey,Hurricane,2017,48201251100,202.0,25128809.61,6754315.87,0.0,31883125.48,157837.25
harvey-2017,Hurricane Harvey,Hurricane,2017,48201251200,8.0,102045.66,3925.7,0.0,105971.36,13246.42
harvey-2017,Hurricane Harvey,Hurricane,2017,48201251300,85.0,16795288.6,5854506.58,0.0,22649795.18,266468.18
harvey-2017,Hurricane Harvey,Hurricane,2017,48201251401,3.0,7583.42,21973.79,0.0,29557.21,9852.84
harvey-2017,Hurricane Harvey,Hurricane,2017,48201251402,7.0,28997.96,0.0,0.0,28997.96,4142.57
harvey-2017,Hurricane Harvey,Hurricane,2017,48201251501,117.207,17996872.47,5840902.29,0.0,23837774.77,203381.85
harvey-2017,Hurricane Harvey,Hurricane,2017,48201251502,32.997,4691444.49,1321726.05,0.0,6013170.54,182231.81
harvey-2017,Hurricane Harvey,Hurricane,2017,48201251503,1.003,30.5,0.0,0.0,30.5,30.42
harvey-2017,Hurricane Harvey,Hurricane,2017,48201251600,74.614,8677833.75,2735459.62,0.0,11413293.37,152964.03
harvey-2017,Hurricane Harvey,Hurricane,2017,48201251700,193.494,17473416.09,4994959.3,139150.0,22607525.39,116838.55
harvey-2017,Hurricane Harvey,Hurricane,2017,48201251800,106.0,6199699.72,2099209.57,24110.0,8323019.29,78519.05
harvey-2017,Hurricane Harvey,Hurricane,2017,48201251901,85.037,5190748.97,1380927.53,0.0,6571676.5,77279.96
harvey-2017,Hurricane Harvey,Hurricane,2017,48201251902,20.013,686542.53,54319.85,0.0,740862.38,37018.76
harvey-2017,Hurricane Harvey,Hurricane,2017,48201252000,34.807,877354.6,333081.54,0.0,1210436.14,34775.55
harvey-2017,Hurricane Harvey,Hurricane,2017,48201252100,16.987,1795529.58,232794.81,0.0,2028324.39,119405.64
harvey-2017,Hurricane Harvey,Hurricane,2017,48201252200,46.856,2023852.34,329468.04,0.0,2353320.38,50224.66
harvey-2017,Hurricane Harvey,Hurricane,2017,48201252301,27.0,176786.27,69194.18,0.0,245980.45,9110.39
harvey-2017,Hurricane Harvey,Hurricane,2017,48201252302,19.0,399602.41,95622.35,0.0,495224.76,26064.46
harvey-2017,Hurricane Harvey,Hurricane,2017,48201252400,56.0,1515361.13,320010.49,0.0,1835371.62,32774.49
harvey-2017,Hurricane Harvey,Hurricane,2017,48201252500,37.97,1560439.7,291507.98,0.0,1851947.68,48773.95
harvey-2017,Hurricane Harvey,Hurricane,2017,48201252600,145.999,9486764.34,2441238.16,8878.46,11936880.96,81759.78
harvey-2017,Hurricane Harvey,Hurricane,2017,48201252700,85.0,6155828.37,2181608.59,0.0,8337436.96,98087.49
harvey-2017,Hurricane Harvey,Hurricane,2017,48201252800,104.0,6286579.13,2379572.92,10613.28,8676765.33,83430.44
harvey-2017,Hurricane Harvey,Hurricane,2017,48201252900,38.001,1841352.17,278254.65,0.0,2119606.82,55778.28
harvey-2017,Hurricane Harvey,Hurricane,2017,48201253000,119.629,4995055.0,714073.97,0.0,5709128.97,47723.45
harvey-2017,Hurricane Harvey,Hurricane,2017,48201253100,101.0,9560282.63,4151044.88,0.0,13711327.51,135755.72
harvey-2017,Hurricane Harvey,Hurricane,2017,48201253200,417.482,47269211.4,18936162.74,0.0,66205374.13,158582.42
harvey-2017,Hurricane Harvey,Hurricane,2017,48201253300,45.0,1428450.65,379444.52,0.0,1807895.17,40175.45
harvey-2017,Hurricane Harvey,Hurricane,2017,48201253400,1.622,63838.5,15593.31,0.0,79431.81,48985.26
harvey-2017,Hurricane Harvey,Hurricane,2017,48201253500,130.0,8289705.47,973180.38,0.0,9262885.85,71252.97
harvey-2017,Hurricane Harvey,Hurricane,2017,48201253600,80.0,5213272.28,533038.15,0.0,5746310.43,71828.88
harvey-2017,Hurricane Harvey,Hurricane,2017,48201253700,41.888,1800451.16,976509.84,0.0,2776961.0,66294.68
harvey-2017,Hurricane Harvey,Hurricane,2017,48201253800,22.0,641909.02,89310.98,0.0,731220.0,33237.27
harvey-2017,Hurricane Harvey,Hurricane,2017,48201253900,35.0,1626535.23,778878.81,0.0,2405414.04,68726.12
harvey-2017,Hurricane Harvey,Hurricane,2017,48201254000,32.0,1789284.92,465685.23,0.0,2254970.15,70467.82
harvey-2017,Hurricane Harvey,Hurricane,2017,48201254100,9.0,654028.62,182567.61,0.0,836596.23,92955.14
harvey-2017,Hurricane Harvey,Hurricane,2017,48201254200,13.0,776928.28,93116.25,0.0,870044.53,66926.5
harvey-2017,Hurricane Harvey,Hurricane,2017,48201254300,11.0,243550.58,151638.21,0.0,395188.79,35926.25
harvey-2017,Hurricane Harvey,Hurricane,2017,48201254400,9.0,108346.0,43271.82,0.0,151617.82,16846.42
harvey-2017,Hurricane Harvey,Hurricane,2017,48201254500,5.327,132149.25,16730.61,0.0,148879.86,27950.41
harvey-2017,Hurricane Harvey,Hurricane,2017,48201254600,43.585,586330.82,171655.96,23.6,758010.38,17391.54
harvey-2017,Hurricane Harvey,Hurricane,2017,48201254700,103.467,2322587.08,645482.99,29976.4,2998046.47,28975.91
harvey-2017,Hurricane Harvey,Hurricane,2017,48201310100,2.999,0.0,0.0,0.0,0.0,0.0
harvey-2017,Hurricane Harvey,Hurricane,2017,48201310200,5.0,119423.61,1334.92,0.0,120758.53,24151.71
harvey-2017,Hurricane Harvey,Hurricane,2017,48201310300,4.0,9000.51,925.47,0.0,9925.98,2481.5
harvey-2017,Hurricane Harvey,Hurricane,2017,48201310400,1.001,5308.6,1701.91,0.0,7010.51,7006.49
harvey-2017,Hurricane Harvey,Hurricane,2017,48201310600,7.0,45748.65,5358.54,0.0,51107.19,7301.03
harvey-2017,Hurricane Harvey,Hurricane,2017,48201310700,19.0,1033698.69,270734.53,0.0,1304433.22,68654.38
harvey-2017,Hurricane Harvey,Hurricane,2017,48201310800,9.0,166148.57,24401.17,0.0,190549.74,21172.19
harvey-2017,Hurricane Harvey,Hurricane,2017,48201310900,11.0,474982.77,205091.38,0.0,680074.15,61824.92
harvey-2017,Hurricane Harvey,Hurricane,2017,48201311000,8.123,335393.8,39035.82,0.0,374429.62,46097.37
harvey-2017,Hurricane Harvey,Hurricane,2017,48201311100,14.85,623937.38,229484.25,0.0,853421.63,57469.15
harvey-2017,Hurricane Harvey,Hurricane,2017,48201311200,4.0,18882.14,7453.36,0.0,26335.5,6583.88
harvey-2017,Hurricane Harvey,Hurricane,2017,48201311300,3.0,35253.9,15227.48,0.0,50481.38,16826.51
harvey-2017,Hurricane Harvey,Hurricane,2017,48201311400,12.96,191142.2,5243.21,0.0,196385.41,15152.73
harvey-2017,Hurricane Harvey,Hurricane,2017,48201311500,9.0,440271.6,94093.98,0.0,534365.58,59373.95
harvey-2017,Hurricane Harvey,Hurricane,2017,48201311600,2.0,1000000.0,216001.81,0.0,1216001.81,608000.9
harvey-2017,Hurricane Harvey,Hurricane,2017,48201311700,19.045,992227.19,365753.47,0.0,1357980.66,71303.77
harvey-2017,Hurricane Harvey,Hurricane,2017,48201311800,7.0,542916.17,0.0,0.0,542916.17,77559.45
harvey-2017,Hurricane Harvey,Hurricane,2017,48201311900,18.0,833586.5,108880.2,0.0,942466.7,52359.26
harvey-2017,Hurricane Harvey,Hurricane,2017,48201312000,39.0,1753307.52,548994.52,0.0,2302302.04,59033.39
harvey-2017,Hurricane Harvey,Hurricane,2017,48201312200,1.0,105745.21,58082.44,0.0,163827.65,163827.65
harvey-2017,Hurricane Harvey,Hurricane,2017,48201312300,3.0,22644.95,0.0,0.0,22644.95,7548.32
harvey-2017,Hurricane Harvey,Hurricane,2017,48201312400,2.0,0.0,0.0,0.0,0.0,0.0
harvey-2017,Hurricane Harvey,Hurricane,2017,48201312500,61.0,1109697.52,164673.83,0.0,1274371.35,20891.33
harvey-2017,Hurricane Harvey,Hurricane,2017,48201312600,26.733,821839.91,12804.65,0.0,834644.56,31221.07
harvey-2017,Hurricane Harvey,Hurricane,2017,48201312700,31.768,1629551.34,59006.84,0.0,1688558.18,53153.56
harvey-2017,Hurricane Harvey,Hurricane,2017,48201312800,11.0,756581.72,0.0,0.0,756581.72,68780.16
harvey-2017,Hurricane Harvey,Hurricane,2017,48201312900,47.0,1261622.21,46163.81,0.0,1307786.02,27825.23
harvey-2017,Hurricane Harvey,Hurricane,2017,48201313000,16.499,1566643.07,95180.09,0.0,1661823.15,100721.63
harvey-2017,Hurricane Harvey,Hurricane,2017,48201313100,92.598,3767464.7,95394.19,0.0,3862858.89,41716.57
harvey-2017,Hurricane Harvey,Hurricane,2017,48201313200,67.51,3591348.63,1022414.19,0.0,4613762.82,68341.8
harvey-2017,Hurricane Harvey,Hurricane,2017,48201313300,30.0,1066975.9,28523.97,0.0,1095499.87,36516.66
harvey-2017,Hurricane Harvey,Hurricane,2017,48201313400,7.955,50146.87,0.0,0.0,50146.87,6303.82
harvey-2017,Hurricane Harvey,Hurricane,2017,48201313500,4.0,30086.83,4890.36,0.0,34977.19,8744.3
harvey-2017,Hurricane Harvey,Hurricane,2017,48201313600,27.0,975092.87,238528.0,0.0,1213620.87,44948.92
harvey-2017,Hurricane Harvey,Hurricane,2017,48201313700,9.892,181086.74,37896.4,0.0,218983.13,22137.03
harvey-2017,Hurricane Harvey,Hurricane,2017,48201313800,9.0,663851.19,198905.28,0.0,862756.47,95861.83
harvey-2017,Hurricane Harvey,Hurricane,2017,48201313900,9.0,201273.85,63530.26,0.0,264804.11,29422.61
harvey-2017,Hurricane Harvey,Hurricane,2017,48201314001,3.0,69627.38,0.0,0.0,69627.38,23209.13
harvey-2017,Hurricane Harvey,Hurricane,2017,48201314002,16.0,293540.78,0.0,0.0,293540.78,18346.3
harvey-2017,Hurricane Harvey,Hurricane,2017,48201314300,1.021,13119.17,180.2,0.0,13299.37,13020.91
harvey-2017,Hurricane Harvey,Hurricane,2017,48201314400,2.0,22038.59,0.0,0.0,22038.59,11019.3
harvey-2017,Hurricane Harvey,Hurricane,2017,48201320100,12.0,746768.8,40959.74,0.0,787728.54,65644.04
harvey-2017,Hurricane Harvey,Hurricane,2017,48201320200,17.0,651284.99,132908.42,0.0,784193.41,46129.02
harvey-2017,Hurricane Harvey,Hurricane,2017,48201320500,18.0,852683.68,176167.07,0.0,1028850.75,57158.38
harvey-2017,Hurricane Harvey,Hurricane,2017,48201320601,3.0,207733.95,95213.08,0.0,302947.03,100982.34
harvey-2017,Hurricane Harvey,Hurricane,2017,48201320602,5.0,223672.41,78451.9,0.0,302124.31,60424.86
harvey-2017,Hurricane Harvey,Hurricane,2017,48201320700,18.0,1316871.52,822754.16,0.0,2139625.68,118868.09
harvey-2017,Hurricane Harvey,Hurricane,2017,48201320800,247.0,14096591.67,2808841.21,0.0,16905432.88,68443.05
harvey-2017,Hurricane Harvey,Hurricane,2017,48201320900,514.0,32769027.25,6889599.51,0.0,39658626.76,77156.86
harvey-2017,Hurricane Harvey,Hurricane,2017,48201321000,339.0,19661544.97,4956794.03,9727.56,24628066.56,72649.16
harvey-2017,Hurricane Harvey,Hurricane,2017,48201321100,125.0,7568188.77,3338101.53,0.0,10906290.3,87250.32
harvey-2017,Hurricane Harvey,Hurricane,2017,48201321200,16.0,835632.97,315586.46,0.0,1151219.43,71951.21
harvey-2017,Hurricane Harvey,Hurricane,2017,48201321300,110.129,1988628.23,390895.22,0.0,2379523.45,21606.6
harvey-2017,Hurricane Harvey,Hurricane,2017,48201321401,63.876,3653020.36,649003.57,0.0,4302023.93,67349.36
harvey-2017,Hurricane Harvey,Hurricane,2017,48201321402,82.945,3767355.09,819658.54,0.0,4587013.63,55302.09
harvey-2017,Hurricane Harvey,Hurricane,2017,48201321500,20.0,1644093.94,213513.0,0.0,1857606.94,92880.35
harvey-2017,Hurricane Harvey,Hurricane,2017,48201321600,172.0,12612991.78,3053800.27,0.0,15666792.05,91086.0
harvey-2017,Hurricane Harvey,Hurricane,2017,48201321700,34.05,1332041.46,176148.6,0.0,1508190.06,44293.89
harvey-2017,Hurricane Harvey,Hurricane,2017,48201321800,18.0,1119726.73,362232.4,0.0,1481959.13,82331.06
harvey-2017,Hurricane Harvey,Hurricane,2017,48201321900,43.0,1738248.71,625405.34,0.0,2363654.05,54968.7
harvey-2017,Hurricane Harvey,Hurricane,2017,48201322000,4.0,46141.88,17436.1,0.0,63577.98,15894.5
harvey-2017,Hurricane Harvey,Hurricane,2017,48201322100,29.0,1525505.64,528112.31,0.0,2053617.95,70814.41
harvey-2017,Hurricane Harvey,Hurricane,2017,48201322200,10.0,769816.75,140150.61,0.0,909967.36,90996.74
harvey-2017,Hurricane Harvey,Hurricane,2017,48201322600,51.0,1942282.35,511289.73,0.0,2453572.08,48109.26
harvey-2017,Hurricane Harvey,Hurricane,2017,48201322700,53.0,2208490.89,584107.71,0.0,2792598.6,52690.54
harvey-2017,Hurricane Harvey,Hurricane,2017,48201322800,72.0,3107807.48,880200.89,0.0,3988008.37,55389.01
harvey-2017,Hurricane Harvey,Hurricane,2017,48201322900,11.0,406778.92,114066.59,0.0,520845.51,47349.59
harvey-2017,Hurricane Harvey,Hurricane,2017,48201323000,6.0,161710.75,13008.78,0.0,174719.53,29119.92
harvey-2017,Hurricane Harvey,Hurricane,2017,48201323100,8.0,321795.92,42599.28,0.0,364395.2,45549.4
harvey-2017,Hurricane Harvey,Hurricane,2017,48201323200,30.0,1244371.45,413206.33,0.0,1657577.78,55252.59
harvey-2017,Hurricane Harvey,Hurricane,2017,48201323300,11.0,331793.18,15856.92,0.0,347650.1,31604.55
harvey-2017,Hurricane Harvey,Hurricane,2017,48201323400,45.0,2462574.32,378697.34,0.0,2841271.66,63139.37
harvey-2017,Hurricane Harvey,Hurricane,2017,48201323500,94.0,5681081.04,633982.75,0.0,6315063.79,67181.53
harvey-2017,Hurricane Harvey,Hurricane,2017,48201323600,109.245,5054038.75,1220926.39,0.0,6274965.15,57439.59
harvey-2017,Hurricane Harvey,Hurricane,2017,48201323701,17.0,1089682.79,348529.14,0.0,1438211.93,84600.7
harvey-2017,Hurricane Harvey,Hurricane,2017,48201323702,15.0,575209.94,73453.01,0.0,648662.95,43244.2
harvey-2017,Hurricane Harvey,Hurricane,2017,48201323801,16.0,649614.05,101710.26,0.0,751324.31,46957.77
harvey-2017,Hurricane Harvey,Hurricane,2017,48201323802,59.0,2808978.76,1002611.37,0.0,3811590.13,64603.22
harvey-2017,Hurricane Harvey,Hurricane,2017,48201323900,19.0,1103865.38,138559.92,0.0,1242425.3,65390.81
harvey-2017,Hurricane Harvey,Hurricane,2017,48201324000,138.755,7958725.82,2528304.72,0.0,10487030.53,75579.26
harvey-2017,Hurricane Harvey,Hurricane,2017,48201324100,31.355,2787970.59,2279852.86,0.0,5067823.44,161629.15
harvey-2017,Hurricane Harvey,Hurricane,2017,48201324200,3.0,138803.13,64656.63,0.0,203459.76,67815.08
harvey-2017,Hurricane Harvey,Hurricane,2017,48201330100,24.0,212326.57,32756.84,0.0,245083.41,10211.81
harvey-2017,Hurricane Harvey,Hurricane,2017,48201330200,12.279,549683.19,196700.56,748.77,747132.51,60846.51
harvey-2017,Hurricane Harvey,Hurricane,2017,48201330301,6.001,0.0,0.0,0.0,0.0,0.0
harvey-2017,Hurricane Harvey,Hurricane,2017,48201330302,42.827,1224224.66,147366.81,0.0,1371591.47,32026.09
harvey-2017,Hurricane Harvey,Hurricane,2017,48201330303,1.463,5472.78,716.38,0.0,6189.16,4229.98
harvey-2017,Hurricane Harvey,Hurricane,2017,48201330400,24.0,699880.11,226130.22,0.0,926010.33,38583.76
harvey-2017,Hurricane Harvey,Hurricane,2017,48201330500,16.0,196863.39,46281.54,0.0,243144.93,15196.56
harvey-2017,Hurricane Harvey,Hurricane,2017,48201330600,24.0,256185.4,30436.82,0.0,286622.22,11942.59
harvey-2017,Hurricane Harvey,Hurricane,2017,48201330700,9.0,119465.26,4000.0,0.0,123465.26,13718.36
harvey-2017,Hurricane Harvey,Hurricane,2017,48201330800,178.952,5726204.12,1744689.96,0.0,7470894.08,41748.12
harvey-2017,Hurricane Harvey,Hurricane,2017,48201330900,16.0,475085.62,85650.01,0.0,560735.63,35045.98
harvey-2017,Hurricane Harvey,Hurricane,2017,48201331100,7.0,155962.81,27878.13,0.0,183840.94,26262.99
harvey-2017,Hurricane Harvey,Hurricane,2017,48201331200,9.0,150050.8,47734.53,0.0,197785.33,21976.15
harvey-2017,Hurricane Harvey,Hurricane,2017,48201331300,17.962,178695.08,3969.5,0.0,182664.57,10169.77
harvey-2017,Hurricane Harvey,Hurricane,2017,48201331400,0.038,382.74,8.5,0.0,391.25,10169.77
harvey-2017,Hurricane Harvey,Hurricane,2017,48201331500,27.0,204761.51,24628.58,0.0,229390.09,8495.93
harvey-2017,Hurricane Harvey,Hurricane,2017,48201331601,18.975,153474.98,34404.09,0.0,187879.07,9901.33
harvey-2017,Hurricane Harvey,Hurricane,2017,48201331602,1.979,31478.88,0.0,0.0,31478.88,15910.36
harvey-2017,Hurricane Harvey,Hurricane,2017,48201331700,16.845,89202.52,29268.15,0.0,118470.67,7032.9
harvey-2017,Hurricane Harvey,Hurricane,2017,48201331800,9.0,58186.1,36209.92,0.0,94396.02,10488.45
harvey-2017,Hurricane Harvey,Hurricane,2017,48201331900,9.0,87736.23,6839.84,0.0,94576.07,10508.45
harvey-2017,Hurricane Harvey,Hurricane,2017,48201332000,18.0,437766.89,40188.7,0.0,477955.59,26553.09
harvey-2017,Hurricane Harvey,Hurricane,2017,48201332100,6.0,234315.36,47122.32,0.0,281437.68,46906.28
harvey-2017,Hurricane Harvey,Hurricane,2017,48201332200,34.414,930103.89,209046.35,0.0,1139150.24,33101.62
harvey-2017,Hurricane Harvey,Hurricane,2017,48201332300,37.027,708767.34,61392.48,0.0,770159.82,20800.15
harvey-2017,Hurricane Harvey,Hurricane,2017,48201332400,24.864,385050.53,101454.44,0.0,486504.97,19567.03
harvey-2017,Hurricane Harvey,Hurricane,2017,48201332500,15.538,128515.37,24805.33,0.0,153320.71,9867.27
harvey-2017,Hurricane Harvey,Hurricane,2017,48201332600,20.73,405422.76,55199.57,0.0,460622.33,22219.93
harvey-2017,Hurricane Harvey,Hurricane,2017,48201332700,16.428,569842.27,179912.09,0.0,749754.36,45639.7
harvey-2017,Hurricane Harvey,Hurricane,2017,48201332800,27.0,1545538.17,480670.53,0.0,2026208.7,75044.77
harvey-2017,Hurricane Harvey,Hurricane,2017,48201332900,58.0,602624.49,58893.14,0.0,661517.63,11405.48
harvey-2017,Hurricane Harvey,Hurricane,2017,48201333000,6.0,157692.04,766.48,0.0,158458.52,26409.75
harvey-2017,Hurricane Harvey,Hurricane,2017,48201333100,21.0,1139579.21,412589.01,0.0,1552168.22,73912.77
harvey-2017,Hurricane Harvey,Hurricane,2017,48201333201,6.0,115822.23,74515.46,0.0,190337.69,31722.95
harvey-2017,Hurricane Harvey,Hurricane,2017,48201333202,82.0,6582942.44,1569572.01,0.0,8152514.45,99420.91
harvey-2017,Hurricane Harvey,Hurricane,2017,48201333300,91.0,5122494.06,2738381.99,0.0,7860876.05,86383.25
harvey-2017,Hurricane Harvey,Hurricane,2017,48201333500,10.0,238930.52,52502.93,0.0,291433.45,29143.34
harvey-2017,Hurricane Harvey,Hurricane,2017,48201333600,23.096,891626.41,291280.37,0.0,1182906.77,51215.87
harvey-2017,Hurricane Harvey,Hurricane,2017,48201333700,27.829,1060970.84,292183.11,0.0,1353153.95,48624.7
harvey-2017,Hurricane Harvey,Hurricane,2017,48201333800,275.971,21904837.72,6802457.82,0.0,28707295.53,104023.04
harvey-2017,Hurricane Harvey,Hurricane,2017,48201333901,27.087,1545607.36,611744.17,0.0,2157351.53,79644.16
harvey-2017,Hurricane Harvey,Hurricane,2017,48201333902,72.01,3450355.17,1107011.11,0.0,4557366.28,63287.77
harvey-2017,Hurricane Harvey,Hurricane,2017,48201334001,16.0,853216.11,201660.17,0.0,1054876.28,65929.77
harvey-2017,Hurricane Harvey,Hurricane,2017,48201334002,39.0,1490507.69,400086.18,0.0,1890593.87,48476.77
harvey-2017,Hurricane Harvey,Hurricane,2017,48201334003,91.989,3718337.99,1357545.67,0.0,5075883.66,55179.08
harvey-2017,Hurricane Harvey,Hurricane,2017,48201334100,36.076,1054209.88,292101.41,0.0,1346311.29,37318.96
harvey-2017,Hurricane Harvey,Hurricane,2017,48201340100,55.0,2494892.48,1020898.07,0.0,3515790.55,63923.46
harvey-2017,Hurricane Harvey,Hurricane,2017,48201340201,29.476,1082907.62,451504.38,0.0,1534411.99,52056.46
harvey-2017,Hurricane Harvey,Hurricane,2017,48201340202,21.892,847426.89,196647.47,0.0,1044074.36,47691.42
harvey-2017,Hurricane Harvey,Hurricane,2017,48201340203,14.145,404164.97,72811.95,0.0,476976.91,33720.9
harvey-2017,Hurricane Harvey,Hurricane,2017,48201340301,123.0,15194379.53,4139224.63,0.0,19333604.16,157183.77
harvey-2017,Hurricane Harvey,Hurricane,2017,48201340302,85.487,4939357.21,1336835.92,0.0,6276193.12,73416.98
harvey-2017,Hurricane Harvey,Hurricane,2017,48201340400,10.0,159116.45,0.0,0.0,159116.45,15911.64
harvey-2017,Hurricane Harvey,Hurricane,2017,48201340500,50.0,1619309.96,168680.39,0.0,1787990.35,35759.81
harvey-2017,Hurricane Harvey,Hurricane,2017,48201340600,48.0,748803.85,38605.5,0.0,787409.35,16404.36
harvey-2017,Hurricane Harvey,Hurricane,2017,48201340700,86.0,2589218.58,766326.42,0.0,3355545.0,39017.97
harvey-2017,Hurricane Harvey,Hurricane,2017,48201340800,47.0,1774300.93,549608.86,0.0,2323909.79,49444.89
harvey-2017,Hurricane Harvey,Hurricane,2017,48201340900,31.0,2006626.02,433319.37,0.0,2439945.39,78707.92
harvey-2017,Hurricane Harvey,Hurricane,2017,48201341000,52.0,2069194.44,394731.77,0.0,2463926.21,47383.2
harvey-2017,Hurricane Harvey,Hurricane,2017,48201341100,40.0,2356496.42,836251.47,0.0,3192747.89,79818.7
harvey-2017,Hurricane Harvey,Hurricane,2017,48201341201,50.898,1150820.56,123790.02,29939.97,1304550.55,25630.71
harvey-2017,Hurricane Harvey,Hurricane,2017,48201341202,237.102,12827488.4,3253903.68,30060.03,16111452.11,67951.55
harvey-2017,Hurricane Harvey,Hurricane,2017,48201341301,59.0,1658957.6,187108.34,0.0,1846065.94,31289.25
harvey-2017,Hurricane Harvey,Hurricane,2017,48201341302,10.0,273851.22,67228.56,0.0,341079.78,34107.98
harvey-2017,Hurricane Harvey,Hurricane,2017,48201341400,100.825,2798833.59,582328.13,13140.62,3394302.33,33665.42
harvey-2017,Hurricane Harvey,Hurricane,2017,48201341501,131.665,6793695.46,1976495.56,25.38,8770216.4,66610.18
harvey-2017,Hurricane Harvey,Hurricane,2017,48201341502,61.491,1767859.79,193388.13,0.0,1961247.92,31894.99
harvey-2017,Hurricane Harvey,Hurricane,2017,48201341600,141.514,4500126.53,1053657.35,0.0,5553783.88,39245.34
harvey-2017,Hurricane Harvey,Hurricane,2017,48201341700,131.0,6139050.99,1112879.32,0.0,7251930.31,55358.25
harvey-2017,Hurricane Harvey,Hurricane,2017,48201341800,55.0,1123333.1,344180.29,0.0,1467513.39,26682.06
harvey-2017,Hurricane Harvey,Hurricane,2017,48201342001,43.824,982939.72,222792.54,0.0,1205732.26,27513.01
harvey-2017,Hurricane Harvey,Hurricane,2017,48201342002,43.472,2181055.13,946133.73,0.0,3127188.86,71935.52
harvey-2017,Hurricane Harvey,Hurricane,2017,48201342100,160.704,9202872.43,3552490.51,0.0,12755362.95,79371.88
harvey-2017,Hurricane Harvey,Hurricane,2017,48201342200,40.0,1798090.54,589978.62,0.0,2388069.16,59701.73
harvey-2017,Hurricane Harvey,Hurricane,2017,48201342300,48.947,1572720.7,302665.09,0.0,1875385.79,38314.79
harvey-2017,Hurricane Harvey,Hurricane,2017,48201342400,14.272,444078.52,84841.04,0.0,528919.56,37060.31
harvey-2017,Hurricane Harvey,Hurricane,2017,48201342500,110.781,4817278.03,985027.16,0.0,5802305.19,52376.19
harvey-2017,Hurricane Harvey,Hurricane,2017,48201342700,85.138,3175263.58,791059.06,0.0,3966322.64,46586.73
harvey-2017,Hurricane Harvey,Hurricane,2017,48201342800,25.862,269001.61,26443.16,0.0,295444.77,11424.1
harvey-2017,Hurricane Harvey,Hurricane,2017,48201342900,133.0,4912527.0,1222124.48,0.0,6134651.48,46125.2
harvey-2017,Hurricane Harvey,Hurricane,2017,48201343000,153.723,7224643.04,2252058.3,0.0,9476701.34,61647.93
harvey-2017,Hurricane Harvey,Hurricane,2017,48201343100,21.6,422950.73,44372.66,0.0,467323.39,21635.83
harvey-2017,Hurricane Harvey,Hurricane,2017,48201343200,25.347,181260.17,3218.0,0.0,184478.16,7278.02
harvey-2017,Hurricane Harvey,Hurricane,2017,48201343301,47.0,2409122.03,1045840.58,0.0,3454962.61,73509.84
harvey-2017,Hurricane Harvey,Hurricane,2017,48201343302,25.0,428704.11,55974.56,0.0,484678.67,19387.15
harvey-2017,Hurricane Harvey,Hurricane,2017,48201343600,70.0,3153792.04,599611.86,0.0,3753403.9,53620.06
harvey-2017,Hurricane Harvey,Hurricane,2017,48201343700,55.33,2361117.62,664251.16,0.0,3025368.77,54678.41
harvey-2017,Hurricane Harvey,Hurricane,2017,48201350100,163.979,11906463.46,3815140.83,0.0,15721604.29,95875.61
harvey-2017,Hurricane Harvey,Hurricane,2017,48201350200,651.001,48890294.89,11146833.73,0.0,60037128.61,92222.79
harvey-2017,Hurricane Harvey,Hurricane,2017,48201350300,234.0,12459191.53,4551851.95,0.0,17011043.48,72696.77
harvey-2017,Hurricane Harvey,Hurricane,2017,48201350400,629.0,43566092.59,12143939.1,0.0,55710031.69,88569.21
harvey-2017,Hurricane Harvey,Hurricane,2017,48201350500,506.011,34769669.22,7921411.59,0.0,42691080.8,84367.94
harvey-2017,Hurricane Harvey,Hurricane,2017,48201350601,29.0,1544626.0,255403.31,0.0,1800029.31,62069.98
harvey-2017,Hurricane Harvey,Hurricane,2017,48201350602,79.0,4171142.79,1801782.61,0.0,5972925.4,75606.65
harvey-2017,Hurricane Harvey,Hurricane,2017,48201350700,257.0,31291966.16,12744382.53,54450.32,44090799.01,171559.53
harvey-2017,Hurricane Harvey,Hurricane,2017,48201350801,196.0,15532604.02,6947705.55,30000.0,22510309.57,114848.52
harvey-2017,Hurricane Harvey,Hurricane,2017,48201350802,303.0,36855702.49,16669381.47,60000.0,53585083.96,176848.46
harvey-2017,Hurricane Harvey,Hurricane,2017,48201410100,2.0,93880.2,40063.63,0.0,133943.83,66971.91
harvey-2017,Hurricane Harvey,Hurricane,2017,48201410200,24.0,2901639.86,2050404.87,0.0,4952044.73,206335.2
harvey-2017,Hurricane Harvey,Hurricane,2017,48201410300,9.052,78510.27,51133.85,0.0,129644.12,14322.59
harvey-2017,Hurricane Harvey,Hurricane,2017,48201410401,4.0,28414.79,0.0,0.0,28414.79,7103.7
harvey-2017,Hurricane Harvey,Hurricane,2017,48201410402,7.0,66803.23,12894.31,0.0,79697.54,11385.36
harvey-2017,Hurricane Harvey,Hurricane,2017,48201410500,13.0,58475.41,0.0,0.0,58475.41,4498.11
harvey-2017,Hurricane Harvey,Hurricane,2017,48201410600,3.0,17862.58,0.0,0.0,17862.58,5954.19
harvey-2017,Hurricane Harvey,Hurricane,2017,48201410701,14.0,93178.46,23548.66,0.0,116727.12,8337.65
harvey-2017,Hurricane Harvey,Hurricane,2017,48201410702,8.0,76753.74,9045.05,0.0,85798.79,10724.85
harvey-2017,Hurricane Harvey,Hurricane,2017,48201410800,10.0,259249.23,45602.69,0.0,304851.92,30485.19
harvey-2017,Hurricane Harvey,Hurricane,2017,48201410900,13.0,129630.82,78744.31,0.0,208375.13,16028.86
harvey-2017,Hurricane Harvey,Hurricane,2017,48201411000,10.0,327378.12,59577.64,0.0,386955.76,38695.58
harvey-2017,Hurricane Harvey,Hurricane,2017,48201411100,9.977,297953.49,10110.58,0.0,308064.07,30878.1
harvey-2017,Hurricane Harvey,Hurricane,2017,48201411200,51.971,7885900.86,2024637.95,0.0,9910538.81,190691.8
harvey-2017,Hurricane Harvey,Hurricane,2017,48201411300,33.0,7348222.55,1957936.7,0.0,9306159.25,282004.83
harvey-2017,Hurricane Harvey,Hurricane,2017,48201411400,12.0,98355.6,0.0,0.0,98355.6,8196.3
harvey-2017,Hurricane Harvey,Hurricane,2017,48201411501,11.0,71504.83,665.75,0.0,72170.58,6560.96
harvey-2017,Hurricane Harvey,Hurricane,2017,48201411502,21.0,352229.64,0.0,0.0,352229.64,16772.84
harvey-2017,Hurricane Harvey,Hurricane,2017,48201411600,4.0,13868.48,0.0,0.0,13868.48,3467.12
harvey-2017,Hurricane Harvey,Hurricane,2017,48201411700,3.0,1561.52,0.0,0.0,1561.52,520.51
harvey-2017,Hurricane Harvey,Hurricane,2017,48201411800,11.0,156973.22,436528.91,0.0,593502.13,53954.74
harvey-2017,Hurricane Harvey,Hurricane,2017,48201411900,17.0,743042.14,0.0,0.0,743042.14,43708.6
harvey-2017,Hurricane Harvey,Hurricane,2017,48201412000,46.0,940936.96,502715.6,0.0,1443652.56,31383.75
harvey-2017,Hurricane Harvey,Hurricane,2017,48201412200,40.105,1803595.18,340544.94,0.0,2144140.11,53462.6
harvey-2017,Hurricane Harvey,Hurricane,2017,48201412300,83.0,4458242.25,417989.79,0.0,4876232.04,58749.78
harvey-2017,Hurricane Harvey,Hurricane,2017,48201412400,68.954,3050531.06,556685.07,0.0,3607216.13,52313.14
harvey-2017,Hurricane Harvey,Hurricane,2017,48201412500,10.046,334230.05,85941.2,0.0,420171.25,41825.98
harvey-2017,Hurricane Harvey,Hurricane,2017,48201412600,12.0,34491.38,30618.05,0.0,65109.43,5425.79
harvey-2017,Hurricane Harvey,Hurricane,2017,48201412700,278.0,18108713.15,2878674.04,187647.0,21175034.19,76169.19
harvey-2017,Hurricane Harvey,Hurricane,2017,48201412800,1144.0,120537710.91,28193451.31,798657.61,149529819.83,130707.88
harvey-2017,Hurricane Harvey,Hurricane,2017,48201412900,240.0,28684361.39,6707438.0,68245.43,35460044.82,147750.19
harvey-2017,Hurricane Harvey,Hurricane,2017,48201413000,365.0,42533354.88,10598532.85,988678.1,54120565.83,148275.52
harvey-2017,Hurricane Harvey,Hurricane,2017,48201413100,392.0,34789120.68,9680698.34,691295.6,45161114.62,115206.93
harvey-2017,Hurricane Harvey,Hurricane,2017,48201413201,68.0,9358370.12,2269207.93,85375.06,11712953.11,172249.31
harvey-2017,Hurricane Harvey,Hurricane,2017,48201413202,121.895,11755391.42,1989913.09,0.0,13745304.52,112763.87
harvey-2017,Hurricane Harvey,Hurricane,2017,48201413300,315.979,32287678.65,8025124.82,409125.33,40721928.8,128875.58
harvey-2017,Hurricane Harvey,Hurricane,2017,48201420100,4.0,301840.46,4269.68,0.0,306110.14,76527.54
harvey-2017,Hurricane Harvey,Hurricane,2017,48201420200,4.296,48523.12,9452.59,217.97,58193.67,13544.48
harvey-2017,Hurricane Harvey,Hurricane,2017,48201420300,314.0,46748199.9,10585459.95,168677.3,57502337.15,183128.46
harvey-2017,Hurricane Harvey,Hurricane,2017,48201420400,51.349,4397323.01,1303700.22,30061.92,5731085.15,111611.06
harvey-2017,Hurricane Harvey,Hurricane,2017,48201420500,9.0,961781.12,391036.6,0.0,1352817.72,150313.08
harvey-2017,Hurricane Harvey,Hurricane,2017,48201420600,46.0,3414082.23,753938.29,0.0,4168020.52,90609.14
harvey-2017,Hurricane Harvey,Hurricane,2017,48201420700,718.0,108567610.23,31125758.54,1455233.67,141148602.44,196585.8
harvey-2017,Hurricane Harvey,Hurricane,2017,48201420800,648.967,91570949.57,23944694.46,1231120.65,116746764.68,179896.42
harvey-2017,Hurricane Harvey,Hurricane,2017,48201420900,614.033,44184621.35,8236308.42,362213.39,52783143.16,85961.35
harvey-2017,Hurricane Harvey,Hurricane,2017,48201421000,50.562,1302567.71,73532.26,0.0,1376099.97,27215.91
harvey-2017,Hurricane Harvey,Hurricane,2017,48201421101,1.438,511275.14,636.5,0.0,511911.64,356069.86
harvey-2017,Hurricane Harvey,Hurricane,2017,48201421201,1.0,500000.0,0.0,0.0,500000.0,500000.0
harvey-2017,Hurricane Harvey,Hurricane,2017,48201421202,1.0,42165.33,0.0,0.0,42165.33,42165.33
harvey-2017,Hurricane Harvey,Hurricane,2017,48201421300,5.0,0.0,1937.25,0.0,1937.25,387.45
harvey-2017,Hurricane Harvey,Hurricane,2017,48201421403,4.0,105299.18,10000.0,0.0,115299.18,28824.8
harvey-2017,Hurricane Harvey,Hurricane,2017,48201421500,49.0,2733110.01,200670.22,0.0,2933780.23,59873.07
harvey-2017,Hurricane Harvey,Hurricane,2017,48201421600,49.0,1802469.65,261737.56,0.0,2064207.21,42126.68
harvey-2017,Hurricane Harvey,Hurricane,2017,48201421700,278.0,24338536.33,5726103.16,220100.21,30284739.7,108937.91
harvey-2017,Hurricane Harvey,Hurricane,2017,48201421800,125.0,18013778.91,373541.91,0.0,18387320.82,147098.57
harvey-2017,Hurricane Harvey,Hurricane,2017,48201421900,380.0,43779685.31,12527225.69,150000.0,56456911.0,148570.82
harvey-2017,Hurricane Harvey,Hurricane,2017,48201422000,11.0,224581.63,7670.69,0.0,232252.32,21113.85
harvey-2017,Hurricane Harvey,Hurricane,2017,48201422100,234.0,19450856.0,4770421.52,67205.83,24288483.35,103796.94
harvey-2017,Hurricane Harvey,Hurricane,2017,48201422200,6.0,103400.16,0.0,0.0,103400.16,17233.36
harvey-2017,Hurricane Harvey,Hurricane,2017,48201422301,16.0,403984.39,54311.42,0.0,458295.81,28643.49
harvey-2017,Hurricane Harvey,Hurricane,2017,48201422302,149.0,11478021.22,2491236.66,89319.64,14058577.52,94352.87
harvey-2017,Hurricane Harvey,Hurricane,2017,48201422401,32.0,2354517.57,129929.33,0.0,2484446.9,77638.97
harvey-2017,Hurricane Harvey,Hurricane,2017,48201422402,187.0,17786736.44,2801787.4,60000.0,20648523.84,110419.91
harvey-2017,Hurricane Harvey,Hurricane,2017,48201422500,47.0,1769593.28,282925.39,0.0,2052518.67,43670.61
harvey-2017,Hurricane Harvey,Hurricane,2017,48201422600,608.0,48385023.27,9482672.52,156447.78,58024143.57,95434.45
harvey-2017,Hurricane Harvey,Hurricane,2017,48201422701,41.0,1121930.64,63917.62,0.0,1185848.26,28923.13
harvey-2017,Hurricane Harvey,Hurricane,2017,48201422702,7.0,28660.91,347.04,0.0,29007.95,4143.99
harvey-2017,Hurricane Harvey,Hurricane,2017,48201422800,31.0,391872.59,107410.6,0.0,499283.19,16105.91
harvey-2017,Hurricane Harvey,Hurricane,2017,48201422900,262.0,17897593.15,2386335.29,0.0,20283928.44,77419.57
harvey-2017,Hurricane Harvey,Hurricane,2017,48201423000,186.0,24836695.75,4603342.46,90000.0,29530038.21,158763.65
harvey-2017,Hurricane Harvey,Hurricane,2017,48201423201,26.0,943423.24,196179.75,0.0,1139602.99,43831.51
harvey-2017,Hurricane Harvey,Hurricane,2017,48201423202,17.0,3134315.1,19586.38,0.0,3153901.48,185519.55
harvey-2017,Hurricane Harvey,Hurricane,2017,48201423301,110.0,8766213.16,2233602.21,0.0,10999815.37,99998.32
harvey-2017,Hurricane Harvey,Hurricane,2017,48201423302,38.0,689113.8,130228.22,0.0,819342.02,21561.63
harvey-2017,Hurricane Harvey,Hurricane,2017,48201423401,45.0,991201.29,241624.59,0.0,1232825.88,27396.13
harvey-2017,Hurricane Harvey,Hurricane,2017,48201423402,10.0,81012.71,41308.3,0.0,122321.01,12232.1
harvey-2017,Hurricane Harvey,Hurricane,2017,48201423500,12.0,213351.56,133632.92,0.0,346984.48,28915.37
harvey-2017,Hurricane Harvey,Hurricane,2017,48201423600,52.585,514846.47,69274.18,0.0,584120.65,11108.1
harvey-2017,Hurricane Harvey,Hurricane,2017,48201430100,29.0,3529350.01,681582.73,0.0,4210932.74,145204.58
harvey-2017,Hurricane Harvey,Hurricane,2017,48201430200,32.0,5788348.76,1496249.55,0.0,7284598.31,227643.7
harvey-2017,Hurricane Harvey,Hurricane,2017,48201430300,80.479,12204672.87,3961669.81,0.0,16166342.68,200877.33
harvey-2017,Hurricane Harvey,Hurricane,2017,48201430400,84.216,10492674.91,3078541.22,0.0,13571216.13,161147.42
harvey-2017,Hurricane Harvey,Hurricane,2017,48201430500,5.753,84205.79,0.0,0.0,84205.79,14637.2
harvey-2017,Hurricane Harvey,Hurricane,2017,48201430600,20.293,449228.84,93968.62,0.0,543197.46,26767.76
harvey-2017,Hurricane Harvey,Hurricane,2017,48201430700,7.95,115634.14,0.0,0.0,115634.14,14544.4
harvey-2017,Hurricane Harvey,Hurricane,2017,48201430800,226.028,17548423.08,6283889.09,0.0,23832312.17,105439.76
harvey-2017,Hurricane Harvey,Hurricane,2017,48201430900,400.528,54365468.27,18680884.06,0.0,73046352.32,182375.22
harvey-2017,Hurricane Harvey,Hurricane,2017,48201431000,166.0,22155186.27,7357426.6,0.0,29512612.87,177786.82
harvey-2017,Hurricane Harvey,Hurricane,2017,48201431101,166.0,13857452.44,4394413.88,0.0,18251866.32,109951.0
harvey-2017,Hurricane Harvey,Hurricane,2017,48201431102,13.002,1803674.42,433170.51,0.0,2236844.93,172040.84
harvey-2017,Hurricane Harvey,Hurricane,2017,48201431201,7.983,1349101.6,440198.62,0.0,1789300.22,224137.84
harvey-2017,Hurricane Harvey,Hurricane,2017,48201431202,43.768,3198308.91,806759.89,0.0,4005068.8,91505.83
harvey-2017,Hurricane Harvey,Hurricane,2017,48201431301,1.452,7345.99,958.42,0.0,8304.41,5718.21
harvey-2017,Hurricane Harvey,Hurricane,2017,48201431302,17.548,213155.96,12029.32,0.0,225185.28,12832.73
harvey-2017,Hurricane Harvey,Hurricane,2017,48201431401,1.0,0.0,0.0,0.0,0.0,0.0
harvey-2017,Hurricane Harvey,Hurricane,2017,48201431402,6.0,48083.8,0.0,0.0,48083.8,8013.97
harvey-2017,Hurricane Harvey,Hurricane,2017,48201431501,7.0,3992.57,0.0,0.0,3992.57,570.37
harvey-2017,Hurricane Harvey,Hurricane,2017,48201431502,18.0,347247.26,0.0,0.0,347247.26,19291.51
harvey-2017,Hurricane Harvey,Hurricane,2017,48201431600,99.0,17101840.13,5063382.46,0.0,22165222.59,223891.14
harvey-2017,Hurricane Harvey,Hurricane,2017,48201431700,106.97,16417996.2,4782117.06,0.0,21200113.26,198186.65
harvey-2017,Hurricane Harvey,Hurricane,2017,48201431801,11.0,751701.23,161410.92,0.0,913112.15,83010.2
harvey-2017,Hurricane Harvey,Hurricane,2017,48201431802,2.03,11351.89,37386.46,0.0,48738.35,24014.24
harvey-2017,Hurricane Harvey,Hurricane,2017,48201431900,2.0,0.0,0.0,0.0,0.0,0.0
harvey-2017,Hurricane Harvey,Hurricane,2017,48201432001,13.0,190033.52,16931.99,0.0,206965.51,15920.42
harvey-2017,Hurricane Harvey,Hurricane,2017,48201432100,4.0,26800.46,3810.68,0.0,30611.14,7652.78
harvey-2017,Hurricane Harvey,Hurricane,2017,48201432200,35.0,845824.49,159011.9,0.0,1004836.39,28709.61
harvey-2017,Hurricane Harvey,Hurricane,2017,48201432300,3.0,39155.33,3739.11,0.0,42894.44,14298.15
harvey-2017,Hurricane Harvey,Hurricane,2017,48201432400,2.0,8060.29,0.0,0.0,8060.29,4030.14
harvey-2017,Hurricane Harvey,Hurricane,2017,48201432500,4.0,20965.54,3794.14,0.0,24759.68,6189.92
harvey-2017,Hurricane Harvey,Hurricane,2017,48201432600,18.0,433389.34,120095.09,0.0,553484.43,30749.14
harvey-2017,Hurricane Harvey,Hurricane,2017,48201432701,1.015,0.0,50.6,0.0,50.6,49.83
harvey-2017,Hurricane Harvey,Hurricane,2017,48201432702,69.985,3398909.11,685075.32,0.0,4083984.43,58355.52
harvey-2017,Hurricane Harvey,Hurricane,2017,48201432801,5.0,887136.54,313847.22,0.0,1200983.76,240196.75
harvey-2017,Hurricane Harvey,Hurricane,2017,48201432802,1.0,0.0,0.0,0.0,0.0,0.0
harvey-2017,Hurricane Harvey,Hurricane,2017,48201432901,3.0,0.0,330100.0,0.0,330100.0,110033.33
harvey-2017,Hurricane Harvey,Hurricane,2017,48201432902,1.0,10495.19,0.0,0.0,10495.19,10495.19
harvey-2017,Hurricane Harvey,Hurricane,2017,48201433001,1.0,0.0,0.0,0.0,0.0,0.0
harvey-2017,Hurricane Harvey,Hurricane,2017,48201433003,1.0,0.0,0.0,0.0,0.0,0.0
harvey-2017,Hurricane Harvey,Hurricane,2017,48201433100,7.0,1317.89,21781.35,0.0,23099.24,3299.89
harvey-2017,Hurricane Harvey,Hurricane,2017,48201433201,22.0,210202.65,44882.89,0.0,255085.54,11594.8
harvey-2017,Hurricane Harvey,Hurricane,2017,48201433202,6.0,34375.99,4712.72,0.0,39088.71,6514.78
harvey-2017,Hurricane Harvey,Hurricane,2017,48201433300,10.0,67487.65,0.0,0.0,67487.65,6748.76
harvey-2017,Hurricane Harvey,Hurricane,2017,48201433400,25.0,950135.0,125546.81,0.0,1075681.81,43027.27
harvey-2017,Hurricane Harvey,Hurricane,2017,48201433501,24.0,61872.03,0.0,0.0,61872.03,2578.0
harvey-2017,Hurricane Harvey,Hurricane,2017,48201440100,57.0,2795624.12,623391.88,0.0,3419016.0,59982.74
harvey-2017,Hurricane Harvey,Hurricane,2017,48201450100,11.0,160403.58,49734.41,0.0,210137.99,19103.45
harvey-2017,Hurricane Harvey,Hurricane,2017,48201450200,107.0,4180357.93,764673.96,0.0,4945031.89,46215.25
harvey-2017,Hurricane Harvey,Hurricane,2017,48201450300,29.0,1836110.3,96941.58,0.0,1933051.88,66656.96
harvey-2017,Hurricane Harvey,Hurricane,2017,48201450400,114.0,24057046.18,2063672.74,0.0,26120718.92,229129.11
harvey-2017,Hurricane Harvey,Hurricane,2017,48201450500,398.0,81743361.42,29413062.2,0.0,111156423.62,279287.5
harvey-2017,Hurricane Harvey,Hurricane,2017,48201450600,377.0,64392179.1,22270932.41,30000.0,86693111.51,229955.2
harvey-2017,Hurricane Harvey,Hurricane,2017,48201450700,722.0,127085827.57,43598815.96,29791.23,170714434.76,236446.59
harvey-2017,Hurricane Harvey,Hurricane,2017,48201450801,137.0,27553879.03,8505323.98,0.0,36059203.01,263205.86
harvey-2017,Hurricane Harvey,Hurricane,2017,48201450802,159.0,19426311.8,6550810.93,0.0,25977122.73,163378.13
harvey-2017,Hurricane Harvey,Hurricane,2017,48201450900,21.0,317591.48,96048.88,0.0,413640.36,19697.16
harvey-2017,Hurricane Harvey,Hurricane,2017,48201451001,21.0,1754376.58,43758.89,0.0,1798135.47,85625.5
harvey-2017,Hurricane Harvey,Hurricane,2017,48201451002,4.0,2267.34,2526.77,0.0,4794.11,1198.53
harvey-2017,Hurricane Harvey,Hurricane,2017,48201451100,126.113,6160633.08,2579732.91,0.0,8740365.99,69305.98
harvey-2017,Hurricane Harvey,Hurricane,2017,48201451200,231.887,29277241.47,9668469.92,0.0,38945711.39,167951.05
harvey-2017,Hurricane Harvey,Hurricane,2017,48201451300,45.0,625292.95,99454.85,0.0,724747.8,16105.51
harvey-2017,Hurricane Harvey,Hurricane,2017,48201451401,10.0,78957.66,50533.66,0.0,129491.32,12949.13
harvey-2017,Hurricane Harvey,Hurricane,2017,48201451402,8.0,35766.53,0.0,0.0,35766.53,4470.82
harvey-2017,Hurricane Harvey,Hurricane,2017,48201451403,3.0,0.0,0.0,0.0,0.0,0.0
harvey-2017,Hurricane Harvey,Hurricane,2017,48201451500,156.0,19358021.48,5418908.14,0.0,24776929.62,158826.47
harvey-2017,Hurricane Harvey,Hurricane,2017,48201451601,132.0,16073946.78,5528753.09,0.0,21602699.87,163656.82
harvey-2017,Hurricane Harvey,Hurricane,2017,48201451602,14.0,52901.08,0.0,0.0,52901.08,3778.65
harvey-2017,Hurricane Harvey,Hurricane,2017,48201451700,15.0,124707.13,9572.51,0.0,134279.64,8951.98
harvey-2017,Hurricane Harvey,Hurricane,2017,48201451800,40.0,320731.97,26493.68,0.0,347225.65,8680.64
harvey-2017,Hurricane Harvey,Hurricane,2017,48201451901,64.0,657005.17,165893.17,0.0,822898.34,12857.79
harvey-2017,Hurricane Harvey,Hurricane,2017,48201451902,6.0,20186.67,0.0,0.0,20186.67,3364.44
harvey-2017,Hurricane Harvey,Hurricane,2017,48201452000,47.0,386026.28,9872.52,0.0,395898.8,8423.38
harvey-2017,Hurricane Harvey,Hurricane,2017,48201452100,7.0,7195.66,1879.04,0.0,9074.7,1296.39
harvey-2017,Hurricane Harvey,Hurricane,2017,48201452201,1.0,0.0,0.0,0.0,0.0,0.0
harvey-2017,Hurricane Harvey,Hurricane,2017,48201452202,2.0,200860.24,0.0,0.0,200860.24,100430.12
harvey-2017,Hurricane Harvey,Hurricane,2017,48201452300,12.0,51963.59,17600.0,0.0,69563.59,5796.97
harvey-2017,Hurricane Harvey,Hurricane,2017,48201452400,62.0,649543.05,80953.73,0.0,730496.78,11782.21
harvey-2017,Hurricane Harvey,Hurricane,2017,48201452500,24.0,75430.31,0.0,0.0,75430.31,3142.93
harvey-2017,Hurricane Harvey,Hurricane,2017,48201452600,3.0,20000.0,8000.0,0.0,28000.0,9333.33
harvey-2017,Hurricane Harvey,Hurricane,2017,48201452700,9.0,126590.97,39967.9,0.0,166558.87,18506.54
harvey-2017,Hurricane Harvey,Hurricane,2017,48201452801,4.0,126663.73,17462.78,0.0,144126.51,36031.63
harvey-2017,Hurricane Harvey,Hurricane,2017,48201452802,5.0,23430.13,0.0,0.0,23430.13,4686.03
harvey-2017,Hurricane Harvey,Hurricane,2017,48201452900,37.0,449154.08,54211.4,0.0,503365.48,13604.47
harvey-2017,Hurricane Harvey,Hurricane,2017,48201453000,100.0,1718760.64,113736.42,0.0,1832497.06,18324.97
harvey-2017,Hurricane Harvey,Hurricane,2017,48201453100,47.0,129792.74,55662.93,0.0,185455.67,3945.87
harvey-2017,Hurricane Harvey,Hurricane,2017,48201453200,25.0,399288.69,46486.09,0.0,445774.78,17830.99
harvey-2017,Hurricane Harvey,Hurricane,2017,48201453300,23.0,3027774.74,1406355.27,0.0,4434130.01,192788.26
harvey-2017,Hurricane Harvey,Hurricane,2017,48201453401,22.965,1060096.83,158467.05,0.0,1218563.88,53062.22
harvey-2017,Hurricane Harvey,Hurricane,2017,48201453402,59.0,1434220.41,253962.86,0.0,1688183.27,28613.28
harvey-2017,Hurricane Harvey,Hurricane,2017,48201453403,7.0,176455.13,48034.48,0.0,224489.61,32069.94
harvey-2017,Hurricane Harvey,Hurricane,2017,48201453501,21.808,304269.88,96941.99,0.0,401211.87,18397.39
harvey-2017,Hurricane Harvey,Hurricane,2017,48201453502,28.0,521337.68,170551.11,0.0,691888.79,24710.31
harvey-2017,Hurricane Harvey,Hurricane,2017,48201453601,8.0,117987.6,28399.81,0.0,146387.41,18298.43
harvey-2017,Hurricane Harvey,Hurricane,2017,48201453602,39.0,317094.92,4850.25,0.0,321945.17,8255.0
harvey-2017,Hurricane Harvey,Hurricane,2017,48201453700,52.0,580298.12,37857.98,0.0,618156.1,11887.62
harvey-2017,Hurricane Harvey,Hurricane,2017,48201453800,45.841,579117.57,45011.15,0.0,624128.72,13615.18
harvey-2017,Hurricane Harvey,Hurricane,2017,48201453900,10.0,108106.75,21997.57,0.0,130104.32,13010.43
harvey-2017,Hurricane Harvey,Hurricane,2017,48201454000,5.0,14849.97,0.0,0.0,14849.97,2969.99
harvey-2017,Hurricane Harvey,Hurricane,2017,48201454100,48.0,482235.43,25105.0,0.0,507340.43,10569.59
harvey-2017,Hurricane Harvey,Hurricane,2017,48201454200,7.0,36754.36,10092.62,0.0,46846.98,6692.43
harvey-2017,Hurricane Harvey,Hurricane,2017,48201454301,15.0,58957.05,0.0,0.0,58957.05,3930.47
harvey-2017,Hurricane Harvey,Hurricane,2017,48201454302,5.0,9413.29,0.0,0.0,9413.29,1882.66
harvey-2017,Hurricane Harvey,Hurricane,2017,48201454400,1.937,146281.09,32607.02,0.0,178888.11,92343.69
harvey-2017,Hurricane Harvey,Hurricane,2017,48201454501,139.927,12559478.3,3864558.95,0.0,16424037.24,117376.04
harvey-2017,Hurricane Harvey,Hurricane,2017,48201454502,72.0,6034981.81,2440697.07,0.0,8475678.88,117717.76
harvey-2017,Hurricane Harvey,Hurricane,2017,48201454600,9.722,156878.84,0.0,0.0,156878.84,16136.97
harvey-2017,Hurricane Harvey,Hurricane,2017,48201454700,28.0,868343.9,144766.3,0.0,1013110.2,36182.51
harvey-2017,Hurricane Harvey,Hurricane,2017,48201454800,40.0,1466376.79,403458.56,0.0,1869835.35,46745.88
harvey-2017,Hurricane Harvey,Hurricane,2017,48201454900,26.0,1172349.04,502205.61,0.0,1674554.65,64405.95
harvey-2017,Hurricane Harvey,Hurricane,2017,48201455000,2.0,1781.07,0.0,0.0,1781.07,890.54
harvey-2017,Hurricane Harvey,Hurricane,2017,48201455101,36.0,2267350.96,542767.74,0.0,2810118.7,78058.85
harvey-2017,Hurricane Harvey,Hurricane,2017,48201455102,6.122,75096.52,194.26,0.0,75290.78,12297.78
harvey-2017,Hurricane Harvey,Hurricane,2017,48201455200,12.112,165103.54,8847.04,0.0,173950.58,14362.12
harvey-2017,Hurricane Harvey,Hurricane,2017,48201455300,3.626,161724.18,42330.83,0.0,204055.01,56273.12
harvey-2017,Hurricane Harvey,Hurricane,2017,48201510100,14.32,407136.84,19324.88,174.69,426636.41,29793.6
harvey-2017,Hurricane Harvey,Hurricane,2017,48201510200,33.0,2495237.79,569471.78,30000.0,3094709.57,93779.08
harvey-2017,Hurricane Harvey,Hurricane,2017,48201510300,124.75,10588260.63,964156.39,59825.31,11612242.33,93084.45
harvey-2017,Hurricane Harvey,Hurricane,2017,48201510400,12.0,197228.42,26056.64,0.0,223285.06,18607.09
harvey-2017,Hurricane Harvey,Hurricane,2017,48201510500,19.0,1190692.09,665957.95,0.0,1856650.04,97718.42
harvey-2017,Hurricane Harvey,Hurricane,2017,48201510600,40.0,1116395.24,74076.4,0.0,1190471.64,29761.79
harvey-2017,Hurricane Harvey,Hurricane,2017,48201510700,17.076,801418.48,231099.48,0.0,1032517.96,60464.83
harvey-2017,Hurricane Harvey,Hurricane,2017,48201510800,73.924,12902436.41,1274196.34,0.0,14176632.75,191773.96
harvey-2017,Hurricane Harvey,Hurricane,2017,48201510900,229.0,15658672.38,3617611.69,60000.0,19336284.07,84437.92
harvey-2017,Hurricane Harvey,Hurricane,2017,48201511001,11.005,120470.16,80194.69,0.0,200664.85,18234.45
harvey-2017,Hurricane Harvey,Hurricane,2017,48201511002,55.0,3514047.83,917458.86,30000.0,4461506.69,81118.3
harvey-2017,Hurricane Harvey,Hurricane,2017,48201511100,114.0,5532183.79,752978.35,0.0,6285162.14,55133.0
harvey-2017,Hurricane Harvey,Hurricane,2017,48201511200,302.0,11925243.48,2759320.01,228750.0,14913313.49,49381.83
harvey-2017,Hurricane Harvey,Hurricane,2017,48201511301,10.0,61083.73,71489.71,0.0,132573.44,13257.34
harvey-2017,Hurricane Harvey,Hurricane,2017,48201511302,5.0,101703.02,5771.84,0.0,107474.86,21494.97
harvey-2017,Hurricane Harvey,Hurricane,2017,48201511400,23.0,435320.34,91391.89,0.0,526712.23,22900.53
harvey-2017,Hurricane Harvey,Hurricane,2017,48201511500,17.0,471558.25,0.0,0.0,471558.25,27738.72
harvey-2017,Hurricane Harvey,Hurricane,2017,48201511600,40.0,1872814.06,259041.99,0.0,2131856.05,53296.4
harvey-2017,Hurricane Harvey,Hurricane,2017,48201520100,6.0,67027.78,4735.79,0.0,71763.57,11960.6
harvey-2017,Hurricane Harvey,Hurricane,2017,48201520200,4.0,53159.74,0.0,0.0,53159.74,13289.94
harvey-2017,Hurricane Harvey,Hurricane,2017,48201520300,5.0,80473.07,0.0,0.0,80473.07,16094.61
harvey-2017,Hurricane Harvey,Hurricane,2017,48201520400,3.0,42684.16,22850.86,0.0,65535.02,21845.01
harvey-2017,Hurricane Harvey,Hurricane,2017,48201520500,7.996,325058.61,50408.0,0.0,375466.6,46955.81
harvey-2017,Hurricane Harvey,Hurricane,2017,48201520601,1.0,0.0,0.0,0.0,0.0,0.0
harvey-2017,Hurricane Harvey,Hurricane,2017,48201520602,3.0,4455.83,0.0,0.0,4455.83,1485.28
harvey-2017,Hurricane Harvey,Hurricane,2017,48201520700,2.0,13339.49,268.14,0.0,13607.63,6804.02
harvey-2017,Hurricane Harvey,Hurricane,2017,48201521000,1.973,335.27,0.0,0.0,335.27,169.97
harvey-2017,Hurricane Harvey,Hurricane,2017,48201521100,1.0,2546.03,0.0,0.0,2546.03,2546.03
harvey-2017,Hurricane Harvey,Hurricane,2017,48201521200,4.0,64523.45,23352.99,0.0,87876.44,21969.11
harvey-2017,Hurricane Harvey,Hurricane,2017,48201521300,14.0,540308.83,97756.86,0.0,638065.69,45576.12
harvey-2017,Hurricane Harvey,Hurricane,2017,48201521400,59.0,1515555.34,292340.6,0.0,1807895.94,30642.3
harvey-2017,Hurricane Harvey,Hurricane,2017,48201521500,14.0,201922.24,27886.31,0.0,229808.55,16414.9
harvey-2017,Hurricane Harvey,Hurricane,2017,48201521600,3.0,29057.0,0.0,0.0,29057.0,9685.67
harvey-2017,Hurricane Harvey,Hurricane,2017,48201521700,20.0,539603.44,362407.15,0.0,902010.59,45100.53
harvey-2017,Hurricane Harvey,Hurricane,2017,48201521800,8.0,276866.85,30395.71,0.0,307262.56,38407.82
harvey-2017,Hurricane Harvey,Hurricane,2017,48201521900,11.0,38240.34,0.0,0.0,38240.34,3476.39
harvey-2017,Hurricane Harvey,Hurricane,2017,48201522000,6.0,269630.76,0.0,0.0,269630.76,44938.46
harvey-2017,Hurricane Harvey,Hurricane,2017,48201522100,14.0,335010.2,98864.47,0.0,433874.67,30991.05
harvey-2017,Hurricane Harvey,Hurricane,2017,48201522201,3.0,85454.8,17602.36,0.0,103057.16,34352.39
harvey-2017,Hurricane Harvey,Hurricane,2017,48201522202,4.0,13274.06,0.0,0.0,13274.06,3318.52
harvey-2017,Hurricane Harvey,Hurricane,2017,48201522301,13.0,202109.3,20502.54,0.0,222611.84,17123.99
harvey-2017,Hurricane Harvey,Hurricane,2017,48201522302,31.0,1322066.51,319693.04,0.0,1641759.55,52959.99
harvey-2017,Hurricane Harvey,Hurricane,2017,48201522401,6.0,166748.18,7840.77,0.0,174588.95,29098.16
harvey-2017,Hurricane Harvey,Hurricane,2017,48201522402,3.913,18600.37,0.0,0.0,18600.37,4753.07
harvey-2017,Hurricane Harvey,Hurricane,2017,48201522500,15.028,71073.85,0.01,0.0,71073.86,4729.58
harvey-2017,Hurricane Harvey,Hurricane,2017,48201530100,53.999,3948496.59,518427.49,0.0,4466924.08,82722.17
harvey-2017,Hurricane Harvey,Hurricane,2017,48201530200,30.0,4034212.42,414518.96,0.0,4448731.38,148291.05
harvey-2017,Hurricane Harvey,Hurricane,2017,48201530300,36.0,710611.31,35296.35,0.0,745907.66,20719.66
harvey-2017,Hurricane Harvey,Hurricane,2017,48201530400,60.0,2829181.42,436575.76,0.0,3265757.18,54429.29
harvey-2017,Hurricane Harvey,Hurricane,2017,48201530500,172.0,9705416.62,1440348.54,0.0,11145765.16,64800.96
harvey-2017,Hurricane Harvey,Hurricane,2017,48201530600,15.98,458631.14,31659.61,0.0,490290.75,30681.8
harvey-2017,Hurricane Harvey,Hurricane,2017,48201530700,58.0,2247162.72,924574.88,0.0,3171737.6,54685.13
harvey-2017,Hurricane Harvey,Hurricane,2017,48201530800,49.02,999100.76,150405.24,0.0,1149506.0,23449.67
harvey-2017,Hurricane Harvey,Hurricane,2017,48201530900,36.0,1160838.29,109358.06,0.0,1270196.35,35283.23
harvey-2017,Hurricane Harvey,Hurricane,2017,48201531000,19.0,799305.98,126800.41,0.0,926106.39,48742.44
harvey-2017,Hurricane Harvey,Hurricane,2017,48201531100,13.0,299648.86,13030.8,0.0,312679.66,24052.28
harvey-2017,Hurricane Harvey,Hurricane,2017,48201531200,90.0,5179666.72,736408.84,5775.0,5921850.56,65798.34
harvey-2017,Hurricane Harvey,Hurricane,2017,48201531300,53.0,3557988.66,851757.71,30000.0,4439746.37,83768.8
harvey-2017,Hurricane Harvey,Hurricane,2017,48201531400,126.0,9137350.89,1449441.12,0.0,10586792.01,84022.16
harvey-2017,Hurricane Harvey,Hurricane,2017,48201531500,1.0,0.0,0.0,0.0,0.0,0.0
harvey-2017,Hurricane Harvey,Hurricane,2017,48201531600,52.0,4646371.16,1548237.27,0.0,6194608.43,119127.09
harvey-2017,Hurricane Harvey,Hurricane,2017,48201531700,16.0,365443.33,22715.09,0.0,388158.42,24259.9
harvey-2017,Hurricane Harvey,Hurricane,2017,48201531800,12.0,269665.58,54879.68,0.0,324545.26,27045.44
harvey-2017,Hurricane Harvey,Hurricane,2017,48201531900,26.0,822572.54,265881.03,0.0,1088453.57,41863.6
harvey-2017,Hurricane Harvey,Hurricane,2017,48201532001,145.267,11179436.76,2804377.73,0.0,13983814.49,96262.85
harvey-2017,Hurricane Harvey,Hurricane,2017,48201532002,34.733,1999432.95,357069.12,0.0,2356502.07,67846.19
harvey-2017,Hurricane Harvey,Hurricane,2017,48201532100,11.0,280581.44,0.0,0.0,280581.44,25507.4
harvey-2017,Hurricane Harvey,Hurricane,2017,48201532200,3.0,46835.2,28498.04,0.0,75333.24,25111.08
harvey-2017,Hurricane Harvey,Hurricane,2017,48201532300,22.0,272045.46,19870.55,0.0,291916.01,13268.91
harvey-2017,Hurricane Harvey,Hurricane,2017,48201532400,227.0,10186733.46,2635456.85,0.0,12822190.31,56485.42
harvey-2017,Hurricane Harvey,Hurricane,2017,48201532501,21.0,152218.14,18290.34,0.0,170508.48,8119.45
harvey-2017,Hurricane Harvey,Hurricane,2017,48201532502,117.0,4458273.39,718958.91,0.0,5177232.3,44249.85
harvey-2017,Hurricane Harvey,Hurricane,2017,48201532600,10.0,92473.44,23586.76,0.0,116060.2,11606.02
harvey-2017,Hurricane Harvey,Hurricane,2017,48201532700,304.0,19399196.73,3952595.39,30000.0,23381792.12,76913.79
harvey-2017,Hurricane Harvey,Hurricane,2017,48201532800,50.0,2377913.55,895446.68,0.0,3273360.23,65467.2
harvey-2017,Hurricane Harvey,Hurricane,2017,48201532900,4.0,16205.31,0.0,0.0,16205.31,4051.33
harvey-2017,Hurricane Harvey,Hurricane,2017,48201533000,2.0,0.0,0.0,0.0,0.0,0.0
harvey-2017,Hurricane Harvey,Hurricane,2017,48201533100,41.0,954176.84,243806.06,0.0,1197982.9,29219.1
harvey-2017,Hurricane Harvey,Hurricane,2017,48201533200,15.0,666895.57,291402.64,0.0,958298.21,63886.55
harvey-2017,Hurricane Harvey,Hurricane,2017,48201533300,23.0,805044.65,397055.75,0.0,1202100.4,52265.23
harvey-2017,Hurricane Harvey,Hurricane,2017,48201533400,12.563,118347.33,4783.78,0.0,123131.11,9801.03
harvey-2017,Hurricane Harvey,Hurricane,2017,48201533500,72.0,3719487.98,1151588.75,0.0,4871076.73,67653.84
harvey-2017,Hurricane Harvey,Hurricane,2017,48201533600,36.0,2388907.76,549378.28,0.0,2938286.04,81619.06
harvey-2017,Hurricane Harvey,Hurricane,2017,48201533701,9.002,441636.82,82470.49,0.0,524107.31,58223.64
harvey-2017,Hurricane Harvey,Hurricane,2017,48201533702,56.998,2820275.13,1131627.82,0.0,3951902.95,69333.61
harvey-2017,Hurricane Harvey,Hurricane,2017,48201533801,46.0,1601064.11,335113.75,0.0,1936177.86,42090.82
harvey-2017,Hurricane Harvey,Hurricane,2017,48201533802,44.0,1408756.35,294974.93,0.0,1703731.28,38721.17
harvey-2017,Hurricane Harvey,Hurricane,2017,48201533901,4.0,38048.57,6200.04,0.0,44248.61,11062.15
harvey-2017,Hurricane Harvey,Hurricane,2017,48201533902,1.0,4987.49,0.0,0.0,4987.49,4987.49
harvey-2017,Hurricane Harvey,Hurricane,2017,48201534001,21.437,980617.34,148609.18,0.0,1129226.52,52676.71
harvey-2017,Hurricane Harvey,Hurricane,2017,48201534002,4.013,71901.79,31873.22,0.0,103775.01,25857.49
harvey-2017,Hurricane Harvey,Hurricane,2017,48201534003,0.987,6755.85,6829.58,0.0,13585.43,13769.17
harvey-2017,Hurricane Harvey,Hurricane,2017,48201534100,13.0,703397.58,18626.34,0.0,722023.92,55540.3
harvey-2017,Hurricane Harvey,Hurricane,2017,48201534201,5.35,16778.0,10750.29,0.0,27528.3,5145.89
harvey-2017,Hurricane Harvey,Hurricane,2017,48201534202,39.65,242139.33,10291.39,0.0,252430.71,6366.4
harvey-2017,Hurricane Harvey,Hurricane,2017,48201534203,7.0,291978.53,403850.96,0.0,695829.49,99404.21
harvey-2017,Hurricane Harvey,Hurricane,2017,48201540100,207.714,15646115.91,3708305.67,0.0,19354421.58,93178.28
harvey-2017,Hurricane Harvey,Hurricane,2017,48201540200,11.0,67111.11,10619.25,0.0,77730.36,7066.4
harvey-2017,Hurricane Harvey,Hurricane,2017,48201540501,73.0,7230529.54,2502788.37,0.0,9733317.91,133333.12
harvey-2017,Hurricane Harvey,Hurricane,2017,48201540502,497.738,60775032.47,22935914.15,0.0,83710946.62,168182.77
harvey-2017,Hurricane Harvey,Hurricane,2017,48201540601,286.719,26541670.02,10936109.17,0.0,37477779.19,130712.6
harvey-2017,Hurricane Harvey,Hurricane,2017,48201540602,23.0,1312583.65,544811.09,0.0,1857394.74,80756.29
harvey-2017,Hurricane Harvey,Hurricane,2017,48201540700,321.543,35745218.28,13671796.22,0.0,49417014.5,153687.06
harvey-2017,Hurricane Harvey,Hurricane,2017,48201540800,9.95,884497.23,399291.72,0.0,1283788.95,129026.73
harvey-2017,Hurricane Harvey,Hurricane,2017,48201540901,10.0,190163.57,28087.59,0.0,218251.16,21825.12
harvey-2017,Hurricane Harvey,Hurricane,2017,48201540902,13.003,301543.69,89278.81,0.0,390822.5,30055.76
harvey-2017,Hurricane Harvey,Hurricane,2017,48201541001,6.0,3052.5,12208.62,0.0,15261.12,2543.52
harvey-2017,Hurricane Harvey,Hurricane,2017,48201541002,16.524,633745.06,267199.25,0.0,900944.31,54524.63
harvey-2017,Hurricane Harvey,Hurricane,2017,48201541003,63.476,2893934.46,1196800.66,0.0,4090735.12,64445.0
harvey-2017,Hurricane Harvey,Hurricane,2017,48201541100,8.0,46779.71,0.0,0.0,46779.71,5847.46
harvey-2017,Hurricane Harvey,Hurricane,2017,48201541201,6.0,5671.96,729.79,0.0,6401.75,1066.96
harvey-2017,Hurricane Harvey,Hurricane,2017,48201541202,5.0,0.0,0.0,0.0,0.0,0.0
harvey-2017,Hurricane Harvey,Hurricane,2017,48201541203,3.0,2110.72,0.0,0.0,2110.72,703.57
harvey-2017,Hurricane Harvey,Hurricane,2017,48201541300,6.0,222843.57,83028.57,0.0,305872.14,50978.69
harvey-2017,Hurricane Harvey,Hurricane,2017,48201541400,62.0,1567654.07,354233.96,0.0,1921888.03,30998.19
harvey-2017,Hurricane Harvey,Hurricane,2017,48201541500,5.0,395799.26,2904.85,0.0,398704.11,79740.82
harvey-2017,Hurricane Harvey,Hurricane,2017,48201541601,16.331,447405.16,156300.52,0.0,603705.68,36966.41
harvey-2017,Hurricane Harvey,Hurricane,2017,48201541602,44.669,2553001.23,1170981.88,0.0,3723983.11,83368.77
harvey-2017,Hurricane Harvey,Hurricane,2017,48201541700,206.998,32618399.76,7639760.14,0.0,40258159.91,194485.8
harvey-2017,Hurricane Harvey,Hurricane,2017,48201541800,132.138,11355535.41,1012746.1,0.0,12368281.51,93601.11
harvey-2017,Hurricane Harvey,Hurricane,2017,48201541900,34.001,1424284.75,384113.88,0.0,1808398.63,53186.35
harvey-2017,Hurricane Harvey,Hurricane,2017,48201542000,153.999,7144718.18,1524219.44,0.0,8668937.62,56292.23
harvey-2017,Hurricane Harvey,Hurricane,2017,48201542101,9.0,82813.02,40000.0,0.0,122813.02,13645.89
harvey-2017,Hurricane Harvey,Hurricane,2017,48201542102,7.0,31218.75,2080.13,0.0,33298.88,4756.98
harvey-2017,Hurricane Harvey,Hurricane,2017,48201542200,36.872,1518694.07,210050.69,0.0,1728744.76,46884.86
harvey-2017,Hurricane Harvey,Hurricane,2017,48201542301,99.0,4925933.51,1022616.69,0.0,5948550.2,60086.37
harvey-2017,Hurricane Harvey,Hurricane,2017,48201542302,74.0,4255156.68,1085485.65,0.0,5340642.33,72170.84
harvey-2017,Hurricane Harvey,Hurricane,2017,48201542400,3.278,548192.75,48550.02,0.0,596742.77,182028.44
harvey-2017,Hurricane Harvey,Hurricane,2017,48201542500,9.034,249022.66,24344.01,0.0,273366.66,30258.29
harvey-2017,Hurricane Harvey,Hurricane,2017,48201542600,8.308,362966.59,145382.76,0.0,508349.35,61190.55
harvey-2017,Hurricane Harvey,Hurricane,2017,48201542700,77.185,5737442.24,1718889.96,30000.0,7486332.2,96992.03
harvey-2017,Hurricane Harvey,Hurricane,2017,48201542800,182.101,15407465.74,3114318.91,0.0,18521784.65,101711.7
harvey-2017,Hurricane Harvey,Hurricane,2017,48201542900,57.128,4299411.45,1154152.16,0.0,5453563.61,95462.41
harvey-2017,Hurricane Harvey,Hurricane,2017,48201543001,25.674,838270.85,248813.71,0.0,1087084.55,42341.35
harvey-2017,Hurricane Harvey,Hurricane,2017,48201543002,210.463,13517634.91,4362409.24,0.0,17880044.15,84955.7
harvey-2017,Hurricane Harvey,Hurricane,2017,48201543003,13.0,193866.1,22693.59,0.0,216559.69,16658.45
harvey-2017,Hurricane Harvey,Hurricane,2017,48201543100,25.999,1764263.16,552179.56,0.0,2316442.72,89098.67
harvey-2017,Hurricane Harvey,Hurricane,2017,48201543200,92.087,4574333.18,884348.85,0.0,5458682.03,59277.66
harvey-2017,Hurricane Harvey,Hurricane,2017,48201550100,30.0,0.0,0.0,0.0,0.0,0.0
harvey-2017,Hurricane Harvey,Hurricane,2017,48201550302,3.0,37928.64,6699.49,0.0,44628.13,14876.04
harvey-2017,Hurricane Harvey,Hurricane,2017,48201550401,1.0,0.0,0.0,0.0,0.0,0.0
harvey-2017,Hurricane Harvey,Hurricane,2017,48201550402,8.0,46110.06,10000.0,0.0,56110.06,7013.76
harvey-2017,Hurricane Harvey,Hurricane,2017,48201550500,1.0,0.0,0.0,0.0,0.0,0.0
harvey-2017,Hurricane Harvey,Hurricane,2017,48201550601,5.0,17835.08,25568.23,0.0,43403.31,8680.66
harvey-2017,Hurricane Harvey,Hurricane,2017,48201550602,3.0,7415.75,98.79,0.0,7514.54,2504.85
harvey-2017,Hurricane Harvey,Hurricane,2017,48201550603,8.0,187920.64,13865.65,0.0,201786.29,25223.29
harvey-2017,Hurricane Harvey,Hurricane,2017,48201550700,49.0,1290812.59,299255.78,0.0,1590068.37,32450.37
harvey-2017,Hurricane Harvey,Hurricane,2017,48201550800,37.0,692094.13,80623.3,0.0,772717.43,20884.25
harvey-2017,Hurricane Harvey,Hurricane,2017,48201550900,14.0,259682.18,10042.85,0.0,269725.03,19266.07
harvey-2017,Hurricane Harvey,Hurricane,2017,48201551000,1.0,0.0,0.0,0.0,0.0,0.0
harvey-2017,Hurricane Harvey,Hurricane,2017,48201551100,8.0,52774.46,0.0,0.0,52774.46,6596.81
harvey-2017,Hurricane Harvey,Hurricane,2017,48201551200,9.0,101903.77,83360.48,0.0,185264.25,20584.92
harvey-2017,Hurricane Harvey,Hurricane,2017,48201551300,4.0,39883.94,0.0,0.0,39883.94,9970.98
harvey-2017,Hurricane Harvey,Hurricane,2017,48201551400,10.0,322885.72,293027.2,0.0,615912.92,61591.29
harvey-2017,Hurricane Harvey,Hurricane,2017,48201551500,19.0,742192.73,84203.27,0.0,826396.0,43494.53
harvey-2017,Hurricane Harvey,Hurricane,2017,48201551600,4.0,128972.43,68981.13,0.0,197953.56,49488.39
harvey-2017,Hurricane Harvey,Hurricane,2017,48201551701,5.0,5004.55,12000.0,0.0,17004.55,3400.91
harvey-2017,Hurricane Harvey,Hurricane,2017,48201551702,4.0,0.0,0.0,0.0,0.0,0.0
harvey-2017,Hurricane Harvey,Hurricane,2017,48201551703,3.0,9989.98,0.0,0.0,9989.98,3329.99
harvey-2017,Hurricane Harvey,Hurricane,2017,48201551800,19.333,190095.7,8547.62,0.0,198643.32,10274.79
harvey-2017,Hurricane Harvey,Hurricane,2017,48201551900,1.0,0.0,0.0,0.0,0.0,0.0
harvey-2017,Hurricane Harvey,Hurricane,2017,48201552001,9.0,24010.74,0.0,0.0,24010.74,2667.86
harvey-2017,Hurricane Harvey,Hurricane,2017,48201552002,1.0,0.0,0.0,0.0,0.0,0.0
harvey-2017,Hurricane Harvey,Hurricane,2017,48201552101,2.0,12419.39,13853.78,0.0,26273.17,13136.58
harvey-2017,Hurricane Harvey,Hurricane,2017,48201552102,128.0,6741281.84,1788013.31,0.0,8529295.15,66635.12
harvey-2017,Hurricane Harvey,Hurricane,2017,48201552103,8.0,125657.06,390.03,0.0,126047.09,15755.89
harvey-2017,Hurricane Harvey,Hurricane,2017,48201552200,108.0,10064310.37,3367721.91,0.0,13432032.28,124370.67
harvey-2017,Hurricane Harvey,Hurricane,2017,48201552301,270.0,24555311.06,7889840.01,0.0,32445151.07,120167.23
harvey-2017,Hurricane Harvey,Hurricane,2017,48201552302,66.0,7480673.22,2384124.0,0.0,9864797.22,149466.62
harvey-2017,Hurricane Harvey,Hurricane,2017,48201552400,74.0,4904654.38,1008555.43,0.0,5913209.81,79908.24
harvey-2017,Hurricane Harvey,Hurricane,2017,48201552500,7.0,0.0,0.0,0.0,0.0,0.0
harvey-2017,Hurricane Harvey,Hurricane,2017,48201552601,8.319,269121.79,14575.7,0.0,283697.48,34102.21
harvey-2017,Hurricane Harvey,Hurricane,2017,48201552602,326.681,42268436.21,14924994.46,0.0,57193430.68,175074.27
harvey-2017,Hurricane Harvey,Hurricane,2017,48201552700,112.0,21307294.53,3482658.64,0.0,24789953.17,221338.87
harvey-2017,Hurricane Harvey,Hurricane,2017,48201552800,125.0,19849667.57,6366887.29,0.0,26216554.86,209732.44
harvey-2017,Hurricane Harvey,Hurricane,2017,48201552900,92.384,16990072.41,5802690.86,0.0,22792763.27,246717.89
harvey-2017,Hurricane Harvey,Hurricane,2017,48201553001,38.145,3387448.4,849310.91,0.0,4236759.31,111070.87
harvey-2017,Hurricane Harvey,Hurricane,2017,48201553002,166.863,26549484.71,8364091.16,0.0,34913575.87,209235.37
harvey-2017,Hurricane Harvey,Hurricane,2017,48201553100,232.993,38333200.44,8817492.83,0.0,47150693.28,202369.86
harvey-2017,Hurricane Harvey,Hurricane,2017,48201553200,195.0,29811093.44,6409801.62,24213.67,36245108.73,185872.35
harvey-2017,Hurricane Harvey,Hurricane,2017,48201553300,7.0,2790783.68,44000.0,0.0,2834783.68,404969.1
harvey-2017,Hurricane Harvey,Hurricane,2017,48201553401,162.548,22344047.51,7643500.22,23151.37,30010699.1,184626.31
harvey-2017,Hurricane Harvey,Hurricane,2017,48201553402,25.41,1369460.78,440855.37,343.19,1810659.33,71258.92
harvey-2017,Hurricane Harvey,Hurricane,2017,48201553403,8.042,149665.12,20111.41,5.99,169782.53,21111.74
harvey-2017,Hurricane Harvey,Hurricane,2017,48201553500,46.0,1800297.24,593288.51,0.0,2393585.75,52034.47
harvey-2017,Hurricane Harvey,Hurricane,2017,48201553600,26.0,3309278.86,742742.15,0.0,4052021.01,155846.96
harvey-2017,Hurricane Harvey,Hurricane,2017,48201553700,403.0,77167965.17,28162831.28,0.0,105330796.45,261366.74
harvey-2017,Hurricane Harvey,Hurricane,2017,48201553801,5.0,62312.44,0.0,0.0,62312.44,12462.49
harvey-2017,Hurricane Harvey,Hurricane,2017,48201553802,5.0,9213.13,0.0,0.0,9213.13,1842.63
harvey-2017,Hurricane Harvey,Hurricane,2017,48201553900,19.785,199002.36,6345.59,0.0,205347.95,10378.77
harvey-2017,Hurricane Harvey,Hurricane,2017,48201554001,57.616,8339422.15,2342129.36,0.0,10681551.51,185391.81
harvey-2017,Hurricane Harvey,Hurricane,2017,48201554002,42.0,3886305.1,1594331.5,0.0,5480636.6,130491.35
harvey-2017,Hurricane Harvey,Hurricane,2017,48201554101,4.214,117229.23,14197.1,0.0,131426.33,31187.9
harvey-2017,Hurricane Harvey,Hurricane,2017,48201554102,7.001,79226.18,7775.42,0.0,87001.6,12427.74
harvey-2017,Hurricane Harvey,Hurricane,2017,48201554200,14.729,851392.1,100055.73,0.0,951447.83,64597.27
harvey-2017,Hurricane Harvey,Hurricane,2017,48201554301,291.279,35891276.02,11658066.72,0.0,47549342.74,163243.43
harvey-2017,Hurricane Harvey,Hurricane,2017,48201554302,232.0,27456211.63,11253854.09,0.0,38710065.72,166853.73
harvey-2017,Hurricane Harvey,Hurricane,2017,48201554401,349.968,32187015.74,8903047.92,0.0,41090063.66,117410.75
harvey-2017,Hurricane Harvey,Hurricane,2017,48201554402,117.0,8649285.18,2223408.64,0.0,10872693.82,92929.01
harvey-2017,Hurricane Harvey,Hurricane,2017,48201554403,16.0,1314880.23,222147.08,0.0,1537027.31,96064.21
harvey-2017,Hurricane Harvey,Hurricane,2017,48201554501,157.0,17742423.19,3368366.11,0.0,21110789.3,134463.63
harvey-2017,Hurricane Harvey,Hurricane,2017,48201554502,18.009,1551241.99,437096.53,0.0,1988338.52,110410.52
harvey-2017,Hurricane Harvey,Hurricane,2017,48201554600,8.0,74204.6,1500.0,0.0,75704.6,9463.08
harvey-2017,Hurricane Harvey,Hurricane,2017,48201554700,3.992,2382.13,5839.83,0.0,8221.96,2059.44
harvey-2017,Hurricane Harvey,Hurricane,2017,48201554801,33.048,1410459.16,375448.87,0.0,1785908.03,54040.41
harvey-2017,Hurricane Harvey,Hurricane,2017,48201554802,30.994,2513483.92,718014.41,0.0,3231498.33,104262.58
harvey-2017,Hurricane Harvey,Hurricane,2017,48201554901,19.988,1136918.88,274810.51,0.0,1411729.39,70629.6
harvey-2017,Hurricane Harvey,Hurricane,2017,48201554902,49.012,6092602.52,1480932.89,0.0,7573535.41,154523.43
harvey-2017,Hurricane Harvey,Hurricane,2017,48201554903,4.006,1109.83,35.12,0.0,1144.95,285.8
harvey-2017,Hurricane Harvey,Hurricane,2017,48201555000,6.0,25129.85,0.0,0.0,25129.85,4188.31
harvey-2017,Hurricane Harvey,Hurricane,2017,48201555100,8.0,331879.06,44432.37,0.0,376311.43,47038.93
harvey-2017,Hurricane Harvey,Hurricane,2017,48201555200,20.0,1480730.43,321100.74,0.0,1801831.17,90091.56
harvey-2017,Hurricane Harvey,Hurricane,2017,48201555301,49.753,6969418.51,1711763.69,0.0,8681182.2,174486.82
harvey-2017,Hurricane Harvey,Hurricane,2017,48201555302,31.247,3559561.84,878886.22,0.0,4438448.06,142042.39
harvey-2017,Hurricane Harvey,Hurricane,2017,48201555303,186.0,23471133.49,7538813.52,0.0,31009947.01,166720.15
harvey-2017,Hurricane Harvey,Hurricane,2017,48201555401,3.0,22488.19,230.49,0.0,22718.68,7573.07
harvey-2017,Hurricane Harvey,Hurricane,2017,48201555402,10.012,271237.0,5611.99,0.0,276848.98,27653.06
harvey-2017,Hurricane Harvey,Hurricane,2017,48201555501,17.923,821512.24,138679.68,0.0,960191.92,53572.18
harvey-2017,Hurricane Harvey,Hurricane,2017,48201555502,15.018,438552.02,94185.54,0.0,532737.56,35474.26
harvey-2017,Hurricane Harvey,Hurricane,2017,48201555600,52.0,3847129.93,1017094.24,0.0,4864224.17,93542.77
harvey-2017,Hurricane Harvey,Hurricane,2017,48201555701,11.941,228705.14,0.0,0.0,228705.14,19153.06
harvey-2017,Hurricane Harvey,Hurricane,2017,48201555702,4.959,0.0,0.0,0.0,0.0,0.0
harvey-2017,Hurricane Harvey,Hurricane,2017,48201556000,16.987,296245.26,86167.25,0.0,382412.51,22512.45
harvey-2017,Hurricane Harvey,Hurricane,2017,48201980000,4.276,20797.39,2908.6,0.0,23705.99,5543.81
harvey-2017,Hurricane Harvey,Hurricane,2017,48201980100,17.804,1794771.06,542019.1,782.12,2337572.28,131291.96
harvey-2017,Hurricane Harvey,Hurricane,2017,48209010303,5.0,0.0,0.0,0.0,0.0,0.0
harvey-2017,Hurricane Harvey,Hurricane,2017,48209010803,1.0,0.0,0.0,0.0,0.0,0.0
harvey-2017,Hurricane Harvey,Hurricane,2017,48213950903,1.0,0.0,0.0,0.0,0.0,0.0
harvey-2017,Hurricane Harvey,Hurricane,2017,48215021904,1.0,0.0,0.0,0.0,0.0,0.0
harvey-2017,Hurricane Harvey,Hurricane,2017,48219950200,1.0,0.0,0.0,0.0,0.0,0.0
harvey-2017,Hurricane Harvey,Hurricane,2017,48239950100,12.0,99822.14,12076.94,0.0,111899.08,9324.92
harvey-2017,Hurricane Harvey,Hurricane,2017,48239950200,4.0,0.0,0.0,0.0,0.0,0.0
harvey-2017,Hurricane Harvey,Hurricane,2017,48239950300,14.0,158273.29,36660.36,0.0,194933.65,13923.83
harvey-2017,Hurricane Harvey,Hurricane,2017,48241950100,3.0,22714.18,2631.86,0.0,25346.04,8448.86
harvey-2017,Hurricane Harvey,Hurricane,2017,48241950200,2.0,88754.57,6521.31,0.0,95275.88,47636.43
harvey-2017,Hurricane Harvey,Hurricane,2017,48241950300,0.0,15.49,5.63,0.0,21.12,46071.65
harvey-2017,Hurricane Harvey,Hurricane,2017,48241950400,6.0,202783.76,73625.04,0.0,276408.8,46071.65
harvey-2017,Hurricane Harvey,Hurricane,2017,48241950500,2.0,53900.0,13400.0,0.0,67300.0,33650.0
harvey-2017,Hurricane Harvey,Hurricane,2017,48241950600,16.0,732229.6,241131.12,0.0,973360.72,60835.04
harvey-2017,Hurricane Harvey,Hurricane,2017,48241950700,19.999,925944.11,430383.2,0.0,1356327.3,67818.82
harvey-2017,Hurricane Harvey,Hurricane,2017,48241950800,10.001,294603.01,165252.61,0.0,459855.63,45982.23
harvey-2017,Hurricane Harvey,Hurricane,2017,48245000101,128.0,10289326.3,4698235.88,8887.13,14996449.31,117159.76
harvey-2017,Hurricane Harvey,Hurricane,2017,48245000102,21.0,1624246.47,730770.75,0.0,2355017.22,112143.68
harvey-2017,Hurricane Harvey,Hurricane,2017,48245000103,10.0,127593.54,62724.02,0.0,190317.56,19031.76
harvey-2017,Hurricane Harvey,Hurricane,2017,48245000200,17.0,305168.74,123207.43,0.0,428376.17,25198.6
harvey-2017,Hurricane Harvey,Hurricane,2017,48245000302,68.102,1387121.13,464722.23,0.0,1851843.36,27192.05
harvey-2017,Hurricane Harvey,Hurricane,2017,48245000304,97.383,4222961.86,1496012.76,0.0,5718974.61,58726.6
harvey-2017,Hurricane Harvey,Hurricane,2017,48245000306,63.0,3273102.77,340623.29,0.0,3613726.06,57360.73
harvey-2017,Hurricane Harvey,Hurricane,2017,48245000307,19.0,78039.63,23236.9,0.0,101276.53,5330.34
harvey-2017,Hurricane Harvey,Hurricane,2017,48245000308,26.898,154437.12,7566.89,0.0,162004.01,6022.99
harvey-2017,Hurricane Harvey,Hurricane,2017,48245000309,11.003,25570.37,110.1,0.0,25680.47,2334.03
harvey-2017,Hurricane Harvey,Hurricane,2017,48245000310,32.0,443161.57,61090.74,0.0,504252.31,15757.88
harvey-2017,Hurricane Harvey,Hurricane,2017,48245000400,35.01,542414.49,66845.28,0.0,609259.77,17402.41
harvey-2017,Hurricane Harvey,Hurricane,2017,48245000500,11.0,27738.94,18094.85,0.0,45833.79,4166.71
harvey-2017,Hurricane Harvey,Hurricane,2017,48245000600,10.0,66850.27,1159.12,0.0,68009.39,6800.94
harvey-2017,Hurricane Harvey,Hurricane,2017,48245000700,38.0,2873276.72,755766.75,0.0,3629043.47,95501.14
harvey-2017,Hurricane Harvey,Hurricane,2017,48245001100,10.89,338597.8,24463.53,0.0,363061.32,33337.66
harvey-2017,Hurricane Harvey,Hurricane,2017,48245001200,13.988,412734.72,268401.46,0.0,681136.18,48693.16
harvey-2017,Hurricane Harvey,Hurricane,2017,48245001301,53.0,1716469.04,447496.77,0.0,2163965.81,40829.54
harvey-2017,Hurricane Harvey,Hurricane,2017,48245001302,46.0,1260024.38,422111.88,0.0,1682136.26,36568.18
harvey-2017,Hurricane Harvey,Hurricane,2017,48245001303,67.0,3657063.91,1126610.13,0.0,4783674.04,71398.12
harvey-2017,Hurricane Harvey,Hurricane,2017,48245001700,7.0,88129.19,30000.0,0.0,118129.19,16875.6
harvey-2017,Hurricane Harvey,Hurricane,2017,48245001900,2.0,0.0,0.0,0.0,0.0,0.0
harvey-2017,Hurricane Harvey,Hurricane,2017,48245002000,7.0,75808.42,12772.46,0.0,88580.88,12654.41
harvey-2017,Hurricane Harvey,Hurricane,2017,48245002100,52.0,2943416.99,896728.84,0.0,3840145.83,73848.96
harvey-2017,Hurricane Harvey,Hurricane,2017,48245002200,64.549,4490359.51,2155876.52,0.0,6646236.03,102964.8
harvey-2017,Hurricane Harvey,Hurricane,2017,48245002300,25.451,365498.81,118773.81,0.0,484272.62,19027.37
harvey-2017,Hurricane Harvey,Hurricane,2017,48245002400,7.0,152428.68,28662.13,0.0,181090.81,25870.12
harvey-2017,Hurricane Harvey,Hurricane,2017,48245002500,16.0,501456.04,123311.16,0.0,624767.2,39047.95
harvey-2017,Hurricane Harvey,Hurricane,2017,48245002600,15.0,191734.5,52294.82,0.0,244029.32,16268.62
harvey-2017,Hurricane Harvey,Hurricane,2017,48245005100,64.0,2442154.32,723343.12,0.0,3165497.44,49460.89
harvey-2017,Hurricane Harvey,Hurricane,2017,48245005400,24.0,414230.66,68115.69,0.0,482346.35,20097.76
harvey-2017,Hurricane Harvey,Hurricane,2017,48245005500,58.097,1670723.93,663189.49,0.0,2333913.42,40172.49
harvey-2017,Hurricane Harvey,Hurricane,2017,48245005600,211.0,14375937.81,6073505.39,60000.0,20509443.2,97201.15
harvey-2017,Hurricane Harvey,Hurricane,2017,48245005900,62.0,3933730.73,1874645.42,0.0,5808376.15,93683.49
harvey-2017,Hurricane Harvey,Hurricane,2017,48245006100,68.0,3412407.15,1510379.87,0.0,4922787.02,72393.93
harvey-2017,Hurricane Harvey,Hurricane,2017,48245006300,44.0,2008751.5,804359.93,0.0,2813111.43,63934.35
harvey-2017,Hurricane Harvey,Hurricane,2017,48245006400,62.0,3001910.07,910604.16,0.0,3912514.23,63105.07
harvey-2017,Hurricane Harvey,Hurricane,2017,48245006500,71.903,2058764.26,862376.62,0.0,2921140.88,40626.3
harvey-2017,Hurricane Harvey,Hurricane,2017,48245006600,247.721,26615970.11,6822406.44,0.0,33438376.55,134984.03
harvey-2017,Hurricane Harvey,Hurricane,2017,48245006700,90.0,5253132.5,2318921.73,0.0,7572054.23,84133.94
harvey-2017,Hurricane Harvey,Hurricane,2017,48245006800,158.0,16896303.03,8000207.2,0.0,24896510.23,157572.85
harvey-2017,Hurricane Harvey,Hurricane,2017,48245006900,387.031,31743455.36,13362092.08,6.61,45105554.06,116542.4
harvey-2017,Hurricane Harvey,Hurricane,2017,48245007001,589.0,90818427.93,20439628.78,0.0,111258056.71,188893.14
harvey-2017,Hurricane Harvey,Hurricane,2017,48245007002,432.879,50485415.86,17410603.0,0.0,67896018.86,156847.7
harvey-2017,Hurricane Harvey,Hurricane,2017,48245007100,162.0,7993540.31,3163347.81,0.0,11156888.12,68869.68
harvey-2017,Hurricane Harvey,Hurricane,2017,48245010100,162.0,12327963.43,6176464.96,0.0,18504428.39,114224.87
harvey-2017,Hurricane Harvey,Hurricane,2017,48245010200,35.0,918387.16,238552.85,0.0,1156940.01,33055.43
harvey-2017,Hurricane Harvey,Hurricane,2017,48245010300,142.0,9861590.25,5049932.16,0.0,14911522.41,105010.72
harvey-2017,Hurricane Harvey,Hurricane,2017,48245010400,59.18,1583818.98,530355.89,0.0,2114174.86,35724.68
harvey-2017,Hurricane Harvey,Hurricane,2017,48245010500,165.979,11790414.69,2802135.79,0.0,14592550.48,87917.98
harvey-2017,Hurricane Harvey,Hurricane,2017,48245010600,563.076,39858411.42,19691015.76,0.0,59549427.18,105757.32
harvey-2017,Hurricane Harvey,Hurricane,2017,48245010700,70.459,1445547.0,390258.07,0.0,1835805.06,26054.88
harvey-2017,Hurricane Harvey,Hurricane,2017,48245010800,48.933,1093623.71,257647.96,0.0,1351271.67,27614.78
harvey-2017,Hurricane Harvey,Hurricane,2017,48245010901,58.555,1321687.71,349316.93,0.0,1671004.65,28537.37
harvey-2017,Hurricane Harvey,Hurricane,2017,48245010902,188.218,12431962.68,4851031.98,0.0,17282994.66,91824.19
harvey-2017,Hurricane Harvey,Hurricane,2017,48245011001,133.0,7090810.21,2521776.86,0.0,9612587.07,72275.09
harvey-2017,Hurricane Harvey,Hurricane,2017,48245011002,59.0,1263575.85,652027.41,0.0,1915603.26,32467.85
harvey-2017,Hurricane Harvey,Hurricane,2017,48245011101,169.46,8639753.01,3132159.69,0.0,11771912.7,69467.28
harvey-2017,Hurricane Harvey,Hurricane,2017,48245011102,36.486,1086146.56,294022.13,0.0,1380168.68,37827.51
harvey-2017,Hurricane Harvey,Hurricane,2017,48245011201,293.054,17944377.82,6497840.33,0.0,24442218.15,83405.07
harvey-2017,Hurricane Harvey,Hurricane,2017,48245011202,0.308,0.0,0.0,0.0,0.0,0.0
harvey-2017,Hurricane Harvey,Hurricane,2017,48245011203,0.692,0.0,0.0,0.0,0.0,0.0
harvey-2017,Hurricane Harvey,Hurricane,2017,48245011302,0.925,70119.0,29341.11,1108.02,100568.12,108756.13
harvey-2017,Hurricane Harvey,Hurricane,2017,48245011303,110.0,6939259.52,2858845.96,66228.0,9864333.48,89675.76
harvey-2017,Hurricane Harvey,Hurricane,2017,48245011304,247.076,18735234.15,7839706.35,296052.23,26870992.73,108756.18
harvey-2017,Hurricane Harvey,Hurricane,2017,48245011400,571.614,80738487.12,30816159.5,113489.67,111668136.29,195355.83
harvey-2017,Hurricane Harvey,Hurricane,2017,48245011500,194.0,13281049.66,4682124.68,15000.0,17978174.34,92671.0
harvey-2017,Hurricane Harvey,Hurricane,2017,48245011600,130.987,7851813.32,3788600.74,66901.68,11707315.75,89377.66
harvey-2017,Hurricane Harvey,Hurricane,2017,48245011700,5.111,82558.66,447.36,0.0,83006.01,16240.15
harvey-2017,Hurricane Harvey,Hurricane,2017,48245011800,77.0,2684066.83,1216639.96,0.0,3900706.79,50658.53
harvey-2017,Hurricane Harvey,Hurricane,2017,48245980000,22.982,1810309.63,870146.68,0.0,2680456.31,116634.49
harvey-2017,Hurricane Harvey,Hurricane,2017,48249950300,1.0,0.0,0.0,0.0,0.0,0.0
harvey-2017,Hurricane Harvey,Hurricane,2017,48249950400,1.0,0.0,0.0,0.0,0.0,0.0
harvey-2017,Hurricane Harvey,Hurricane,2017,48259970100,2.0,33243.95,4427.15,0.0,37671.1,18835.55
harvey-2017,Hurricane Harvey,Hurricane,2017,48259970301,1.0,0.0,0.0,0.0,0.0,0.0
harvey-2017,Hurricane Harvey,Hurricane,2017,48265960700,1.0,0.0,0.0,0.0,0.0,0.0
harvey-2017,Hurricane Harvey,Hurricane,2017,48285000200,3.0,0.0,0.0,0.0,0.0,0.0
harvey-2017,Hurricane Harvey,Hurricane,2017,48287000300,11.0,228138.75,32933.27,0.0,261072.02,23733.82
harvey-2017,Hurricane Harvey,Hurricane,2017,48287000400,1.0,7508.08,2424.05,0.0,9932.13,9932.13
harvey-2017,Hurricane Harvey,Hurricane,2017,48291700100,18.0,1412494.85,470896.09,0.0,1883390.94,104632.83
harvey-2017,Hurricane Harvey,Hurricane,2017,48291700200,17.0,978829.44,70919.6,0.0,1049749.04,61749.8
harvey-2017,Hurricane Harvey,Hurricane,2017,48291700300,51.999,4000391.94,914559.67,12125.0,4927076.62,94754.03
harvey-2017,Hurricane Harvey,Hurricane,2017,48291700400,45.999,1898875.78,394534.17,0.0,2293409.95,49857.74
harvey-2017,Hurricane Harvey,Hurricane,2017,48291700500,24.0,354283.73,111164.36,0.0,465448.09,19393.67
harvey-2017,Hurricane Harvey,Hurricane,2017,48291700600,32.0,875927.7,197461.62,0.0,1073389.32,33543.42
harvey-2017,Hurricane Harvey,Hurricane,2017,48291700700,17.0,754980.05,158239.08,0.0,913219.13,53718.77
harvey-2017,Hurricane Harvey,Hurricane,2017,48291700800,46.002,2066120.18,749180.43,0.0,2815300.61,61199.14
harvey-2017,Hurricane Harvey,Hurricane,2017,48291700900,33.0,2044382.95,960433.85,0.0,3004816.8,91055.05
harvey-2017,Hurricane Harvey,Hurricane,2017,48291701000,85.0,4821491.44,1937147.52,0.0,6758638.96,79513.4
harvey-2017,Hurricane Harvey,Hurricane,2017,48291701100,36.0,1281253.16,421041.45,0.0,1702294.61,47285.96
harvey-2017,Hurricane Harvey,Hurricane,2017,48291701200,68.0,3350811.02,1082601.92,0.0,4433412.94,65197.25
harvey-2017,Hurricane Harvey,Hurricane,2017,48291701300,34.0,1784909.64,631388.64,0.0,2416298.28,71067.6
harvey-2017,Hurricane Harvey,Hurricane,2017,48291701400,60.0,2681442.46,803965.99,0.0,3485408.45,58090.14
harvey-2017,Hurricane Harvey,Hurricane,2017,48313000100,1.0,28800.0,4500.0,0.0,33300.0,33300.0
harvey-2017,Hurricane Harvey,Hurricane,2017,48321730100,46.0,824567.54,260921.42,0.0,1085488.96,23597.59
harvey-2017,Hurricane Harvey,Hurricane,2017,48321730201,54.0,1890463.03,778283.2,30000.0,2698746.23,49976.78
harvey-2017,Hurricane Harvey,Hurricane,2017,48321730202,21.0,995456.45,261465.79,7287.13,1264209.37,60200.45
harvey-2017,Hurricane Harvey,Hurricane,2017,48321730301,10.976,245615.1,135770.57,0.0,381385.67,34747.45
harvey-2017,Hurricane Harvey,Hurricane,2017,48321730302,14.002,356109.19,57321.9,0.0,413431.09,29525.83
harvey-2017,Hurricane Harvey,Hurricane,2017,48321730303,8.022,427192.57,92621.34,0.0,519813.91,64800.86
harvey-2017,Hurricane Harvey,Hurricane,2017,48321730400,7.0,38722.11,4591.24,0.0,43313.35,6187.62
harvey-2017,Hurricane Harvey,Hurricane,2017,48321730501,96.0,1401158.43,394272.19,30000.0,1825430.62,19014.9
harvey-2017,Hurricane Harvey,Hurricane,2017,48321730600,28.0,425543.68,64555.89,0.0,490099.57,17503.56
harvey-2017,Hurricane Harvey,Hurricane,2017,48321730700,10.0,77117.64,411.82,0.0,77529.46,7752.95
harvey-2017,Hurricane Harvey,Hurricane,2017,48339690100,72.0,4638076.11,1402092.27,0.0,6040168.38,83891.23
harvey-2017,Hurricane Harvey,Hurricane,2017,48339690201,39.009,1526814.52,352119.16,30000.0,1908933.67,48936.17
harvey-2017,Hurricane Harvey,Hurricane,2017,48339690202,52.002,4366106.18,1412628.98,0.0,5778735.16,111125.65
harvey-2017,Hurricane Harvey,Hurricane,2017,48339690300,8.99,545353.64,141881.07,0.0,687234.71,76448.26
harvey-2017,Hurricane Harvey,Hurricane,2017,48339690401,6.0,187168.74,87821.79,0.0,274990.53,45831.76
harvey-2017,Hurricane Harvey,Hurricane,2017,48339690402,131.0,9378433.55,3119351.11,0.0,12497784.66,95402.94
harvey-2017,Hurricane Harvey,Hurricane,2017,48339690500,8.998,537864.28,130725.21,0.0,668589.49,74306.76
harvey-2017,Hurricane Harvey,Hurricane,2017,48339690601,3.0,0.0,0.0,0.0,0.0,0.0
harvey-2017,Hurricane Harvey,Hurricane,2017,48339690602,53.0,3511599.21,982434.65,30000.0,4524033.86,85359.13
harvey-2017,Hurricane Harvey,Hurricane,2017,48339690700,9.0,195018.92,110508.29,0.0,305527.21,33947.47
harvey-2017,Hurricane Harvey,Hurricane,2017,48339690800,8.0,143536.42,31638.29,0.0,175174.71,21896.84
harvey-2017,Hurricane Harvey,Hurricane,2017,48339690900,7.0,346926.49,75642.94,0.0,422569.43,60367.06
harvey-2017,Hurricane Harvey,Hurricane,2017,48339691000,3.0,0.0,0.0,0.0,0.0,0.0
harvey-2017,Hurricane Harvey,Hurricane,2017,48339691100,2.0,0.0,0.0,0.0,0.0,0.0
harvey-2017,Hurricane Harvey,Hurricane,2017,48339691200,8.0,187048.77,0.0,0.0,187048.77,23381.1
harvey-2017,Hurricane Harvey,Hurricane,2017,48339691301,21.0,1508193.66,419022.96,0.0,1927216.62,91772.22
harvey-2017,Hurricane Harvey,Hurricane,2017,48339691302,33.0,2417881.37,598589.65,0.0,3016471.02,91408.21
harvey-2017,Hurricane Harvey,Hurricane,2017,48339691400,305.0,30907821.91,7831156.72,150000.0,38888978.63,127504.85
harvey-2017,Hurricane Harvey,Hurricane,2017,48339691500,3.0,33699.98,12426.53,0.0,46126.51,15375.5
harvey-2017,Hurricane Harvey,Hurricane,2017,48339691601,3.0,203117.79,0.0,0.0,203117.79,67705.93
harvey-2017,Hurricane Harvey,Hurricane,2017,48339691602,5.0,39357.59,1636.22,0.0,40993.81,8198.76
harvey-2017,Hurricane Harvey,Hurricane,2017,48339691700,3.0,0.0,5000.0,0.0,5000.0,1666.67
harvey-2017,Hurricane Harvey,Hurricane,2017,48339691800,7.399,519928.85,507309.2,0.0,1027238.05,138842.65
harvey-2017,Hurricane Harvey,Hurricane,2017,48339691900,87.995,12769497.12,2372998.52,0.0,15142495.64,172083.64
harvey-2017,Hurricane Harvey,Hurricane,2017,48339692001,150.086,10670367.74,3185242.94,60000.0,13915610.69,92717.49
harvey-2017,Hurricane Harvey,Hurricane,2017,48339692002,46.961,5859809.91,1479178.33,0.0,7338988.25,156278.3
harvey-2017,Hurricane Harvey,Hurricane,2017,48339692100,180.564,18276409.35,3674030.23,0.0,21950439.57,121566.04
harvey-2017,Hurricane Harvey,Hurricane,2017,48339692200,34.0,2922433.81,585008.35,55085.0,3562527.16,104780.21
harvey-2017,Hurricane Harvey,Hurricane,2017,48339692300,105.932,7989730.63,2091299.06,46880.0,10127909.69,95607.37
harvey-2017,Hurricane Harvey,Hurricane,2017,48339692400,22.068,888159.53,137531.82,0.0,1025691.35,46479.33
harvey-2017,Hurricane Harvey,Hurricane,2017,48339692500,55.002,3399831.72,939667.38,0.0,4339499.1,78896.72
harvey-2017,Hurricane Harvey,Hurricane,2017,48339692601,7.0,42283.33,13972.63,0.0,56255.96,8036.57
harvey-2017,Hurricane Harvey,Hurricane,2017,48339692602,13.998,918113.84,221618.09,0.0,1139731.93,81422.66
harvey-2017,Hurricane Harvey,Hurricane,2017,48339692700,85.972,5906059.41,1724613.22,0.0,7630672.63,88757.4
harvey-2017,Hurricane Harvey,Hurricane,2017,48339692801,87.041,5266272.72,1430921.7,35471.18,6732665.6,77350.9
harvey-2017,Hurricane Harvey,Hurricane,2017,48339692802,41.005,2807965.79,751334.81,0.0,3559300.6,86801.29
harvey-2017,Hurricane Harvey,Hurricane,2017,48339692900,11.982,658363.9,178452.36,14128.82,850945.08,71018.39
harvey-2017,Hurricane Harvey,Hurricane,2017,48339693000,16.0,668528.48,239468.93,0.0,907997.41,56749.84
harvey-2017,Hurricane Harvey,Hurricane,2017,48339693102,3.0,101667.34,3020.17,0.0,104687.51,34895.84
harvey-2017,Hurricane Harvey,Hurricane,2017,48339693200,259.0,35472416.63,8297414.9,0.0,43769831.53,168995.49
harvey-2017,Hurricane Harvey,Hurricane,2017,48339693300,22.0,835024.38,202694.94,30000.0,1067719.32,48532.7
harvey-2017,Hurricane Harvey,Hurricane,2017,48339693500,3.0,30000.0,3702.24,0.0,33702.24,11234.08
harvey-2017,Hurricane Harvey,Hurricane,2017,48339693600,2.0,9963.97,0.0,0.0,9963.97,4981.98
harvey-2017,Hurricane Harvey,Hurricane,2017,48339693700,15.0,1622112.59,255690.3,0.0,1877802.89,125186.86
harvey-2017,Hurricane Harvey,Hurricane,2017,48339693800,1.0,1379.8,0.0,0.0,1379.8,1379.8
harvey-2017,Hurricane Harvey,Hurricane,2017,48339693900,6.0,157454.21,38963.23,0.0,196417.44,32736.24
harvey-2017,Hurricane Harvey,Hurricane,2017,48339694000,3.0,59236.72,4604.02,0.0,63840.74,21280.25
harvey-2017,Hurricane Harvey,Hurricane,2017,48339694101,1.0,15623.98,0.0,0.0,15623.98,15623.98
harvey-2017,Hurricane Harvey,Hurricane,2017,48339694102,1.0,0.0,0.0,0.0,0.0,0.0
harvey-2017,Hurricane Harvey,Hurricane,2017,48339694201,37.0,2355367.33,848223.88,0.0,3203591.21,86583.55
harvey-2017,Hurricane Harvey,Hurricane,2017,48339694202,44.312,2055340.54,455455.49,0.0,2510796.03,56661.9
harvey-2017,Hurricane Harvey,Hurricane,2017,48339694301,139.0,7150591.63,1772938.95,0.0,8923530.58,64198.06
harvey-2017,Hurricane Harvey,Hurricane,2017,48339694302,55.688,1471702.53,460332.75,0.0,1932035.28,34693.86
harvey-2017,Hurricane Harvey,Hurricane,2017,48339694400,24.0,1993992.56,403854.26,0.0,2397846.82,99910.28
harvey-2017,Hurricane Harvey,Hurricane,2017,48339694500,30.002,2556631.58,718375.49,0.0,3275007.07,109158.51
harvey-2017,Hurricane Harvey,Hurricane,2017,48339694600,7.0,632269.21,246501.79,0.0,878771.0,125538.71
harvey-2017,Hurricane Harvey,Hurricane,2017,48339694700,8.0,194420.73,102652.76,0.0,297073.49,37134.19
harvey-2017,Hurricane Harvey,Hurricane,2017,48347950502,1.0,0.0,0.0,0.0,0.0,0.0
harvey-2017,Hurricane Harvey,Hurricane,2017,48351950100,5.0,176272.55,64365.59,0.0,240638.14,48127.63
harvey-2017,Hurricane Harvey,Hurricane,2017,48351950200,26.0,1356373.33,252482.08,30000.0,1638855.41,63032.9
harvey-2017,Hurricane Harvey,Hurricane,2017,48351950300,36.0,1371339.87,289468.08,0.0,1660807.95,46133.55
harvey-2017,Hurricane Harvey,Hurricane,2017,48351950400,184.0,9589792.53,2767645.07,85472.0,12442909.6,67624.51
harvey-2017,Hurricane Harvey,Hurricane,2017,48355000700,1.995,2.94,0.86,0.0,3.8,1.91
harvey-2017,Hurricane Harvey,Hurricane,2017,48355000800,5.99,31.38,0.0,0.0,31.38,5.24
harvey-2017,Hurricane Harvey,Hurricane,2017,48355000900,1.0,8459.77,0.0,0.0,8459.77,8459.77
harvey-2017,Hurricane Harvey,Hurricane,2017,48355001200,8.075,6565.48,0.0,0.0,6565.48,813.09
harvey-2017,Hurricane Harvey,Hurricane,2017,48355001400,5.925,0.0,0.0,0.0,0.0,0.0
harvey-2017,Hurricane Harvey,Hurricane,2017,48355001500,1.0,0.0,0.0,0.0,0.0,0.0
harvey-2017,Hurricane Harvey,Hurricane,2017,48355001601,1.999,638.1,0.0,0.0,638.1,319.21
harvey-2017,Hurricane Harvey,Hurricane,2017,48355001701,1.0,0.0,0.0,0.0,0.0,0.0
harvey-2017,Hurricane Harvey,Hurricane,2017,48355001801,1.0,0.0,0.0,0.0,0.0,0.0
harvey-2017,Hurricane Harvey,Hurricane,2017,48355001902,2.0,0.0,0.0,0.0,0.0,0.0
harvey-2017,Hurricane Harvey,Hurricane,2017,48355002002,1.0,0.0,0.0,0.0,0.0,0.0
harvey-2017,Hurricane Harvey,Hurricane,2017,48355002101,1.0,0.0,0.0,0.0,0.0,0.0
harvey-2017,Hurricane Harvey,Hurricane,2017,48355002102,6.0,0.0,7333.16,0.0,7333.16,1222.19
harvey-2017,Hurricane Harvey,Hurricane,2017,48355002200,1.0,0.0,0.0,0.0,0.0,0.0
harvey-2017,Hurricane Harvey,Hurricane,2017,48355002301,1.0,14739.15,0.0,0.0,14739.15,14739.15
harvey-2017,Hurricane Harvey,Hurricane,2017,48355002400,3.0,58254.59,38369.86,0.0,96624.45,32208.15
harvey-2017,Hurricane Harvey,Hurricane,2017,48355002500,7.0,65578.29,0.0,0.0,65578.29,9368.33
harvey-2017,Hurricane Harvey,Hurricane,2017,48355002601,6.086,47251.79,0.0,0.0,47251.79,7763.7
harvey-2017,Hurricane Harvey,Hurricane,2017,48355002602,2.018,0.0,0.0,0.0,0.0,0.0
harvey-2017,Hurricane Harvey,Hurricane,2017,48355002603,1.0,0.0,0.0,0.0,0.0,0.0
harvey-2017,Hurricane Harvey,Hurricane,2017,48355002703,3.977,5390.82,0.0,0.0,5390.82,1355.66
harvey-2017,Hurricane Harvey,Hurricane,2017,48355002704,9.957,71659.86,0.0,0.0,71659.86,7196.65
harvey-2017,Hurricane Harvey,Hurricane,2017,48355002705,8.914,41678.97,0.0,0.0,41678.97,4675.8
harvey-2017,Hurricane Harvey,Hurricane,2017,48355003001,19.0,0.1,0.02,0.0,0.12,0.01
harvey-2017,Hurricane Harvey,Hurricane,2017,48355003002,9.0,58840.87,14290.24,0.0,73131.11,8125.74
harvey-2017,Hurricane Harvey,Hurricane,2017,48355003101,7.0,253273.27,56444.16,0.0,309717.43,44245.35
harvey-2017,Hurricane Harvey,Hurricane,2017,48355003102,5.0,139290.67,0.0,0.0,139290.67,27858.13
harvey-2017,Hurricane Harvey,Hurricane,2017,48355003202,5.043,14407.62,0.09,0.0,14407.71,2857.17
harvey-2017,Hurricane Harvey,Hurricane,2017,48355003203,2.025,34.21,370.91,0.0,405.12,200.04
harvey-2017,Hurricane Harvey,Hurricane,2017,48355003304,2.0,38892.87,6198.82,0.0,45091.69,22545.84
harvey-2017,Hurricane Harvey,Hurricane,2017,48355003305,1.98,0.0,0.0,0.0,0.0,0.0
harvey-2017,Hurricane Harvey,Hurricane,2017,48355003401,2.0,2501.18,0.0,0.0,2501.18,1250.59
harvey-2017,Hurricane Harvey,Hurricane,2017,48355003500,1.987,0.0,0.0,0.0,0.0,0.0
harvey-2017,Hurricane Harvey,Hurricane,2017,48355003602,1.0,69991.19,15501.89,0.0,85493.08,85493.08
harvey-2017,Hurricane Harvey,Hurricane,2017,48355003603,0.886,0.0,0.0,0.0,0.0,0.0
harvey-2017,Hurricane Harvey,Hurricane,2017,48355003700,1.0,5000.0,508.69,0.0,5508.69,5508.69
harvey-2017,Hurricane Harvey,Hurricane,2017,48355005102,2612.722,109146668.02,29010475.36,227010.5,138384153.88,52965.52
harvey-2017,Hurricane Harvey,Hurricane,2017,48355005404,2.0,0.0,0.0,0.0,0.0,0.0
harvey-2017,Hurricane Harvey,Hurricane,2017,48355005406,2.007,6117.65,0.0,0.0,6117.65,3048.12
harvey-2017,Hurricane Harvey,Hurricane,2017,48355005407,1.0,0.0,0.0,0.0,0.0,0.0
harvey-2017,Hurricane Harvey,Hurricane,2017,48355005409,2.0,2362.29,0.0,0.0,2362.29,1181.14
harvey-2017,Hurricane Harvey,Hurricane,2017,48355005410,1.0,5066.82,8977.19,0.0,14044.01,14044.01
harvey-2017,Hurricane Harvey,Hurricane,2017,48355005411,1.0,0.0,0.0,0.0,0.0,0.0
harvey-2017,Hurricane Harvey,Hurricane,2017,48355005412,5.0,7402.17,0.0,0.0,7402.17,1480.43
harvey-2017,Hurricane Harvey,Hurricane,2017,48355005413,3.0,10137.07,0.0,0.0,10137.07,3379.02
harvey-2017,Hurricane Harvey,Hurricane,2017,48355005415,1.0,0.0,0.0,0.0,0.0,0.0
harvey-2017,Hurricane Harvey,Hurricane,2017,48355005416,3.0,0.0,0.0,0.0,0.0,0.0
harvey-2017,Hurricane Harvey,Hurricane,2017,48355005417,4.0,25608.62,0.0,0.0,25608.62,6402.16
harvey-2017,Hurricane Harvey,Hurricane,2017,48355005601,6.017,27861.48,0.0,0.0,27861.48,4630.36
harvey-2017,Hurricane Harvey,Hurricane,2017,48355005602,39.983,14658.78,0.0,0.0,14658.78,366.63
harvey-2017,Hurricane Harvey,Hurricane,2017,48355005801,2.0,0.0,0.0,0.0,0.0,0.0
harvey-2017,Hurricane Harvey,Hurricane,2017,48355005802,1.116,12043.09,0.0,0.0,12043.09,10792.68
harvey-2017,Hurricane Harvey,Hurricane,2017,48355005900,1.0,29029.56,0.0,0.0,29029.56,29029.56
harvey-2017,Hurricane Harvey,Hurricane,2017,48355006100,1.0,0.0,0.0,0.0,0.0,0.0
harvey-2017,Hurricane Harvey,Hurricane,2017,48355006200,831.278,4928405.6,713550.64,0.0,5641956.24,6787.08
harvey-2017,Hurricane Harvey,Hurricane,2017,48355006300,32.015,74084.23,21630.41,0.0,95714.64,2989.69
harvey-2017,Hurricane Harvey,Hurricane,2017,48355006400,5.003,6.39,1.87,0.0,8.26,1.65
harvey-2017,Hurricane Harvey,Hurricane,2017,48355980000,0.002,0.01,0.0,0.0,0.01,5.05
harvey-2017,Hurricane Harvey,Hurricane,2017,48361020200,203.994,5793068.66,1657299.04,0.0,7450367.7,36522.55
harvey-2017,Hurricane Harvey,Hurricane,2017,48361020300,161.006,8381651.78,3388014.83,0.0,11769666.61,73100.62
harvey-2017,Hurricane Harvey,Hurricane,2017,48361020500,172.0,6809935.06,2178282.02,0.0,8988217.08,52257.08
harvey-2017,Hurricane Harvey,Hurricane,2017,48361020700,196.0,15691790.46,6768349.15,0.0,22460139.61,114592.55
harvey-2017,Hurricane Harvey,Hurricane,2017,48361020800,178.986,19878833.48,8515792.71,38552.0,28433178.19,158856.94
harvey-2017,Hurricane Harvey,Hurricane,2017,48361020900,148.014,11702549.14,4738166.95,3.0,16440719.09,111075.48
harvey-2017,Hurricane Harvey,Hurricane,2017,48361021000,145.0,9027051.96,3289511.21,0.0,12316563.17,84941.81
harvey-2017,Hurricane Harvey,Hurricane,2017,48361021100,53.0,2452471.18,1028043.7,0.0,3480514.88,65670.09
harvey-2017,Hurricane Harvey,Hurricane,2017,48361021200,171.0,12731612.66,6207697.68,0.0,18939310.34,110756.2
harvey-2017,Hurricane Harvey,Hurricane,2017,48361021300,497.0,55086171.55,23631724.44,0.0,78717895.99,158386.11
harvey-2017,Hurricane Harvey,Hurricane,2017,48361021400,170.0,15151400.42,7985214.69,0.0,23136615.11,136097.74
harvey-2017,Hurricane Harvey,Hurricane,2017,48361021501,36.0,2941736.12,1050443.52,0.0,3992179.64,110893.88
harvey-2017,Hurricane Harvey,Hurricane,2017,48361021502,167.986,11411599.08,4186890.4,30000.0,15628489.48,93034.34
harvey-2017,Hurricane Harvey,Hurricane,2017,48361021600,146.269,13404080.07,4657546.04,55182.95,18116809.06,123859.48
harvey-2017,Hurricane Harvey,Hurricane,2017,48361021700,77.731,10871731.85,4259373.35,3334.05,15134439.25,194702.89
harvey-2017,Hurricane Harvey,Hurricane,2017,48361021800,242.014,27763084.92,10924786.3,0.0,38687871.22,159858.15
harvey-2017,Hurricane Harvey,Hurricane,2017,48361021900,249.999,18249347.82,7427310.83,0.0,25676658.65,102707.03
harvey-2017,Hurricane Harvey,Hurricane,2017,48361022000,97.0,6304323.18,2409604.96,30000.0,8743928.14,90143.59
harvey-2017,Hurricane Harvey,Hurricane,2017,48361022200,172.001,12741864.72,6392659.22,0.0,19134523.94,111246.6
harvey-2017,Hurricane Harvey,Hurricane,2017,48361022300,670.0,44323896.51,18824306.9,48825.0,63197028.41,94323.92
harvey-2017,Hurricane Harvey,Hurricane,2017,48361022400,387.0,17352571.46,5951919.73,57811.0,23362302.19,60367.71
harvey-2017,Hurricane Harvey,Hurricane,2017,48373210101,22.0,952649.98,368485.38,0.0,1321135.36,60051.61
harvey-2017,Hurricane Harvey,Hurricane,2017,48373210204,2.0,33910.5,7692.81,0.0,41603.31,20801.66
harvey-2017,Hurricane Harvey,Hurricane,2017,48373210205,1.0,6717.23,0.0,0.0,6717.23,6717.23
harvey-2017,Hurricane Harvey,Hurricane,2017,48373210206,2.0,0.0,0.0,0.0,0.0,0.0
harvey-2017,Hurricane Harvey,Hurricane,2017,48373210301,1.0,4378.47,16775.0,0.0,21153.47,21153.47
harvey-2017,Hurricane Harvey,Hurricane,2017,48373210302,3.0,3956.68,7806.8,0.0,11763.48,3921.16
harvey-2017,Hurricane Harvey,Hurricane,2017,48373210500,2.0,901.61,0.0,0.0,901.61,450.8
harvey-2017,Hurricane Harvey,Hurricane,2017,48391950200,8.998,212876.16,63433.19,0.0,276309.35,30709.43
harvey-2017,Hurricane Harvey,Hurricane,2017,48391950400,30.002,510762.43,200867.72,0.0,711630.15,23719.06
harvey-2017,Hurricane Harvey,Hurricane,2017,48399950500,1.0,79898.83,21430.12,0.0,101328.95,101328.95
harvey-2017,Hurricane Harvey,Hurricane,2017,48405950100,0.081,1293.2,0.0,0.0,1293.2,15941.45
harvey-2017,Hurricane Harvey,Hurricane,2017,48405950200,1.919,30589.7,0.0,0.0,30589.7,15941.45
harvey-2017,Hurricane Harvey,Hurricane,2017,48407200101,13.0,430230.89,166280.59,0.0,596511.48,45885.5
harvey-2017,Hurricane Harvey,Hurricane,2017,48407200102,16.0,852323.58,196729.9,0.0,1049053.48,65565.84
harvey-2017,Hurricane Harvey,Hurricane,2017,48407200200,44.0,1266332.75,273895.03,0.0,1540227.78,35005.18
harvey-2017,Hurricane Harvey,Hurricane,2017,48407200300,4.0,6059.02,1895.44,0.0,7954.46,1988.62
harvey-2017,Hurricane Harvey,Hurricane,2017,48409010201,117.749,1641817.87,387569.09,0.0,2029386.97,17234.89
harvey-2017,Hurricane Harvey,Hurricane,2017,48409010202,45.251,911124.73,284390.11,0.0,1195514.83,26419.48
harvey-2017,Hurricane Harvey,Hurricane,2017,48409010301,35.002,246887.27,26391.68,0.0,273278.95,7807.49
harvey-2017,Hurricane Harvey,Hurricane,2017,48409010302,43.0,587084.48,181148.2,0.0,768232.68,17865.88
harvey-2017,Hurricane Harvey,Hurricane,2017,48409010500,5.997,59424.66,2031.94,0.0,61456.61,10248.19
harvey-2017,Hurricane Harvey,Hurricane,2017,48409010601,11.0,3205.86,202.8,0.0,3408.66,309.88
harvey-2017,Hurricane Harvey,Hurricane,2017,48409010602,16.0,4989.25,816.4,0.0,5805.65,362.85
harvey-2017,Hurricane Harvey,Hurricane,2017,48409010603,6.0,19107.53,2.15,0.0,19109.68,3184.79
harvey-2017,Hurricane Harvey,Hurricane,2017,48409010604,9.0,5000.0,5000.0,0.0,10000.0,1111.11
harvey-2017,Hurricane Harvey,Hurricane,2017,48409010700,28.008,550655.16,206721.11,0.0,757376.27,27041.03
harvey-2017,Hurricane Harvey,Hurricane,2017,48409010800,0.992,0.0,0.0,0.0,0.0,0.0
harvey-2017,Hurricane Harvey,Hurricane,2017,48409010900,3.0,0.0,0.0,0.0,0.0,0.0
harvey-2017,Hurricane Harvey,Hurricane,2017,48409011000,6.0,1353.92,0.0,0.0,1353.92,225.65
harvey-2017,Hurricane Harvey,Hurricane,2017,48423001604,1.0,0.0,0.0,0.0,0.0,0.0
harvey-2017,Hurricane Harvey,Hurricane,2017,48423002004,5.897,0.0,0.0,0.0,0.0,0.0
harvey-2017,Hurricane Harvey,Hurricane,2017,48423002007,0.103,0.0,0.0,0.0,0.0,0.0
harvey-2017,Hurricane Harvey,Hurricane,2017,48439102000,2.0,0.0,0.0,0.0,0.0,0.0
harvey-2017,Hurricane Harvey,Hurricane,2017,48439113403,1.0,0.0,0.0,0.0,0.0,0.0
harvey-2017,Hurricane Harvey,Hurricane,2017,48439114104,0.005,0.0,0.0,0.0,0.0,0.0
harvey-2017,Hurricane Harvey,Hurricane,2017,48439114203,0.995,0.0,0.0,0.0,0.0,0.0
harvey-2017,Hurricane Harvey,Hurricane,2017,48441012802,1.0,0.0,0.0,0.0,0.0,0.0
harvey-2017,Hurricane Harvey,Hurricane,2017,48453000205,1.0,0.0,0.0,0.0,0.0,0.0
harvey-2017,Hurricane Harvey,Hurricane,2017,48453001100,1.0,0.0,0.0,0.0,0.0,0.0
harvey-2017,Hurricane Harvey,Hurricane,2017,48453001200,1.0,0.0,0.0,0.0,0.0,0.0
harvey-2017,Hurricane Harvey,Hurricane,2017,48453001307,0.012,0.0,0.0,0.0,0.0,0.0
harvey-2017,Hurricane Harvey,Hurricane,2017,48453001308,0.015,0.0,0.0,0.0,0.0,0.0
harvey-2017,Hurricane Harvey,Hurricane,2017,48453001501,1.0,0.0,0.0,0.0,0.0,0.0
harvey-2017,Hurricane Harvey,Hurricane,2017,48453001603,1.0,0.0,0.0,0.0,0.0,0.0
harvey-2017,Hurricane Harvey,Hurricane,2017,48453001705,1.0,0.0,0.0,0.0,0.0,0.0
harvey-2017,Hurricane Harvey,Hurricane,2017,48453001718,1.0,0.0,0.0,0.0,0.0,0.0
harvey-2017,Hurricane Harvey,Hurricane,2017,48453001741,2.0,82160.86,38888.21,0.0,121049.07,60524.54
harvey-2017,Hurricane Harvey,Hurricane,2017,48453001742,1.0,0.0,0.0,0.0,0.0,0.0
harvey-2017,Hurricane Harvey,Hurricane,2017,48453001751,1.0,10169.38,0.0,0.0,10169.38,10169.38
harvey-2017,Hurricane Harvey,Hurricane,2017,48453001755,1.0,0.0,0.0,0.0,0.0,0.0
harvey-2017,Hurricane Harvey,Hurricane,2017,48453001760,1.0,0.0,0.0,0.0,0.0,0.0
harvey-2017,Hurricane Harvey,Hurricane,2017,48453001770,1.0,0.0,0.0,0.0,0.0,0.0
harvey-2017,Hurricane Harvey,Hurricane,2017,48453001779,1.0,0.0,0.0,0.0,0.0,0.0
harvey-2017,Hurricane Harvey,Hurricane,2017,48453001858,2.0,0.0,0.0,0.0,0.0,0.0
harvey-2017,Hurricane Harvey,Hurricane,2017,48453002002,0.972,0.0,0.0,0.0,0.0,0.0
harvey-2017,Hurricane Harvey,Hurricane,2017,48453002003,0.973,0.0,0.0,0.0,0.0,0.0
harvey-2017,Hurricane Harvey,Hurricane,2017,48453002005,0.028,0.0,0.0,0.0,0.0,0.0
harvey-2017,Hurricane Harvey,Hurricane,2017,48453002104,0.999,0.0,0.0,0.0,0.0,0.0
harvey-2017,Hurricane Harvey,Hurricane,2017,48453002105,0.001,0.0,0.0,0.0,0.0,0.0
harvey-2017,Hurricane Harvey,Hurricane,2017,48453002402,1.0,0.0,0.0,0.0,0.0,0.0
harvey-2017,Hurricane Harvey,Hurricane,2017,48453002436,0.979,554.8,0.0,0.0,554.8,566.8
harvey-2017,Hurricane Harvey,Hurricane,2017,48455950200,1.0,35000.0,10000.0,0.0,45000.0,45000.0
harvey-2017,Hurricane Harvey,Hurricane,2017,48455950400,1.0,10819.08,1036.79,0.0,11855.87,11855.87
harvey-2017,Hurricane Harvey,Hurricane,2017,48455950500,1.0,0.0,0.0,0.0,0.0,0.0
harvey-2017,Hurricane Harvey,Hurricane,2017,48457950100,3.0,80651.38,18556.73,0.0,99208.11,33069.37
harvey-2017,Hurricane Harvey,Hurricane,2017,48457950200,4.0,193421.13,45672.0,0.0,239093.13,59773.28
harvey-2017,Hurricane Harvey,Hurricane,2017,48457950300,1.0,3110.14,0.0,0.0,3110.14,3110.14
harvey-2017,Hurricane Harvey,Hurricane,2017,48457950400,20.0,735000.19,160011.84,0.0,895012.03,44750.6
harvey-2017,Hurricane Harvey,Hurricane,2017,48457950500,1.0,211000.0,80000.0,0.0,291000.0,291000.0
harvey-2017,Hurricane Harvey,Hurricane,2017,48469000100,0.007,361.81,105.66,0.0,467.47,70391.68
harvey-2017,Hurricane Harvey,Hurricane,2017,48469000202,1.0,0.0,0.0,0.0,0.0,0.0
harvey-2017,Hurricane Harvey,Hurricane,2017,48469000301,3.993,217561.44,63537.79,0.0,281099.23,70391.68
harvey-2017,Hurricane Harvey,Hurricane,2017,48469000400,11.0,154250.27,26225.17,0.0,180475.44,16406.86
harvey-2017,Hurricane Harvey,Hurricane,2017,48469000501,6.97,30655.3,3268.5,0.0,33923.8,4867.04
harvey-2017,Hurricane Harvey,Hurricane,2017,48469000502,1.001,9.7,3.15,0.0,12.85,12.84
harvey-2017,Hurricane Harvey,Hurricane,2017,48469000602,1.0,0.0,0.0,0.0,0.0,0.0
harvey-2017,Hurricane Harvey,Hurricane,2017,48469000700,7.997,65810.55,5669.12,0.0,71479.67,8938.11
harvey-2017,Hurricane Harvey,Hurricane,2017,48469000800,1.0,2359.37,2.48,0.0,2361.84,2361.57
harvey-2017,Hurricane Harvey,Hurricane,2017,48469001300,6.0,36737.12,3865.63,0.0,40602.75,6767.12
harvey-2017,Hurricane Harvey,Hurricane,2017,48469001400,28.0,453763.64,107516.98,0.0,561280.62,20045.74
harvey-2017,Hurricane Harvey,Hurricane,2017,48469001501,3.0,57445.65,0.0,0.0,57445.65,19148.55
harvey-2017,Hurricane Harvey,Hurricane,2017,48469001503,8.08,102269.0,5032.36,0.0,107301.36,13280.14
harvey-2017,Hurricane Harvey,Hurricane,2017,48469001504,8.95,311254.59,3286.6,0.0,314541.19,35144.02
harvey-2017,Hurricane Harvey,Hurricane,2017,48469001601,3.0,0.0,0.0,0.0,0.0,0.0
harvey-2017,Hurricane Harvey,Hurricane,2017,48469001604,4.0,10515.47,0.74,0.0,10516.21,2629.0
harvey-2017,Hurricane Harvey,Hurricane,2017,48469001605,4.999,100858.18,33005.2,0.0,133863.38,26775.83
harvey-2017,Hurricane Harvey,Hurricane,2017,48469001606,5.003,45377.91,26383.27,0.0,71761.18,14342.48
harvey-2017,Hurricane Harvey,Hurricane,2017,48469001700,2.999,42392.68,7313.21,0.0,49705.89,16572.48
harvey-2017,Hurricane Harvey,Hurricane,2017,48471790101,1.0,0.0,0.0,0.0,0.0,0.0
harvey-2017,Hurricane Harvey,Hurricane,2017,48471790102,7.0,272294.48,41625.68,0.0,313920.16,44845.74
harvey-2017,Hurricane Harvey,Hurricane,2017,48471790103,8.0,257758.33,28654.86,0.0,286413.19,35801.65
harvey-2017,Hurricane Harvey,Hurricane,2017,48471790200,1.0,1340.95,623.46,0.0,1964.41,1964.41
harvey-2017,Hurricane Harvey,Hurricane,2017,48471790300,14.0,450785.7,139518.38,0.0,590304.08,42164.58
harvey-2017,Hurricane Harvey,Hurricane,2017,48471790400,2.0,66600.0,0.0,0.0,66600.0,33300.0
harvey-2017,Hurricane Harvey,Hurricane,2017,48471790500,1.0,31974.38,0.0,0.0,31974.38,31974.38
harvey-2017,Hurricane Harvey,Hurricane,2017,48473680100,111.818,9771047.49,2554797.3,0.0,12325844.78,110230.9
harvey-2017,Hurricane Harvey,Hurricane,2017,48473680200,133.999,6395050.66,1130651.35,0.0,7525702.01,56162.29
harvey-2017,Hurricane Harvey,Hurricane,2017,48473680300,32.0,1265330.33,192990.75,0.0,1458321.08,45572.53
harvey-2017,Hurricane Harvey,Hurricane,2017,48473680500,4.0,226200.11,33230.7,0.0,259430.81,64857.7
harvey-2017,Hurricane Harvey,Hurricane,2017,48473680600,48.0,2602541.48,863430.77,0.0,3465972.25,72207.76
harvey-2017,Hurricane Harvey,Hurricane,2017,48477170100,1.0,2115.91,0.0,0.0,2115.91,2115.91
harvey-2017,Hurricane Harvey,Hurricane,2017,48477170500,2.0,7500.0,0.0,0.0,7500.0,3750.0
harvey-2017,Hurricane Harvey,Hurricane,2017,48481740100,105.0,11509305.0,1980136.02,162358.0,13651799.02,130017.13
harvey-2017,Hurricane Harvey,Hurricane,2017,48481740200,87.0,4197000.88,688722.4,30000.0,4915723.28,56502.57
harvey-2017,Hurricane Harvey,Hurricane,2017,48481740300,65.0,3128275.72,333583.17,60000.0,3521858.89,54182.44
harvey-2017,Hurricane Harvey,Hurricane,2017,48481740400,52.0,1644711.8,206461.94,0.0,1851173.74,35599.5
harvey-2017,Hurricane Harvey,Hurricane,2017,48481740500,120.0,8728191.93,771173.47,77378.7,9576744.1,79806.2
harvey-2017,Hurricane Harvey,Hurricane,2017,48481740600,35.0,2070736.25,474392.91,36100.0,2581229.16,73749.4
harvey-2017,Hurricane Harvey,Hurricane,2017,48481740800,1.0,0.0,0.0,0.0,0.0,0.0
harvey-2017,Hurricane Harvey,Hurricane,2017,48481740900,8.0,191326.06,56995.55,0.0,248321.61,31040.2
harvey-2017,Hurricane Harvey,Hurricane,2017,48481741000,2.0,0.0,0.0,0.0,0.0,0.0
harvey-2017,Hurricane Harvey,Hurricane,2017,48481741100,2.0,0.0,0.0,0.0,0.0,0.0
harvey-2017,Hurricane Harvey,Hurricane,2017,48491020322,1.0,14076.9,0.0,0.0,14076.9,14076.9
harvey-2017,Hurricane Harvey,Hurricane,2017,48497150500,1.0,0.0,0.0,0.0,0.0,0.0
